{"Title":"NexusLabs.Needlr.Benchmarks.Benchmarks.TypeRegistrationBenchmarks-20260201-003609","HostEnvironmentInfo":{"BenchmarkDotNetCaption":"BenchmarkDotNet","BenchmarkDotNetVersion":"0.14.0","OsVersion":"Ubuntu 24.04.3 LTS (Noble Numbat)","ProcessorName":"AMD EPYC 7763","PhysicalProcessorCount":1,"PhysicalCoreCount":2,"LogicalCoreCount":4,"RuntimeVersion":".NET 10.0.2 (10.0.225.61305)","Architecture":"X64","HasAttachedDebugger":false,"HasRyuJit":true,"Configuration":"RELEASE","DotNetCliVersion":"10.0.102","ChronometerFrequency":{"Hertz":1000000000},"HardwareTimerKind":"Unknown"},"Benchmarks":[{"DisplayInfo":"TypeRegistrationBenchmarks.RegisterTypes_Reflection: ShortRun(IterationCount=5, LaunchCount=1, WarmupCount=3)","Namespace":"NexusLabs.Needlr.Benchmarks.Benchmarks","Type":"TypeRegistrationBenchmarks","Method":"RegisterTypes_Reflection","MethodTitle":"RegisterTypes_Reflection","Parameters":"","FullName":"NexusLabs.Needlr.Benchmarks.Benchmarks.TypeRegistrationBenchmarks.RegisterTypes_Reflection","HardwareIntrinsics":"AVX2,AES,BMI1,BMI2,FMA,LZCNT,PCLMUL,POPCNT VectorSize=256","Statistics":{"OriginalValues":[706533.3515625,713087.447265625,711449.830078125,696887.1640625,697561.099609375],"N":5,"Min":696887.1640625,"LowerFence":676728.00390625,"Q1":697561.099609375,"Median":706533.3515625,"Mean":705103.778515625,"Q3":711449.830078125,"UpperFence":732282.92578125,"Max":713087.447265625,"InterquartileRange":13888.73046875,"LowerOutliers":[],"UpperOutliers":[],"AllOutliers":[],"StandardError":3394.552801136536,"Variance":57614943.59851951,"StandardDeviation":7590.45081655362,"Skewness":-0.09900291954059227,"Kurtosis":0.8123779255299043,"ConfidenceInterval":{"N":5,"Mean":705103.778515625,"StandardError":3394.552801136536,"Level":12,"Margin":29228.123287596492,"Lower":675875.6552280285,"Upper":734331.9018032216},"Percentiles":{"P0":696887.1640625,"P25":697561.099609375,"P50":706533.3515625,"P67":709876.556953125,"P80":711777.353515625,"P85":712104.876953125,"P90":712432.400390625,"P95":712759.923828125,"P100":713087.447265625}},"Memory":{"Gen0Collections":10,"Gen1Collections":0,"Gen2Collections":0,"TotalOperations":512,"BytesAllocatedPerOperation":343736},"Measurements":[{"IterationMode":"Overhead","IterationStage":"Jitting","LaunchIndex":1,"IterationIndex":1,"Operations":1,"Nanoseconds":346785},{"IterationMode":"Workload","IterationStage":"Jitting","LaunchIndex":1,"IterationIndex":1,"Operations":1,"Nanoseconds":19879912},{"IterationMode":"Overhead","IterationStage":"Jitting","LaunchIndex":1,"IterationIndex":2,"Operations":16,"Nanoseconds":499579},{"IterationMode":"Workload","IterationStage":"Jitting","LaunchIndex":1,"IterationIndex":2,"Operations":16,"Nanoseconds":29256234},{"IterationMode":"Workload","IterationStage":"Pilot","LaunchIndex":1,"IterationIndex":1,"Operations":16,"Nanoseconds":25515387},{"IterationMode":"Workload","IterationStage":"Pilot","LaunchIndex":1,"IterationIndex":2,"Operations":32,"Nanoseconds":53368903},{"IterationMode":"Workload","IterationStage":"Pilot","LaunchIndex":1,"IterationIndex":3,"Operations":64,"Nanoseconds":121638520},{"IterationMode":"Workload","IterationStage":"Pilot","LaunchIndex":1,"IterationIndex":4,"Operations":128,"Nanoseconds":230525804},{"IterationMode":"Workload","IterationStage":"Pilot","LaunchIndex":1,"IterationIndex":5,"Operations":256,"Nanoseconds":489703006},{"IterationMode":"Workload","IterationStage":"Pilot","LaunchIndex":1,"IterationIndex":6,"Operations":512,"Nanoseconds":1168220796},{"IterationMode":"Overhead","IterationStage":"Warmup","LaunchIndex":1,"IterationIndex":1,"Operations":512,"Nanoseconds":3807},{"IterationMode":"Overhead","IterationStage":"Warmup","LaunchIndex":1,"IterationIndex":2,"Operations":512,"Nanoseconds":2435},{"IterationMode":"Overhead","IterationStage":"Warmup","LaunchIndex":1,"IterationIndex":3,"Operations":512,"Nanoseconds":2434},{"IterationMode":"Overhead","IterationStage":"Warmup","LaunchIndex":1,"IterationIndex":4,"Operations":512,"Nanoseconds":2435},{"IterationMode":"Overhead","IterationStage":"Warmup","LaunchIndex":1,"IterationIndex":5,"Operations":512,"Nanoseconds":2435},{"IterationMode":"Overhead","IterationStage":"Warmup","LaunchIndex":1,"IterationIndex":6,"Operations":512,"Nanoseconds":2435},{"IterationMode":"Overhead","IterationStage":"Warmup","LaunchIndex":1,"IterationIndex":7,"Operations":512,"Nanoseconds":2435},{"IterationMode":"Overhead","IterationStage":"Actual","LaunchIndex":1,"IterationIndex":1,"Operations":512,"Nanoseconds":2485},{"IterationMode":"Overhead","IterationStage":"Actual","LaunchIndex":1,"IterationIndex":2,"Operations":512,"Nanoseconds":2454},{"IterationMode":"Overhead","IterationStage":"Actual","LaunchIndex":1,"IterationIndex":3,"Operations":512,"Nanoseconds":2494},{"IterationMode":"Overhead","IterationStage":"Actual","LaunchIndex":1,"IterationIndex":4,"Operations":512,"Nanoseconds":2465},{"IterationMode":"Overhead","IterationStage":"Actual","LaunchIndex":1,"IterationIndex":5,"Operations":512,"Nanoseconds":2504},{"IterationMode":"Overhead","IterationStage":"Actual","LaunchIndex":1,"IterationIndex":6,"Operations":512,"Nanoseconds":4218},{"IterationMode":"Overhead","IterationStage":"Actual","LaunchIndex":1,"IterationIndex":7,"Operations":512,"Nanoseconds":4168},{"IterationMode":"Overhead","IterationStage":"Actual","LaunchIndex":1,"IterationIndex":8,"Operations":512,"Nanoseconds":4238},{"IterationMode":"Overhead","IterationStage":"Actual","LaunchIndex":1,"IterationIndex":9,"Operations":512,"Nanoseconds":4198},{"IterationMode":"Overhead","IterationStage":"Actual","LaunchIndex":1,"IterationIndex":10,"Operations":512,"Nanoseconds":4428},{"IterationMode":"Overhead","IterationStage":"Actual","LaunchIndex":1,"IterationIndex":11,"Operations":512,"Nanoseconds":4138},{"IterationMode":"Overhead","IterationStage":"Actual","LaunchIndex":1,"IterationIndex":12,"Operations":512,"Nanoseconds":2424},{"IterationMode":"Overhead","IterationStage":"Actual","LaunchIndex":1,"IterationIndex":13,"Operations":512,"Nanoseconds":2414},{"IterationMode":"Overhead","IterationStage":"Actual","LaunchIndex":1,"IterationIndex":14,"Operations":512,"Nanoseconds":4127},{"IterationMode":"Overhead","IterationStage":"Actual","LaunchIndex":1,"IterationIndex":15,"Operations":512,"Nanoseconds":4138},{"IterationMode":"Overhead","IterationStage":"Actual","LaunchIndex":1,"IterationIndex":16,"Operations":512,"Nanoseconds":4107},{"IterationMode":"Overhead","IterationStage":"Actual","LaunchIndex":1,"IterationIndex":17,"Operations":512,"Nanoseconds":4158},{"IterationMode":"Overhead","IterationStage":"Actual","LaunchIndex":1,"IterationIndex":18,"Operations":512,"Nanoseconds":4308},{"IterationMode":"Overhead","IterationStage":"Actual","LaunchIndex":1,"IterationIndex":19,"Operations":512,"Nanoseconds":5410},{"IterationMode":"Overhead","IterationStage":"Actual","LaunchIndex":1,"IterationIndex":20,"Operations":512,"Nanoseconds":4448},{"IterationMode":"Workload","IterationStage":"Warmup","LaunchIndex":1,"IterationIndex":1,"Operations":512,"Nanoseconds":724249888},{"IterationMode":"Workload","IterationStage":"Warmup","LaunchIndex":1,"IterationIndex":2,"Operations":512,"Nanoseconds":411927679},{"IterationMode":"Workload","IterationStage":"Warmup","LaunchIndex":1,"IterationIndex":3,"Operations":512,"Nanoseconds":360405301},{"IterationMode":"Workload","IterationStage":"Actual","LaunchIndex":1,"IterationIndex":1,"Operations":512,"Nanoseconds":361749214},{"IterationMode":"Workload","IterationStage":"Actual","LaunchIndex":1,"IterationIndex":2,"Operations":512,"Nanoseconds":365104911},{"IterationMode":"Workload","IterationStage":"Actual","LaunchIndex":1,"IterationIndex":3,"Operations":512,"Nanoseconds":364266451},{"IterationMode":"Workload","IterationStage":"Actual","LaunchIndex":1,"IterationIndex":4,"Operations":512,"Nanoseconds":356810366},{"IterationMode":"Workload","IterationStage":"Actual","LaunchIndex":1,"IterationIndex":5,"Operations":512,"Nanoseconds":357155421},{"IterationMode":"Workload",