{"Title":"NexusLabs.Needlr.Benchmarks.Benchmarks.TypeRegistrationBenchmarks-20260201-195301","HostEnvironmentInfo":{"BenchmarkDotNetCaption":"BenchmarkDotNet","BenchmarkDotNetVersion":"0.14.0","OsVersion":"Ubuntu 24.04.3 LTS (Noble Numbat)","ProcessorName":"AMD EPYC 7763","PhysicalProcessorCount":1,"PhysicalCoreCount":2,"LogicalCoreCount":4,"RuntimeVersion":".NET 10.0.2 (10.0.225.61305)","Architecture":"X64","HasAttachedDebugger":false,"HasRyuJit":true,"Configuration":"RELEASE","DotNetCliVersion":"10.0.102","ChronometerFrequency":{"Hertz":1000000000},"HardwareTimerKind":"Unknown"},"Benchmarks":[{"DisplayInfo":"TypeRegistrationBenchmarks.RegisterTypes_Reflection: ShortRun(IterationCount=5, LaunchCount=1, WarmupCount=3)","Namespace":"NexusLabs.Needlr.Benchmarks.Benchmarks","Type":"TypeRegistrationBenchmarks","Method":"RegisterTypes_Reflection","MethodTitle":"RegisterTypes_Reflection","Parameters":"","FullName":"NexusLabs.Needlr.Benchmarks.Benchmarks.TypeRegistrationBenchmarks.RegisterTypes_Reflection","HardwareIntrinsics":"AVX2,AES,BMI1,BMI2,FMA,LZCNT,PCLMUL,POPCNT VectorSize=256","Statistics":{"OriginalValues":[1194085.04296875,1188550.6953125,1183946.49609375,1187086.51953125],"N":4,"Min":1183946.49609375,"LowerFence":1180852.3608398438,"Q1":1186301.513671875,"Median":1187818.607421875,"Mean":1188417.1884765625,"Q3":1189934.2822265625,"UpperFence":1195383.4350585938,"Max":1194085.04296875,"InterquartileRange":3632.7685546875,"LowerOutliers":[],"UpperOutliers":[],"AllOutliers":[],"StandardError":2119.3585673423468,"Variance":17966722.947869617,"StandardDeviation":4238.7171346846935,"Skewness":0.2966530633103755,"Kurtosis":1.111054654976707,"ConfidenceInterval":{"N":4,"Mean":1188417.1884765625,"StandardError":2119.3585673423468,"Level":12,"Margin":27390.544893298706,"Lower":1161026.6435832637,"Upper":1215807.7333698613},"Percentiles":{"P0":1183946.49609375,"P25":1186301.513671875,"P50":1187818.607421875,"P67":1188606.0387890625,"P80":1190764.434375,"P85":1191594.5865234374,"P90":1192424.738671875,"P95":1193254.8908203125,"P100":1194085.04296875}},"Memory":{"Gen0Collections":9,"Gen1Collections":1,"Gen2Collections":0,"TotalOperations":256,"BytesAllocatedPerOperation":588804},"Measurements":[{"IterationMode":"Overhead","IterationStage":"Jitting","LaunchIndex":1,"IterationIndex":1,"Operations":1,"Nanoseconds":302161},{"IterationMode":"Workload","IterationStage":"Jitting","LaunchIndex":1,"IterationIndex":1,"Operations":1,"Nanoseconds":21664684},{"IterationMode":"Overhead","IterationStage":"Jitting","LaunchIndex":1,"IterationIndex":2,"Operations":16,"Nanoseconds":447010},{"IterationMode":"Workload","IterationStage":"Jitting","LaunchIndex":1,"IterationIndex":2,"Operations":16,"Nanoseconds":48076795},{"IterationMode":"Workload","IterationStage":"Pilot","LaunchIndex":1,"IterationIndex":1,"Operations":16,"Nanoseconds":44526041},{"IterationMode":"Workload","IterationStage":"Pilot","LaunchIndex":1,"IterationIndex":2,"Operations":32,"Nanoseconds":89600118},{"IterationMode":"Workload","IterationStage":"Pilot","LaunchIndex":1,"IterationIndex":3,"Operations":64,"Nanoseconds":165285706},{"IterationMode":"Workload","IterationStage":"Pilot","LaunchIndex":1,"IterationIndex":4,"Operations":128,"Nanoseconds":414538098},{"IterationMode":"Workload","IterationStage":"Pilot","LaunchIndex":1,"IterationIndex":5,"Operations":256,"Nanoseconds":922769988},{"IterationMode":"Overhead","IterationStage":"Warmup","LaunchIndex":1,"IterationIndex":1,"Operations":256,"Nanoseconds":2795},{"IterationMode":"Overhead","IterationStage":"Warmup","LaunchIndex":1,"IterationIndex":2,"Operations":256,"Nanoseconds":2184},{"IterationMode":"Overhead","IterationStage":"Warmup","LaunchIndex":1,"IterationIndex":3,"Operations":256,"Nanoseconds":2545},{"IterationMode":"Overhead","IterationStage":"Warmup","LaunchIndex":1,"IterationIndex":4,"Operations":256,"Nanoseconds":2525},{"IterationMode":"Overhead","IterationStage":"Warmup","LaunchIndex":1,"IterationIndex":5,"Operations":256,"Nanoseconds":2214},{"IterationMode":"Overhead","IterationStage":"Warmup","LaunchIndex":1,"IterationIndex":6,"Operations":256,"Nanoseconds":2184},{"IterationMode":"Overhead","IterationStage":"Warmup","LaunchIndex":1,"IterationIndex":7,"Operations":256,"Nanoseconds":2615},{"IterationMode":"Overhead","IterationStage":"Warmup","LaunchIndex":1,"IterationIndex":8,"Operations":256,"Nanoseconds":2545},{"IterationMode":"Overhead","IterationStage":"Actual","LaunchIndex":1,"IterationIndex":1,"Operations":256,"Nanoseconds":2224},{"IterationMode":"Overhead","IterationStage":"Actual","LaunchIndex":1,"IterationIndex":2,"Operations":256,"Nanoseconds":2525},{"IterationMode":"Overhead","IterationStage":"Actual","LaunchIndex":1,"IterationIndex":3,"Operations":256,"Nanoseconds":2756},{"IterationMode":"Overhead","IterationStage":"Actual","LaunchIndex":1,"IterationIndex":4,"Operations":256,"Nanoseconds":2525},{"IterationMode":"Overhead","IterationStage":"Actual","LaunchIndex":1,"IterationIndex":5,"Operations":256,"Nanoseconds":2545},{"IterationMode":"Overhead","IterationStage":"Actual","LaunchIndex":1,"IterationIndex":6,"Operations":256,"Nanoseconds":2235},{"IterationMode":"Overhead","IterationStage":"Actual","LaunchIndex":1,"IterationIndex":7,"Operations":256,"Nanoseconds":2154},{"IterationMode":"Overhead","IterationStage":"Actual","LaunchIndex":1,"IterationIndex":8,"Operations":256,"Nanoseconds":2505},{"IterationMode":"Overhead","IterationStage":"Actual","LaunchIndex":1,"IterationIndex":9,"Operations":256,"Nanoseconds":2194},{"IterationMode":"Overhead","IterationStage":"Actual","LaunchIndex":1,"IterationIndex":10,"Operations":256,"Nanoseconds":2154},{"IterationMode":"Overhead","IterationStage":"Actual","LaunchIndex":1,"IterationIndex":11,"Operations":256,"Nanoseconds":2104},{"IterationMode":"Overhead","IterationStage":"Actual","LaunchIndex":1,"IterationIndex":12,"Operations":256,"Nanoseconds":2224},{"IterationMode":"Overhead","IterationStage":"Actual","LaunchIndex":1,"IterationIndex":13,"Operations":256,"Nanoseconds":2155},{"IterationMode":"Overhead","IterationStage":"Actual","LaunchIndex":1,"IterationIndex":14,"Operations":256,"Nanoseconds":2204},{"IterationMode":"Overhead","IterationStage":"Actual","LaunchIndex":1,"IterationIndex":15,"Operations":256,"Nanoseconds":2224},{"IterationMode":"Overhead","IterationStage":"Actual","LaunchIndex":1,"IterationIndex":16,"Operations":256,"Nanoseconds":2174},{"IterationMode":"Overhead","IterationStage":"Actual","LaunchIndex":1,"IterationIndex":17,"Operations":256,"Nanoseconds":2564},{"IterationMode":"Overhead","IterationStage":"Actual","LaunchIndex":1,"IterationIndex":18,"Operations":256,"Nanoseconds":2575},{"IterationMode":"Overhead","IterationStage":"Actual","LaunchIndex":1,"IterationIndex":19,"Operations":256,"Nanoseconds":2134},{"IterationMode":"Overhead","IterationStage":"Actual","LaunchIndex":1,"IterationIndex":20,"Operations":256,"Nanoseconds":3957},{"IterationMode":"Workload","IterationStage":"Warmup","LaunchIndex":1,"IterationIndex":1,"Operations":256,"Nanoseconds":922256916},{"IterationMode":"Workload","IterationStage":"Warmup","LaunchIndex":1,"IterationIndex":2,"Operations":256,"Nanoseconds":463623133},{"IterationMode":"Workload","IterationStage":"Warmup","LaunchIndex":1,"IterationIndex":3,"Operations":256,"Nanoseconds":340496604},{"IterationMode":"Workload","IterationStage":"Actual","LaunchIndex":1,"IterationIndex":1,"Operations":256,"Nanoseconds":315581817},{"IterationMode":"Workload","IterationStage":"Actual","LaunchIndex":1,"IterationIndex":2,"Operations":256,"Nanoseconds":305687995},{"IterationMode":"Workload","IterationStage":"Actual","LaunchIndex":1,"IterationIndex":3,"Operations":256,"Nanoseconds":304271202},{"IterationMode":"Workload","IterationStage":"Actual","LaunchIndex":1,"IterationIndex":4,"Operations":256,"Nanoseconds":303092527},{"IterationMode":"Workload","IterationStage":"Actual","LaunchIndex":1,"IterationIndex":5,"Operations":256,"Nanoseconds":303896373},{"IterationMode":"Workload",