{"Title":"NexusLabs.Needlr.Benchmarks.Benchmarks.TypeRegistrationBenchmarks-20260201-014004","HostEnvironmentInfo":{"BenchmarkDotNetCaption":"BenchmarkDotNet","BenchmarkDotNetVersion":"0.14.0","OsVersion":"Ubuntu 24.04.3 LTS (Noble Numbat)","ProcessorName":"AMD EPYC 7763","PhysicalProcessorCount":1,"PhysicalCoreCount":2,"LogicalCoreCount":4,"RuntimeVersion":".NET 10.0.2 (10.0.225.61305)","Architecture":"X64","HasAttachedDebugger":false,"HasRyuJit":true,"Configuration":"RELEASE","DotNetCliVersion":"10.0.102","ChronometerFrequency":{"Hertz":1000000000},"HardwareTimerKind":"Unknown"},"Benchmarks":[{"DisplayInfo":"TypeRegistrationBenchmarks.RegisterTypes_Reflection: ShortRun(IterationCount=5, LaunchCount=1, WarmupCount=3)","Namespace":"NexusLabs.Needlr.Benchmarks.Benchmarks","Type":"TypeRegistrationBenchmarks","Method":"RegisterTypes_Reflection","MethodTitle":"RegisterTypes_Reflection","Parameters":"","FullName":"NexusLabs.Needlr.Benchmarks.Benchmarks.TypeRegistrationBenchmarks.RegisterTypes_Reflection","HardwareIntrinsics":"AVX2,AES,BMI1,BMI2,FMA,LZCNT,PCLMUL,POPCNT VectorSize=256","Statistics":{"OriginalValues":[1098038.287109375,1033981.333984375,758155.775390625,702677.416015625,756228.294921875],"N":5,"Min":702677.416015625,"LowerFence":339598.736328125,"Q1":756228.294921875,"Median":758155.775390625,"Mean":869816.221484375,"Q3":1033981.333984375,"UpperFence":1450610.892578125,"Max":1098038.287109375,"InterquartileRange":277753.0390625,"LowerOutliers":[],"UpperOutliers":[],"AllOutliers":[],"StandardError":81345.29733685387,"Variance":33085286994.10582,"StandardDeviation":181893.61449513785,"Skewness":0.2919402788667016,"Kurtosis":0.8297728664838787,"ConfidenceInterval":{"N":5,"Mean":869816.221484375,"StandardError":81345.29733685387,"Level":12,"Margin":700407.5407611044,"Lower":169408.68072327052,"Upper":1570223.7622454795},"Percentiles":{"P0":702677.416015625,"P25":756228.294921875,"P50":758155.775390625,"P67":945717.155234375,"P80":1046792.724609375,"P85":1059604.115234375,"P90":1072415.505859375,"P95":1085226.896484375,"P100":1098038.287109375}},"Memory":{"Gen0Collections":5,"Gen1Collections":0,"Gen2Collections":0,"TotalOperations":256,"BytesAllocatedPerOperation":343944},"Measurements":[{"IterationMode":"Overhead","IterationStage":"Jitting","LaunchIndex":1,"IterationIndex":1,"Operations":1,"Nanoseconds":324808},{"IterationMode":"Workload","IterationStage":"Jitting","LaunchIndex":1,"IterationIndex":1,"Operations":1,"Nanoseconds":19789747},{"IterationMode":"Overhead","IterationStage":"Jitting","LaunchIndex":1,"IterationIndex":2,"Operations":16,"Nanoseconds":494574},{"IterationMode":"Workload","IterationStage":"Jitting","LaunchIndex":1,"IterationIndex":2,"Operations":16,"Nanoseconds":28928955},{"IterationMode":"Workload","IterationStage":"Pilot","LaunchIndex":1,"IterationIndex":1,"Operations":16,"Nanoseconds":25240498},{"IterationMode":"Workload","IterationStage":"Pilot","LaunchIndex":1,"IterationIndex":2,"Operations":32,"Nanoseconds":52571195},{"IterationMode":"Workload","IterationStage":"Pilot","LaunchIndex":1,"IterationIndex":3,"Operations":64,"Nanoseconds":119118307},{"IterationMode":"Workload","IterationStage":"Pilot","LaunchIndex":1,"IterationIndex":4,"Operations":128,"Nanoseconds":289934039},{"IterationMode":"Workload","IterationStage":"Pilot","LaunchIndex":1,"IterationIndex":5,"Operations":256,"Nanoseconds":606940822},{"IterationMode":"Overhead","IterationStage":"Warmup","LaunchIndex":1,"IterationIndex":1,"Operations":256,"Nanoseconds":4138},{"IterationMode":"Overhead","IterationStage":"Warmup","LaunchIndex":1,"IterationIndex":2,"Operations":256,"Nanoseconds":1573},{"IterationMode":"Overhead","IterationStage":"Warmup","LaunchIndex":1,"IterationIndex":3,"Operations":256,"Nanoseconds":1543},{"IterationMode":"Overhead","IterationStage":"Warmup","LaunchIndex":1,"IterationIndex":4,"Operations":256,"Nanoseconds":1533},{"IterationMode":"Overhead","IterationStage":"Warmup","LaunchIndex":1,"IterationIndex":5,"Operations":256,"Nanoseconds":1543},{"IterationMode":"Overhead","IterationStage":"Warmup","LaunchIndex":1,"IterationIndex":6,"Operations":256,"Nanoseconds":1522},{"IterationMode":"Overhead","IterationStage":"Warmup","LaunchIndex":1,"IterationIndex":7,"Operations":256,"Nanoseconds":1543},{"IterationMode":"Overhead","IterationStage":"Warmup","LaunchIndex":1,"IterationIndex":8,"Operations":256,"Nanoseconds":1553},{"IterationMode":"Overhead","IterationStage":"Warmup","LaunchIndex":1,"IterationIndex":9,"Operations":256,"Nanoseconds":1533},{"IterationMode":"Overhead","IterationStage":"Actual","LaunchIndex":1,"IterationIndex":1,"Operations":256,"Nanoseconds":1563},{"IterationMode":"Overhead","IterationStage":"Actual","LaunchIndex":1,"IterationIndex":2,"Operations":256,"Nanoseconds":1573},{"IterationMode":"Overhead","IterationStage":"Actual","LaunchIndex":1,"IterationIndex":3,"Operations":256,"Nanoseconds":1553},{"IterationMode":"Overhead","IterationStage":"Actual","LaunchIndex":1,"IterationIndex":4,"Operations":256,"Nanoseconds":1603},{"IterationMode":"Overhead","IterationStage":"Actual","LaunchIndex":1,"IterationIndex":5,"Operations":256,"Nanoseconds":1563},{"IterationMode":"Overhead","IterationStage":"Actual","LaunchIndex":1,"IterationIndex":6,"Operations":256,"Nanoseconds":2625},{"IterationMode":"Overhead","IterationStage":"Actual","LaunchIndex":1,"IterationIndex":7,"Operations":256,"Nanoseconds":2565},{"IterationMode":"Overhead","IterationStage":"Actual","LaunchIndex":1,"IterationIndex":8,"Operations":256,"Nanoseconds":2445},{"IterationMode":"Overhead","IterationStage":"Actual","LaunchIndex":1,"IterationIndex":9,"Operations":256,"Nanoseconds":2625},{"IterationMode":"Overhead","IterationStage":"Actual","LaunchIndex":1,"IterationIndex":10,"Operations":256,"Nanoseconds":2705},{"IterationMode":"Overhead","IterationStage":"Actual","LaunchIndex":1,"IterationIndex":11,"Operations":256,"Nanoseconds":2725},{"IterationMode":"Overhead","IterationStage":"Actual","LaunchIndex":1,"IterationIndex":12,"Operations":256,"Nanoseconds":2585},{"IterationMode":"Overhead","IterationStage":"Actual","LaunchIndex":1,"IterationIndex":13,"Operations":256,"Nanoseconds":1543},{"IterationMode":"Overhead","IterationStage":"Actual","LaunchIndex":1,"IterationIndex":14,"Operations":256,"Nanoseconds":2635},{"IterationMode":"Overhead","IterationStage":"Actual","LaunchIndex":1,"IterationIndex":15,"Operations":256,"Nanoseconds":2696},{"IterationMode":"Overhead","IterationStage":"Actual","LaunchIndex":1,"IterationIndex":16,"Operations":256,"Nanoseconds":2515},{"IterationMode":"Overhead","IterationStage":"Actual","LaunchIndex":1,"IterationIndex":17,"Operations":256,"Nanoseconds":2544},{"IterationMode":"Overhead","IterationStage":"Actual","LaunchIndex":1,"IterationIndex":18,"Operations":256,"Nanoseconds":4048},{"IterationMode":"Overhead","IterationStage":"Actual","LaunchIndex":1,"IterationIndex":19,"Operations":256,"Nanoseconds":2465},{"IterationMode":"Overhead","IterationStage":"Actual","LaunchIndex":1,"IterationIndex":20,"Operations":256,"Nanoseconds":2585},{"IterationMode":"Workload","IterationStage":"Warmup","LaunchIndex":1,"IterationIndex":1,"Operations":256,"Nanoseconds":590950549},{"IterationMode":"Workload","IterationStage":"Warmup","LaunchIndex":1,"IterationIndex":2,"Operations":256,"Nanoseconds":480369700},{"IterationMode":"Workload","IterationStage":"Warmup","LaunchIndex":1,"IterationIndex":3,"Operations":256,"Nanoseconds":323797007},{"IterationMode":"Workload","IterationStage":"Actual","LaunchIndex":1,"IterationIndex":1,"Operations":256,"Nanoseconds":281100356},{"IterationMode":"Workload","IterationStage":"Actual","LaunchIndex":1,"IterationIndex":2,"Operations":256,"Nanoseconds":264701776},{"IterationMode":"Workload","IterationStage":"Actual","LaunchIndex":1,"IterationIndex":3,"Operations":256,"Nanoseconds":194090433},{"IterationMode":"Workload","IterationStage":"Actual","LaunchIndex":1,"IterationIndex":4,"Operations":256,"Nanoseconds":179887973},{"IterationMode":"Workload",