// Validating benchmarks:
// ***** BenchmarkRunner: Start   *****
// ***** Found 65 benchmark(s) in total *****
// ***** Building 1 exe(s) in Parallel: Start   *****
// start dotnet  restore /p:UseSharedCompilation=false /p:BuildInParallel=false /m:1 /p:Deterministic=true /p:Optimize=true /p:IntermediateOutputPath="/home/runner/work/needlr/needlr/src/NexusLabs.Needlr.Benchmarks/bin/Release/net10.0/34652669-8378-4209-b79e-5df6789d8a23/obj/Release/net10.0/" /p:OutDir="/home/runner/work/needlr/needlr/src/NexusLabs.Needlr.Benchmarks/bin/Release/net10.0/34652669-8378-4209-b79e-5df6789d8a23/bin/Release/net10.0/" /p:OutputPath="/home/runner/work/needlr/needlr/src/NexusLabs.Needlr.Benchmarks/bin/Release/net10.0/34652669-8378-4209-b79e-5df6789d8a23/bin/Release/net10.0/" in /home/runner/work/needlr/needlr/src/NexusLabs.Needlr.Benchmarks/bin/Release/net10.0/34652669-8378-4209-b79e-5df6789d8a23
// command took 1.85 sec and exited with 0
// start dotnet  build -c Release --no-restore /p:UseSharedCompilation=false /p:BuildInParallel=false /m:1 /p:Deterministic=true /p:Optimize=true /p:IntermediateOutputPath="/home/runner/work/needlr/needlr/src/NexusLabs.Needlr.Benchmarks/bin/Release/net10.0/34652669-8378-4209-b79e-5df6789d8a23/obj/Release/net10.0/" /p:OutDir="/home/runner/work/needlr/needlr/src/NexusLabs.Needlr.Benchmarks/bin/Release/net10.0/34652669-8378-4209-b79e-5df6789d8a23/bin/Release/net10.0/" /p:OutputPath="/home/runner/work/needlr/needlr/src/NexusLabs.Needlr.Benchmarks/bin/Release/net10.0/34652669-8378-4209-b79e-5df6789d8a23/bin/Release/net10.0/" --output "/home/runner/work/needlr/needlr/src/NexusLabs.Needlr.Benchmarks/bin/Release/net10.0/34652669-8378-4209-b79e-5df6789d8a23/bin/Release/net10.0/" in /home/runner/work/needlr/needlr/src/NexusLabs.Needlr.Benchmarks/bin/Release/net10.0/34652669-8378-4209-b79e-5df6789d8a23
// command took 29 sec and exited with 0
// ***** Done, took 00:00:30 (30.94 sec)   *****
// Found 3 benchmarks:
//   CollectionResolutionBenchmarks.ManualDI_ResolveCollection: ShortRun(IterationCount=5, LaunchCount=1, WarmupCount=3)
//   CollectionResolutionBenchmarks.Needlr_Reflection_ResolveCollection: ShortRun(IterationCount=5, LaunchCount=1, WarmupCount=3)
//   CollectionResolutionBenchmarks.Needlr_SourceGen_ResolveCollection: ShortRun(IterationCount=5, LaunchCount=1, WarmupCount=3)

// **************************
// Benchmark: CollectionResolutionBenchmarks.ManualDI_ResolveCollection: ShortRun(IterationCount=5, LaunchCount=1, WarmupCount=3)
// *** Execute ***
// Launch: 1 / 1
// Execute: dotnet 34652669-8378-4209-b79e-5df6789d8a23.dll --anonymousPipes 159 160 --benchmarkName NexusLabs.Needlr.Benchmarks.Benchmarks.CollectionResolutionBenchmarks.ManualDI_ResolveCollection --job ShortRun --benchmarkId 0 in /home/runner/work/needlr/needlr/src/NexusLabs.Needlr.Benchmarks/bin/Release/net10.0/34652669-8378-4209-b79e-5df6789d8a23/bin/Release/net10.0
// Failed to set up high priority (Permission denied). In order to run benchmarks with high priority, make sure you have the right permissions.
// BeforeAnythingElse

// Benchmark Process Environment Information:
// BenchmarkDotNet v0.14.0
// Runtime=.NET 10.0.11 (10.0.1126.37416), X64 RyuJIT AVX2
// GC=Concurrent Workstation
// HardwareIntrinsics=AVX2,AES,BMI1,BMI2,FMA,LZCNT,PCLMUL,POPCNT VectorSize=256
// Job: ShortRun(IterationCount=5, LaunchCount=1, WarmupCount=3)

OverheadJitting  1: 1 op, 336058.00 ns, 336.0580 us/op
WorkloadJitting  1: 1 op, 4746083.00 ns, 4.7461 ms/op

OverheadJitting  2: 16 op, 487853.00 ns, 30.4908 us/op
WorkloadJitting  2: 16 op, 557493.00 ns, 34.8433 us/op

WorkloadPilot    1: 16 op, 12394.00 ns, 774.6250 ns/op
WorkloadPilot    2: 32 op, 17853.00 ns, 557.9063 ns/op
WorkloadPilot    3: 64 op, 28242.00 ns, 441.2813 ns/op
WorkloadPilot    4: 128 op, 54482.00 ns, 425.6406 ns/op
WorkloadPilot    5: 256 op, 115476.00 ns, 451.0781 ns/op
WorkloadPilot    6: 512 op, 248946.00 ns, 486.2227 ns/op
WorkloadPilot    7: 1024 op, 437729.00 ns, 427.4697 ns/op
WorkloadPilot    8: 2048 op, 845333.00 ns, 412.7603 ns/op
WorkloadPilot    9: 4096 op, 1641712.00 ns, 400.8086 ns/op
WorkloadPilot   10: 8192 op, 3250393.00 ns, 396.7765 ns/op
WorkloadPilot   11: 16384 op, 6936121.00 ns, 423.3472 ns/op
WorkloadPilot   12: 32768 op, 7450884.00 ns, 227.3829 ns/op
WorkloadPilot   13: 65536 op, 13297297.00 ns, 202.9007 ns/op
WorkloadPilot   14: 131072 op, 26392023.00 ns, 201.3552 ns/op
WorkloadPilot   15: 262144 op, 52501547.00 ns, 200.2775 ns/op
WorkloadPilot   16: 524288 op, 89902974.00 ns, 171.4763 ns/op
WorkloadPilot   17: 1048576 op, 47579613.00 ns, 45.3755 ns/op
WorkloadPilot   18: 2097152 op, 96718108.00 ns, 46.1188 ns/op
WorkloadPilot   19: 4194304 op, 189068883.00 ns, 45.0775 ns/op
WorkloadPilot   20: 8388608 op, 373943777.00 ns, 44.5776 ns/op
WorkloadPilot   21: 16777216 op, 745540161.00 ns, 44.4377 ns/op

OverheadWarmup   1: 16777216 op, 70586022.00 ns, 4.2073 ns/op
OverheadWarmup   2: 16777216 op, 70777881.00 ns, 4.2187 ns/op
OverheadWarmup   3: 16777216 op, 71885243.00 ns, 4.2847 ns/op
OverheadWarmup   4: 16777216 op, 55255842.00 ns, 3.2935 ns/op
OverheadWarmup   5: 16777216 op, 54791082.00 ns, 3.2658 ns/op
OverheadWarmup   6: 16777216 op, 54922468.00 ns, 3.2736 ns/op
OverheadWarmup   7: 16777216 op, 54953475.00 ns, 3.2755 ns/op
OverheadWarmup   8: 16777216 op, 54791984.00 ns, 3.2659 ns/op

OverheadActual   1: 16777216 op, 54885668.00 ns, 3.2714 ns/op
OverheadActual   2: 16777216 op, 55014861.00 ns, 3.2791 ns/op
OverheadActual   3: 16777216 op, 54908622.00 ns, 3.2728 ns/op
OverheadActual   4: 16777216 op, 54993229.00 ns, 3.2779 ns/op
OverheadActual   5: 16777216 op, 54876431.00 ns, 3.2709 ns/op
OverheadActual   6: 16777216 op, 54821959.00 ns, 3.2676 ns/op
OverheadActual   7: 16777216 op, 54923750.00 ns, 3.2737 ns/op
OverheadActual   8: 16777216 op, 61960611.00 ns, 3.6931 ns/op
OverheadActual   9: 16777216 op, 56654540.00 ns, 3.3769 ns/op
OverheadActual  10: 16777216 op, 54848249.00 ns, 3.2692 ns/op
OverheadActual  11: 16777216 op, 54911928.00 ns, 3.2730 ns/op
OverheadActual  12: 16777216 op, 54927687.00 ns, 3.2739 ns/op
OverheadActual  13: 16777216 op, 55368131.00 ns, 3.3002 ns/op
OverheadActual  14: 16777216 op, 54857406.00 ns, 3.2698 ns/op
OverheadActual  15: 16777216 op, 54947404.00 ns, 3.2751 ns/op

WorkloadWarmup   1: 16777216 op, 734790503.00 ns, 43.7969 ns/op
WorkloadWarmup   2: 16777216 op, 735465677.00 ns, 43.8372 ns/op
WorkloadWarmup   3: 16777216 op, 740293992.00 ns, 44.1250 ns/op

// BeforeActualRun
WorkloadActual   1: 16777216 op, 738652661.00 ns, 44.0271 ns/op
WorkloadActual   2: 16777216 op, 732815464.00 ns, 43.6792 ns/op
WorkloadActual   3: 16777216 op, 735318091.00 ns, 43.8284 ns/op
WorkloadActual   4: 16777216 op, 735583186.00 ns, 43.8442 ns/op
WorkloadActual   5: 16777216 op, 736341175.00 ns, 43.8894 ns/op

// AfterActualRun
WorkloadResult   1: 16777216 op, 677891714.00 ns, 40.4055 ns/op
WorkloadResult   2: 16777216 op, 680394341.00 ns, 40.5547 ns/op
WorkloadResult   3: 16777216 op, 680659436.00 ns, 40.5705 ns/op
WorkloadResult   4: 16777216 op, 681417425.00 ns, 40.6156 ns/op
// GC:  48 0 0 805307440 16777216
// Threading:  0 0 16777216

// AfterAll
// Benchmark Process 3328 has exited with code 0.

Mean = 40.537 ns, StdErr = 0.046 ns (0.11%), N = 4, StdDev = 0.091 ns
Min = 40.405 ns, Q1 = 40.517 ns, Median = 40.563 ns, Q3 = 40.582 ns, Max = 40.616 ns
IQR = 0.064 ns, LowerFence = 40.421 ns, UpperFence = 40.678 ns
ConfidenceInterval = [39.948 ns; 41.125 ns] (CI 99.9%), Margin = 0.589 ns (1.45% of Mean)
Skewness = -0.57, Kurtosis = 1.22, MValue = 2

// ** Remained 64 (98.5 %) benchmark(s) to run. Estimated finish 2026-08-23 3:33 (0h 10m from now) **
// **************************
// Benchmark: CollectionResolutionBenchmarks.Needlr_Reflection_ResolveCollection: ShortRun(IterationCount=5, LaunchCount=1, WarmupCount=3)
// *** Execute ***
// Launch: 1 / 1
// Execute: dotnet 34652669-8378-4209-b79e-5df6789d8a23.dll --anonymousPipes 159 160 --benchmarkName NexusLabs.Needlr.Benchmarks.Benchmarks.CollectionResolutionBenchmarks.Needlr_Reflection_ResolveCollection --job ShortRun --benchmarkId 1 in /home/runner/work/needlr/needlr/src/NexusLabs.Needlr.Benchmarks/bin/Release/net10.0/34652669-8378-4209-b79e-5df6789d8a23/bin/Release/net10.0
// Failed to set up high priority (Permission denied). In order to run benchmarks with high priority, make sure you have the right permissions.
// BeforeAnythingElse

// Benchmark Process Environment Information:
// BenchmarkDotNet v0.14.0
// Runtime=.NET 10.0.11 (10.0.1126.37416), X64 RyuJIT AVX2
// GC=Concurrent Workstation
// HardwareIntrinsics=AVX2,AES,BMI1,BMI2,FMA,LZCNT,PCLMUL,POPCNT VectorSize=256
// Job: ShortRun(IterationCount=5, LaunchCount=1, WarmupCount=3)

OverheadJitting  1: 1 op, 319378.00 ns, 319.3780 us/op
WorkloadJitting  1: 1 op, 4897814.00 ns, 4.8978 ms/op

OverheadJitting  2: 16 op, 502650.00 ns, 31.4156 us/op
WorkloadJitting  2: 16 op, 502921.00 ns, 31.4326 us/op

WorkloadPilot    1: 16 op, 8937.00 ns, 558.5625 ns/op
WorkloadPilot    2: 32 op, 11722.00 ns, 366.3125 ns/op
WorkloadPilot    3: 64 op, 16952.00 ns, 264.8750 ns/op
WorkloadPilot    4: 128 op, 39545.00 ns, 308.9453 ns/op
WorkloadPilot    5: 256 op, 83977.00 ns, 328.0352 ns/op
WorkloadPilot    6: 512 op, 130144.00 ns, 254.1875 ns/op
WorkloadPilot    7: 1024 op, 230823.00 ns, 225.4131 ns/op
WorkloadPilot    8: 2048 op, 455252.00 ns, 222.2910 ns/op
WorkloadPilot    9: 4096 op, 829152.00 ns, 202.4297 ns/op
WorkloadPilot   10: 8192 op, 1692287.00 ns, 206.5780 ns/op
WorkloadPilot   11: 16384 op, 3401354.00 ns, 207.6022 ns/op
WorkloadPilot   12: 32768 op, 6794493.00 ns, 207.3515 ns/op
WorkloadPilot   13: 65536 op, 13578035.00 ns, 207.1844 ns/op
WorkloadPilot   14: 131072 op, 27091721.00 ns, 206.6934 ns/op
WorkloadPilot   15: 262144 op, 56877785.00 ns, 216.9715 ns/op
WorkloadPilot   16: 524288 op, 27221585.00 ns, 51.9211 ns/op
WorkloadPilot   17: 1048576 op, 46118733.00 ns, 43.9823 ns/op
WorkloadPilot   18: 2097152 op, 95090445.00 ns, 45.3427 ns/op
WorkloadPilot   19: 4194304 op, 183285618.00 ns, 43.6987 ns/op
WorkloadPilot   20: 8388608 op, 363908302.00 ns, 43.3813 ns/op
WorkloadPilot   21: 16777216 op, 746781049.00 ns, 44.5116 ns/op

OverheadWarmup   1: 16777216 op, 70651487.00 ns, 4.2112 ns/op
OverheadWarmup   2: 16777216 op, 70578580.00 ns, 4.2068 ns/op
OverheadWarmup   3: 16777216 op, 71838618.00 ns, 4.2819 ns/op
OverheadWarmup   4: 16777216 op, 54838098.00 ns, 3.2686 ns/op
OverheadWarmup   5: 16777216 op, 54931122.00 ns, 3.2742 ns/op
OverheadWarmup   6: 16777216 op, 55220554.00 ns, 3.2914 ns/op
OverheadWarmup   7: 16777216 op, 54848837.00 ns, 3.2692 ns/op

OverheadActual   1: 16777216 op, 54807010.00 ns, 3.2668 ns/op
OverheadActual   2: 16777216 op, 54951010.00 ns, 3.2753 ns/op
OverheadActual   3: 16777216 op, 54857675.00 ns, 3.2698 ns/op
OverheadActual   4: 16777216 op, 54872522.00 ns, 3.2707 ns/op
OverheadActual   5: 16777216 op, 54966348.00 ns, 3.2762 ns/op
OverheadActual   6: 16777216 op, 54808032.00 ns, 3.2668 ns/op
OverheadActual   7: 16777216 op, 54775661.00 ns, 3.2649 ns/op
OverheadActual   8: 16777216 op, 55296465.00 ns, 3.2959 ns/op
OverheadActual   9: 16777216 op, 54903029.00 ns, 3.2725 ns/op
OverheadActual  10: 16777216 op, 54879916.00 ns, 3.2711 ns/op
OverheadActual  11: 16777216 op, 54881289.00 ns, 3.2712 ns/op
OverheadActual  12: 16777216 op, 57290557.00 ns, 3.4148 ns/op
OverheadActual  13: 16777216 op, 54806970.00 ns, 3.2667 ns/op
OverheadActual  14: 16777216 op, 55099988.00 ns, 3.2842 ns/op
OverheadActual  15: 16777216 op, 59709023.00 ns, 3.5589 ns/op

WorkloadWarmup   1: 16777216 op, 751962423.00 ns, 44.8205 ns/op
WorkloadWarmup   2: 16777216 op, 737243594.00 ns, 43.9431 ns/op
WorkloadWarmup   3: 16777216 op, 742826703.00 ns, 44.2759 ns/op

// BeforeActualRun
WorkloadActual   1: 16777216 op, 733323630.00 ns, 43.7095 ns/op
WorkloadActual   2: 16777216 op, 742855609.00 ns, 44.2776 ns/op
WorkloadActual   3: 16777216 op, 739082204.00 ns, 44.0527 ns/op
WorkloadActual   4: 16777216 op, 724408479.00 ns, 43.1781 ns/op
WorkloadActual   5: 16777216 op, 737136577.00 ns, 43.9368 ns/op

// AfterActualRun
WorkloadResult   1: 16777216 op, 678442341.00 ns, 40.4383 ns/op
WorkloadResult   2: 16777216 op, 687974320.00 ns, 41.0065 ns/op
WorkloadResult   3: 16777216 op, 684200915.00 ns, 40.7816 ns/op
WorkloadResult   4: 16777216 op, 669527190.00 ns, 39.9069 ns/op
WorkloadResult   5: 16777216 op, 682255288.00 ns, 40.6656 ns/op
// GC:  48 0 0 805307440 16777216
// Threading:  0 0 16777216

// AfterAll
// Benchmark Process 3338 has exited with code 0.

Mean = 40.560 ns, StdErr = 0.187 ns (0.46%), N = 5, StdDev = 0.419 ns
Min = 39.907 ns, Q1 = 40.438 ns, Median = 40.666 ns, Q3 = 40.782 ns, Max = 41.006 ns
IQR = 0.343 ns, LowerFence = 39.923 ns, UpperFence = 41.296 ns
ConfidenceInterval = [38.948 ns; 42.172 ns] (CI 99.9%), Margin = 1.612 ns (3.97% of Mean)
Skewness = -0.49, Kurtosis = 1.46, MValue = 2

// ** Remained 63 (96.9 %) benchmark(s) to run. Estimated finish 2026-08-23 3:33 (0h 10m from now) **
// **************************
// Benchmark: CollectionResolutionBenchmarks.Needlr_SourceGen_ResolveCollection: ShortRun(IterationCount=5, LaunchCount=1, WarmupCount=3)
// *** Execute ***
// Launch: 1 / 1
// Execute: dotnet 34652669-8378-4209-b79e-5df6789d8a23.dll --anonymousPipes 159 160 --benchmarkName NexusLabs.Needlr.Benchmarks.Benchmarks.CollectionResolutionBenchmarks.Needlr_SourceGen_ResolveCollection --job ShortRun --benchmarkId 2 in /home/runner/work/needlr/needlr/src/NexusLabs.Needlr.Benchmarks/bin/Release/net10.0/34652669-8378-4209-b79e-5df6789d8a23/bin/Release/net10.0
// Failed to set up high priority (Permission denied). In order to run benchmarks with high priority, make sure you have the right permissions.
// BeforeAnythingElse

// Benchmark Process Environment Information:
// BenchmarkDotNet v0.14.0
// Runtime=.NET 10.0.11 (10.0.1126.37416), X64 RyuJIT AVX2
// GC=Concurrent Workstation
// HardwareIntrinsics=AVX2,AES,BMI1,BMI2,FMA,LZCNT,PCLMUL,POPCNT VectorSize=256
// Job: ShortRun(IterationCount=5, LaunchCount=1, WarmupCount=3)

OverheadJitting  1: 1 op, 335047.00 ns, 335.0470 us/op
WorkloadJitting  1: 1 op, 5280833.00 ns, 5.2808 ms/op

OverheadJitting  2: 16 op, 832448.00 ns, 52.0280 us/op
WorkloadJitting  2: 16 op, 891979.00 ns, 55.7487 us/op

WorkloadPilot    1: 16 op, 12033.00 ns, 752.0625 ns/op
WorkloadPilot    2: 32 op, 12513.00 ns, 391.0313 ns/op
WorkloadPilot    3: 64 op, 28554.00 ns, 446.1563 ns/op
WorkloadPilot    4: 128 op, 44774.00 ns, 349.7969 ns/op
WorkloadPilot    5: 256 op, 74640.00 ns, 291.5625 ns/op
WorkloadPilot    6: 512 op, 111729.00 ns, 218.2207 ns/op
WorkloadPilot    7: 1024 op, 231152.00 ns, 225.7344 ns/op
WorkloadPilot    8: 2048 op, 447718.00 ns, 218.6123 ns/op
WorkloadPilot    9: 4096 op, 915313.00 ns, 223.4651 ns/op
WorkloadPilot   10: 8192 op, 1717263.00 ns, 209.6268 ns/op
WorkloadPilot   11: 16384 op, 3451429.00 ns, 210.6585 ns/op
WorkloadPilot   12: 32768 op, 6987437.00 ns, 213.2397 ns/op
WorkloadPilot   13: 65536 op, 13557403.00 ns, 206.8696 ns/op
WorkloadPilot   14: 131072 op, 26733813.00 ns, 203.9628 ns/op
WorkloadPilot   15: 262144 op, 53504974.00 ns, 204.1053 ns/op
WorkloadPilot   16: 524288 op, 98263249.00 ns, 187.4223 ns/op
WorkloadPilot   17: 1048576 op, 50808227.00 ns, 48.4545 ns/op
WorkloadPilot   18: 2097152 op, 104109090.00 ns, 49.6431 ns/op
WorkloadPilot   19: 4194304 op, 201513953.00 ns, 48.0447 ns/op
WorkloadPilot   20: 8388608 op, 404820531.00 ns, 48.2584 ns/op
WorkloadPilot   21: 16777216 op, 804982413.00 ns, 47.9807 ns/op

OverheadWarmup   1: 16777216 op, 71237210.00 ns, 4.2461 ns/op
OverheadWarmup   2: 16777216 op, 71121113.00 ns, 4.2391 ns/op
OverheadWarmup   3: 16777216 op, 72543716.00 ns, 4.3239 ns/op
OverheadWarmup   4: 16777216 op, 55537408.00 ns, 3.3103 ns/op
OverheadWarmup   5: 16777216 op, 55452309.00 ns, 3.3052 ns/op
OverheadWarmup   6: 16777216 op, 55518853.00 ns, 3.3092 ns/op
OverheadWarmup   7: 16777216 op, 55502282.00 ns, 3.3082 ns/op

OverheadActual   1: 16777216 op, 55464352.00 ns, 3.3059 ns/op
OverheadActual   2: 16777216 op, 55565140.00 ns, 3.3119 ns/op
OverheadActual   3: 16777216 op, 55466656.00 ns, 3.3061 ns/op
OverheadActual   4: 16777216 op, 55658685.00 ns, 3.3175 ns/op
OverheadActual   5: 16777216 op, 55508774.00 ns, 3.3086 ns/op
OverheadActual   6: 16777216 op, 55448803.00 ns, 3.3050 ns/op
OverheadActual   7: 16777216 op, 55443953.00 ns, 3.3047 ns/op
OverheadActual   8: 16777216 op, 55534713.00 ns, 3.3101 ns/op
OverheadActual   9: 16777216 op, 55574518.00 ns, 3.3125 ns/op
OverheadActual  10: 16777216 op, 55584617.00 ns, 3.3131 ns/op
OverheadActual  11: 16777216 op, 55556524.00 ns, 3.3114 ns/op
OverheadActual  12: 16777216 op, 57908726.00 ns, 3.4516 ns/op
OverheadActual  13: 16777216 op, 55657629.00 ns, 3.3175 ns/op
OverheadActual  14: 16777216 op, 55652775.00 ns, 3.3172 ns/op
OverheadActual  15: 16777216 op, 55601930.00 ns, 3.3141 ns/op

WorkloadWarmup   1: 16777216 op, 818607017.00 ns, 48.7928 ns/op
WorkloadWarmup   2: 16777216 op, 816991237.00 ns, 48.6965 ns/op
WorkloadWarmup   3: 16777216 op, 817515816.00 ns, 48.7277 ns/op

// BeforeActualRun
WorkloadActual   1: 16777216 op, 802569925.00 ns, 47.8369 ns/op
WorkloadActual   2: 16777216 op, 794241260.00 ns, 47.3405 ns/op
WorkloadActual   3: 16777216 op, 805793894.00 ns, 48.0291 ns/op
WorkloadActual   4: 16777216 op, 795628105.00 ns, 47.4231 ns/op
WorkloadActual   5: 16777216 op, 797540673.00 ns, 47.5371 ns/op

// AfterActualRun
WorkloadResult   1: 16777216 op, 747004785.00 ns, 44.5250 ns/op
WorkloadResult   2: 16777216 op, 738676120.00 ns, 44.0285 ns/op
WorkloadResult   3: 16777216 op, 750228754.00 ns, 44.7171 ns/op
WorkloadResult   4: 16777216 op, 740062965.00 ns, 44.1112 ns/op
WorkloadResult   5: 16777216 op, 741975533.00 ns, 44.2252 ns/op
// GC:  48 0 0 805307440 16777216
// Threading:  0 0 16777216

// AfterAll
// Benchmark Process 3346 has exited with code 0.

Mean = 44.321 ns, StdErr = 0.130 ns (0.29%), N = 5, StdDev = 0.290 ns
Min = 44.029 ns, Q1 = 44.111 ns, Median = 44.225 ns, Q3 = 44.525 ns, Max = 44.717 ns
IQR = 0.414 ns, LowerFence = 43.491 ns, UpperFence = 45.146 ns
ConfidenceInterval = [43.203 ns; 45.439 ns] (CI 99.9%), Margin = 1.118 ns (2.52% of Mean)
Skewness = 0.29, Kurtosis = 1, MValue = 2

// ** Remained 62 (95.4 %) benchmark(s) to run. Estimated finish 2026-08-23 3:33 (0h 10m from now) **
// ***** BenchmarkRunner: Finish  *****

// * Export *
  home/runner/work/needlr/needlr/benchmark-results/results/NexusLabs.Needlr.Benchmarks.Benchmarks.CollectionResolutionBenchmarks-report.csv
  home/runner/work/needlr/needlr/benchmark-results/results/NexusLabs.Needlr.Benchmarks.Benchmarks.CollectionResolutionBenchmarks-report-github.md
  home/runner/work/needlr/needlr/benchmark-results/results/NexusLabs.Needlr.Benchmarks.Benchmarks.CollectionResolutionBenchmarks-report.html
  home/runner/work/needlr/needlr/benchmark-results/results/NexusLabs.Needlr.Benchmarks.Benchmarks.CollectionResolutionBenchmarks-report-full-compressed.json
  home/runner/work/needlr/needlr/benchmark-results/results/NexusLabs.Needlr.Benchmarks.Benchmarks.CollectionResolutionBenchmarks-report-default.md

// * Detailed results *
CollectionResolutionBenchmarks.ManualDI_ResolveCollection: ShortRun(IterationCount=5, LaunchCount=1, WarmupCount=3)
Runtime = .NET 10.0.11 (10.0.1126.37416), X64 RyuJIT AVX2; GC = Concurrent Workstation
Mean = 40.537 ns, StdErr = 0.046 ns (0.11%), N = 4, StdDev = 0.091 ns
Min = 40.405 ns, Q1 = 40.517 ns, Median = 40.563 ns, Q3 = 40.582 ns, Max = 40.616 ns
IQR = 0.064 ns, LowerFence = 40.421 ns, UpperFence = 40.678 ns
ConfidenceInterval = [39.948 ns; 41.125 ns] (CI 99.9%), Margin = 0.589 ns (1.45% of Mean)
Skewness = -0.57, Kurtosis = 1.22, MValue = 2
-------------------- Histogram --------------------
[40.330 ns ; 40.691 ns) | @@@@
---------------------------------------------------

CollectionResolutionBenchmarks.Needlr_Reflection_ResolveCollection: ShortRun(IterationCount=5, LaunchCount=1, WarmupCount=3)
Runtime = .NET 10.0.11 (10.0.1126.37416), X64 RyuJIT AVX2; GC = Concurrent Workstation
Mean = 40.560 ns, StdErr = 0.187 ns (0.46%), N = 5, StdDev = 0.419 ns
Min = 39.907 ns, Q1 = 40.438 ns, Median = 40.666 ns, Q3 = 40.782 ns, Max = 41.006 ns
IQR = 0.343 ns, LowerFence = 39.923 ns, UpperFence = 41.296 ns
ConfidenceInterval = [38.948 ns; 42.172 ns] (CI 99.9%), Margin = 1.612 ns (3.97% of Mean)
Skewness = -0.49, Kurtosis = 1.46, MValue = 2
-------------------- Histogram --------------------
[39.586 ns ; 41.130 ns) | @@@@@
---------------------------------------------------

CollectionResolutionBenchmarks.Needlr_SourceGen_ResolveCollection: ShortRun(IterationCount=5, LaunchCount=1, WarmupCount=3)
Runtime = .NET 10.0.11 (10.0.1126.37416), X64 RyuJIT AVX2; GC = Concurrent Workstation
Mean = 44.321 ns, StdErr = 0.130 ns (0.29%), N = 5, StdDev = 0.290 ns
Min = 44.029 ns, Q1 = 44.111 ns, Median = 44.225 ns, Q3 = 44.525 ns, Max = 44.717 ns
IQR = 0.414 ns, LowerFence = 43.491 ns, UpperFence = 45.146 ns
ConfidenceInterval = [43.203 ns; 45.439 ns] (CI 99.9%), Margin = 1.118 ns (2.52% of Mean)
Skewness = 0.29, Kurtosis = 1, MValue = 2
-------------------- Histogram --------------------
[43.806 ns ; 44.940 ns) | @@@@@
---------------------------------------------------

// * Summary *

BenchmarkDotNet v0.14.0, Ubuntu 24.04.4 LTS (Noble Numbat)
AMD EPYC 7763, 1 CPU, 4 logical and 2 physical cores
.NET SDK 10.0.302
  [Host]   : .NET 10.0.11 (10.0.1126.37416), X64 RyuJIT AVX2
  ShortRun : .NET 10.0.11 (10.0.1126.37416), X64 RyuJIT AVX2

Job=ShortRun  IterationCount=5  LaunchCount=1  
WarmupCount=3  

| Method                              | Mean     | Error    | StdDev   | Ratio | Rank | Gen0   | Allocated | Alloc Ratio |
|------------------------------------ |---------:|---------:|---------:|------:|-----:|-------:|----------:|------------:|
| ManualDI_ResolveCollection          | 40.54 ns | 0.589 ns | 0.091 ns |  1.00 |    1 | 0.0029 |      48 B |        1.00 |
| Needlr_Reflection_ResolveCollection | 40.56 ns | 1.612 ns | 0.419 ns |  1.00 |    1 | 0.0029 |      48 B |        1.00 |
| Needlr_SourceGen_ResolveCollection  | 44.32 ns | 1.118 ns | 0.290 ns |  1.09 |    1 | 0.0029 |      48 B |        1.00 |

// * Hints *
Outliers
  CollectionResolutionBenchmarks.ManualDI_ResolveCollection: ShortRun          -> 1 outlier  was  removed, 2 outliers were detected (43.68 ns, 44.03 ns)
  CollectionResolutionBenchmarks.Needlr_Reflection_ResolveCollection: ShortRun -> 1 outlier  was  detected (43.18 ns)
// * Config Issues *

// * Warnings *
Configuration
  Summary -> The exporter HtmlExporter is already present in configuration. There may be unexpected results.

// * Legends *
  Mean        : Arithmetic mean of all measurements
  Error       : Half of 99.9% confidence interval
  StdDev      : Standard deviation of all measurements
  Ratio       : Mean of the ratio distribution ([Current]/[Baseline])
  Rank        : Relative position of current benchmark mean among all benchmarks (Arabic style)
  Gen0        : GC Generation 0 collects per 1000 operations
  Allocated   : Allocated memory per single operation (managed only, inclusive, 1KB = 1024B)
  Alloc Ratio : Allocated memory ratio distribution ([Current]/[Baseline])
  1 ns        : 1 Nanosecond (0.000000001 sec)

// * Diagnostic Output - MemoryDiagnoser *


// ***** BenchmarkRunner: End *****
Run time: 00:00:30 (30.38 sec), executed benchmarks: 3

// Found 4 benchmarks:
//   CreatePluginsFromGenericTypeBenchmarks.Reflection_AssemblyListProvided: ShortRun(IterationCount=5, LaunchCount=1, WarmupCount=3)
//   CreatePluginsFromGenericTypeBenchmarks.SourceGen_AssemblyListProvided: ShortRun(IterationCount=5, LaunchCount=1, WarmupCount=3)
//   CreatePluginsFromGenericTypeBenchmarks.SourceGen_EmptyAssemblyList: ShortRun(IterationCount=5, LaunchCount=1, WarmupCount=3)
//   CreatePluginsFromGenericTypeBenchmarks.SourceGen_ParameterlessOverload: ShortRun(IterationCount=5, LaunchCount=1, WarmupCount=3)

// **************************
// Benchmark: CreatePluginsFromGenericTypeBenchmarks.Reflection_AssemblyListProvided: ShortRun(IterationCount=5, LaunchCount=1, WarmupCount=3)
// *** Execute ***
// Launch: 1 / 1
// Execute: dotnet 34652669-8378-4209-b79e-5df6789d8a23.dll --anonymousPipes 165 166 --benchmarkName NexusLabs.Needlr.Benchmarks.Benchmarks.CreatePluginsFromGenericTypeBenchmarks.Reflection_AssemblyListProvided --job ShortRun --benchmarkId 3 in /home/runner/work/needlr/needlr/src/NexusLabs.Needlr.Benchmarks/bin/Release/net10.0/34652669-8378-4209-b79e-5df6789d8a23/bin/Release/net10.0
// Failed to set up high priority (Permission denied). In order to run benchmarks with high priority, make sure you have the right permissions.
// BeforeAnythingElse

// Benchmark Process Environment Information:
// BenchmarkDotNet v0.14.0
// Runtime=.NET 10.0.11 (10.0.1126.37416), X64 RyuJIT AVX2
// GC=Concurrent Workstation
// HardwareIntrinsics=AVX2,AES,BMI1,BMI2,FMA,LZCNT,PCLMUL,POPCNT VectorSize=256
// Job: ShortRun(IterationCount=5, LaunchCount=1, WarmupCount=3)

OverheadJitting  1: 1 op, 328104.00 ns, 328.1040 us/op
WorkloadJitting  1: 1 op, 12074051.00 ns, 12.0741 ms/op

OverheadJitting  2: 16 op, 517168.00 ns, 32.3230 us/op
WorkloadJitting  2: 16 op, 1294872.00 ns, 80.9295 us/op

WorkloadPilot    1: 16 op, 741007.00 ns, 46.3129 us/op
WorkloadPilot    2: 32 op, 1385603.00 ns, 43.3001 us/op
WorkloadPilot    3: 64 op, 2471464.00 ns, 38.6166 us/op
WorkloadPilot    4: 128 op, 4637306.00 ns, 36.2290 us/op
WorkloadPilot    5: 256 op, 9066293.00 ns, 35.4152 us/op
WorkloadPilot    6: 512 op, 19225160.00 ns, 37.5491 us/op
WorkloadPilot    7: 1024 op, 57423046.00 ns, 56.0772 us/op
WorkloadPilot    8: 2048 op, 76159253.00 ns, 37.1871 us/op
WorkloadPilot    9: 4096 op, 255749858.00 ns, 62.4389 us/op
WorkloadPilot   10: 8192 op, 444271763.00 ns, 54.2324 us/op
WorkloadPilot   11: 16384 op, 270987143.00 ns, 16.5397 us/op
WorkloadPilot   12: 32768 op, 387501513.00 ns, 11.8256 us/op
WorkloadPilot   13: 65536 op, 767631685.00 ns, 11.7131 us/op

OverheadWarmup   1: 65536 op, 277409.00 ns, 4.2329 ns/op
OverheadWarmup   2: 65536 op, 276427.00 ns, 4.2179 ns/op
OverheadWarmup   3: 65536 op, 277249.00 ns, 4.2305 ns/op
OverheadWarmup   4: 65536 op, 279864.00 ns, 4.2704 ns/op
OverheadWarmup   5: 65536 op, 276467.00 ns, 4.2186 ns/op
OverheadWarmup   6: 65536 op, 290394.00 ns, 4.4311 ns/op
OverheadWarmup   7: 65536 op, 332793.00 ns, 5.0780 ns/op
OverheadWarmup   8: 65536 op, 276488.00 ns, 4.2189 ns/op

OverheadActual   1: 65536 op, 276497.00 ns, 4.2190 ns/op
OverheadActual   2: 65536 op, 277249.00 ns, 4.2305 ns/op
OverheadActual   3: 65536 op, 297527.00 ns, 4.5399 ns/op
OverheadActual   4: 65536 op, 276477.00 ns, 4.2187 ns/op
OverheadActual   5: 65536 op, 276417.00 ns, 4.2178 ns/op
OverheadActual   6: 65536 op, 295512.00 ns, 4.5092 ns/op
OverheadActual   7: 65536 op, 294772.00 ns, 4.4979 ns/op
OverheadActual   8: 65536 op, 294712.00 ns, 4.4969 ns/op
OverheadActual   9: 65536 op, 296184.00 ns, 4.5194 ns/op
OverheadActual  10: 65536 op, 306704.00 ns, 4.6799 ns/op
OverheadActual  11: 65536 op, 312605.00 ns, 4.7700 ns/op
OverheadActual  12: 65536 op, 318036.00 ns, 4.8528 ns/op
OverheadActual  13: 65536 op, 294682.00 ns, 4.4965 ns/op
OverheadActual  14: 65536 op, 294411.00 ns, 4.4924 ns/op
OverheadActual  15: 65536 op, 298719.00 ns, 4.5581 ns/op

WorkloadWarmup   1: 65536 op, 769756310.00 ns, 11.7455 us/op
WorkloadWarmup   2: 65536 op, 764120065.00 ns, 11.6595 us/op
WorkloadWarmup   3: 65536 op, 767693020.00 ns, 11.7141 us/op

// BeforeActualRun
WorkloadActual   1: 65536 op, 770559313.00 ns, 11.7578 us/op
WorkloadActual   2: 65536 op, 769400965.00 ns, 11.7401 us/op
WorkloadActual   3: 65536 op, 770769146.00 ns, 11.7610 us/op
WorkloadActual   4: 65536 op, 768116963.00 ns, 11.7205 us/op
WorkloadActual   5: 65536 op, 773513114.00 ns, 11.8029 us/op

// AfterActualRun
WorkloadResult   1: 65536 op, 770264541.00 ns, 11.7533 us/op
WorkloadResult   2: 65536 op, 769106193.00 ns, 11.7356 us/op
WorkloadResult   3: 65536 op, 770474374.00 ns, 11.7565 us/op
WorkloadResult   4: 65536 op, 767822191.00 ns, 11.7160 us/op
// GC:  11 0 0 196963136 65536
// Threading:  0 0 65536

// AfterAll
// Benchmark Process 3362 has exited with code 0.

Mean = 11.740 μs, StdErr = 0.009 μs (0.08%), N = 4, StdDev = 0.019 μs
Min = 11.716 μs, Q1 = 11.731 μs, Median = 11.744 μs, Q3 = 11.754 μs, Max = 11.757 μs
IQR = 0.023 μs, LowerFence = 11.696 μs, UpperFence = 11.789 μs
ConfidenceInterval = [11.620 μs; 11.861 μs] (CI 99.9%), Margin = 0.120 μs (1.03% of Mean)
Skewness = -0.31, Kurtosis = 0.93, MValue = 2

// ** Remained 61 (93.8 %) benchmark(s) to run. Estimated finish 2026-08-23 3:33 (0h 10m from now) **
// **************************
// Benchmark: CreatePluginsFromGenericTypeBenchmarks.SourceGen_AssemblyListProvided: ShortRun(IterationCount=5, LaunchCount=1, WarmupCount=3)
// *** Execute ***
// Launch: 1 / 1
// Execute: dotnet 34652669-8378-4209-b79e-5df6789d8a23.dll --anonymousPipes 163 164 --benchmarkName NexusLabs.Needlr.Benchmarks.Benchmarks.CreatePluginsFromGenericTypeBenchmarks.SourceGen_AssemblyListProvided --job ShortRun --benchmarkId 4 in /home/runner/work/needlr/needlr/src/NexusLabs.Needlr.Benchmarks/bin/Release/net10.0/34652669-8378-4209-b79e-5df6789d8a23/bin/Release/net10.0
// Failed to set up high priority (Permission denied). In order to run benchmarks with high priority, make sure you have the right permissions.
// BeforeAnythingElse

// Benchmark Process Environment Information:
// BenchmarkDotNet v0.14.0
// Runtime=.NET 10.0.11 (10.0.1126.37416), X64 RyuJIT AVX2
// GC=Concurrent Workstation
// HardwareIntrinsics=AVX2,AES,BMI1,BMI2,FMA,LZCNT,PCLMUL,POPCNT VectorSize=256
// Job: ShortRun(IterationCount=5, LaunchCount=1, WarmupCount=3)

OverheadJitting  1: 1 op, 313096.00 ns, 313.0960 us/op
WorkloadJitting  1: 1 op, 16312200.00 ns, 16.3122 ms/op

OverheadJitting  2: 16 op, 486500.00 ns, 30.4063 us/op
WorkloadJitting  2: 16 op, 1618087.00 ns, 101.1304 us/op

WorkloadPilot    1: 16 op, 844670.00 ns, 52.7919 us/op
WorkloadPilot    2: 32 op, 1673551.00 ns, 52.2985 us/op
WorkloadPilot    3: 64 op, 3622789.00 ns, 56.6061 us/op
WorkloadPilot    4: 128 op, 7127536.00 ns, 55.6839 us/op
WorkloadPilot    5: 256 op, 14162339.00 ns, 55.3216 us/op
WorkloadPilot    6: 512 op, 28069479.00 ns, 54.8232 us/op
WorkloadPilot    7: 1024 op, 47924500.00 ns, 46.8013 us/op
WorkloadPilot    8: 2048 op, 91178068.00 ns, 44.5205 us/op
WorkloadPilot    9: 4096 op, 180363728.00 ns, 44.0341 us/op
WorkloadPilot   10: 8192 op, 276307033.00 ns, 33.7289 us/op
WorkloadPilot   11: 16384 op, 431106127.00 ns, 26.3126 us/op
WorkloadPilot   12: 32768 op, 855675516.00 ns, 26.1131 us/op

OverheadWarmup   1: 32768 op, 160360.00 ns, 4.8938 ns/op
OverheadWarmup   2: 32768 op, 128290.00 ns, 3.9151 ns/op
OverheadWarmup   3: 32768 op, 138880.00 ns, 4.2383 ns/op
OverheadWarmup   4: 32768 op, 128190.00 ns, 3.9120 ns/op
OverheadWarmup   5: 32768 op, 156733.00 ns, 4.7831 ns/op
OverheadWarmup   6: 32768 op, 129051.00 ns, 3.9383 ns/op

OverheadActual   1: 32768 op, 138870.00 ns, 4.2380 ns/op
OverheadActual   2: 32768 op, 128220.00 ns, 3.9130 ns/op
OverheadActual   3: 32768 op, 138900.00 ns, 4.2389 ns/op
OverheadActual   4: 32768 op, 160640.00 ns, 4.9023 ns/op
OverheadActual   5: 32768 op, 156132.00 ns, 4.7648 ns/op
OverheadActual   6: 32768 op, 159939.00 ns, 4.8810 ns/op
OverheadActual   7: 32768 op, 156984.00 ns, 4.7908 ns/op
OverheadActual   8: 32768 op, 146143.00 ns, 4.4599 ns/op
OverheadActual   9: 32768 op, 156763.00 ns, 4.7840 ns/op
OverheadActual  10: 32768 op, 146675.00 ns, 4.4762 ns/op
OverheadActual  11: 32768 op, 183252.00 ns, 5.5924 ns/op
OverheadActual  12: 32768 op, 148017.00 ns, 4.5171 ns/op
OverheadActual  13: 32768 op, 156914.00 ns, 4.7886 ns/op
OverheadActual  14: 32768 op, 145983.00 ns, 4.4550 ns/op
OverheadActual  15: 32768 op, 156904.00 ns, 4.7883 ns/op
OverheadActual  16: 32768 op, 147917.00 ns, 4.5141 ns/op
OverheadActual  17: 32768 op, 138820.00 ns, 4.2365 ns/op
OverheadActual  18: 32768 op, 128260.00 ns, 3.9142 ns/op
OverheadActual  19: 32768 op, 139511.00 ns, 4.2575 ns/op
OverheadActual  20: 32768 op, 128680.00 ns, 3.9270 ns/op

WorkloadWarmup   1: 32768 op, 868026745.00 ns, 26.4901 us/op
WorkloadWarmup   2: 32768 op, 860994889.00 ns, 26.2755 us/op
WorkloadWarmup   3: 32768 op, 857322928.00 ns, 26.1634 us/op

// BeforeActualRun
WorkloadActual   1: 32768 op, 854630299.00 ns, 26.0812 us/op
WorkloadActual   2: 32768 op, 859123767.00 ns, 26.2184 us/op
WorkloadActual   3: 32768 op, 860503025.00 ns, 26.2605 us/op
WorkloadActual   4: 32768 op, 856923468.00 ns, 26.1512 us/op
WorkloadActual   5: 32768 op, 856735235.00 ns, 26.1455 us/op

// AfterActualRun
WorkloadResult   1: 32768 op, 854483003.00 ns, 26.0768 us/op
WorkloadResult   2: 32768 op, 858976471.00 ns, 26.2139 us/op
WorkloadResult   3: 32768 op, 860355729.00 ns, 26.2560 us/op
WorkloadResult   4: 32768 op, 856776172.00 ns, 26.1467 us/op
WorkloadResult   5: 32768 op, 856587939.00 ns, 26.1410 us/op
// GC:  51 0 0 869270240 32768
// Threading:  0 0 32768

// AfterAll
// Benchmark Process 3374 has exited with code 0.

Mean = 26.167 μs, StdErr = 0.031 μs (0.12%), N = 5, StdDev = 0.070 μs
Min = 26.077 μs, Q1 = 26.141 μs, Median = 26.147 μs, Q3 = 26.214 μs, Max = 26.256 μs
IQR = 0.073 μs, LowerFence = 26.032 μs, UpperFence = 26.323 μs
ConfidenceInterval = [25.899 μs; 26.435 μs] (CI 99.9%), Margin = 0.268 μs (1.02% of Mean)
Skewness = 0.03, Kurtosis = 1.15, MValue = 2

// ** Remained 60 (92.3 %) benchmark(s) to run. Estimated finish 2026-08-23 3:33 (0h 9m from now) **
// **************************
// Benchmark: CreatePluginsFromGenericTypeBenchmarks.SourceGen_EmptyAssemblyList: ShortRun(IterationCount=5, LaunchCount=1, WarmupCount=3)
// *** Execute ***
// Launch: 1 / 1
// Execute: dotnet 34652669-8378-4209-b79e-5df6789d8a23.dll --anonymousPipes 163 164 --benchmarkName NexusLabs.Needlr.Benchmarks.Benchmarks.CreatePluginsFromGenericTypeBenchmarks.SourceGen_EmptyAssemblyList --job ShortRun --benchmarkId 5 in /home/runner/work/needlr/needlr/src/NexusLabs.Needlr.Benchmarks/bin/Release/net10.0/34652669-8378-4209-b79e-5df6789d8a23/bin/Release/net10.0
// Failed to set up high priority (Permission denied). In order to run benchmarks with high priority, make sure you have the right permissions.
// BeforeAnythingElse

// Benchmark Process Environment Information:
// BenchmarkDotNet v0.14.0
// Runtime=.NET 10.0.11 (10.0.1126.37416), X64 RyuJIT AVX2
// GC=Concurrent Workstation
// HardwareIntrinsics=AVX2,AES,BMI1,BMI2,FMA,LZCNT,PCLMUL,POPCNT VectorSize=256
// Job: ShortRun(IterationCount=5, LaunchCount=1, WarmupCount=3)

OverheadJitting  1: 1 op, 312975.00 ns, 312.9750 us/op
WorkloadJitting  1: 1 op, 15789135.00 ns, 15.7891 ms/op

OverheadJitting  2: 16 op, 496871.00 ns, 31.0544 us/op
WorkloadJitting  2: 16 op, 1374733.00 ns, 85.9208 us/op

WorkloadPilot    1: 16 op, 788456.00 ns, 49.2785 us/op
WorkloadPilot    2: 32 op, 1495370.00 ns, 46.7303 us/op
WorkloadPilot    3: 64 op, 3198598.00 ns, 49.9781 us/op
WorkloadPilot    4: 128 op, 6376846.00 ns, 49.8191 us/op
WorkloadPilot    5: 256 op, 12750357.00 ns, 49.8061 us/op
WorkloadPilot    6: 512 op, 25354120.00 ns, 49.5198 us/op
WorkloadPilot    7: 1024 op, 42843829.00 ns, 41.8397 us/op
WorkloadPilot    8: 2048 op, 80571841.00 ns, 39.3417 us/op
WorkloadPilot    9: 4096 op, 161686127.00 ns, 39.4742 us/op
WorkloadPilot   10: 8192 op, 235705622.00 ns, 28.7727 us/op
WorkloadPilot   11: 16384 op, 421382247.00 ns, 25.7191 us/op
WorkloadPilot   12: 32768 op, 842832150.00 ns, 25.7212 us/op

OverheadWarmup   1: 32768 op, 139912.00 ns, 4.2698 ns/op
OverheadWarmup   2: 32768 op, 131877.00 ns, 4.0246 ns/op
OverheadWarmup   3: 32768 op, 158236.00 ns, 4.8290 ns/op
OverheadWarmup   4: 32768 op, 147005.00 ns, 4.4862 ns/op
OverheadWarmup   5: 32768 op, 152526.00 ns, 4.6547 ns/op
OverheadWarmup   6: 32768 op, 144661.00 ns, 4.4147 ns/op

OverheadActual   1: 32768 op, 158767.00 ns, 4.8452 ns/op
OverheadActual   2: 32768 op, 141144.00 ns, 4.3074 ns/op
OverheadActual   3: 32768 op, 153978.00 ns, 4.6990 ns/op
OverheadActual   4: 32768 op, 146364.00 ns, 4.4667 ns/op
OverheadActual   5: 32768 op, 156433.00 ns, 4.7740 ns/op
OverheadActual   6: 32768 op, 146795.00 ns, 4.4798 ns/op
OverheadActual   7: 32768 op, 151384.00 ns, 4.6199 ns/op
OverheadActual   8: 32768 op, 148347.00 ns, 4.5272 ns/op
OverheadActual   9: 32768 op, 157264.00 ns, 4.7993 ns/op
OverheadActual  10: 32768 op, 160019.00 ns, 4.8834 ns/op
OverheadActual  11: 32768 op, 157364.00 ns, 4.8024 ns/op
OverheadActual  12: 32768 op, 139982.00 ns, 4.2719 ns/op
OverheadActual  13: 32768 op, 157064.00 ns, 4.7932 ns/op
OverheadActual  14: 32768 op, 146224.00 ns, 4.4624 ns/op
OverheadActual  15: 32768 op, 157845.00 ns, 4.8170 ns/op

WorkloadWarmup   1: 32768 op, 854007469.00 ns, 26.0622 us/op
WorkloadWarmup   2: 32768 op, 845633504.00 ns, 25.8067 us/op
WorkloadWarmup   3: 32768 op, 839624506.00 ns, 25.6233 us/op

// BeforeActualRun
WorkloadActual   1: 32768 op, 844771747.00 ns, 25.7804 us/op
WorkloadActual   2: 32768 op, 840893438.00 ns, 25.6620 us/op
WorkloadActual   3: 32768 op, 837130434.00 ns, 25.5472 us/op
WorkloadActual   4: 32768 op, 840991111.00 ns, 25.6650 us/op
WorkloadActual   5: 32768 op, 845157247.00 ns, 25.7922 us/op

// AfterActualRun
WorkloadResult   1: 32768 op, 844617769.00 ns, 25.7757 us/op
WorkloadResult   2: 32768 op, 840739460.00 ns, 25.6573 us/op
WorkloadResult   3: 32768 op, 836976456.00 ns, 25.5425 us/op
WorkloadResult   4: 32768 op, 840837133.00 ns, 25.6603 us/op
WorkloadResult   5: 32768 op, 845003269.00 ns, 25.7875 us/op
// GC:  50 0 0 836502240 32768
// Threading:  0 0 32768

// AfterAll
// Benchmark Process 3387 has exited with code 0.

Mean = 25.685 μs, StdErr = 0.045 μs (0.17%), N = 5, StdDev = 0.101 μs
Min = 25.542 μs, Q1 = 25.657 μs, Median = 25.660 μs, Q3 = 25.776 μs, Max = 25.787 μs
IQR = 0.118 μs, LowerFence = 25.480 μs, UpperFence = 25.953 μs
ConfidenceInterval = [25.298 μs; 26.072 μs] (CI 99.9%), Margin = 0.387 μs (1.51% of Mean)
Skewness = -0.21, Kurtosis = 1.16, MValue = 2

// ** Remained 59 (90.8 %) benchmark(s) to run. Estimated finish 2026-08-23 3:33 (0h 9m from now) **
// **************************
// Benchmark: CreatePluginsFromGenericTypeBenchmarks.SourceGen_ParameterlessOverload: ShortRun(IterationCount=5, LaunchCount=1, WarmupCount=3)
// *** Execute ***
// Launch: 1 / 1
// Execute: dotnet 34652669-8378-4209-b79e-5df6789d8a23.dll --anonymousPipes 163 164 --benchmarkName NexusLabs.Needlr.Benchmarks.Benchmarks.CreatePluginsFromGenericTypeBenchmarks.SourceGen_ParameterlessOverload --job ShortRun --benchmarkId 6 in /home/runner/work/needlr/needlr/src/NexusLabs.Needlr.Benchmarks/bin/Release/net10.0/34652669-8378-4209-b79e-5df6789d8a23/bin/Release/net10.0
// Failed to set up high priority (Permission denied). In order to run benchmarks with high priority, make sure you have the right permissions.
// BeforeAnythingElse

// Benchmark Process Environment Information:
// BenchmarkDotNet v0.14.0
// Runtime=.NET 10.0.11 (10.0.1126.37416), X64 RyuJIT AVX2
// GC=Concurrent Workstation
// HardwareIntrinsics=AVX2,AES,BMI1,BMI2,FMA,LZCNT,PCLMUL,POPCNT VectorSize=256
// Job: ShortRun(IterationCount=5, LaunchCount=1, WarmupCount=3)

OverheadJitting  1: 1 op, 305932.00 ns, 305.9320 us/op
WorkloadJitting  1: 1 op, 15542406.00 ns, 15.5424 ms/op

OverheadJitting  2: 16 op, 510536.00 ns, 31.9085 us/op
WorkloadJitting  2: 16 op, 572322.00 ns, 35.7701 us/op

WorkloadPilot    1: 16 op, 75221.00 ns, 4.7013 us/op
WorkloadPilot    2: 32 op, 115086.00 ns, 3.5964 us/op
WorkloadPilot    3: 64 op, 222727.00 ns, 3.4801 us/op
WorkloadPilot    4: 128 op, 434483.00 ns, 3.3944 us/op
WorkloadPilot    5: 256 op, 872443.00 ns, 3.4080 us/op
WorkloadPilot    6: 512 op, 1576070.00 ns, 3.0783 us/op
WorkloadPilot    7: 1024 op, 3028680.00 ns, 2.9577 us/op
WorkloadPilot    8: 2048 op, 5937896.00 ns, 2.8994 us/op
WorkloadPilot    9: 4096 op, 11625134.00 ns, 2.8382 us/op
WorkloadPilot   10: 8192 op, 22914307.00 ns, 2.7972 us/op
WorkloadPilot   11: 16384 op, 45247857.00 ns, 2.7617 us/op
WorkloadPilot   12: 32768 op, 98375214.00 ns, 3.0022 us/op
WorkloadPilot   13: 65536 op, 212221980.00 ns, 3.2383 us/op
WorkloadPilot   14: 131072 op, 72141212.00 ns, 550.3938 ns/op
WorkloadPilot   15: 262144 op, 127281047.00 ns, 485.5387 ns/op
WorkloadPilot   16: 524288 op, 247528426.00 ns, 472.1230 ns/op
WorkloadPilot   17: 1048576 op, 498640539.00 ns, 475.5407 ns/op
WorkloadPilot   18: 2097152 op, 994150283.00 ns, 474.0478 ns/op

OverheadWarmup   1: 2097152 op, 9020647.00 ns, 4.3014 ns/op
OverheadWarmup   2: 2097152 op, 8987314.00 ns, 4.2855 ns/op
OverheadWarmup   3: 2097152 op, 8897958.00 ns, 4.2429 ns/op
OverheadWarmup   4: 2097152 op, 8951437.00 ns, 4.2684 ns/op
OverheadWarmup   5: 2097152 op, 8957078.00 ns, 4.2711 ns/op
OverheadWarmup   6: 2097152 op, 9094846.00 ns, 4.3368 ns/op
OverheadWarmup   7: 2097152 op, 8908497.00 ns, 4.2479 ns/op
OverheadWarmup   8: 2097152 op, 8907836.00 ns, 4.2476 ns/op
OverheadWarmup   9: 2097152 op, 8891015.00 ns, 4.2396 ns/op
OverheadWarmup  10: 2097152 op, 8902816.00 ns, 4.2452 ns/op

OverheadActual   1: 2097152 op, 8928565.00 ns, 4.2575 ns/op
OverheadActual   2: 2097152 op, 8982075.00 ns, 4.2830 ns/op
OverheadActual   3: 2097152 op, 8968770.00 ns, 4.2766 ns/op
OverheadActual   4: 2097152 op, 8965344.00 ns, 4.2750 ns/op
OverheadActual   5: 2097152 op, 8910701.00 ns, 4.2490 ns/op
OverheadActual   6: 2097152 op, 8907865.00 ns, 4.2476 ns/op
OverheadActual   7: 2097152 op, 9014416.00 ns, 4.2984 ns/op
OverheadActual   8: 2097152 op, 8907235.00 ns, 4.2473 ns/op
OverheadActual   9: 2097152 op, 8901915.00 ns, 4.2448 ns/op
OverheadActual  10: 2097152 op, 8911753.00 ns, 4.2495 ns/op
OverheadActual  11: 2097152 op, 8906493.00 ns, 4.2469 ns/op
OverheadActual  12: 2097152 op, 8919247.00 ns, 4.2530 ns/op
OverheadActual  13: 2097152 op, 8910110.00 ns, 4.2487 ns/op
OverheadActual  14: 2097152 op, 9116226.00 ns, 4.3470 ns/op
OverheadActual  15: 2097152 op, 8951007.00 ns, 4.2682 ns/op

WorkloadWarmup   1: 2097152 op, 998956383.00 ns, 476.3395 ns/op
WorkloadWarmup   2: 2097152 op, 999935602.00 ns, 476.8065 ns/op
WorkloadWarmup   3: 2097152 op, 990624626.00 ns, 472.3666 ns/op

// BeforeActualRun
WorkloadActual   1: 2097152 op, 988786304.00 ns, 471.4901 ns/op
WorkloadActual   2: 2097152 op, 992822859.00 ns, 473.4148 ns/op
WorkloadActual   3: 2097152 op, 997759199.00 ns, 475.7687 ns/op
WorkloadActual   4: 2097152 op, 1010775111.00 ns, 481.9751 ns/op
WorkloadActual   5: 2097152 op, 989590320.00 ns, 471.8734 ns/op

// AfterActualRun
WorkloadResult   1: 2097152 op, 979867057.00 ns, 467.2370 ns/op
WorkloadResult   2: 2097152 op, 983903612.00 ns, 469.1618 ns/op
WorkloadResult   3: 2097152 op, 988839952.00 ns, 471.5156 ns/op
WorkloadResult   4: 2097152 op, 980671073.00 ns, 467.6204 ns/op
// GC:  55 0 0 922747616 2097152
// Threading:  0 0 2097152

// AfterAll
// Benchmark Process 3401 has exited with code 0.

Mean = 468.884 ns, StdErr = 0.971 ns (0.21%), N = 4, StdDev = 1.942 ns
Min = 467.237 ns, Q1 = 467.525 ns, Median = 468.391 ns, Q3 = 469.750 ns, Max = 471.516 ns
IQR = 2.226 ns, LowerFence = 464.186 ns, UpperFence = 473.089 ns
ConfidenceInterval = [456.336 ns; 481.432 ns] (CI 99.9%), Margin = 12.548 ns (2.68% of Mean)
Skewness = 0.4, Kurtosis = 1.02, MValue = 2

// ** Remained 58 (89.2 %) benchmark(s) to run. Estimated finish 2026-08-23 3:33 (0h 9m from now) **
// ***** BenchmarkRunner: Finish  *****

// * Export *
  home/runner/work/needlr/needlr/benchmark-results/results/NexusLabs.Needlr.Benchmarks.Benchmarks.CreatePluginsFromGenericTypeBenchmarks-report.csv
  home/runner/work/needlr/needlr/benchmark-results/results/NexusLabs.Needlr.Benchmarks.Benchmarks.CreatePluginsFromGenericTypeBenchmarks-report-github.md
  home/runner/work/needlr/needlr/benchmark-results/results/NexusLabs.Needlr.Benchmarks.Benchmarks.CreatePluginsFromGenericTypeBenchmarks-report.html
  home/runner/work/needlr/needlr/benchmark-results/results/NexusLabs.Needlr.Benchmarks.Benchmarks.CreatePluginsFromGenericTypeBenchmarks-report-full-compressed.json
  home/runner/work/needlr/needlr/benchmark-results/results/NexusLabs.Needlr.Benchmarks.Benchmarks.CreatePluginsFromGenericTypeBenchmarks-report-default.md

// * Detailed results *
CreatePluginsFromGenericTypeBenchmarks.Reflection_AssemblyListProvided: ShortRun(IterationCount=5, LaunchCount=1, WarmupCount=3)
Runtime = .NET 10.0.11 (10.0.1126.37416), X64 RyuJIT AVX2; GC = Concurrent Workstation
Mean = 11.740 μs, StdErr = 0.009 μs (0.08%), N = 4, StdDev = 0.019 μs
Min = 11.716 μs, Q1 = 11.731 μs, Median = 11.744 μs, Q3 = 11.754 μs, Max = 11.757 μs
IQR = 0.023 μs, LowerFence = 11.696 μs, UpperFence = 11.789 μs
ConfidenceInterval = [11.620 μs; 11.861 μs] (CI 99.9%), Margin = 0.120 μs (1.03% of Mean)
Skewness = -0.31, Kurtosis = 0.93, MValue = 2
-------------------- Histogram --------------------
[11.701 μs ; 11.772 μs) | @@@@
---------------------------------------------------

CreatePluginsFromGenericTypeBenchmarks.SourceGen_AssemblyListProvided: ShortRun(IterationCount=5, LaunchCount=1, WarmupCount=3)
Runtime = .NET 10.0.11 (10.0.1126.37416), X64 RyuJIT AVX2; GC = Concurrent Workstation
Mean = 26.167 μs, StdErr = 0.031 μs (0.12%), N = 5, StdDev = 0.070 μs
Min = 26.077 μs, Q1 = 26.141 μs, Median = 26.147 μs, Q3 = 26.214 μs, Max = 26.256 μs
IQR = 0.073 μs, LowerFence = 26.032 μs, UpperFence = 26.323 μs
ConfidenceInterval = [25.899 μs; 26.435 μs] (CI 99.9%), Margin = 0.268 μs (1.02% of Mean)
Skewness = 0.03, Kurtosis = 1.15, MValue = 2
-------------------- Histogram --------------------
[26.023 μs ; 26.309 μs) | @@@@@
---------------------------------------------------

CreatePluginsFromGenericTypeBenchmarks.SourceGen_EmptyAssemblyList: ShortRun(IterationCount=5, LaunchCount=1, WarmupCount=3)
Runtime = .NET 10.0.11 (10.0.1126.37416), X64 RyuJIT AVX2; GC = Concurrent Workstation
Mean = 25.685 μs, StdErr = 0.045 μs (0.17%), N = 5, StdDev = 0.101 μs
Min = 25.542 μs, Q1 = 25.657 μs, Median = 25.660 μs, Q3 = 25.776 μs, Max = 25.787 μs
IQR = 0.118 μs, LowerFence = 25.480 μs, UpperFence = 25.953 μs
ConfidenceInterval = [25.298 μs; 26.072 μs] (CI 99.9%), Margin = 0.387 μs (1.51% of Mean)
Skewness = -0.21, Kurtosis = 1.16, MValue = 2
-------------------- Histogram --------------------
[25.465 μs ; 25.865 μs) | @@@@@
---------------------------------------------------

CreatePluginsFromGenericTypeBenchmarks.SourceGen_ParameterlessOverload: ShortRun(IterationCount=5, LaunchCount=1, WarmupCount=3)
Runtime = .NET 10.0.11 (10.0.1126.37416), X64 RyuJIT AVX2; GC = Concurrent Workstation
Mean = 468.884 ns, StdErr = 0.971 ns (0.21%), N = 4, StdDev = 1.942 ns
Min = 467.237 ns, Q1 = 467.525 ns, Median = 468.391 ns, Q3 = 469.750 ns, Max = 471.516 ns
IQR = 2.226 ns, LowerFence = 464.186 ns, UpperFence = 473.089 ns
ConfidenceInterval = [456.336 ns; 481.432 ns] (CI 99.9%), Margin = 12.548 ns (2.68% of Mean)
Skewness = 0.4, Kurtosis = 1.02, MValue = 2
-------------------- Histogram --------------------
[465.631 ns ; 473.121 ns) | @@@@
---------------------------------------------------

// * Summary *

BenchmarkDotNet v0.14.0, Ubuntu 24.04.4 LTS (Noble Numbat)
AMD EPYC 7763, 1 CPU, 4 logical and 2 physical cores
.NET SDK 10.0.302
  [Host]   : .NET 10.0.11 (10.0.1126.37416), X64 RyuJIT AVX2
  ShortRun : .NET 10.0.11 (10.0.1126.37416), X64 RyuJIT AVX2

Job=ShortRun  IterationCount=5  LaunchCount=1  
WarmupCount=3  

| Method                          | Mean        | Error     | StdDev    | Ratio | Rank | Gen0   | Allocated | Alloc Ratio |
|-------------------------------- |------------:|----------:|----------:|------:|-----:|-------:|----------:|------------:|
| Reflection_AssemblyListProvided | 11,740.4 ns | 120.45 ns |  18.64 ns |  1.00 |    2 | 0.1678 |    3005 B |        1.00 |
| SourceGen_AssemblyListProvided  | 26,166.9 ns | 267.79 ns |  69.55 ns |  2.23 |    3 | 1.5564 |   26528 B |        8.83 |
| SourceGen_EmptyAssemblyList     | 25,684.7 ns | 387.00 ns | 100.50 ns |  2.19 |    3 | 1.5259 |   25528 B |        8.50 |
| SourceGen_ParameterlessOverload |    468.9 ns |  12.55 ns |   1.94 ns |  0.04 |    1 | 0.0262 |     440 B |        0.15 |

// * Hints *
Outliers
  CreatePluginsFromGenericTypeBenchmarks.Reflection_AssemblyListProvided: ShortRun -> 1 outlier  was  removed (11.80 μs)
  CreatePluginsFromGenericTypeBenchmarks.SourceGen_ParameterlessOverload: ShortRun -> 1 outlier  was  removed (481.98 ns)
// * Config Issues *

// * Warnings *
Configuration
  Summary -> The exporter HtmlExporter is already present in configuration. There may be unexpected results.

// * Legends *
  Mean        : Arithmetic mean of all measurements
  Error       : Half of 99.9% confidence interval
  StdDev      : Standard deviation of all measurements
  Ratio       : Mean of the ratio distribution ([Current]/[Baseline])
  Rank        : Relative position of current benchmark mean among all benchmarks (Arabic style)
  Gen0        : GC Generation 0 collects per 1000 operations
  Allocated   : Allocated memory per single operation (managed only, inclusive, 1KB = 1024B)
  Alloc Ratio : Allocated memory ratio distribution ([Current]/[Baseline])
  1 ns        : 1 Nanosecond (0.000000001 sec)

// * Diagnostic Output - MemoryDiagnoser *


// ***** BenchmarkRunner: End *****
Run time: 00:00:40 (40.74 sec), executed benchmarks: 4

// Found 3 benchmarks:
//   DecoratorResolutionBenchmarks.ManualDI_ResolveDecorated: ShortRun(IterationCount=5, LaunchCount=1, WarmupCount=3)
//   DecoratorResolutionBenchmarks.Needlr_Reflection_ResolveDecorated: ShortRun(IterationCount=5, LaunchCount=1, WarmupCount=3)
//   DecoratorResolutionBenchmarks.Needlr_SourceGen_ResolveDecorated: ShortRun(IterationCount=5, LaunchCount=1, WarmupCount=3)

// **************************
// Benchmark: DecoratorResolutionBenchmarks.ManualDI_ResolveDecorated: ShortRun(IterationCount=5, LaunchCount=1, WarmupCount=3)
// *** Execute ***
// Launch: 1 / 1
// Execute: dotnet 34652669-8378-4209-b79e-5df6789d8a23.dll --anonymousPipes 163 164 --benchmarkName NexusLabs.Needlr.Benchmarks.Benchmarks.DecoratorResolutionBenchmarks.ManualDI_ResolveDecorated --job ShortRun --benchmarkId 7 in /home/runner/work/needlr/needlr/src/NexusLabs.Needlr.Benchmarks/bin/Release/net10.0/34652669-8378-4209-b79e-5df6789d8a23/bin/Release/net10.0
// Failed to set up high priority (Permission denied). In order to run benchmarks with high priority, make sure you have the right permissions.
// BeforeAnythingElse

// Benchmark Process Environment Information:
// BenchmarkDotNet v0.14.0
// Runtime=.NET 10.0.11 (10.0.1126.37416), X64 RyuJIT AVX2
// GC=Concurrent Workstation
// HardwareIntrinsics=AVX2,AES,BMI1,BMI2,FMA,LZCNT,PCLMUL,POPCNT VectorSize=256
// Job: ShortRun(IterationCount=5, LaunchCount=1, WarmupCount=3)

OverheadJitting  1: 1 op, 341170.00 ns, 341.1700 us/op
WorkloadJitting  1: 1 op, 3141662.00 ns, 3.1417 ms/op

OverheadJitting  2: 16 op, 500829.00 ns, 31.3018 us/op
WorkloadJitting  2: 16 op, 528962.00 ns, 33.0601 us/op

WorkloadPilot    1: 16 op, 4318.00 ns, 269.8750 ns/op
WorkloadPilot    2: 32 op, 5921.00 ns, 185.0313 ns/op
WorkloadPilot    3: 64 op, 8195.00 ns, 128.0469 ns/op
WorkloadPilot    4: 128 op, 18194.00 ns, 142.1406 ns/op
WorkloadPilot    5: 256 op, 25068.00 ns, 97.9219 ns/op
WorkloadPilot    6: 512 op, 56105.00 ns, 109.5801 ns/op
WorkloadPilot    7: 1024 op, 92674.00 ns, 90.5020 ns/op
WorkloadPilot    8: 2048 op, 170730.00 ns, 83.3643 ns/op
WorkloadPilot    9: 4096 op, 334428.00 ns, 81.6475 ns/op
WorkloadPilot   10: 8192 op, 738275.00 ns, 90.1215 ns/op
WorkloadPilot   11: 16384 op, 1389406.00 ns, 84.8026 ns/op
WorkloadPilot   12: 32768 op, 2659518.00 ns, 81.1620 ns/op
WorkloadPilot   13: 65536 op, 5262269.00 ns, 80.2959 ns/op
WorkloadPilot   14: 131072 op, 10619055.00 ns, 81.0170 ns/op
WorkloadPilot   15: 262144 op, 21096935.00 ns, 80.4784 ns/op
WorkloadPilot   16: 524288 op, 43132770.00 ns, 82.2692 ns/op
WorkloadPilot   17: 1048576 op, 39808546.00 ns, 37.9644 ns/op
WorkloadPilot   18: 2097152 op, 37694321.00 ns, 17.9741 ns/op
WorkloadPilot   19: 4194304 op, 76046025.00 ns, 18.1308 ns/op
WorkloadPilot   20: 8388608 op, 152804558.00 ns, 18.2157 ns/op
WorkloadPilot   21: 16777216 op, 300782773.00 ns, 17.9281 ns/op
WorkloadPilot   22: 33554432 op, 602801263.00 ns, 17.9649 ns/op

OverheadWarmup   1: 33554432 op, 142625387.00 ns, 4.2506 ns/op
OverheadWarmup   2: 33554432 op, 148755384.00 ns, 4.4333 ns/op
OverheadWarmup   3: 33554432 op, 112689736.00 ns, 3.3584 ns/op
OverheadWarmup   4: 33554432 op, 110104648.00 ns, 3.2814 ns/op
OverheadWarmup   5: 33554432 op, 109666547.00 ns, 3.2683 ns/op
OverheadWarmup   6: 33554432 op, 110382289.00 ns, 3.2896 ns/op
OverheadWarmup   7: 33554432 op, 109551941.00 ns, 3.2649 ns/op

OverheadActual   1: 33554432 op, 109550980.00 ns, 3.2649 ns/op
OverheadActual   2: 33554432 op, 110702680.00 ns, 3.2992 ns/op
OverheadActual   3: 33554432 op, 109622053.00 ns, 3.2670 ns/op
OverheadActual   4: 33554432 op, 109572791.00 ns, 3.2655 ns/op
OverheadActual   5: 33554432 op, 109632503.00 ns, 3.2673 ns/op
OverheadActual   6: 33554432 op, 131512086.00 ns, 3.9194 ns/op
OverheadActual   7: 33554432 op, 109673299.00 ns, 3.2685 ns/op
OverheadActual   8: 33554432 op, 109772642.00 ns, 3.2715 ns/op
OverheadActual   9: 33554432 op, 110033911.00 ns, 3.2793 ns/op
OverheadActual  10: 33554432 op, 110142604.00 ns, 3.2825 ns/op
OverheadActual  11: 33554432 op, 109639693.00 ns, 3.2675 ns/op
OverheadActual  12: 33554432 op, 109976393.00 ns, 3.2776 ns/op
OverheadActual  13: 33554432 op, 109793611.00 ns, 3.2721 ns/op
OverheadActual  14: 33554432 op, 109628372.00 ns, 3.2672 ns/op
OverheadActual  15: 33554432 op, 109986232.00 ns, 3.2778 ns/op

WorkloadWarmup   1: 33554432 op, 605687095.00 ns, 18.0509 ns/op
WorkloadWarmup   2: 33554432 op, 599972795.00 ns, 17.8806 ns/op
WorkloadWarmup   3: 33554432 op, 599393183.00 ns, 17.8633 ns/op

// BeforeActualRun
WorkloadActual   1: 33554432 op, 601036779.00 ns, 17.9123 ns/op
WorkloadActual   2: 33554432 op, 601698418.00 ns, 17.9320 ns/op
WorkloadActual   3: 33554432 op, 600822960.00 ns, 17.9059 ns/op
WorkloadActual   4: 33554432 op, 601350333.00 ns, 17.9216 ns/op
WorkloadActual   5: 33554432 op, 600953534.00 ns, 17.9098 ns/op

// AfterActualRun
WorkloadResult   1: 33554432 op, 491264137.00 ns, 14.6408 ns/op
WorkloadResult   2: 33554432 op, 491925776.00 ns, 14.6605 ns/op
WorkloadResult   3: 33554432 op, 491050318.00 ns, 14.6344 ns/op
WorkloadResult   4: 33554432 op, 491577691.00 ns, 14.6502 ns/op
WorkloadResult   5: 33554432 op, 491180892.00 ns, 14.6383 ns/op
// GC:  0 0 0 1072 33554432
// Threading:  0 0 33554432

// AfterAll
// Benchmark Process 3411 has exited with code 0.

Mean = 14.645 ns, StdErr = 0.005 ns (0.03%), N = 5, StdDev = 0.011 ns
Min = 14.634 ns, Q1 = 14.638 ns, Median = 14.641 ns, Q3 = 14.650 ns, Max = 14.661 ns
IQR = 0.012 ns, LowerFence = 14.621 ns, UpperFence = 14.668 ns
ConfidenceInterval = [14.604 ns; 14.685 ns] (CI 99.9%), Margin = 0.040 ns (0.28% of Mean)
Skewness = 0.44, Kurtosis = 1.23, MValue = 2

// ** Remained 57 (87.7 %) benchmark(s) to run. Estimated finish 2026-08-23 3:33 (0h 9m from now) **
// **************************
// Benchmark: DecoratorResolutionBenchmarks.Needlr_Reflection_ResolveDecorated: ShortRun(IterationCount=5, LaunchCount=1, WarmupCount=3)
// *** Execute ***
// Launch: 1 / 1
// Execute: dotnet 34652669-8378-4209-b79e-5df6789d8a23.dll --anonymousPipes 163 164 --benchmarkName NexusLabs.Needlr.Benchmarks.Benchmarks.DecoratorResolutionBenchmarks.Needlr_Reflection_ResolveDecorated --job ShortRun --benchmarkId 8 in /home/runner/work/needlr/needlr/src/NexusLabs.Needlr.Benchmarks/bin/Release/net10.0/34652669-8378-4209-b79e-5df6789d8a23/bin/Release/net10.0
// Failed to set up high priority (Permission denied). In order to run benchmarks with high priority, make sure you have the right permissions.
// BeforeAnythingElse

// Benchmark Process Environment Information:
// BenchmarkDotNet v0.14.0
// Runtime=.NET 10.0.11 (10.0.1126.37416), X64 RyuJIT AVX2
// GC=Concurrent Workstation
// HardwareIntrinsics=AVX2,AES,BMI1,BMI2,FMA,LZCNT,PCLMUL,POPCNT VectorSize=256
// Job: ShortRun(IterationCount=5, LaunchCount=1, WarmupCount=3)

OverheadJitting  1: 1 op, 343341.00 ns, 343.3410 us/op
WorkloadJitting  1: 1 op, 6769163.00 ns, 6.7692 ms/op

OverheadJitting  2: 16 op, 599038.00 ns, 37.4399 us/op
WorkloadJitting  2: 16 op, 467132.00 ns, 29.1958 us/op

WorkloadPilot    1: 16 op, 4649.00 ns, 290.5625 ns/op
WorkloadPilot    2: 32 op, 6292.00 ns, 196.6250 ns/op
WorkloadPilot    3: 64 op, 8426.00 ns, 131.6563 ns/op
WorkloadPilot    4: 128 op, 16591.00 ns, 129.6172 ns/op
WorkloadPilot    5: 256 op, 24446.00 ns, 95.4922 ns/op
WorkloadPilot    6: 512 op, 44934.00 ns, 87.7617 ns/op
WorkloadPilot    7: 1024 op, 85580.00 ns, 83.5742 ns/op
WorkloadPilot    8: 2048 op, 168224.00 ns, 82.1406 ns/op
WorkloadPilot    9: 4096 op, 341828.00 ns, 83.4541 ns/op
WorkloadPilot   10: 8192 op, 764837.00 ns, 93.3639 ns/op
WorkloadPilot   11: 16384 op, 1477367.00 ns, 90.1713 ns/op
WorkloadPilot   12: 32768 op, 2871109.00 ns, 87.6193 ns/op
WorkloadPilot   13: 65536 op, 5682887.00 ns, 86.7140 ns/op
WorkloadPilot   14: 131072 op, 11245588.00 ns, 85.7970 ns/op
WorkloadPilot   15: 262144 op, 22746993.00 ns, 86.7729 ns/op
WorkloadPilot   16: 524288 op, 44979207.00 ns, 85.7910 ns/op
WorkloadPilot   17: 1048576 op, 89297229.00 ns, 85.1605 ns/op
WorkloadPilot   18: 2097152 op, 62724705.00 ns, 29.9095 ns/op
WorkloadPilot   19: 4194304 op, 78356751.00 ns, 18.6817 ns/op
WorkloadPilot   20: 8388608 op, 157256454.00 ns, 18.7464 ns/op
WorkloadPilot   21: 16777216 op, 313281299.00 ns, 18.6730 ns/op
WorkloadPilot   22: 33554432 op, 625105098.00 ns, 18.6296 ns/op

OverheadWarmup   1: 33554432 op, 142529378.00 ns, 4.2477 ns/op
OverheadWarmup   2: 33554432 op, 148987080.00 ns, 4.4402 ns/op
OverheadWarmup   3: 33554432 op, 111032705.00 ns, 3.3090 ns/op
OverheadWarmup   4: 33554432 op, 112550007.00 ns, 3.3543 ns/op
OverheadWarmup   5: 33554432 op, 111091525.00 ns, 3.3108 ns/op

OverheadActual   1: 33554432 op, 111069386.00 ns, 3.3101 ns/op
OverheadActual   2: 33554432 op, 111435634.00 ns, 3.3210 ns/op
OverheadActual   3: 33554432 op, 111111948.00 ns, 3.3114 ns/op
OverheadActual   4: 33554432 op, 110964301.00 ns, 3.3070 ns/op
OverheadActual   5: 33554432 op, 110996331.00 ns, 3.3079 ns/op
OverheadActual   6: 33554432 op, 111280303.00 ns, 3.3164 ns/op
OverheadActual   7: 33554432 op, 111100516.00 ns, 3.3111 ns/op
OverheadActual   8: 33554432 op, 110998025.00 ns, 3.3080 ns/op
OverheadActual   9: 33554432 op, 111157554.00 ns, 3.3128 ns/op
OverheadActual  10: 33554432 op, 110958330.00 ns, 3.3068 ns/op
OverheadActual  11: 33554432 op, 111155169.00 ns, 3.3127 ns/op
OverheadActual  12: 33554432 op, 111155670.00 ns, 3.3127 ns/op
OverheadActual  13: 33554432 op, 110878791.00 ns, 3.3044 ns/op
OverheadActual  14: 33554432 op, 111206845.00 ns, 3.3142 ns/op
OverheadActual  15: 33554432 op, 110893769.00 ns, 3.3049 ns/op

WorkloadWarmup   1: 33554432 op, 620515945.00 ns, 18.4928 ns/op
WorkloadWarmup   2: 33554432 op, 622709801.00 ns, 18.5582 ns/op
WorkloadWarmup   3: 33554432 op, 620451495.00 ns, 18.4909 ns/op

// BeforeActualRun
WorkloadActual   1: 33554432 op, 620445763.00 ns, 18.4907 ns/op
WorkloadActual   2: 33554432 op, 629066353.00 ns, 18.7476 ns/op
WorkloadActual   3: 33554432 op, 620469990.00 ns, 18.4914 ns/op
WorkloadActual   4: 33554432 op, 623611249.00 ns, 18.5851 ns/op
WorkloadActual   5: 33554432 op, 623297293.00 ns, 18.5757 ns/op

// AfterActualRun
WorkloadResult   1: 33554432 op, 509345247.00 ns, 15.1797 ns/op
WorkloadResult   2: 33554432 op, 509369474.00 ns, 15.1804 ns/op
WorkloadResult   3: 33554432 op, 512510733.00 ns, 15.2740 ns/op
WorkloadResult   4: 33554432 op, 512196777.00 ns, 15.2647 ns/op
// GC:  0 0 0 1360 33554432
// Threading:  0 0 33554432

// AfterAll
// Benchmark Process 3420 has exited with code 0.

Mean = 15.225 ns, StdErr = 0.026 ns (0.17%), N = 4, StdDev = 0.052 ns
Min = 15.180 ns, Q1 = 15.180 ns, Median = 15.223 ns, Q3 = 15.267 ns, Max = 15.274 ns
IQR = 0.087 ns, LowerFence = 15.050 ns, UpperFence = 15.397 ns
ConfidenceInterval = [14.891 ns; 15.559 ns] (CI 99.9%), Margin = 0.334 ns (2.19% of Mean)
Skewness = 0.01, Kurtosis = 0.57, MValue = 2

// ** Remained 56 (86.2 %) benchmark(s) to run. Estimated finish 2026-08-23 3:33 (0h 9m from now) **
// **************************
// Benchmark: DecoratorResolutionBenchmarks.Needlr_SourceGen_ResolveDecorated: ShortRun(IterationCount=5, LaunchCount=1, WarmupCount=3)
// *** Execute ***
// Launch: 1 / 1
// Execute: dotnet 34652669-8378-4209-b79e-5df6789d8a23.dll --anonymousPipes 163 164 --benchmarkName NexusLabs.Needlr.Benchmarks.Benchmarks.DecoratorResolutionBenchmarks.Needlr_SourceGen_ResolveDecorated --job ShortRun --benchmarkId 9 in /home/runner/work/needlr/needlr/src/NexusLabs.Needlr.Benchmarks/bin/Release/net10.0/34652669-8378-4209-b79e-5df6789d8a23/bin/Release/net10.0
// Failed to set up high priority (Permission denied). In order to run benchmarks with high priority, make sure you have the right permissions.
// BeforeAnythingElse

// Benchmark Process Environment Information:
// BenchmarkDotNet v0.14.0
// Runtime=.NET 10.0.11 (10.0.1126.37416), X64 RyuJIT AVX2
// GC=Concurrent Workstation
// HardwareIntrinsics=AVX2,AES,BMI1,BMI2,FMA,LZCNT,PCLMUL,POPCNT VectorSize=256
// Job: ShortRun(IterationCount=5, LaunchCount=1, WarmupCount=3)

OverheadJitting  1: 1 op, 368839.00 ns, 368.8390 us/op
WorkloadJitting  1: 1 op, 5985013.00 ns, 5.9850 ms/op

OverheadJitting  2: 16 op, 523067.00 ns, 32.6917 us/op
WorkloadJitting  2: 16 op, 476049.00 ns, 29.7531 us/op

WorkloadPilot    1: 16 op, 6202.00 ns, 387.6250 ns/op
WorkloadPilot    2: 32 op, 8536.00 ns, 266.7500 ns/op
WorkloadPilot    3: 64 op, 12584.00 ns, 196.6250 ns/op
WorkloadPilot    4: 128 op, 25838.00 ns, 201.8594 ns/op
WorkloadPilot    5: 256 op, 36218.00 ns, 141.4766 ns/op
WorkloadPilot    6: 512 op, 57367.00 ns, 112.0449 ns/op
WorkloadPilot    7: 1024 op, 97912.00 ns, 95.6172 ns/op
WorkloadPilot    8: 2048 op, 182171.00 ns, 88.9507 ns/op
WorkloadPilot    9: 4096 op, 347489.00 ns, 84.8362 ns/op
WorkloadPilot   10: 8192 op, 770880.00 ns, 94.1016 ns/op
WorkloadPilot   11: 16384 op, 1453696.00 ns, 88.7266 ns/op
WorkloadPilot   12: 32768 op, 2856377.00 ns, 87.1697 ns/op
WorkloadPilot   13: 65536 op, 5610664.00 ns, 85.6119 ns/op
WorkloadPilot   14: 131072 op, 11133253.00 ns, 84.9400 ns/op
WorkloadPilot   15: 262144 op, 22198900.00 ns, 84.6821 ns/op
WorkloadPilot   16: 524288 op, 52882255.00 ns, 100.8649 ns/op
WorkloadPilot   17: 1048576 op, 100645214.00 ns, 95.9828 ns/op
WorkloadPilot   18: 2097152 op, 40287961.00 ns, 19.2108 ns/op
WorkloadPilot   19: 4194304 op, 77899993.00 ns, 18.5728 ns/op
WorkloadPilot   20: 8388608 op, 155927804.00 ns, 18.5880 ns/op
WorkloadPilot   21: 16777216 op, 313933782.00 ns, 18.7119 ns/op
WorkloadPilot   22: 33554432 op, 624787748.00 ns, 18.6201 ns/op

OverheadWarmup   1: 33554432 op, 142920588.00 ns, 4.2594 ns/op
OverheadWarmup   2: 33554432 op, 148957049.00 ns, 4.4393 ns/op
OverheadWarmup   3: 33554432 op, 111005492.00 ns, 3.3082 ns/op
OverheadWarmup   4: 33554432 op, 111016136.00 ns, 3.3085 ns/op
OverheadWarmup   5: 33554432 op, 111167599.00 ns, 3.3131 ns/op
OverheadWarmup   6: 33554432 op, 110977735.00 ns, 3.3074 ns/op

OverheadActual   1: 33554432 op, 111039149.00 ns, 3.3092 ns/op
OverheadActual   2: 33554432 op, 112384427.00 ns, 3.3493 ns/op
OverheadActual   3: 33554432 op, 111082451.00 ns, 3.3105 ns/op
OverheadActual   4: 33554432 op, 111394875.00 ns, 3.3198 ns/op
OverheadActual   5: 33554432 op, 111054929.00 ns, 3.3097 ns/op
OverheadActual   6: 33554432 op, 111290018.00 ns, 3.3167 ns/op
OverheadActual   7: 33554432 op, 111105313.00 ns, 3.3112 ns/op
OverheadActual   8: 33554432 op, 111018290.00 ns, 3.3086 ns/op
OverheadActual   9: 33554432 op, 111022217.00 ns, 3.3087 ns/op
OverheadActual  10: 33554432 op, 110862228.00 ns, 3.3040 ns/op
OverheadActual  11: 33554432 op, 110947438.00 ns, 3.3065 ns/op
OverheadActual  12: 33554432 op, 111267386.00 ns, 3.3160 ns/op
OverheadActual  13: 33554432 op, 111310507.00 ns, 3.3173 ns/op
OverheadActual  14: 33554432 op, 111021486.00 ns, 3.3087 ns/op
OverheadActual  15: 33554432 op, 111248070.00 ns, 3.3155 ns/op

WorkloadWarmup   1: 33554432 op, 641699704.00 ns, 19.1241 ns/op
WorkloadWarmup   2: 33554432 op, 636491267.00 ns, 18.9689 ns/op
WorkloadWarmup   3: 33554432 op, 649488720.00 ns, 19.3563 ns/op

// BeforeActualRun
WorkloadActual   1: 33554432 op, 636192789.00 ns, 18.9600 ns/op
WorkloadActual   2: 33554432 op, 622393625.00 ns, 18.5488 ns/op
WorkloadActual   3: 33554432 op, 622482362.00 ns, 18.5514 ns/op
WorkloadActual   4: 33554432 op, 639110880.00 ns, 19.0470 ns/op
WorkloadActual   5: 33554432 op, 619511162.00 ns, 18.4629 ns/op

// AfterActualRun
WorkloadResult   1: 33554432 op, 525110338.00 ns, 15.6495 ns/op
WorkloadResult   2: 33554432 op, 511311174.00 ns, 15.2383 ns/op
WorkloadResult   3: 33554432 op, 511399911.00 ns, 15.2409 ns/op
WorkloadResult   4: 33554432 op, 528028429.00 ns, 15.7365 ns/op
WorkloadResult   5: 33554432 op, 508428711.00 ns, 15.1524 ns/op
// GC:  0 0 0 1360 33554432
// Threading:  0 0 33554432

// AfterAll
// Benchmark Process 3436 has exited with code 0.

Mean = 15.404 ns, StdErr = 0.120 ns (0.78%), N = 5, StdDev = 0.268 ns
Min = 15.152 ns, Q1 = 15.238 ns, Median = 15.241 ns, Q3 = 15.650 ns, Max = 15.736 ns
IQR = 0.411 ns, LowerFence = 14.621 ns, UpperFence = 16.266 ns
ConfidenceInterval = [14.370 ns; 16.437 ns] (CI 99.9%), Margin = 1.034 ns (6.71% of Mean)
Skewness = 0.28, Kurtosis = 0.82, MValue = 2

// ** Remained 55 (84.6 %) benchmark(s) to run. Estimated finish 2026-08-23 3:33 (0h 9m from now) **
// ***** BenchmarkRunner: Finish  *****

// * Export *
  home/runner/work/needlr/needlr/benchmark-results/results/NexusLabs.Needlr.Benchmarks.Benchmarks.DecoratorResolutionBenchmarks-report.csv
  home/runner/work/needlr/needlr/benchmark-results/results/NexusLabs.Needlr.Benchmarks.Benchmarks.DecoratorResolutionBenchmarks-report-github.md
  home/runner/work/needlr/needlr/benchmark-results/results/NexusLabs.Needlr.Benchmarks.Benchmarks.DecoratorResolutionBenchmarks-report.html
  home/runner/work/needlr/needlr/benchmark-results/results/NexusLabs.Needlr.Benchmarks.Benchmarks.DecoratorResolutionBenchmarks-report-full-compressed.json
  home/runner/work/needlr/needlr/benchmark-results/results/NexusLabs.Needlr.Benchmarks.Benchmarks.DecoratorResolutionBenchmarks-report-default.md

// * Detailed results *
DecoratorResolutionBenchmarks.ManualDI_ResolveDecorated: ShortRun(IterationCount=5, LaunchCount=1, WarmupCount=3)
Runtime = .NET 10.0.11 (10.0.1126.37416), X64 RyuJIT AVX2; GC = Concurrent Workstation
Mean = 14.645 ns, StdErr = 0.005 ns (0.03%), N = 5, StdDev = 0.011 ns
Min = 14.634 ns, Q1 = 14.638 ns, Median = 14.641 ns, Q3 = 14.650 ns, Max = 14.661 ns
IQR = 0.012 ns, LowerFence = 14.621 ns, UpperFence = 14.668 ns
ConfidenceInterval = [14.604 ns; 14.685 ns] (CI 99.9%), Margin = 0.040 ns (0.28% of Mean)
Skewness = 0.44, Kurtosis = 1.23, MValue = 2
-------------------- Histogram --------------------
[14.626 ns ; 14.669 ns) | @@@@@
---------------------------------------------------

DecoratorResolutionBenchmarks.Needlr_Reflection_ResolveDecorated: ShortRun(IterationCount=5, LaunchCount=1, WarmupCount=3)
Runtime = .NET 10.0.11 (10.0.1126.37416), X64 RyuJIT AVX2; GC = Concurrent Workstation
Mean = 15.225 ns, StdErr = 0.026 ns (0.17%), N = 4, StdDev = 0.052 ns
Min = 15.180 ns, Q1 = 15.180 ns, Median = 15.223 ns, Q3 = 15.267 ns, Max = 15.274 ns
IQR = 0.087 ns, LowerFence = 15.050 ns, UpperFence = 15.397 ns
ConfidenceInterval = [14.891 ns; 15.559 ns] (CI 99.9%), Margin = 0.334 ns (2.19% of Mean)
Skewness = 0.01, Kurtosis = 0.57, MValue = 2
-------------------- Histogram --------------------
[15.137 ns ; 15.317 ns) | @@@@
---------------------------------------------------

DecoratorResolutionBenchmarks.Needlr_SourceGen_ResolveDecorated: ShortRun(IterationCount=5, LaunchCount=1, WarmupCount=3)
Runtime = .NET 10.0.11 (10.0.1126.37416), X64 RyuJIT AVX2; GC = Concurrent Workstation
Mean = 15.404 ns, StdErr = 0.120 ns (0.78%), N = 5, StdDev = 0.268 ns
Min = 15.152 ns, Q1 = 15.238 ns, Median = 15.241 ns, Q3 = 15.650 ns, Max = 15.736 ns
IQR = 0.411 ns, LowerFence = 14.621 ns, UpperFence = 16.266 ns
ConfidenceInterval = [14.370 ns; 16.437 ns] (CI 99.9%), Margin = 1.034 ns (6.71% of Mean)
Skewness = 0.28, Kurtosis = 0.82, MValue = 2
-------------------- Histogram --------------------
[14.991 ns ; 15.487 ns) | @@@
[15.487 ns ; 15.943 ns) | @@
---------------------------------------------------

// * Summary *

BenchmarkDotNet v0.14.0, Ubuntu 24.04.4 LTS (Noble Numbat)
AMD EPYC 7763, 1 CPU, 4 logical and 2 physical cores
.NET SDK 10.0.302
  [Host]   : .NET 10.0.11 (10.0.1126.37416), X64 RyuJIT AVX2
  ShortRun : .NET 10.0.11 (10.0.1126.37416), X64 RyuJIT AVX2

Job=ShortRun  IterationCount=5  LaunchCount=1  
WarmupCount=3  

| Method                             | Mean     | Error    | StdDev   | Ratio | RatioSD | Rank | Allocated | Alloc Ratio |
|----------------------------------- |---------:|---------:|---------:|------:|--------:|-----:|----------:|------------:|
| ManualDI_ResolveDecorated          | 14.64 ns | 0.040 ns | 0.011 ns |  1.00 |    0.00 |    1 |         - |          NA |
| Needlr_Reflection_ResolveDecorated | 15.22 ns | 0.334 ns | 0.052 ns |  1.04 |    0.00 |    1 |         - |          NA |
| Needlr_SourceGen_ResolveDecorated  | 15.40 ns | 1.034 ns | 0.268 ns |  1.05 |    0.02 |    1 |         - |          NA |

// * Hints *
Outliers
  DecoratorResolutionBenchmarks.Needlr_Reflection_ResolveDecorated: ShortRun -> 1 outlier  was  removed (18.75 ns)
// * Config Issues *

// * Warnings *
Configuration
  Summary -> The exporter HtmlExporter is already present in configuration. There may be unexpected results.

// * Legends *
  Mean        : Arithmetic mean of all measurements
  Error       : Half of 99.9% confidence interval
  StdDev      : Standard deviation of all measurements
  Ratio       : Mean of the ratio distribution ([Current]/[Baseline])
  RatioSD     : Standard deviation of the ratio distribution ([Current]/[Baseline])
  Rank        : Relative position of current benchmark mean among all benchmarks (Arabic style)
  Allocated   : Allocated memory per single operation (managed only, inclusive, 1KB = 1024B)
  Alloc Ratio : Allocated memory ratio distribution ([Current]/[Baseline])
  1 ns        : 1 Nanosecond (0.000000001 sec)

// * Diagnostic Output - MemoryDiagnoser *


// ***** BenchmarkRunner: End *****
Run time: 00:00:28 (28.98 sec), executed benchmarks: 3

// Found 3 benchmarks:
//   DeepDependencyChainBenchmarks.ManualDI_ResolveDeepChain: ShortRun(IterationCount=5, LaunchCount=1, WarmupCount=3)
//   DeepDependencyChainBenchmarks.Needlr_Reflection_ResolveDeepChain: ShortRun(IterationCount=5, LaunchCount=1, WarmupCount=3)
//   DeepDependencyChainBenchmarks.Needlr_SourceGen_ResolveDeepChain: ShortRun(IterationCount=5, LaunchCount=1, WarmupCount=3)

// **************************
// Benchmark: DeepDependencyChainBenchmarks.ManualDI_ResolveDeepChain: ShortRun(IterationCount=5, LaunchCount=1, WarmupCount=3)
// *** Execute ***
// Launch: 1 / 1
// Execute: dotnet 34652669-8378-4209-b79e-5df6789d8a23.dll --anonymousPipes 163 164 --benchmarkName NexusLabs.Needlr.Benchmarks.Benchmarks.DeepDependencyChainBenchmarks.ManualDI_ResolveDeepChain --job ShortRun --benchmarkId 10 in /home/runner/work/needlr/needlr/src/NexusLabs.Needlr.Benchmarks/bin/Release/net10.0/34652669-8378-4209-b79e-5df6789d8a23/bin/Release/net10.0
// Failed to set up high priority (Permission denied). In order to run benchmarks with high priority, make sure you have the right permissions.
// BeforeAnythingElse

// Benchmark Process Environment Information:
// BenchmarkDotNet v0.14.0
// Runtime=.NET 10.0.11 (10.0.1126.37416), X64 RyuJIT AVX2
// GC=Concurrent Workstation
// HardwareIntrinsics=AVX2,AES,BMI1,BMI2,FMA,LZCNT,PCLMUL,POPCNT VectorSize=256
// Job: ShortRun(IterationCount=5, LaunchCount=1, WarmupCount=3)

OverheadJitting  1: 1 op, 377406.00 ns, 377.4060 us/op
WorkloadJitting  1: 1 op, 4705556.00 ns, 4.7056 ms/op

OverheadJitting  2: 16 op, 518400.00 ns, 32.4000 us/op
WorkloadJitting  2: 16 op, 531164.00 ns, 33.1978 us/op

WorkloadPilot    1: 16 op, 4638.00 ns, 289.8750 ns/op
WorkloadPilot    2: 32 op, 6301.00 ns, 196.9063 ns/op
WorkloadPilot    3: 64 op, 8466.00 ns, 132.2813 ns/op
WorkloadPilot    4: 128 op, 13745.00 ns, 107.3828 ns/op
WorkloadPilot    5: 256 op, 23854.00 ns, 93.1797 ns/op
WorkloadPilot    6: 512 op, 43601.00 ns, 85.1582 ns/op
WorkloadPilot    7: 1024 op, 83567.00 ns, 81.6084 ns/op
WorkloadPilot    8: 2048 op, 199704.00 ns, 97.5117 ns/op
WorkloadPilot    9: 4096 op, 343273.00 ns, 83.8069 ns/op
WorkloadPilot   10: 8192 op, 717743.00 ns, 87.6151 ns/op
WorkloadPilot   11: 16384 op, 1434865.00 ns, 87.5772 ns/op
WorkloadPilot   12: 32768 op, 2739757.00 ns, 83.6107 ns/op
WorkloadPilot   13: 65536 op, 5430202.00 ns, 82.8583 ns/op
WorkloadPilot   14: 131072 op, 10706135.00 ns, 81.6813 ns/op
WorkloadPilot   15: 262144 op, 21298794.00 ns, 81.2485 ns/op
WorkloadPilot   16: 524288 op, 42196575.00 ns, 80.4836 ns/op
WorkloadPilot   17: 1048576 op, 84781137.00 ns, 80.8536 ns/op
WorkloadPilot   18: 2097152 op, 73402643.00 ns, 35.0011 ns/op
WorkloadPilot   19: 4194304 op, 81050925.00 ns, 19.3240 ns/op
WorkloadPilot   20: 8388608 op, 161646821.00 ns, 19.2698 ns/op
WorkloadPilot   21: 16777216 op, 322372887.00 ns, 19.2149 ns/op
WorkloadPilot   22: 33554432 op, 643443998.00 ns, 19.1761 ns/op

OverheadWarmup   1: 33554432 op, 131984401.00 ns, 3.9334 ns/op
OverheadWarmup   2: 33554432 op, 142569259.00 ns, 4.2489 ns/op
OverheadWarmup   3: 33554432 op, 111298570.00 ns, 3.3170 ns/op
OverheadWarmup   4: 33554432 op, 111044996.00 ns, 3.3094 ns/op
OverheadWarmup   5: 33554432 op, 110981437.00 ns, 3.3075 ns/op
OverheadWarmup   6: 33554432 op, 113765767.00 ns, 3.3905 ns/op
OverheadWarmup   7: 33554432 op, 111143189.00 ns, 3.3123 ns/op

OverheadActual   1: 33554432 op, 111120968.00 ns, 3.3117 ns/op
OverheadActual   2: 33554432 op, 112417444.00 ns, 3.3503 ns/op
OverheadActual   3: 33554432 op, 111145434.00 ns, 3.3124 ns/op
OverheadActual   4: 33554432 op, 111048832.00 ns, 3.3095 ns/op
OverheadActual   5: 33554432 op, 111182474.00 ns, 3.3135 ns/op
OverheadActual   6: 33554432 op, 111338505.00 ns, 3.3181 ns/op
OverheadActual   7: 33554432 op, 111057940.00 ns, 3.3098 ns/op
OverheadActual   8: 33554432 op, 110872984.00 ns, 3.3043 ns/op
OverheadActual   9: 33554432 op, 110956169.00 ns, 3.3068 ns/op
OverheadActual  10: 33554432 op, 112280217.00 ns, 3.3462 ns/op
OverheadActual  11: 33554432 op, 110979433.00 ns, 3.3074 ns/op
OverheadActual  12: 33554432 op, 111043322.00 ns, 3.3093 ns/op
OverheadActual  13: 33554432 op, 110892651.00 ns, 3.3049 ns/op
OverheadActual  14: 33554432 op, 111268875.00 ns, 3.3161 ns/op
OverheadActual  15: 33554432 op, 110965857.00 ns, 3.3070 ns/op

WorkloadWarmup   1: 33554432 op, 647088661.00 ns, 19.2847 ns/op
WorkloadWarmup   2: 33554432 op, 646543712.00 ns, 19.2685 ns/op
WorkloadWarmup   3: 33554432 op, 647484372.00 ns, 19.2965 ns/op

// BeforeActualRun
WorkloadActual   1: 33554432 op, 645965869.00 ns, 19.2513 ns/op
WorkloadActual   2: 33554432 op, 659181858.00 ns, 19.6452 ns/op
WorkloadActual   3: 33554432 op, 660426076.00 ns, 19.6822 ns/op
WorkloadActual   4: 33554432 op, 657702208.00 ns, 19.6011 ns/op
WorkloadActual   5: 33554432 op, 658926089.00 ns, 19.6375 ns/op

// AfterActualRun
WorkloadResult   1: 33554432 op, 534907929.00 ns, 15.9415 ns/op
WorkloadResult   2: 33554432 op, 548123918.00 ns, 16.3354 ns/op
WorkloadResult   3: 33554432 op, 549368136.00 ns, 16.3724 ns/op
WorkloadResult   4: 33554432 op, 546644268.00 ns, 16.2913 ns/op
WorkloadResult   5: 33554432 op, 547868149.00 ns, 16.3277 ns/op
// GC:  0 0 0 1072 33554432
// Threading:  0 0 33554432

// AfterAll
// Benchmark Process 3448 has exited with code 0.

Mean = 16.254 ns, StdErr = 0.079 ns (0.49%), N = 5, StdDev = 0.177 ns
Min = 15.941 ns, Q1 = 16.291 ns, Median = 16.328 ns, Q3 = 16.335 ns, Max = 16.372 ns
IQR = 0.044 ns, LowerFence = 16.225 ns, UpperFence = 16.402 ns
ConfidenceInterval = [15.573 ns; 16.935 ns] (CI 99.9%), Margin = 0.681 ns (4.19% of Mean)
Skewness = -1, Kurtosis = 2, MValue = 2

// ** Remained 54 (83.1 %) benchmark(s) to run. Estimated finish 2026-08-23 3:33 (0h 9m from now) **
// **************************
// Benchmark: DeepDependencyChainBenchmarks.Needlr_Reflection_ResolveDeepChain: ShortRun(IterationCount=5, LaunchCount=1, WarmupCount=3)
// *** Execute ***
// Launch: 1 / 1
// Execute: dotnet 34652669-8378-4209-b79e-5df6789d8a23.dll --anonymousPipes 163 164 --benchmarkName NexusLabs.Needlr.Benchmarks.Benchmarks.DeepDependencyChainBenchmarks.Needlr_Reflection_ResolveDeepChain --job ShortRun --benchmarkId 11 in /home/runner/work/needlr/needlr/src/NexusLabs.Needlr.Benchmarks/bin/Release/net10.0/34652669-8378-4209-b79e-5df6789d8a23/bin/Release/net10.0
// Failed to set up high priority (Permission denied). In order to run benchmarks with high priority, make sure you have the right permissions.
// BeforeAnythingElse

// Benchmark Process Environment Information:
// BenchmarkDotNet v0.14.0
// Runtime=.NET 10.0.11 (10.0.1126.37416), X64 RyuJIT AVX2
// GC=Concurrent Workstation
// HardwareIntrinsics=AVX2,AES,BMI1,BMI2,FMA,LZCNT,PCLMUL,POPCNT VectorSize=256
// Job: ShortRun(IterationCount=5, LaunchCount=1, WarmupCount=3)

OverheadJitting  1: 1 op, 351288.00 ns, 351.2880 us/op
WorkloadJitting  1: 1 op, 4618946.00 ns, 4.6189 ms/op

OverheadJitting  2: 16 op, 485268.00 ns, 30.3293 us/op
WorkloadJitting  2: 16 op, 500857.00 ns, 31.3036 us/op

WorkloadPilot    1: 16 op, 6462.00 ns, 403.8750 ns/op
WorkloadPilot    2: 32 op, 8806.00 ns, 275.1875 ns/op
WorkloadPilot    3: 64 op, 13085.00 ns, 204.4531 ns/op
WorkloadPilot    4: 128 op, 27271.00 ns, 213.0547 ns/op
WorkloadPilot    5: 256 op, 57197.00 ns, 223.4258 ns/op
WorkloadPilot    6: 512 op, 57798.00 ns, 112.8867 ns/op
WorkloadPilot    7: 1024 op, 99836.00 ns, 97.4961 ns/op
WorkloadPilot    8: 2048 op, 184786.00 ns, 90.2275 ns/op
WorkloadPilot    9: 4096 op, 379350.00 ns, 92.6147 ns/op
WorkloadPilot   10: 8192 op, 766164.00 ns, 93.5259 ns/op
WorkloadPilot   11: 16384 op, 1478648.00 ns, 90.2495 ns/op
WorkloadPilot   12: 32768 op, 2866896.00 ns, 87.4907 ns/op
WorkloadPilot   13: 65536 op, 5567251.00 ns, 84.9495 ns/op
WorkloadPilot   14: 131072 op, 11200365.00 ns, 85.4520 ns/op
WorkloadPilot   15: 262144 op, 22032581.00 ns, 84.0476 ns/op
WorkloadPilot   16: 524288 op, 43830904.00 ns, 83.6008 ns/op
WorkloadPilot   17: 1048576 op, 86994357.00 ns, 82.9643 ns/op
WorkloadPilot   18: 2097152 op, 69827865.00 ns, 33.2965 ns/op
WorkloadPilot   19: 4194304 op, 77646129.00 ns, 18.5123 ns/op
WorkloadPilot   20: 8388608 op, 155557042.00 ns, 18.5438 ns/op
WorkloadPilot   21: 16777216 op, 311413761.00 ns, 18.5617 ns/op
WorkloadPilot   22: 33554432 op, 621624310.00 ns, 18.5258 ns/op

OverheadWarmup   1: 33554432 op, 132054888.00 ns, 3.9355 ns/op
OverheadWarmup   2: 33554432 op, 142489031.00 ns, 4.2465 ns/op
OverheadWarmup   3: 33554432 op, 112429450.00 ns, 3.3507 ns/op
OverheadWarmup   4: 33554432 op, 111415053.00 ns, 3.3204 ns/op
OverheadWarmup   5: 33554432 op, 111097979.00 ns, 3.3110 ns/op
OverheadWarmup   6: 33554432 op, 114187549.00 ns, 3.4031 ns/op
OverheadWarmup   7: 33554432 op, 111982054.00 ns, 3.3373 ns/op

OverheadActual   1: 33554432 op, 111858372.00 ns, 3.3336 ns/op
OverheadActual   2: 33554432 op, 111109200.00 ns, 3.3113 ns/op
OverheadActual   3: 33554432 op, 111060429.00 ns, 3.3099 ns/op
OverheadActual   4: 33554432 op, 116540341.00 ns, 3.4732 ns/op
OverheadActual   5: 33554432 op, 111057203.00 ns, 3.3098 ns/op
OverheadActual   6: 33554432 op, 111168661.00 ns, 3.3131 ns/op
OverheadActual   7: 33554432 op, 111278067.00 ns, 3.3163 ns/op
OverheadActual   8: 33554432 op, 111174072.00 ns, 3.3132 ns/op
OverheadActual   9: 33554432 op, 110972795.00 ns, 3.3072 ns/op
OverheadActual  10: 33554432 op, 110948059.00 ns, 3.3065 ns/op
OverheadActual  11: 33554432 op, 110993053.00 ns, 3.3079 ns/op
OverheadActual  12: 33554432 op, 111286422.00 ns, 3.3166 ns/op
OverheadActual  13: 33554432 op, 111417076.00 ns, 3.3205 ns/op
OverheadActual  14: 33554432 op, 111135489.00 ns, 3.3121 ns/op
OverheadActual  15: 33554432 op, 111024572.00 ns, 3.3088 ns/op

WorkloadWarmup   1: 33554432 op, 644424178.00 ns, 19.2053 ns/op
WorkloadWarmup   2: 33554432 op, 624926197.00 ns, 18.6243 ns/op
WorkloadWarmup   3: 33554432 op, 625381629.00 ns, 18.6378 ns/op

// BeforeActualRun
WorkloadActual   1: 33554432 op, 627048858.00 ns, 18.6875 ns/op
WorkloadActual   2: 33554432 op, 634306928.00 ns, 18.9038 ns/op
WorkloadActual   3: 33554432 op, 640184124.00 ns, 19.0790 ns/op
WorkloadActual   4: 33554432 op, 633618981.00 ns, 18.8833 ns/op
WorkloadActual   5: 33554432 op, 634360505.00 ns, 18.9054 ns/op

// AfterActualRun
WorkloadResult   1: 33554432 op, 515913369.00 ns, 15.3754 ns/op
WorkloadResult   2: 33554432 op, 523171439.00 ns, 15.5917 ns/op
WorkloadResult   3: 33554432 op, 522483492.00 ns, 15.5712 ns/op
WorkloadResult   4: 33554432 op, 523225016.00 ns, 15.5933 ns/op
// GC:  0 0 0 1072 33554432
// Threading:  0 0 33554432

// AfterAll
// Benchmark Process 3458 has exited with code 0.

Mean = 15.533 ns, StdErr = 0.053 ns (0.34%), N = 4, StdDev = 0.105 ns
Min = 15.375 ns, Q1 = 15.522 ns, Median = 15.581 ns, Q3 = 15.592 ns, Max = 15.593 ns
IQR = 0.070 ns, LowerFence = 15.417 ns, UpperFence = 15.697 ns
ConfidenceInterval = [14.851 ns; 16.215 ns] (CI 99.9%), Margin = 0.682 ns (4.39% of Mean)
Skewness = -0.73, Kurtosis = 1.3, MValue = 2

// ** Remained 53 (81.5 %) benchmark(s) to run. Estimated finish 2026-08-23 3:33 (0h 8m from now) **
// **************************
// Benchmark: DeepDependencyChainBenchmarks.Needlr_SourceGen_ResolveDeepChain: ShortRun(IterationCount=5, LaunchCount=1, WarmupCount=3)
// *** Execute ***
// Launch: 1 / 1
// Execute: dotnet 34652669-8378-4209-b79e-5df6789d8a23.dll --anonymousPipes 163 164 --benchmarkName NexusLabs.Needlr.Benchmarks.Benchmarks.DeepDependencyChainBenchmarks.Needlr_SourceGen_ResolveDeepChain --job ShortRun --benchmarkId 12 in /home/runner/work/needlr/needlr/src/NexusLabs.Needlr.Benchmarks/bin/Release/net10.0/34652669-8378-4209-b79e-5df6789d8a23/bin/Release/net10.0
// Failed to set up high priority (Permission denied). In order to run benchmarks with high priority, make sure you have the right permissions.
// BeforeAnythingElse

// Benchmark Process Environment Information:
// BenchmarkDotNet v0.14.0
// Runtime=.NET 10.0.11 (10.0.1126.37416), X64 RyuJIT AVX2
// GC=Concurrent Workstation
// HardwareIntrinsics=AVX2,AES,BMI1,BMI2,FMA,LZCNT,PCLMUL,POPCNT VectorSize=256
// Job: ShortRun(IterationCount=5, LaunchCount=1, WarmupCount=3)

OverheadJitting  1: 1 op, 341159.00 ns, 341.1590 us/op
WorkloadJitting  1: 1 op, 3532609.00 ns, 3.5326 ms/op

OverheadJitting  2: 16 op, 512110.00 ns, 32.0069 us/op
WorkloadJitting  2: 16 op, 479659.00 ns, 29.9787 us/op

WorkloadPilot    1: 16 op, 4669.00 ns, 291.8125 ns/op
WorkloadPilot    2: 32 op, 6251.00 ns, 195.3438 ns/op
WorkloadPilot    3: 64 op, 8475.00 ns, 132.4219 ns/op
WorkloadPilot    4: 128 op, 16491.00 ns, 128.8359 ns/op
WorkloadPilot    5: 256 op, 24515.00 ns, 95.7617 ns/op
WorkloadPilot    6: 512 op, 44223.00 ns, 86.3730 ns/op
WorkloadPilot    7: 1024 op, 103985.00 ns, 101.5479 ns/op
WorkloadPilot    8: 2048 op, 164729.00 ns, 80.4341 ns/op
WorkloadPilot    9: 4096 op, 357770.00 ns, 87.3462 ns/op
WorkloadPilot   10: 8192 op, 740418.00 ns, 90.3831 ns/op
WorkloadPilot   11: 16384 op, 1415162.00 ns, 86.3746 ns/op
WorkloadPilot   12: 32768 op, 2725267.00 ns, 83.1685 ns/op
WorkloadPilot   13: 65536 op, 5370413.00 ns, 81.9460 ns/op
WorkloadPilot   14: 131072 op, 10693086.00 ns, 81.5818 ns/op
WorkloadPilot   15: 262144 op, 21215092.00 ns, 80.9292 ns/op
WorkloadPilot   16: 524288 op, 42510661.00 ns, 81.0827 ns/op
WorkloadPilot   17: 1048576 op, 84773113.00 ns, 80.8459 ns/op
WorkloadPilot   18: 2097152 op, 72828221.00 ns, 34.7272 ns/op
WorkloadPilot   19: 4194304 op, 77890728.00 ns, 18.5706 ns/op
WorkloadPilot   20: 8388608 op, 156590581.00 ns, 18.6671 ns/op
WorkloadPilot   21: 16777216 op, 314811027.00 ns, 18.7642 ns/op
WorkloadPilot   22: 33554432 op, 624924100.00 ns, 18.6242 ns/op

OverheadWarmup   1: 33554432 op, 132181455.00 ns, 3.9393 ns/op
OverheadWarmup   2: 33554432 op, 144194173.00 ns, 4.2973 ns/op
OverheadWarmup   3: 33554432 op, 111270743.00 ns, 3.3161 ns/op
OverheadWarmup   4: 33554432 op, 114095305.00 ns, 3.4003 ns/op
OverheadWarmup   5: 33554432 op, 111105674.00 ns, 3.3112 ns/op

OverheadActual   1: 33554432 op, 111247139.00 ns, 3.3154 ns/op
OverheadActual   2: 33554432 op, 111045251.00 ns, 3.3094 ns/op
OverheadActual   3: 33554432 op, 111179742.00 ns, 3.3134 ns/op
OverheadActual   4: 33554432 op, 113532832.00 ns, 3.3835 ns/op
OverheadActual   5: 33554432 op, 111232562.00 ns, 3.3150 ns/op
OverheadActual   6: 33554432 op, 111017799.00 ns, 3.3086 ns/op
OverheadActual   7: 33554432 op, 111502788.00 ns, 3.3230 ns/op
OverheadActual   8: 33554432 op, 111009213.00 ns, 3.3083 ns/op
OverheadActual   9: 33554432 op, 111115523.00 ns, 3.3115 ns/op
OverheadActual  10: 33554432 op, 110985810.00 ns, 3.3076 ns/op
OverheadActual  11: 33554432 op, 110997752.00 ns, 3.3080 ns/op
OverheadActual  12: 33554432 op, 111098857.00 ns, 3.3110 ns/op
OverheadActual  13: 33554432 op, 110985048.00 ns, 3.3076 ns/op
OverheadActual  14: 33554432 op, 111101276.00 ns, 3.3111 ns/op
OverheadActual  15: 33554432 op, 110928162.00 ns, 3.3059 ns/op

WorkloadWarmup   1: 33554432 op, 620837043.00 ns, 18.5024 ns/op
WorkloadWarmup   2: 33554432 op, 620633923.00 ns, 18.4963 ns/op
WorkloadWarmup   3: 33554432 op, 620162561.00 ns, 18.4823 ns/op

// BeforeActualRun
WorkloadActual   1: 33554432 op, 623777475.00 ns, 18.5900 ns/op
WorkloadActual   2: 33554432 op, 625610094.00 ns, 18.6446 ns/op
WorkloadActual   3: 33554432 op, 630057849.00 ns, 18.7772 ns/op
WorkloadActual   4: 33554432 op, 623049990.00 ns, 18.5683 ns/op
WorkloadActual   5: 33554432 op, 619437367.00 ns, 18.4607 ns/op

// AfterActualRun
WorkloadResult   1: 33554432 op, 512678618.00 ns, 15.2790 ns/op
WorkloadResult   2: 33554432 op, 514511237.00 ns, 15.3336 ns/op
WorkloadResult   3: 33554432 op, 511951133.00 ns, 15.2573 ns/op
WorkloadResult   4: 33554432 op, 508338510.00 ns, 15.1497 ns/op
// GC:  0 0 0 1072 33554432
// Threading:  0 0 33554432

// AfterAll
// Benchmark Process 3471 has exited with code 0.

Mean = 15.255 ns, StdErr = 0.039 ns (0.25%), N = 4, StdDev = 0.077 ns
Min = 15.150 ns, Q1 = 15.230 ns, Median = 15.268 ns, Q3 = 15.293 ns, Max = 15.334 ns
IQR = 0.062 ns, LowerFence = 15.137 ns, UpperFence = 15.386 ns
ConfidenceInterval = [14.756 ns; 15.753 ns] (CI 99.9%), Margin = 0.499 ns (3.27% of Mean)
Skewness = -0.36, Kurtosis = 1.14, MValue = 2

// ** Remained 52 (80.0 %) benchmark(s) to run. Estimated finish 2026-08-23 3:33 (0h 8m from now) **
// ***** BenchmarkRunner: Finish  *****

// * Export *
  home/runner/work/needlr/needlr/benchmark-results/results/NexusLabs.Needlr.Benchmarks.Benchmarks.DeepDependencyChainBenchmarks-report.csv
  home/runner/work/needlr/needlr/benchmark-results/results/NexusLabs.Needlr.Benchmarks.Benchmarks.DeepDependencyChainBenchmarks-report-github.md
  home/runner/work/needlr/needlr/benchmark-results/results/NexusLabs.Needlr.Benchmarks.Benchmarks.DeepDependencyChainBenchmarks-report.html
  home/runner/work/needlr/needlr/benchmark-results/results/NexusLabs.Needlr.Benchmarks.Benchmarks.DeepDependencyChainBenchmarks-report-full-compressed.json
  home/runner/work/needlr/needlr/benchmark-results/results/NexusLabs.Needlr.Benchmarks.Benchmarks.DeepDependencyChainBenchmarks-report-default.md

// * Detailed results *
DeepDependencyChainBenchmarks.ManualDI_ResolveDeepChain: ShortRun(IterationCount=5, LaunchCount=1, WarmupCount=3)
Runtime = .NET 10.0.11 (10.0.1126.37416), X64 RyuJIT AVX2; GC = Concurrent Workstation
Mean = 16.254 ns, StdErr = 0.079 ns (0.49%), N = 5, StdDev = 0.177 ns
Min = 15.941 ns, Q1 = 16.291 ns, Median = 16.328 ns, Q3 = 16.335 ns, Max = 16.372 ns
IQR = 0.044 ns, LowerFence = 16.225 ns, UpperFence = 16.402 ns
ConfidenceInterval = [15.573 ns; 16.935 ns] (CI 99.9%), Margin = 0.681 ns (4.19% of Mean)
Skewness = -1, Kurtosis = 2, MValue = 2
-------------------- Histogram --------------------
[15.806 ns ; 16.169 ns) | @
[16.169 ns ; 16.508 ns) | @@@@
---------------------------------------------------

DeepDependencyChainBenchmarks.Needlr_Reflection_ResolveDeepChain: ShortRun(IterationCount=5, LaunchCount=1, WarmupCount=3)
Runtime = .NET 10.0.11 (10.0.1126.37416), X64 RyuJIT AVX2; GC = Concurrent Workstation
Mean = 15.533 ns, StdErr = 0.053 ns (0.34%), N = 4, StdDev = 0.105 ns
Min = 15.375 ns, Q1 = 15.522 ns, Median = 15.581 ns, Q3 = 15.592 ns, Max = 15.593 ns
IQR = 0.070 ns, LowerFence = 15.417 ns, UpperFence = 15.697 ns
ConfidenceInterval = [14.851 ns; 16.215 ns] (CI 99.9%), Margin = 0.682 ns (4.39% of Mean)
Skewness = -0.73, Kurtosis = 1.3, MValue = 2
-------------------- Histogram --------------------
[15.288 ns ; 15.681 ns) | @@@@
---------------------------------------------------

DeepDependencyChainBenchmarks.Needlr_SourceGen_ResolveDeepChain: ShortRun(IterationCount=5, LaunchCount=1, WarmupCount=3)
Runtime = .NET 10.0.11 (10.0.1126.37416), X64 RyuJIT AVX2; GC = Concurrent Workstation
Mean = 15.255 ns, StdErr = 0.039 ns (0.25%), N = 4, StdDev = 0.077 ns
Min = 15.150 ns, Q1 = 15.230 ns, Median = 15.268 ns, Q3 = 15.293 ns, Max = 15.334 ns
IQR = 0.062 ns, LowerFence = 15.137 ns, UpperFence = 15.386 ns
ConfidenceInterval = [14.756 ns; 15.753 ns] (CI 99.9%), Margin = 0.499 ns (3.27% of Mean)
Skewness = -0.36, Kurtosis = 1.14, MValue = 2
-------------------- Histogram --------------------
[15.143 ns ; 15.398 ns) | @@@@
---------------------------------------------------

// * Summary *

BenchmarkDotNet v0.14.0, Ubuntu 24.04.4 LTS (Noble Numbat)
AMD EPYC 7763, 1 CPU, 4 logical and 2 physical cores
.NET SDK 10.0.302
  [Host]   : .NET 10.0.11 (10.0.1126.37416), X64 RyuJIT AVX2
  ShortRun : .NET 10.0.11 (10.0.1126.37416), X64 RyuJIT AVX2

Job=ShortRun  IterationCount=5  LaunchCount=1  
WarmupCount=3  

| Method                             | Mean     | Error    | StdDev   | Ratio | Rank | Allocated | Alloc Ratio |
|----------------------------------- |---------:|---------:|---------:|------:|-----:|----------:|------------:|
| ManualDI_ResolveDeepChain          | 16.25 ns | 0.681 ns | 0.177 ns |  1.00 |    1 |         - |          NA |
| Needlr_Reflection_ResolveDeepChain | 15.53 ns | 0.682 ns | 0.105 ns |  0.96 |    1 |         - |          NA |
| Needlr_SourceGen_ResolveDeepChain  | 15.25 ns | 0.499 ns | 0.077 ns |  0.94 |    1 |         - |          NA |

// * Hints *
Outliers
  DeepDependencyChainBenchmarks.ManualDI_ResolveDeepChain: ShortRun          -> 1 outlier  was  detected (19.25 ns)
  DeepDependencyChainBenchmarks.Needlr_Reflection_ResolveDeepChain: ShortRun -> 1 outlier  was  removed, 2 outliers were detected (18.69 ns, 19.08 ns)
  DeepDependencyChainBenchmarks.Needlr_SourceGen_ResolveDeepChain: ShortRun  -> 1 outlier  was  removed (18.78 ns)
// * Config Issues *

// * Warnings *
Configuration
  Summary -> The exporter HtmlExporter is already present in configuration. There may be unexpected results.

// * Legends *
  Mean        : Arithmetic mean of all measurements
  Error       : Half of 99.9% confidence interval
  StdDev      : Standard deviation of all measurements
  Ratio       : Mean of the ratio distribution ([Current]/[Baseline])
  Rank        : Relative position of current benchmark mean among all benchmarks (Arabic style)
  Allocated   : Allocated memory per single operation (managed only, inclusive, 1KB = 1024B)
  Alloc Ratio : Allocated memory ratio distribution ([Current]/[Baseline])
  1 ns        : 1 Nanosecond (0.000000001 sec)

// * Diagnostic Output - MemoryDiagnoser *


// ***** BenchmarkRunner: End *****
Run time: 00:00:29 (29.66 sec), executed benchmarks: 3

// Found 3 benchmarks:
//   DependentServiceResolutionBenchmarks.ManualDI_ResolveDependent: ShortRun(IterationCount=5, LaunchCount=1, WarmupCount=3)
//   DependentServiceResolutionBenchmarks.Needlr_Reflection_ResolveDependent: ShortRun(IterationCount=5, LaunchCount=1, WarmupCount=3)
//   DependentServiceResolutionBenchmarks.Needlr_SourceGen_ResolveDependent: ShortRun(IterationCount=5, LaunchCount=1, WarmupCount=3)

// **************************
// Benchmark: DependentServiceResolutionBenchmarks.ManualDI_ResolveDependent: ShortRun(IterationCount=5, LaunchCount=1, WarmupCount=3)
// *** Execute ***
// Launch: 1 / 1
// Execute: dotnet 34652669-8378-4209-b79e-5df6789d8a23.dll --anonymousPipes 163 164 --benchmarkName NexusLabs.Needlr.Benchmarks.Benchmarks.DependentServiceResolutionBenchmarks.ManualDI_ResolveDependent --job ShortRun --benchmarkId 13 in /home/runner/work/needlr/needlr/src/NexusLabs.Needlr.Benchmarks/bin/Release/net10.0/34652669-8378-4209-b79e-5df6789d8a23/bin/Release/net10.0
// Failed to set up high priority (Permission denied). In order to run benchmarks with high priority, make sure you have the right permissions.
// BeforeAnythingElse

// Benchmark Process Environment Information:
// BenchmarkDotNet v0.14.0
// Runtime=.NET 10.0.11 (10.0.1126.37416), X64 RyuJIT AVX2
// GC=Concurrent Workstation
// HardwareIntrinsics=AVX2,AES,BMI1,BMI2,FMA,LZCNT,PCLMUL,POPCNT VectorSize=256
// Job: ShortRun(IterationCount=5, LaunchCount=1, WarmupCount=3)

OverheadJitting  1: 1 op, 354083.00 ns, 354.0830 us/op
WorkloadJitting  1: 1 op, 4276786.00 ns, 4.2768 ms/op

OverheadJitting  2: 16 op, 463958.00 ns, 28.9974 us/op
WorkloadJitting  2: 16 op, 536735.00 ns, 33.5459 us/op

WorkloadPilot    1: 16 op, 4488.00 ns, 280.5000 ns/op
WorkloadPilot    2: 32 op, 5901.00 ns, 184.4063 ns/op
WorkloadPilot    3: 64 op, 10359.00 ns, 161.8594 ns/op
WorkloadPilot    4: 128 op, 13265.00 ns, 103.6328 ns/op
WorkloadPilot    5: 256 op, 34464.00 ns, 134.6250 ns/op
WorkloadPilot    6: 512 op, 52008.00 ns, 101.5781 ns/op
WorkloadPilot    7: 1024 op, 82745.00 ns, 80.8057 ns/op
WorkloadPilot    8: 2048 op, 160120.00 ns, 78.1836 ns/op
WorkloadPilot    9: 4096 op, 365925.00 ns, 89.3372 ns/op
WorkloadPilot   10: 8192 op, 706303.00 ns, 86.2186 ns/op
WorkloadPilot   11: 16384 op, 1398749.00 ns, 85.3729 ns/op
WorkloadPilot   12: 32768 op, 2669287.00 ns, 81.4602 ns/op
WorkloadPilot   13: 65536 op, 10069751.00 ns, 153.6522 ns/op
WorkloadPilot   14: 131072 op, 12139736.00 ns, 92.6188 ns/op
WorkloadPilot   15: 262144 op, 20684622.00 ns, 78.9056 ns/op
WorkloadPilot   16: 524288 op, 41468732.00 ns, 79.0953 ns/op
WorkloadPilot   17: 1048576 op, 83509153.00 ns, 79.6405 ns/op
WorkloadPilot   18: 2097152 op, 67119060.00 ns, 32.0049 ns/op
WorkloadPilot   19: 4194304 op, 78501498.00 ns, 18.7162 ns/op
WorkloadPilot   20: 8388608 op, 157312537.00 ns, 18.7531 ns/op
WorkloadPilot   21: 16777216 op, 316132115.00 ns, 18.8429 ns/op
WorkloadPilot   22: 33554432 op, 629439131.00 ns, 18.7587 ns/op

OverheadWarmup   1: 33554432 op, 142608189.00 ns, 4.2501 ns/op
OverheadWarmup   2: 33554432 op, 148799631.00 ns, 4.4346 ns/op
OverheadWarmup   3: 33554432 op, 110986011.00 ns, 3.3076 ns/op
OverheadWarmup   4: 33554432 op, 111214659.00 ns, 3.3145 ns/op
OverheadWarmup   5: 33554432 op, 111264873.00 ns, 3.3160 ns/op
OverheadWarmup   6: 33554432 op, 111342819.00 ns, 3.3183 ns/op
OverheadWarmup   7: 33554432 op, 111016929.00 ns, 3.3086 ns/op

OverheadActual   1: 33554432 op, 111041845.00 ns, 3.3093 ns/op
OverheadActual   2: 33554432 op, 111187188.00 ns, 3.3136 ns/op
OverheadActual   3: 33554432 op, 111117858.00 ns, 3.3116 ns/op
OverheadActual   4: 33554432 op, 111180816.00 ns, 3.3134 ns/op
OverheadActual   5: 33554432 op, 113519975.00 ns, 3.3832 ns/op
OverheadActual   6: 33554432 op, 114215988.00 ns, 3.4039 ns/op
OverheadActual   7: 33554432 op, 113753582.00 ns, 3.3901 ns/op
OverheadActual   8: 33554432 op, 111528146.00 ns, 3.3238 ns/op
OverheadActual   9: 33554432 op, 111129028.00 ns, 3.3119 ns/op
OverheadActual  10: 33554432 op, 111123489.00 ns, 3.3117 ns/op
OverheadActual  11: 33554432 op, 111181688.00 ns, 3.3135 ns/op
OverheadActual  12: 33554432 op, 111085267.00 ns, 3.3106 ns/op
OverheadActual  13: 33554432 op, 111498541.00 ns, 3.3229 ns/op
OverheadActual  14: 33554432 op, 111283278.00 ns, 3.3165 ns/op
OverheadActual  15: 33554432 op, 111236850.00 ns, 3.3151 ns/op

WorkloadWarmup   1: 33554432 op, 629789266.00 ns, 18.7692 ns/op
WorkloadWarmup   2: 33554432 op, 629622741.00 ns, 18.7642 ns/op
WorkloadWarmup   3: 33554432 op, 630473018.00 ns, 18.7896 ns/op

// BeforeActualRun
WorkloadActual   1: 33554432 op, 647927071.00 ns, 19.3097 ns/op
WorkloadActual   2: 33554432 op, 645192574.00 ns, 19.2282 ns/op
WorkloadActual   3: 33554432 op, 645529204.00 ns, 19.2383 ns/op
WorkloadActual   4: 33554432 op, 646640703.00 ns, 19.2714 ns/op
WorkloadActual   5: 33554432 op, 661448103.00 ns, 19.7127 ns/op

// AfterActualRun
WorkloadResult   1: 33554432 op, 536739883.00 ns, 15.9961 ns/op
WorkloadResult   2: 33554432 op, 534005386.00 ns, 15.9146 ns/op
WorkloadResult   3: 33554432 op, 534342016.00 ns, 15.9246 ns/op
WorkloadResult   4: 33554432 op, 535453515.00 ns, 15.9578 ns/op
// GC:  0 0 0 1072 33554432
// Threading:  0 0 33554432

// AfterAll
// Benchmark Process 3488 has exited with code 0.

Mean = 15.948 ns, StdErr = 0.018 ns (0.12%), N = 4, StdDev = 0.037 ns
Min = 15.915 ns, Q1 = 15.922 ns, Median = 15.941 ns, Q3 = 15.967 ns, Max = 15.996 ns
IQR = 0.045 ns, LowerFence = 15.854 ns, UpperFence = 16.035 ns
ConfidenceInterval = [15.710 ns; 16.186 ns] (CI 99.9%), Margin = 0.238 ns (1.49% of Mean)
Skewness = 0.29, Kurtosis = 0.93, MValue = 2

// ** Remained 51 (78.5 %) benchmark(s) to run. Estimated finish 2026-08-23 3:33 (0h 8m from now) **
// **************************
// Benchmark: DependentServiceResolutionBenchmarks.Needlr_Reflection_ResolveDependent: ShortRun(IterationCount=5, LaunchCount=1, WarmupCount=3)
// *** Execute ***
// Launch: 1 / 1
// Execute: dotnet 34652669-8378-4209-b79e-5df6789d8a23.dll --anonymousPipes 163 164 --benchmarkName NexusLabs.Needlr.Benchmarks.Benchmarks.DependentServiceResolutionBenchmarks.Needlr_Reflection_ResolveDependent --job ShortRun --benchmarkId 14 in /home/runner/work/needlr/needlr/src/NexusLabs.Needlr.Benchmarks/bin/Release/net10.0/34652669-8378-4209-b79e-5df6789d8a23/bin/Release/net10.0
// Failed to set up high priority (Permission denied). In order to run benchmarks with high priority, make sure you have the right permissions.
// BeforeAnythingElse

// Benchmark Process Environment Information:
// BenchmarkDotNet v0.14.0
// Runtime=.NET 10.0.11 (10.0.1126.37416), X64 RyuJIT AVX2
// GC=Concurrent Workstation
// HardwareIntrinsics=AVX2,AES,BMI1,BMI2,FMA,LZCNT,PCLMUL,POPCNT VectorSize=256
// Job: ShortRun(IterationCount=5, LaunchCount=1, WarmupCount=3)

OverheadJitting  1: 1 op, 335829.00 ns, 335.8290 us/op
WorkloadJitting  1: 1 op, 4329573.00 ns, 4.3296 ms/op

OverheadJitting  2: 16 op, 503022.00 ns, 31.4389 us/op
WorkloadJitting  2: 16 op, 493804.00 ns, 30.8628 us/op

WorkloadPilot    1: 16 op, 4829.00 ns, 301.8125 ns/op
WorkloadPilot    2: 32 op, 6231.00 ns, 194.7188 ns/op
WorkloadPilot    3: 64 op, 8405.00 ns, 131.3281 ns/op
WorkloadPilot    4: 128 op, 15719.00 ns, 122.8047 ns/op
WorkloadPilot    5: 256 op, 23004.00 ns, 89.8594 ns/op
WorkloadPilot    6: 512 op, 42670.00 ns, 83.3398 ns/op
WorkloadPilot    7: 1024 op, 82344.00 ns, 80.4141 ns/op
WorkloadPilot    8: 2048 op, 178414.00 ns, 87.1162 ns/op
WorkloadPilot    9: 4096 op, 334616.00 ns, 81.6934 ns/op
WorkloadPilot   10: 8192 op, 703356.00 ns, 85.8589 ns/op
WorkloadPilot   11: 16384 op, 1491992.00 ns, 91.0640 ns/op
WorkloadPilot   12: 32768 op, 4346133.00 ns, 132.6335 ns/op
WorkloadPilot   13: 65536 op, 5228064.00 ns, 79.7739 ns/op
WorkloadPilot   14: 131072 op, 10385104.00 ns, 79.2321 ns/op
WorkloadPilot   15: 262144 op, 20727388.00 ns, 79.0687 ns/op
WorkloadPilot   16: 524288 op, 41372092.00 ns, 78.9110 ns/op
WorkloadPilot   17: 1048576 op, 85486547.00 ns, 81.5263 ns/op
WorkloadPilot   18: 2097152 op, 71184833.00 ns, 33.9436 ns/op
WorkloadPilot   19: 4194304 op, 78628433.00 ns, 18.7465 ns/op
WorkloadPilot   20: 8388608 op, 155069733.00 ns, 18.4858 ns/op
WorkloadPilot   21: 16777216 op, 309500558.00 ns, 18.4477 ns/op
WorkloadPilot   22: 33554432 op, 612094535.00 ns, 18.2418 ns/op

OverheadWarmup   1: 33554432 op, 141226436.00 ns, 4.2089 ns/op
OverheadWarmup   2: 33554432 op, 148852979.00 ns, 4.4362 ns/op
OverheadWarmup   3: 33554432 op, 110041257.00 ns, 3.2795 ns/op
OverheadWarmup   4: 33554432 op, 112414670.00 ns, 3.3502 ns/op
OverheadWarmup   5: 33554432 op, 109721850.00 ns, 3.2700 ns/op

OverheadActual   1: 33554432 op, 109631241.00 ns, 3.2673 ns/op
OverheadActual   2: 33554432 op, 110102352.00 ns, 3.2813 ns/op
OverheadActual   3: 33554432 op, 109777624.00 ns, 3.2716 ns/op
OverheadActual   4: 33554432 op, 109746305.00 ns, 3.2707 ns/op
OverheadActual   5: 33554432 op, 109735666.00 ns, 3.2704 ns/op
OverheadActual   6: 33554432 op, 114671935.00 ns, 3.4175 ns/op
OverheadActual   7: 33554432 op, 111935061.00 ns, 3.3359 ns/op
OverheadActual   8: 33554432 op, 109740475.00 ns, 3.2705 ns/op
OverheadActual   9: 33554432 op, 109748853.00 ns, 3.2708 ns/op
OverheadActual  10: 33554432 op, 111740983.00 ns, 3.3301 ns/op
OverheadActual  11: 33554432 op, 110067451.00 ns, 3.2803 ns/op
OverheadActual  12: 33554432 op, 110269158.00 ns, 3.2863 ns/op
OverheadActual  13: 33554432 op, 111706688.00 ns, 3.3291 ns/op
OverheadActual  14: 33554432 op, 109636113.00 ns, 3.2674 ns/op
OverheadActual  15: 33554432 op, 109717636.00 ns, 3.2698 ns/op

WorkloadWarmup   1: 33554432 op, 604234170.00 ns, 18.0076 ns/op
WorkloadWarmup   2: 33554432 op, 603062136.00 ns, 17.9727 ns/op
WorkloadWarmup   3: 33554432 op, 612039930.00 ns, 18.2402 ns/op

// BeforeActualRun
WorkloadActual   1: 33554432 op, 604874869.00 ns, 18.0267 ns/op
WorkloadActual   2: 33554432 op, 604188054.00 ns, 18.0062 ns/op
WorkloadActual   3: 33554432 op, 603999290.00 ns, 18.0006 ns/op
WorkloadActual   4: 33554432 op, 618505047.00 ns, 18.4329 ns/op
WorkloadActual   5: 33554432 op, 612189738.00 ns, 18.2447 ns/op

// AfterActualRun
WorkloadResult   1: 33554432 op, 495097245.00 ns, 14.7550 ns/op
WorkloadResult   2: 33554432 op, 494410430.00 ns, 14.7346 ns/op
WorkloadResult   3: 33554432 op, 494221666.00 ns, 14.7290 ns/op
WorkloadResult   4: 33554432 op, 508727423.00 ns, 15.1613 ns/op
WorkloadResult   5: 33554432 op, 502412114.00 ns, 14.9730 ns/op
// GC:  0 0 0 1072 33554432
// Threading:  0 0 33554432

// AfterAll
// Benchmark Process 3519 has exited with code 0.

Mean = 14.871 ns, StdErr = 0.086 ns (0.58%), N = 5, StdDev = 0.192 ns
Min = 14.729 ns, Q1 = 14.735 ns, Median = 14.755 ns, Q3 = 14.973 ns, Max = 15.161 ns
IQR = 0.238 ns, LowerFence = 14.377 ns, UpperFence = 15.331 ns
ConfidenceInterval = [14.133 ns; 15.608 ns] (CI 99.9%), Margin = 0.738 ns (4.96% of Mean)
Skewness = 0.53, Kurtosis = 1.21, MValue = 2

// ** Remained 50 (76.9 %) benchmark(s) to run. Estimated finish 2026-08-23 3:33 (0h 8m from now) **
// **************************
// Benchmark: DependentServiceResolutionBenchmarks.Needlr_SourceGen_ResolveDependent: ShortRun(IterationCount=5, LaunchCount=1, WarmupCount=3)
// *** Execute ***
// Launch: 1 / 1
// Execute: dotnet 34652669-8378-4209-b79e-5df6789d8a23.dll --anonymousPipes 163 164 --benchmarkName NexusLabs.Needlr.Benchmarks.Benchmarks.DependentServiceResolutionBenchmarks.Needlr_SourceGen_ResolveDependent --job ShortRun --benchmarkId 15 in /home/runner/work/needlr/needlr/src/NexusLabs.Needlr.Benchmarks/bin/Release/net10.0/34652669-8378-4209-b79e-5df6789d8a23/bin/Release/net10.0
// Failed to set up high priority (Permission denied). In order to run benchmarks with high priority, make sure you have the right permissions.
// BeforeAnythingElse

// Benchmark Process Environment Information:
// BenchmarkDotNet v0.14.0
// Runtime=.NET 10.0.11 (10.0.1126.37416), X64 RyuJIT AVX2
// GC=Concurrent Workstation
// HardwareIntrinsics=AVX2,AES,BMI1,BMI2,FMA,LZCNT,PCLMUL,POPCNT VectorSize=256
// Job: ShortRun(IterationCount=5, LaunchCount=1, WarmupCount=3)

OverheadJitting  1: 1 op, 350306.00 ns, 350.3060 us/op
WorkloadJitting  1: 1 op, 3188888.00 ns, 3.1889 ms/op

OverheadJitting  2: 16 op, 495878.00 ns, 30.9924 us/op
WorkloadJitting  2: 16 op, 497151.00 ns, 31.0719 us/op

WorkloadPilot    1: 16 op, 4769.00 ns, 298.0625 ns/op
WorkloadPilot    2: 32 op, 6422.00 ns, 200.6875 ns/op
WorkloadPilot    3: 64 op, 8967.00 ns, 140.1094 ns/op
WorkloadPilot    4: 128 op, 45806.00 ns, 357.8594 ns/op
WorkloadPilot    5: 256 op, 47228.00 ns, 184.4844 ns/op
WorkloadPilot    6: 512 op, 45015.00 ns, 87.9199 ns/op
WorkloadPilot    7: 1024 op, 87433.00 ns, 85.3838 ns/op
WorkloadPilot    8: 2048 op, 172002.00 ns, 83.9854 ns/op
WorkloadPilot    9: 4096 op, 361116.00 ns, 88.1631 ns/op
WorkloadPilot   10: 8192 op, 753881.00 ns, 92.0265 ns/op
WorkloadPilot   11: 16384 op, 1457198.00 ns, 88.9403 ns/op
WorkloadPilot   12: 32768 op, 2831890.00 ns, 86.4224 ns/op
WorkloadPilot   13: 65536 op, 5620890.00 ns, 85.7680 ns/op
WorkloadPilot   14: 131072 op, 11169113.00 ns, 85.2136 ns/op
WorkloadPilot   15: 262144 op, 22005323.00 ns, 83.9436 ns/op
WorkloadPilot   16: 524288 op, 43951716.00 ns, 83.8312 ns/op
WorkloadPilot   17: 1048576 op, 88135004.00 ns, 84.0521 ns/op
WorkloadPilot   18: 2097152 op, 70217943.00 ns, 33.4825 ns/op
WorkloadPilot   19: 4194304 op, 76004371.00 ns, 18.1209 ns/op
WorkloadPilot   20: 8388608 op, 152130752.00 ns, 18.1354 ns/op
WorkloadPilot   21: 16777216 op, 309137458.00 ns, 18.4260 ns/op
WorkloadPilot   22: 33554432 op, 606869952.00 ns, 18.0861 ns/op

OverheadWarmup   1: 33554432 op, 141189427.00 ns, 4.2078 ns/op
OverheadWarmup   2: 33554432 op, 148968740.00 ns, 4.4396 ns/op
OverheadWarmup   3: 33554432 op, 110021980.00 ns, 3.2789 ns/op
OverheadWarmup   4: 33554432 op, 112385664.00 ns, 3.3494 ns/op
OverheadWarmup   5: 33554432 op, 109689208.00 ns, 3.2690 ns/op

OverheadActual   1: 33554432 op, 109624687.00 ns, 3.2671 ns/op
OverheadActual   2: 33554432 op, 109781160.00 ns, 3.2717 ns/op
OverheadActual   3: 33554432 op, 111553903.00 ns, 3.3246 ns/op
OverheadActual   4: 33554432 op, 109843046.00 ns, 3.2736 ns/op
OverheadActual   5: 33554432 op, 109804974.00 ns, 3.2724 ns/op
OverheadActual   6: 33554432 op, 109682615.00 ns, 3.2688 ns/op
OverheadActual   7: 33554432 op, 110033762.00 ns, 3.2793 ns/op
OverheadActual   8: 33554432 op, 109613957.00 ns, 3.2668 ns/op
OverheadActual   9: 33554432 op, 109770881.00 ns, 3.2714 ns/op
OverheadActual  10: 33554432 op, 109576437.00 ns, 3.2656 ns/op
OverheadActual  11: 33554432 op, 109720196.00 ns, 3.2699 ns/op
OverheadActual  12: 33554432 op, 109609829.00 ns, 3.2666 ns/op
OverheadActual  13: 33554432 op, 114339920.00 ns, 3.4076 ns/op
OverheadActual  14: 33554432 op, 114989075.00 ns, 3.4269 ns/op
OverheadActual  15: 33554432 op, 120887201.00 ns, 3.6027 ns/op

WorkloadWarmup   1: 33554432 op, 603359216.00 ns, 17.9815 ns/op
WorkloadWarmup   2: 33554432 op, 603125919.00 ns, 17.9746 ns/op
WorkloadWarmup   3: 33554432 op, 609665888.00 ns, 18.1695 ns/op

// BeforeActualRun
WorkloadActual   1: 33554432 op, 607001071.00 ns, 18.0900 ns/op
WorkloadActual   2: 33554432 op, 603746110.00 ns, 17.9930 ns/op
WorkloadActual   3: 33554432 op, 603835597.00 ns, 17.9957 ns/op
WorkloadActual   4: 33554432 op, 607323114.00 ns, 18.0996 ns/op
WorkloadActual   5: 33554432 op, 612538493.00 ns, 18.2551 ns/op

// AfterActualRun
WorkloadResult   1: 33554432 op, 497219911.00 ns, 14.8183 ns/op
WorkloadResult   2: 33554432 op, 493964950.00 ns, 14.7213 ns/op
WorkloadResult   3: 33554432 op, 494054437.00 ns, 14.7240 ns/op
WorkloadResult   4: 33554432 op, 497541954.00 ns, 14.8279 ns/op
WorkloadResult   5: 33554432 op, 502757333.00 ns, 14.9833 ns/op
// GC:  0 0 0 1072 33554432
// Threading:  0 0 33554432

// AfterAll
// Benchmark Process 3541 has exited with code 0.

Mean = 14.815 ns, StdErr = 0.048 ns (0.32%), N = 5, StdDev = 0.107 ns
Min = 14.721 ns, Q1 = 14.724 ns, Median = 14.818 ns, Q3 = 14.828 ns, Max = 14.983 ns
IQR = 0.104 ns, LowerFence = 14.568 ns, UpperFence = 14.984 ns
ConfidenceInterval = [14.404 ns; 15.226 ns] (CI 99.9%), Margin = 0.411 ns (2.77% of Mean)
Skewness = 0.53, Kurtosis = 1.46, MValue = 2

// ** Remained 49 (75.4 %) benchmark(s) to run. Estimated finish 2026-08-23 3:33 (0h 8m from now) **
// ***** BenchmarkRunner: Finish  *****

// * Export *
  home/runner/work/needlr/needlr/benchmark-results/results/NexusLabs.Needlr.Benchmarks.Benchmarks.DependentServiceResolutionBenchmarks-report.csv
  home/runner/work/needlr/needlr/benchmark-results/results/NexusLabs.Needlr.Benchmarks.Benchmarks.DependentServiceResolutionBenchmarks-report-github.md
  home/runner/work/needlr/needlr/benchmark-results/results/NexusLabs.Needlr.Benchmarks.Benchmarks.DependentServiceResolutionBenchmarks-report.html
  home/runner/work/needlr/needlr/benchmark-results/results/NexusLabs.Needlr.Benchmarks.Benchmarks.DependentServiceResolutionBenchmarks-report-full-compressed.json
  home/runner/work/needlr/needlr/benchmark-results/results/NexusLabs.Needlr.Benchmarks.Benchmarks.DependentServiceResolutionBenchmarks-report-default.md

// * Detailed results *
DependentServiceResolutionBenchmarks.ManualDI_ResolveDependent: ShortRun(IterationCount=5, LaunchCount=1, WarmupCount=3)
Runtime = .NET 10.0.11 (10.0.1126.37416), X64 RyuJIT AVX2; GC = Concurrent Workstation
Mean = 15.948 ns, StdErr = 0.018 ns (0.12%), N = 4, StdDev = 0.037 ns
Min = 15.915 ns, Q1 = 15.922 ns, Median = 15.941 ns, Q3 = 15.967 ns, Max = 15.996 ns
IQR = 0.045 ns, LowerFence = 15.854 ns, UpperFence = 16.035 ns
ConfidenceInterval = [15.710 ns; 16.186 ns] (CI 99.9%), Margin = 0.238 ns (1.49% of Mean)
Skewness = 0.29, Kurtosis = 0.93, MValue = 2
-------------------- Histogram --------------------
[15.884 ns ; 16.027 ns) | @@@@
---------------------------------------------------

DependentServiceResolutionBenchmarks.Needlr_Reflection_ResolveDependent: ShortRun(IterationCount=5, LaunchCount=1, WarmupCount=3)
Runtime = .NET 10.0.11 (10.0.1126.37416), X64 RyuJIT AVX2; GC = Concurrent Workstation
Mean = 14.871 ns, StdErr = 0.086 ns (0.58%), N = 5, StdDev = 0.192 ns
Min = 14.729 ns, Q1 = 14.735 ns, Median = 14.755 ns, Q3 = 14.973 ns, Max = 15.161 ns
IQR = 0.238 ns, LowerFence = 14.377 ns, UpperFence = 15.331 ns
ConfidenceInterval = [14.133 ns; 15.608 ns] (CI 99.9%), Margin = 0.738 ns (4.96% of Mean)
Skewness = 0.53, Kurtosis = 1.21, MValue = 2
-------------------- Histogram --------------------
[14.702 ns ; 15.308 ns) | @@@@@
---------------------------------------------------

DependentServiceResolutionBenchmarks.Needlr_SourceGen_ResolveDependent: ShortRun(IterationCount=5, LaunchCount=1, WarmupCount=3)
Runtime = .NET 10.0.11 (10.0.1126.37416), X64 RyuJIT AVX2; GC = Concurrent Workstation
Mean = 14.815 ns, StdErr = 0.048 ns (0.32%), N = 5, StdDev = 0.107 ns
Min = 14.721 ns, Q1 = 14.724 ns, Median = 14.818 ns, Q3 = 14.828 ns, Max = 14.983 ns
IQR = 0.104 ns, LowerFence = 14.568 ns, UpperFence = 14.984 ns
ConfidenceInterval = [14.404 ns; 15.226 ns] (CI 99.9%), Margin = 0.411 ns (2.77% of Mean)
Skewness = 0.53, Kurtosis = 1.46, MValue = 2
-------------------- Histogram --------------------
[14.639 ns ; 15.065 ns) | @@@@@
---------------------------------------------------

// * Summary *

BenchmarkDotNet v0.14.0, Ubuntu 24.04.4 LTS (Noble Numbat)
AMD EPYC 7763, 1 CPU, 4 logical and 2 physical cores
.NET SDK 10.0.302
  [Host]   : .NET 10.0.11 (10.0.1126.37416), X64 RyuJIT AVX2
  ShortRun : .NET 10.0.11 (10.0.1126.37416), X64 RyuJIT AVX2

Job=ShortRun  IterationCount=5  LaunchCount=1  
WarmupCount=3  

| Method                             | Mean     | Error    | StdDev   | Ratio | Rank | Allocated | Alloc Ratio |
|----------------------------------- |---------:|---------:|---------:|------:|-----:|----------:|------------:|
| ManualDI_ResolveDependent          | 15.95 ns | 0.238 ns | 0.037 ns |  1.00 |    1 |         - |          NA |
| Needlr_Reflection_ResolveDependent | 14.87 ns | 0.738 ns | 0.192 ns |  0.93 |    1 |         - |          NA |
| Needlr_SourceGen_ResolveDependent  | 14.81 ns | 0.411 ns | 0.107 ns |  0.93 |    1 |         - |          NA |

// * Hints *
Outliers
  DependentServiceResolutionBenchmarks.ManualDI_ResolveDependent: ShortRun -> 1 outlier  was  removed (19.71 ns)
// * Config Issues *

// * Warnings *
Configuration
  Summary -> The exporter HtmlExporter is already present in configuration. There may be unexpected results.

// * Legends *
  Mean        : Arithmetic mean of all measurements
  Error       : Half of 99.9% confidence interval
  StdDev      : Standard deviation of all measurements
  Ratio       : Mean of the ratio distribution ([Current]/[Baseline])
  Rank        : Relative position of current benchmark mean among all benchmarks (Arabic style)
  Allocated   : Allocated memory per single operation (managed only, inclusive, 1KB = 1024B)
  Alloc Ratio : Allocated memory ratio distribution ([Current]/[Baseline])
  1 ns        : 1 Nanosecond (0.000000001 sec)

// * Diagnostic Output - MemoryDiagnoser *


// ***** BenchmarkRunner: End *****
Run time: 00:00:28 (28.91 sec), executed benchmarks: 3

// Found 3 benchmarks:
//   FirstResolutionBenchmarks.ManualDI_BuildAndResolveFirst: ShortRun(InvocationCount=1, IterationCount=5, LaunchCount=1, UnrollFactor=1, WarmupCount=3)
//   FirstResolutionBenchmarks.Needlr_Reflection_BuildAndResolveFirst: ShortRun(InvocationCount=1, IterationCount=5, LaunchCount=1, UnrollFactor=1, WarmupCount=3)
//   FirstResolutionBenchmarks.Needlr_SourceGen_BuildAndResolveFirst: ShortRun(InvocationCount=1, IterationCount=5, LaunchCount=1, UnrollFactor=1, WarmupCount=3)

// **************************
// Benchmark: FirstResolutionBenchmarks.ManualDI_BuildAndResolveFirst: ShortRun(InvocationCount=1, IterationCount=5, LaunchCount=1, UnrollFactor=1, WarmupCount=3)
// *** Execute ***
// Launch: 1 / 1
// Execute: dotnet 34652669-8378-4209-b79e-5df6789d8a23.dll --anonymousPipes 163 164 --benchmarkName NexusLabs.Needlr.Benchmarks.Benchmarks.FirstResolutionBenchmarks.ManualDI_BuildAndResolveFirst --job ShortRun --benchmarkId 16 in /home/runner/work/needlr/needlr/src/NexusLabs.Needlr.Benchmarks/bin/Release/net10.0/34652669-8378-4209-b79e-5df6789d8a23/bin/Release/net10.0
// Failed to set up high priority (Permission denied). In order to run benchmarks with high priority, make sure you have the right permissions.
// BeforeAnythingElse

// Benchmark Process Environment Information:
// BenchmarkDotNet v0.14.0
// Runtime=.NET 10.0.11 (10.0.1126.37416), X64 RyuJIT AVX2
// GC=Concurrent Workstation
// HardwareIntrinsics=AVX2,AES,BMI1,BMI2,FMA,LZCNT,PCLMUL,POPCNT VectorSize=256
// Job: ShortRun(InvocationCount=1, IterationCount=5, LaunchCount=1, UnrollFactor=1, WarmupCount=3)

OverheadJitting  1: 1 op, 353612.00 ns, 353.6120 us/op
WorkloadJitting  1: 1 op, 10463861.00 ns, 10.4639 ms/op

OverheadWarmup   1: 1 op, 390.00 ns, 390.0000 ns/op
OverheadWarmup   2: 1 op, 330.00 ns, 330.0000 ns/op
OverheadWarmup   3: 1 op, 311.00 ns, 311.0000 ns/op
OverheadWarmup   4: 1 op, 351.00 ns, 351.0000 ns/op
OverheadWarmup   5: 1 op, 360.00 ns, 360.0000 ns/op
OverheadWarmup   6: 1 op, 331.00 ns, 331.0000 ns/op
OverheadWarmup   7: 1 op, 341.00 ns, 341.0000 ns/op
OverheadWarmup   8: 1 op, 300.00 ns, 300.0000 ns/op

OverheadActual   1: 1 op, 370.00 ns, 370.0000 ns/op
OverheadActual   2: 1 op, 381.00 ns, 381.0000 ns/op
OverheadActual   3: 1 op, 381.00 ns, 381.0000 ns/op
OverheadActual   4: 1 op, 351.00 ns, 351.0000 ns/op
OverheadActual   5: 1 op, 351.00 ns, 351.0000 ns/op
OverheadActual   6: 1 op, 331.00 ns, 331.0000 ns/op
OverheadActual   7: 1 op, 341.00 ns, 341.0000 ns/op
OverheadActual   8: 1 op, 340.00 ns, 340.0000 ns/op
OverheadActual   9: 1 op, 350.00 ns, 350.0000 ns/op
OverheadActual  10: 1 op, 350.00 ns, 350.0000 ns/op
OverheadActual  11: 1 op, 351.00 ns, 351.0000 ns/op
OverheadActual  12: 1 op, 371.00 ns, 371.0000 ns/op
OverheadActual  13: 1 op, 361.00 ns, 361.0000 ns/op
OverheadActual  14: 1 op, 360.00 ns, 360.0000 ns/op
OverheadActual  15: 1 op, 331.00 ns, 331.0000 ns/op

WorkloadWarmup   1: 1 op, 112701.00 ns, 112.7010 us/op
WorkloadWarmup   2: 1 op, 27682.00 ns, 27.6820 us/op
WorkloadWarmup   3: 1 op, 26139.00 ns, 26.1390 us/op

// BeforeActualRun
WorkloadActual   1: 1 op, 41127.00 ns, 41.1270 us/op
WorkloadActual   2: 1 op, 26560.00 ns, 26.5600 us/op
WorkloadActual   3: 1 op, 26370.00 ns, 26.3700 us/op
WorkloadActual   4: 1 op, 26490.00 ns, 26.4900 us/op
WorkloadActual   5: 1 op, 26310.00 ns, 26.3100 us/op

// AfterActualRun
WorkloadResult   1: 1 op, 26209.00 ns, 26.2090 us/op
WorkloadResult   2: 1 op, 26019.00 ns, 26.0190 us/op
WorkloadResult   3: 1 op, 26139.00 ns, 26.1390 us/op
WorkloadResult   4: 1 op, 25959.00 ns, 25.9590 us/op
// GC:  0 0 0 6064 1
// Threading:  0 0 1

// AfterAll
// Benchmark Process 3555 has exited with code 0.

Mean = 26.081 μs, StdErr = 0.057 μs (0.22%), N = 4, StdDev = 0.113 μs
Min = 25.959 μs, Q1 = 26.004 μs, Median = 26.079 μs, Q3 = 26.157 μs, Max = 26.209 μs
IQR = 0.152 μs, LowerFence = 25.775 μs, UpperFence = 26.385 μs
ConfidenceInterval = [25.350 μs; 26.813 μs] (CI 99.9%), Margin = 0.732 μs (2.81% of Mean)
Skewness = 0.03, Kurtosis = 0.78, MValue = 2

// ** Remained 48 (73.8 %) benchmark(s) to run. Estimated finish 2026-08-23 3:32 (0h 7m from now) **
// **************************
// Benchmark: FirstResolutionBenchmarks.Needlr_Reflection_BuildAndResolveFirst: ShortRun(InvocationCount=1, IterationCount=5, LaunchCount=1, UnrollFactor=1, WarmupCount=3)
// *** Execute ***
// Launch: 1 / 1
// Execute: dotnet 34652669-8378-4209-b79e-5df6789d8a23.dll --anonymousPipes 163 164 --benchmarkName NexusLabs.Needlr.Benchmarks.Benchmarks.FirstResolutionBenchmarks.Needlr_Reflection_BuildAndResolveFirst --job ShortRun --benchmarkId 17 in /home/runner/work/needlr/needlr/src/NexusLabs.Needlr.Benchmarks/bin/Release/net10.0/34652669-8378-4209-b79e-5df6789d8a23/bin/Release/net10.0
// Failed to set up high priority (Permission denied). In order to run benchmarks with high priority, make sure you have the right permissions.
// BeforeAnythingElse

// Benchmark Process Environment Information:
// BenchmarkDotNet v0.14.0
// Runtime=.NET 10.0.11 (10.0.1126.37416), X64 RyuJIT AVX2
// GC=Concurrent Workstation
// HardwareIntrinsics=AVX2,AES,BMI1,BMI2,FMA,LZCNT,PCLMUL,POPCNT VectorSize=256
// Job: ShortRun(InvocationCount=1, IterationCount=5, LaunchCount=1, UnrollFactor=1, WarmupCount=3)

OverheadJitting  1: 1 op, 310541.00 ns, 310.5410 us/op
WorkloadJitting  1: 1 op, 64309204.00 ns, 64.3092 ms/op

OverheadWarmup   1: 1 op, 351.00 ns, 351.0000 ns/op
OverheadWarmup   2: 1 op, 330.00 ns, 330.0000 ns/op
OverheadWarmup   3: 1 op, 340.00 ns, 340.0000 ns/op
OverheadWarmup   4: 1 op, 340.00 ns, 340.0000 ns/op
OverheadWarmup   5: 1 op, 341.00 ns, 341.0000 ns/op
OverheadWarmup   6: 1 op, 320.00 ns, 320.0000 ns/op

OverheadActual   1: 1 op, 340.00 ns, 340.0000 ns/op
OverheadActual   2: 1 op, 350.00 ns, 350.0000 ns/op
OverheadActual   3: 1 op, 351.00 ns, 351.0000 ns/op
OverheadActual   4: 1 op, 341.00 ns, 341.0000 ns/op
OverheadActual   5: 1 op, 331.00 ns, 331.0000 ns/op
OverheadActual   6: 1 op, 340.00 ns, 340.0000 ns/op
OverheadActual   7: 1 op, 331.00 ns, 331.0000 ns/op
OverheadActual   8: 1 op, 341.00 ns, 341.0000 ns/op
OverheadActual   9: 1 op, 331.00 ns, 331.0000 ns/op
OverheadActual  10: 1 op, 340.00 ns, 340.0000 ns/op
OverheadActual  11: 1 op, 320.00 ns, 320.0000 ns/op
OverheadActual  12: 1 op, 351.00 ns, 351.0000 ns/op
OverheadActual  13: 1 op, 391.00 ns, 391.0000 ns/op
OverheadActual  14: 1 op, 371.00 ns, 371.0000 ns/op
OverheadActual  15: 1 op, 370.00 ns, 370.0000 ns/op

WorkloadWarmup   1: 1 op, 7481620.00 ns, 7.4816 ms/op
WorkloadWarmup   2: 1 op, 5957207.00 ns, 5.9572 ms/op
WorkloadWarmup   3: 1 op, 5820492.00 ns, 5.8205 ms/op

// BeforeActualRun
WorkloadActual   1: 1 op, 5835610.00 ns, 5.8356 ms/op
WorkloadActual   2: 1 op, 5773814.00 ns, 5.7738 ms/op
WorkloadActual   3: 1 op, 5792869.00 ns, 5.7929 ms/op
WorkloadActual   4: 1 op, 5829689.00 ns, 5.8297 ms/op
WorkloadActual   5: 1 op, 5801085.00 ns, 5.8011 ms/op

// AfterActualRun
WorkloadResult   1: 1 op, 5835269.00 ns, 5.8353 ms/op
WorkloadResult   2: 1 op, 5773473.00 ns, 5.7735 ms/op
WorkloadResult   3: 1 op, 5792528.00 ns, 5.7925 ms/op
WorkloadResult   4: 1 op, 5829348.00 ns, 5.8293 ms/op
WorkloadResult   5: 1 op, 5800744.00 ns, 5.8007 ms/op
// GC:  0 0 0 1318656 1
// Threading:  0 0 1

// AfterAll
// Benchmark Process 3562 has exited with code 0.

Mean = 5.806 ms, StdErr = 0.012 ms (0.20%), N = 5, StdDev = 0.026 ms
Min = 5.773 ms, Q1 = 5.793 ms, Median = 5.801 ms, Q3 = 5.829 ms, Max = 5.835 ms
IQR = 0.037 ms, LowerFence = 5.737 ms, UpperFence = 5.885 ms
ConfidenceInterval = [5.707 ms; 5.906 ms] (CI 99.9%), Margin = 0.099 ms (1.71% of Mean)
Skewness = -0.02, Kurtosis = 0.98, MValue = 2

// ** Remained 47 (72.3 %) benchmark(s) to run. Estimated finish 2026-08-23 3:32 (0h 6m from now) **
// **************************
// Benchmark: FirstResolutionBenchmarks.Needlr_SourceGen_BuildAndResolveFirst: ShortRun(InvocationCount=1, IterationCount=5, LaunchCount=1, UnrollFactor=1, WarmupCount=3)
// *** Execute ***
// Launch: 1 / 1
// Execute: dotnet 34652669-8378-4209-b79e-5df6789d8a23.dll --anonymousPipes 163 164 --benchmarkName NexusLabs.Needlr.Benchmarks.Benchmarks.FirstResolutionBenchmarks.Needlr_SourceGen_BuildAndResolveFirst --job ShortRun --benchmarkId 18 in /home/runner/work/needlr/needlr/src/NexusLabs.Needlr.Benchmarks/bin/Release/net10.0/34652669-8378-4209-b79e-5df6789d8a23/bin/Release/net10.0
// Failed to set up high priority (Permission denied). In order to run benchmarks with high priority, make sure you have the right permissions.
// BeforeAnythingElse

// Benchmark Process Environment Information:
// BenchmarkDotNet v0.14.0
// Runtime=.NET 10.0.11 (10.0.1126.37416), X64 RyuJIT AVX2
// GC=Concurrent Workstation
// HardwareIntrinsics=AVX2,AES,BMI1,BMI2,FMA,LZCNT,PCLMUL,POPCNT VectorSize=256
// Job: ShortRun(InvocationCount=1, IterationCount=5, LaunchCount=1, UnrollFactor=1, WarmupCount=3)

OverheadJitting  1: 1 op, 316793.00 ns, 316.7930 us/op
WorkloadJitting  1: 1 op, 50616874.00 ns, 50.6169 ms/op

OverheadWarmup   1: 1 op, 450.00 ns, 450.0000 ns/op
OverheadWarmup   2: 1 op, 331.00 ns, 331.0000 ns/op
OverheadWarmup   3: 1 op, 311.00 ns, 311.0000 ns/op
OverheadWarmup   4: 1 op, 311.00 ns, 311.0000 ns/op
OverheadWarmup   5: 1 op, 350.00 ns, 350.0000 ns/op
OverheadWarmup   6: 1 op, 320.00 ns, 320.0000 ns/op
OverheadWarmup   7: 1 op, 331.00 ns, 331.0000 ns/op

OverheadActual   1: 1 op, 341.00 ns, 341.0000 ns/op
OverheadActual   2: 1 op, 371.00 ns, 371.0000 ns/op
OverheadActual   3: 1 op, 371.00 ns, 371.0000 ns/op
OverheadActual   4: 1 op, 340.00 ns, 340.0000 ns/op
OverheadActual   5: 1 op, 350.00 ns, 350.0000 ns/op
OverheadActual   6: 1 op, 331.00 ns, 331.0000 ns/op
OverheadActual   7: 1 op, 300.00 ns, 300.0000 ns/op
OverheadActual   8: 1 op, 311.00 ns, 311.0000 ns/op
OverheadActual   9: 1 op, 310.00 ns, 310.0000 ns/op
OverheadActual  10: 1 op, 310.00 ns, 310.0000 ns/op
OverheadActual  11: 1 op, 331.00 ns, 331.0000 ns/op
OverheadActual  12: 1 op, 360.00 ns, 360.0000 ns/op
OverheadActual  13: 1 op, 772.00 ns, 772.0000 ns/op
OverheadActual  14: 1 op, 350.00 ns, 350.0000 ns/op
OverheadActual  15: 1 op, 350.00 ns, 350.0000 ns/op
OverheadActual  16: 1 op, 351.00 ns, 351.0000 ns/op
OverheadActual  17: 1 op, 351.00 ns, 351.0000 ns/op
OverheadActual  18: 1 op, 741.00 ns, 741.0000 ns/op
OverheadActual  19: 1 op, 541.00 ns, 541.0000 ns/op
OverheadActual  20: 1 op, 661.00 ns, 661.0000 ns/op

WorkloadWarmup   1: 1 op, 841134.00 ns, 841.1340 us/op
WorkloadWarmup   2: 1 op, 473957.00 ns, 473.9570 us/op
WorkloadWarmup   3: 1 op, 504233.00 ns, 504.2330 us/op

// BeforeActualRun
WorkloadActual   1: 1 op, 472704.00 ns, 472.7040 us/op
WorkloadActual   2: 1 op, 464639.00 ns, 464.6390 us/op
WorkloadActual   3: 1 op, 499294.00 ns, 499.2940 us/op
WorkloadActual   4: 1 op, 496188.00 ns, 496.1880 us/op
WorkloadActual   5: 1 op, 456654.00 ns, 456.6540 us/op

// AfterActualRun
WorkloadResult   1: 1 op, 472354.00 ns, 472.3540 us/op
WorkloadResult   2: 1 op, 464289.00 ns, 464.2890 us/op
WorkloadResult   3: 1 op, 498944.00 ns, 498.9440 us/op
WorkloadResult   4: 1 op, 495838.00 ns, 495.8380 us/op
WorkloadResult   5: 1 op, 456304.00 ns, 456.3040 us/op
// GC:  0 0 0 217768 1
// Threading:  0 0 1

// AfterAll
// Benchmark Process 3569 has exited with code 0.

Mean = 477.546 μs, StdErr = 8.504 μs (1.78%), N = 5, StdDev = 19.016 μs
Min = 456.304 μs, Q1 = 464.289 μs, Median = 472.354 μs, Q3 = 495.838 μs, Max = 498.944 μs
IQR = 31.549 μs, LowerFence = 416.966 μs, UpperFence = 543.162 μs
ConfidenceInterval = [404.323 μs; 550.769 μs] (CI 99.9%), Margin = 73.223 μs (15.33% of Mean)
Skewness = 0.11, Kurtosis = 0.85, MValue = 2

// ** Remained 46 (70.8 %) benchmark(s) to run. Estimated finish 2026-08-23 3:31 (0h 6m from now) **
// ***** BenchmarkRunner: Finish  *****

// * Export *
  home/runner/work/needlr/needlr/benchmark-results/results/NexusLabs.Needlr.Benchmarks.Benchmarks.FirstResolutionBenchmarks-report.csv
  home/runner/work/needlr/needlr/benchmark-results/results/NexusLabs.Needlr.Benchmarks.Benchmarks.FirstResolutionBenchmarks-report-github.md
  home/runner/work/needlr/needlr/benchmark-results/results/NexusLabs.Needlr.Benchmarks.Benchmarks.FirstResolutionBenchmarks-report.html
  home/runner/work/needlr/needlr/benchmark-results/results/NexusLabs.Needlr.Benchmarks.Benchmarks.FirstResolutionBenchmarks-report-full-compressed.json
  home/runner/work/needlr/needlr/benchmark-results/results/NexusLabs.Needlr.Benchmarks.Benchmarks.FirstResolutionBenchmarks-report-default.md

// * Detailed results *
FirstResolutionBenchmarks.ManualDI_BuildAndResolveFirst: ShortRun(InvocationCount=1, IterationCount=5, LaunchCount=1, UnrollFactor=1, WarmupCount=3)
Runtime = .NET 10.0.11 (10.0.1126.37416), X64 RyuJIT AVX2; GC = Concurrent Workstation
Mean = 26.081 μs, StdErr = 0.057 μs (0.22%), N = 4, StdDev = 0.113 μs
Min = 25.959 μs, Q1 = 26.004 μs, Median = 26.079 μs, Q3 = 26.157 μs, Max = 26.209 μs
IQR = 0.152 μs, LowerFence = 25.775 μs, UpperFence = 26.385 μs
ConfidenceInterval = [25.350 μs; 26.813 μs] (CI 99.9%), Margin = 0.732 μs (2.81% of Mean)
Skewness = 0.03, Kurtosis = 0.78, MValue = 2
-------------------- Histogram --------------------
[25.865 μs ; 26.303 μs) | @@@@
---------------------------------------------------

FirstResolutionBenchmarks.Needlr_Reflection_BuildAndResolveFirst: ShortRun(InvocationCount=1, IterationCount=5, LaunchCount=1, UnrollFactor=1, WarmupCount=3)
Runtime = .NET 10.0.11 (10.0.1126.37416), X64 RyuJIT AVX2; GC = Concurrent Workstation
Mean = 5.806 ms, StdErr = 0.012 ms (0.20%), N = 5, StdDev = 0.026 ms
Min = 5.773 ms, Q1 = 5.793 ms, Median = 5.801 ms, Q3 = 5.829 ms, Max = 5.835 ms
IQR = 0.037 ms, LowerFence = 5.737 ms, UpperFence = 5.885 ms
ConfidenceInterval = [5.707 ms; 5.906 ms] (CI 99.9%), Margin = 0.099 ms (1.71% of Mean)
Skewness = -0.02, Kurtosis = 0.98, MValue = 2
-------------------- Histogram --------------------
[5.754 ms ; 5.855 ms) | @@@@@
---------------------------------------------------

FirstResolutionBenchmarks.Needlr_SourceGen_BuildAndResolveFirst: ShortRun(InvocationCount=1, IterationCount=5, LaunchCount=1, UnrollFactor=1, WarmupCount=3)
Runtime = .NET 10.0.11 (10.0.1126.37416), X64 RyuJIT AVX2; GC = Concurrent Workstation
Mean = 477.546 μs, StdErr = 8.504 μs (1.78%), N = 5, StdDev = 19.016 μs
Min = 456.304 μs, Q1 = 464.289 μs, Median = 472.354 μs, Q3 = 495.838 μs, Max = 498.944 μs
IQR = 31.549 μs, LowerFence = 416.966 μs, UpperFence = 543.162 μs
ConfidenceInterval = [404.323 μs; 550.769 μs] (CI 99.9%), Margin = 73.223 μs (15.33% of Mean)
Skewness = 0.11, Kurtosis = 0.85, MValue = 2
-------------------- Histogram --------------------
[449.733 μs ; 478.925 μs) | @@@
[478.925 μs ; 513.540 μs) | @@
---------------------------------------------------

// * Summary *

BenchmarkDotNet v0.14.0, Ubuntu 24.04.4 LTS (Noble Numbat)
AMD EPYC 7763, 1 CPU, 4 logical and 2 physical cores
.NET SDK 10.0.302
  [Host]   : .NET 10.0.11 (10.0.1126.37416), X64 RyuJIT AVX2
  ShortRun : .NET 10.0.11 (10.0.1126.37416), X64 RyuJIT AVX2

Job=ShortRun  InvocationCount=1  IterationCount=5  
LaunchCount=1  UnrollFactor=1  WarmupCount=3  

| Method                                 | Mean        | Error     | StdDev    | Ratio  | RatioSD | Rank | Allocated | Alloc Ratio |
|--------------------------------------- |------------:|----------:|----------:|-------:|--------:|-----:|----------:|------------:|
| ManualDI_BuildAndResolveFirst          |    26.08 μs |  0.732 μs |  0.113 μs |   1.00 |    0.01 |    1 |         - |          NA |
| Needlr_Reflection_BuildAndResolveFirst | 5,806.27 μs | 99.458 μs | 25.829 μs | 222.62 |    1.25 |    3 | 1318656 B |          NA |
| Needlr_SourceGen_BuildAndResolveFirst  |   477.55 μs | 73.223 μs | 19.016 μs |  18.31 |    0.67 |    2 |  217768 B |          NA |

// * Warnings *
MinIterationTime
  FirstResolutionBenchmarks.ManualDI_BuildAndResolveFirst: ShortRun          -> The minimum observed iteration time is 26.31μs which is very small. It's recommended to increase it to at least 100ms using more operations.
  FirstResolutionBenchmarks.Needlr_Reflection_BuildAndResolveFirst: ShortRun -> The minimum observed iteration time is 5.774ms which is very small. It's recommended to increase it to at least 100ms using more operations.
  FirstResolutionBenchmarks.Needlr_SourceGen_BuildAndResolveFirst: ShortRun  -> The minimum observed iteration time is 456.654μs which is very small. It's recommended to increase it to at least 100ms using more operations.

// * Hints *
Outliers
  FirstResolutionBenchmarks.ManualDI_BuildAndResolveFirst: ShortRun -> 1 outlier  was  removed (41.13 μs)
// * Config Issues *

// * Warnings *
Configuration
  Summary -> The exporter HtmlExporter is already present in configuration. There may be unexpected results.

// * Legends *
  Mean        : Arithmetic mean of all measurements
  Error       : Half of 99.9% confidence interval
  StdDev      : Standard deviation of all measurements
  Ratio       : Mean of the ratio distribution ([Current]/[Baseline])
  RatioSD     : Standard deviation of the ratio distribution ([Current]/[Baseline])
  Rank        : Relative position of current benchmark mean among all benchmarks (Arabic style)
  Allocated   : Allocated memory per single operation (managed only, inclusive, 1KB = 1024B)
  Alloc Ratio : Allocated memory ratio distribution ([Current]/[Baseline])
  1 μs        : 1 Microsecond (0.000001 sec)

// * Diagnostic Output - MemoryDiagnoser *


// ***** BenchmarkRunner: End *****
Run time: 00:00:00 (0.73 sec), executed benchmarks: 3

// Found 4 benchmarks:
//   HostBuildBenchmarks.ManualDI_BuildHost: ShortRun(InvocationCount=1, IterationCount=5, LaunchCount=1, UnrollFactor=1, WarmupCount=3)
//   HostBuildBenchmarks.Needlr_Reflection_BuildHost: ShortRun(InvocationCount=1, IterationCount=5, LaunchCount=1, UnrollFactor=1, WarmupCount=3)
//   HostBuildBenchmarks.Needlr_SourceGen_BuildHost: ShortRun(InvocationCount=1, IterationCount=5, LaunchCount=1, UnrollFactor=1, WarmupCount=3)
//   HostBuildBenchmarks.Needlr_SourceGenExplicit_BuildHost: ShortRun(InvocationCount=1, IterationCount=5, LaunchCount=1, UnrollFactor=1, WarmupCount=3)

// **************************
// Benchmark: HostBuildBenchmarks.ManualDI_BuildHost: ShortRun(InvocationCount=1, IterationCount=5, LaunchCount=1, UnrollFactor=1, WarmupCount=3)
// *** Execute ***
// Launch: 1 / 1
// Execute: dotnet 34652669-8378-4209-b79e-5df6789d8a23.dll --anonymousPipes 163 164 --benchmarkName NexusLabs.Needlr.Benchmarks.Benchmarks.HostBuildBenchmarks.ManualDI_BuildHost --job ShortRun --benchmarkId 19 in /home/runner/work/needlr/needlr/src/NexusLabs.Needlr.Benchmarks/bin/Release/net10.0/34652669-8378-4209-b79e-5df6789d8a23/bin/Release/net10.0
// Failed to set up high priority (Permission denied). In order to run benchmarks with high priority, make sure you have the right permissions.
// BeforeAnythingElse

// Benchmark Process Environment Information:
// BenchmarkDotNet v0.14.0
// Runtime=.NET 10.0.11 (10.0.1126.37416), X64 RyuJIT AVX2
// GC=Concurrent Workstation
// HardwareIntrinsics=AVX2,AES,BMI1,BMI2,FMA,LZCNT,PCLMUL,POPCNT VectorSize=256
// Job: ShortRun(InvocationCount=1, IterationCount=5, LaunchCount=1, UnrollFactor=1, WarmupCount=3)

OverheadJitting  1: 1 op, 338544.00 ns, 338.5440 us/op
WorkloadJitting  1: 1 op, 47781769.00 ns, 47.7818 ms/op

OverheadWarmup   1: 1 op, 421.00 ns, 421.0000 ns/op
OverheadWarmup   2: 1 op, 671.00 ns, 671.0000 ns/op
OverheadWarmup   3: 1 op, 301.00 ns, 301.0000 ns/op
OverheadWarmup   4: 1 op, 341.00 ns, 341.0000 ns/op
OverheadWarmup   5: 1 op, 361.00 ns, 361.0000 ns/op
OverheadWarmup   6: 1 op, 330.00 ns, 330.0000 ns/op

OverheadActual   1: 1 op, 401.00 ns, 401.0000 ns/op
OverheadActual   2: 1 op, 341.00 ns, 341.0000 ns/op
OverheadActual   3: 1 op, 652.00 ns, 652.0000 ns/op
OverheadActual   4: 1 op, 652.00 ns, 652.0000 ns/op
OverheadActual   5: 1 op, 692.00 ns, 692.0000 ns/op
OverheadActual   6: 1 op, 381.00 ns, 381.0000 ns/op
OverheadActual   7: 1 op, 331.00 ns, 331.0000 ns/op
OverheadActual   8: 1 op, 300.00 ns, 300.0000 ns/op
OverheadActual   9: 1 op, 681.00 ns, 681.0000 ns/op
OverheadActual  10: 1 op, 360.00 ns, 360.0000 ns/op
OverheadActual  11: 1 op, 711.00 ns, 711.0000 ns/op
OverheadActual  12: 1 op, 702.00 ns, 702.0000 ns/op
OverheadActual  13: 1 op, 351.00 ns, 351.0000 ns/op
OverheadActual  14: 1 op, 310.00 ns, 310.0000 ns/op
OverheadActual  15: 1 op, 291.00 ns, 291.0000 ns/op
OverheadActual  16: 1 op, 340.00 ns, 340.0000 ns/op
OverheadActual  17: 1 op, 301.00 ns, 301.0000 ns/op
OverheadActual  18: 1 op, 310.00 ns, 310.0000 ns/op
OverheadActual  19: 1 op, 321.00 ns, 321.0000 ns/op
OverheadActual  20: 1 op, 641.00 ns, 641.0000 ns/op

WorkloadWarmup   1: 1 op, 2980498.00 ns, 2.9805 ms/op
WorkloadWarmup   2: 1 op, 2234010.00 ns, 2.2340 ms/op
WorkloadWarmup   3: 1 op, 2432482.00 ns, 2.4325 ms/op

// BeforeActualRun
WorkloadActual   1: 1 op, 2461706.00 ns, 2.4617 ms/op
WorkloadActual   2: 1 op, 2188936.00 ns, 2.1889 ms/op
WorkloadActual   3: 1 op, 2142369.00 ns, 2.1424 ms/op
WorkloadActual   4: 1 op, 2245442.00 ns, 2.2454 ms/op
WorkloadActual   5: 1 op, 2171813.00 ns, 2.1718 ms/op

// AfterActualRun
WorkloadResult   1: 1 op, 2188580.50 ns, 2.1886 ms/op
WorkloadResult   2: 1 op, 2142013.50 ns, 2.1420 ms/op
WorkloadResult   3: 1 op, 2245086.50 ns, 2.2451 ms/op
WorkloadResult   4: 1 op, 2171457.50 ns, 2.1715 ms/op
// GC:  0 0 0 326608 1
// Threading:  0 0 1

// AfterAll
// Benchmark Process 3576 has exited with code 0.

Mean = 2.187 ms, StdErr = 0.022 ms (0.99%), N = 4, StdDev = 0.043 ms
Min = 2.142 ms, Q1 = 2.164 ms, Median = 2.180 ms, Q3 = 2.203 ms, Max = 2.245 ms
IQR = 0.039 ms, LowerFence = 2.106 ms, UpperFence = 2.261 ms
ConfidenceInterval = [1.907 ms; 2.467 ms] (CI 99.9%), Margin = 0.280 ms (12.81% of Mean)
Skewness = 0.32, Kurtosis = 1.1, MValue = 2

// ** Remained 45 (69.2 %) benchmark(s) to run. Estimated finish 2026-08-23 3:31 (0h 5m from now) **
// **************************
// Benchmark: HostBuildBenchmarks.Needlr_Reflection_BuildHost: ShortRun(InvocationCount=1, IterationCount=5, LaunchCount=1, UnrollFactor=1, WarmupCount=3)
// *** Execute ***
// Launch: 1 / 1
// Execute: dotnet 34652669-8378-4209-b79e-5df6789d8a23.dll --anonymousPipes 163 164 --benchmarkName NexusLabs.Needlr.Benchmarks.Benchmarks.HostBuildBenchmarks.Needlr_Reflection_BuildHost --job ShortRun --benchmarkId 20 in /home/runner/work/needlr/needlr/src/NexusLabs.Needlr.Benchmarks/bin/Release/net10.0/34652669-8378-4209-b79e-5df6789d8a23/bin/Release/net10.0
// Failed to set up high priority (Permission denied). In order to run benchmarks with high priority, make sure you have the right permissions.
// BeforeAnythingElse

// Benchmark Process Environment Information:
// BenchmarkDotNet v0.14.0
// Runtime=.NET 10.0.11 (10.0.1126.37416), X64 RyuJIT AVX2
// GC=Concurrent Workstation
// HardwareIntrinsics=AVX2,AES,BMI1,BMI2,FMA,LZCNT,PCLMUL,POPCNT VectorSize=256
// Job: ShortRun(InvocationCount=1, IterationCount=5, LaunchCount=1, UnrollFactor=1, WarmupCount=3)

OverheadJitting  1: 1 op, 451525.00 ns, 451.5250 us/op
WorkloadJitting  1: 1 op, 94695502.00 ns, 94.6955 ms/op

OverheadWarmup   1: 1 op, 351.00 ns, 351.0000 ns/op
OverheadWarmup   2: 1 op, 311.00 ns, 311.0000 ns/op
OverheadWarmup   3: 1 op, 271.00 ns, 271.0000 ns/op
OverheadWarmup   4: 1 op, 321.00 ns, 321.0000 ns/op
OverheadWarmup   5: 1 op, 360.00 ns, 360.0000 ns/op
OverheadWarmup   6: 1 op, 320.00 ns, 320.0000 ns/op
OverheadWarmup   7: 1 op, 320.00 ns, 320.0000 ns/op
OverheadWarmup   8: 1 op, 300.00 ns, 300.0000 ns/op

OverheadActual   1: 1 op, 360.00 ns, 360.0000 ns/op
OverheadActual   2: 1 op, 361.00 ns, 361.0000 ns/op
OverheadActual   3: 1 op, 341.00 ns, 341.0000 ns/op
OverheadActual   4: 1 op, 330.00 ns, 330.0000 ns/op
OverheadActual   5: 1 op, 320.00 ns, 320.0000 ns/op
OverheadActual   6: 1 op, 310.00 ns, 310.0000 ns/op
OverheadActual   7: 1 op, 320.00 ns, 320.0000 ns/op
OverheadActual   8: 1 op, 290.00 ns, 290.0000 ns/op
OverheadActual   9: 1 op, 271.00 ns, 271.0000 ns/op
OverheadActual  10: 1 op, 321.00 ns, 321.0000 ns/op
OverheadActual  11: 1 op, 331.00 ns, 331.0000 ns/op
OverheadActual  12: 1 op, 331.00 ns, 331.0000 ns/op
OverheadActual  13: 1 op, 320.00 ns, 320.0000 ns/op
OverheadActual  14: 1 op, 310.00 ns, 310.0000 ns/op
OverheadActual  15: 1 op, 300.00 ns, 300.0000 ns/op
OverheadActual  16: 1 op, 321.00 ns, 321.0000 ns/op
OverheadActual  17: 1 op, 281.00 ns, 281.0000 ns/op
OverheadActual  18: 1 op, 320.00 ns, 320.0000 ns/op
OverheadActual  19: 1 op, 260.00 ns, 260.0000 ns/op
OverheadActual  20: 1 op, 321.00 ns, 321.0000 ns/op

WorkloadWarmup   1: 1 op, 10340288.00 ns, 10.3403 ms/op
WorkloadWarmup   2: 1 op, 8306383.00 ns, 8.3064 ms/op
WorkloadWarmup   3: 1 op, 8240068.00 ns, 8.2401 ms/op

// BeforeActualRun
WorkloadActual   1: 1 op, 8360394.00 ns, 8.3604 ms/op
WorkloadActual   2: 1 op, 8307995.00 ns, 8.3080 ms/op
WorkloadActual   3: 1 op, 8235911.00 ns, 8.2359 ms/op
WorkloadActual   4: 1 op, 8175017.00 ns, 8.1750 ms/op
WorkloadActual   5: 1 op, 8202619.00 ns, 8.2026 ms/op

// AfterActualRun
WorkloadResult   1: 1 op, 8360074.00 ns, 8.3601 ms/op
WorkloadResult   2: 1 op, 8307675.00 ns, 8.3077 ms/op
WorkloadResult   3: 1 op, 8235591.00 ns, 8.2356 ms/op
WorkloadResult   4: 1 op, 8174697.00 ns, 8.1747 ms/op
WorkloadResult   5: 1 op, 8202299.00 ns, 8.2023 ms/op
// GC:  0 0 0 1642976 1
// Threading:  0 0 1

// AfterAll
// Benchmark Process 3603 has exited with code 0.

Mean = 8.256 ms, StdErr = 0.034 ms (0.41%), N = 5, StdDev = 0.077 ms
Min = 8.175 ms, Q1 = 8.202 ms, Median = 8.236 ms, Q3 = 8.308 ms, Max = 8.360 ms
IQR = 0.105 ms, LowerFence = 8.044 ms, UpperFence = 8.466 ms
ConfidenceInterval = [7.961 ms; 8.551 ms] (CI 99.9%), Margin = 0.295 ms (3.57% of Mean)
Skewness = 0.25, Kurtosis = 1.03, MValue = 2

// ** Remained 44 (67.7 %) benchmark(s) to run. Estimated finish 2026-08-23 3:30 (0h 5m from now) **
// **************************
// Benchmark: HostBuildBenchmarks.Needlr_SourceGen_BuildHost: ShortRun(InvocationCount=1, IterationCount=5, LaunchCount=1, UnrollFactor=1, WarmupCount=3)
// *** Execute ***
// Launch: 1 / 1
// Execute: dotnet 34652669-8378-4209-b79e-5df6789d8a23.dll --anonymousPipes 163 164 --benchmarkName NexusLabs.Needlr.Benchmarks.Benchmarks.HostBuildBenchmarks.Needlr_SourceGen_BuildHost --job ShortRun --benchmarkId 21 in /home/runner/work/needlr/needlr/src/NexusLabs.Needlr.Benchmarks/bin/Release/net10.0/34652669-8378-4209-b79e-5df6789d8a23/bin/Release/net10.0
// Failed to set up high priority (Permission denied). In order to run benchmarks with high priority, make sure you have the right permissions.
// BeforeAnythingElse

// Benchmark Process Environment Information:
// BenchmarkDotNet v0.14.0
// Runtime=.NET 10.0.11 (10.0.1126.37416), X64 RyuJIT AVX2
// GC=Concurrent Workstation
// HardwareIntrinsics=AVX2,AES,BMI1,BMI2,FMA,LZCNT,PCLMUL,POPCNT VectorSize=256
// Job: ShortRun(InvocationCount=1, IterationCount=5, LaunchCount=1, UnrollFactor=1, WarmupCount=3)

OverheadJitting  1: 1 op, 310672.00 ns, 310.6720 us/op
WorkloadJitting  1: 1 op, 80805462.00 ns, 80.8055 ms/op

OverheadWarmup   1: 1 op, 371.00 ns, 371.0000 ns/op
OverheadWarmup   2: 1 op, 331.00 ns, 331.0000 ns/op
OverheadWarmup   3: 1 op, 300.00 ns, 300.0000 ns/op
OverheadWarmup   4: 1 op, 731.00 ns, 731.0000 ns/op
OverheadWarmup   5: 1 op, 851.00 ns, 851.0000 ns/op
OverheadWarmup   6: 1 op, 340.00 ns, 340.0000 ns/op
OverheadWarmup   7: 1 op, 361.00 ns, 361.0000 ns/op
OverheadWarmup   8: 1 op, 351.00 ns, 351.0000 ns/op

OverheadActual   1: 1 op, 351.00 ns, 351.0000 ns/op
OverheadActual   2: 1 op, 411.00 ns, 411.0000 ns/op
OverheadActual   3: 1 op, 360.00 ns, 360.0000 ns/op
OverheadActual   4: 1 op, 671.00 ns, 671.0000 ns/op
OverheadActual   5: 1 op, 371.00 ns, 371.0000 ns/op
OverheadActual   6: 1 op, 340.00 ns, 340.0000 ns/op
OverheadActual   7: 1 op, 772.00 ns, 772.0000 ns/op
OverheadActual   8: 1 op, 321.00 ns, 321.0000 ns/op
OverheadActual   9: 1 op, 321.00 ns, 321.0000 ns/op
OverheadActual  10: 1 op, 741.00 ns, 741.0000 ns/op
OverheadActual  11: 1 op, 320.00 ns, 320.0000 ns/op
OverheadActual  12: 1 op, 361.00 ns, 361.0000 ns/op
OverheadActual  13: 1 op, 692.00 ns, 692.0000 ns/op
OverheadActual  14: 1 op, 391.00 ns, 391.0000 ns/op
OverheadActual  15: 1 op, 682.00 ns, 682.0000 ns/op
OverheadActual  16: 1 op, 672.00 ns, 672.0000 ns/op
OverheadActual  17: 1 op, 320.00 ns, 320.0000 ns/op
OverheadActual  18: 1 op, 371.00 ns, 371.0000 ns/op
OverheadActual  19: 1 op, 661.00 ns, 661.0000 ns/op
OverheadActual  20: 1 op, 331.00 ns, 331.0000 ns/op

WorkloadWarmup   1: 1 op, 4026885.00 ns, 4.0269 ms/op
WorkloadWarmup   2: 1 op, 2966932.00 ns, 2.9669 ms/op
WorkloadWarmup   3: 1 op, 2950761.00 ns, 2.9508 ms/op

// BeforeActualRun
WorkloadActual   1: 1 op, 2877335.00 ns, 2.8773 ms/op
WorkloadActual   2: 1 op, 2858939.00 ns, 2.8589 ms/op
WorkloadActual   3: 1 op, 2914212.00 ns, 2.9142 ms/op
WorkloadActual   4: 1 op, 2963004.00 ns, 2.9630 ms/op
WorkloadActual   5: 1 op, 2935092.00 ns, 2.9351 ms/op

// AfterActualRun
WorkloadResult   1: 1 op, 2876964.00 ns, 2.8770 ms/op
WorkloadResult   2: 1 op, 2858568.00 ns, 2.8586 ms/op
WorkloadResult   3: 1 op, 2913841.00 ns, 2.9138 ms/op
WorkloadResult   4: 1 op, 2962633.00 ns, 2.9626 ms/op
WorkloadResult   5: 1 op, 2934721.00 ns, 2.9347 ms/op
// GC:  0 0 0 639880 1
// Threading:  0 0 1

// AfterAll
// Benchmark Process 3630 has exited with code 0.

Mean = 2.909 ms, StdErr = 0.019 ms (0.65%), N = 5, StdDev = 0.042 ms
Min = 2.859 ms, Q1 = 2.877 ms, Median = 2.914 ms, Q3 = 2.935 ms, Max = 2.963 ms
IQR = 0.058 ms, LowerFence = 2.790 ms, UpperFence = 3.021 ms
ConfidenceInterval = [2.747 ms; 3.072 ms] (CI 99.9%), Margin = 0.163 ms (5.59% of Mean)
Skewness = 0.01, Kurtosis = 1.02, MValue = 2

// ** Remained 43 (66.2 %) benchmark(s) to run. Estimated finish 2026-08-23 3:30 (0h 5m from now) **
// **************************
// Benchmark: HostBuildBenchmarks.Needlr_SourceGenExplicit_BuildHost: ShortRun(InvocationCount=1, IterationCount=5, LaunchCount=1, UnrollFactor=1, WarmupCount=3)
// *** Execute ***
// Launch: 1 / 1
// Execute: dotnet 34652669-8378-4209-b79e-5df6789d8a23.dll --anonymousPipes 163 164 --benchmarkName NexusLabs.Needlr.Benchmarks.Benchmarks.HostBuildBenchmarks.Needlr_SourceGenExplicit_BuildHost --job ShortRun --benchmarkId 22 in /home/runner/work/needlr/needlr/src/NexusLabs.Needlr.Benchmarks/bin/Release/net10.0/34652669-8378-4209-b79e-5df6789d8a23/bin/Release/net10.0
// Failed to set up high priority (Permission denied). In order to run benchmarks with high priority, make sure you have the right permissions.
// BeforeAnythingElse

// Benchmark Process Environment Information:
// BenchmarkDotNet v0.14.0
// Runtime=.NET 10.0.11 (10.0.1126.37416), X64 RyuJIT AVX2
// GC=Concurrent Workstation
// HardwareIntrinsics=AVX2,AES,BMI1,BMI2,FMA,LZCNT,PCLMUL,POPCNT VectorSize=256
// Job: ShortRun(InvocationCount=1, IterationCount=5, LaunchCount=1, UnrollFactor=1, WarmupCount=3)

OverheadJitting  1: 1 op, 328845.00 ns, 328.8450 us/op
WorkloadJitting  1: 1 op, 79661842.00 ns, 79.6618 ms/op

OverheadWarmup   1: 1 op, 832.00 ns, 832.0000 ns/op
OverheadWarmup   2: 1 op, 701.00 ns, 701.0000 ns/op
OverheadWarmup   3: 1 op, 491.00 ns, 491.0000 ns/op
OverheadWarmup   4: 1 op, 702.00 ns, 702.0000 ns/op
OverheadWarmup   5: 1 op, 431.00 ns, 431.0000 ns/op
OverheadWarmup   6: 1 op, 391.00 ns, 391.0000 ns/op
OverheadWarmup   7: 1 op, 370.00 ns, 370.0000 ns/op
OverheadWarmup   8: 1 op, 371.00 ns, 371.0000 ns/op
OverheadWarmup   9: 1 op, 381.00 ns, 381.0000 ns/op
OverheadWarmup  10: 1 op, 361.00 ns, 361.0000 ns/op

OverheadActual   1: 1 op, 391.00 ns, 391.0000 ns/op
OverheadActual   2: 1 op, 391.00 ns, 391.0000 ns/op
OverheadActual   3: 1 op, 381.00 ns, 381.0000 ns/op
OverheadActual   4: 1 op, 792.00 ns, 792.0000 ns/op
OverheadActual   5: 1 op, 381.00 ns, 381.0000 ns/op
OverheadActual   6: 1 op, 772.00 ns, 772.0000 ns/op
OverheadActual   7: 1 op, 381.00 ns, 381.0000 ns/op
OverheadActual   8: 1 op, 400.00 ns, 400.0000 ns/op
OverheadActual   9: 1 op, 381.00 ns, 381.0000 ns/op
OverheadActual  10: 1 op, 661.00 ns, 661.0000 ns/op
OverheadActual  11: 1 op, 401.00 ns, 401.0000 ns/op
OverheadActual  12: 1 op, 752.00 ns, 752.0000 ns/op
OverheadActual  13: 1 op, 381.00 ns, 381.0000 ns/op
OverheadActual  14: 1 op, 701.00 ns, 701.0000 ns/op
OverheadActual  15: 1 op, 721.00 ns, 721.0000 ns/op
OverheadActual  16: 1 op, 351.00 ns, 351.0000 ns/op
OverheadActual  17: 1 op, 731.00 ns, 731.0000 ns/op
OverheadActual  18: 1 op, 370.00 ns, 370.0000 ns/op
OverheadActual  19: 1 op, 692.00 ns, 692.0000 ns/op
OverheadActual  20: 1 op, 641.00 ns, 641.0000 ns/op

WorkloadWarmup   1: 1 op, 4116041.00 ns, 4.1160 ms/op
WorkloadWarmup   2: 1 op, 2935323.00 ns, 2.9353 ms/op
WorkloadWarmup   3: 1 op, 2868374.00 ns, 2.8684 ms/op

// BeforeActualRun
WorkloadActual   1: 1 op, 2870371.00 ns, 2.8704 ms/op
WorkloadActual   2: 1 op, 2926676.00 ns, 2.9267 ms/op
WorkloadActual   3: 1 op, 2866834.00 ns, 2.8668 ms/op
WorkloadActual   4: 1 op, 2898283.00 ns, 2.8983 ms/op
WorkloadActual   5: 1 op, 2826549.00 ns, 2.8265 ms/op

// AfterActualRun
WorkloadResult   1: 1 op, 2869970.50 ns, 2.8700 ms/op
WorkloadResult   2: 1 op, 2926275.50 ns, 2.9263 ms/op
WorkloadResult   3: 1 op, 2866433.50 ns, 2.8664 ms/op
WorkloadResult   4: 1 op, 2897882.50 ns, 2.8979 ms/op
WorkloadResult   5: 1 op, 2826148.50 ns, 2.8261 ms/op
// GC:  0 0 0 565856 1
// Threading:  0 0 1

// AfterAll
// Benchmark Process 3657 has exited with code 0.

Mean = 2.877 ms, StdErr = 0.017 ms (0.58%), N = 5, StdDev = 0.037 ms
Min = 2.826 ms, Q1 = 2.866 ms, Median = 2.870 ms, Q3 = 2.898 ms, Max = 2.926 ms
IQR = 0.031 ms, LowerFence = 2.819 ms, UpperFence = 2.945 ms
ConfidenceInterval = [2.733 ms; 3.022 ms] (CI 99.9%), Margin = 0.144 ms (5.01% of Mean)
Skewness = -0.04, Kurtosis = 1.3, MValue = 2

// ** Remained 42 (64.6 %) benchmark(s) to run. Estimated finish 2026-08-23 3:30 (0h 4m from now) **
// ***** BenchmarkRunner: Finish  *****

// * Export *
  home/runner/work/needlr/needlr/benchmark-results/results/NexusLabs.Needlr.Benchmarks.Benchmarks.HostBuildBenchmarks-report.csv
  home/runner/work/needlr/needlr/benchmark-results/results/NexusLabs.Needlr.Benchmarks.Benchmarks.HostBuildBenchmarks-report-github.md
  home/runner/work/needlr/needlr/benchmark-results/results/NexusLabs.Needlr.Benchmarks.Benchmarks.HostBuildBenchmarks-report.html
  home/runner/work/needlr/needlr/benchmark-results/results/NexusLabs.Needlr.Benchmarks.Benchmarks.HostBuildBenchmarks-report-full-compressed.json
  home/runner/work/needlr/needlr/benchmark-results/results/NexusLabs.Needlr.Benchmarks.Benchmarks.HostBuildBenchmarks-report-default.md

// * Detailed results *
HostBuildBenchmarks.ManualDI_BuildHost: ShortRun(InvocationCount=1, IterationCount=5, LaunchCount=1, UnrollFactor=1, WarmupCount=3)
Runtime = .NET 10.0.11 (10.0.1126.37416), X64 RyuJIT AVX2; GC = Concurrent Workstation
Mean = 2.187 ms, StdErr = 0.022 ms (0.99%), N = 4, StdDev = 0.043 ms
Min = 2.142 ms, Q1 = 2.164 ms, Median = 2.180 ms, Q3 = 2.203 ms, Max = 2.245 ms
IQR = 0.039 ms, LowerFence = 2.106 ms, UpperFence = 2.261 ms
ConfidenceInterval = [1.907 ms; 2.467 ms] (CI 99.9%), Margin = 0.280 ms (12.81% of Mean)
Skewness = 0.32, Kurtosis = 1.1, MValue = 2
-------------------- Histogram --------------------
[2.129 ms ; 2.201 ms) | @@@
[2.201 ms ; 2.281 ms) | @
---------------------------------------------------

HostBuildBenchmarks.Needlr_Reflection_BuildHost: ShortRun(InvocationCount=1, IterationCount=5, LaunchCount=1, UnrollFactor=1, WarmupCount=3)
Runtime = .NET 10.0.11 (10.0.1126.37416), X64 RyuJIT AVX2; GC = Concurrent Workstation
Mean = 8.256 ms, StdErr = 0.034 ms (0.41%), N = 5, StdDev = 0.077 ms
Min = 8.175 ms, Q1 = 8.202 ms, Median = 8.236 ms, Q3 = 8.308 ms, Max = 8.360 ms
IQR = 0.105 ms, LowerFence = 8.044 ms, UpperFence = 8.466 ms
ConfidenceInterval = [7.961 ms; 8.551 ms] (CI 99.9%), Margin = 0.295 ms (3.57% of Mean)
Skewness = 0.25, Kurtosis = 1.03, MValue = 2
-------------------- Histogram --------------------
[8.116 ms ; 8.419 ms) | @@@@@
---------------------------------------------------

HostBuildBenchmarks.Needlr_SourceGen_BuildHost: ShortRun(InvocationCount=1, IterationCount=5, LaunchCount=1, UnrollFactor=1, WarmupCount=3)
Runtime = .NET 10.0.11 (10.0.1126.37416), X64 RyuJIT AVX2; GC = Concurrent Workstation
Mean = 2.909 ms, StdErr = 0.019 ms (0.65%), N = 5, StdDev = 0.042 ms
Min = 2.859 ms, Q1 = 2.877 ms, Median = 2.914 ms, Q3 = 2.935 ms, Max = 2.963 ms
IQR = 0.058 ms, LowerFence = 2.790 ms, UpperFence = 3.021 ms
ConfidenceInterval = [2.747 ms; 3.072 ms] (CI 99.9%), Margin = 0.163 ms (5.59% of Mean)
Skewness = 0.01, Kurtosis = 1.02, MValue = 2
-------------------- Histogram --------------------
[2.835 ms ; 2.906 ms) | @@
[2.906 ms ; 2.971 ms) | @@@
---------------------------------------------------

HostBuildBenchmarks.Needlr_SourceGenExplicit_BuildHost: ShortRun(InvocationCount=1, IterationCount=5, LaunchCount=1, UnrollFactor=1, WarmupCount=3)
Runtime = .NET 10.0.11 (10.0.1126.37416), X64 RyuJIT AVX2; GC = Concurrent Workstation
Mean = 2.877 ms, StdErr = 0.017 ms (0.58%), N = 5, StdDev = 0.037 ms
Min = 2.826 ms, Q1 = 2.866 ms, Median = 2.870 ms, Q3 = 2.898 ms, Max = 2.926 ms
IQR = 0.031 ms, LowerFence = 2.819 ms, UpperFence = 2.945 ms
ConfidenceInterval = [2.733 ms; 3.022 ms] (CI 99.9%), Margin = 0.144 ms (5.01% of Mean)
Skewness = -0.04, Kurtosis = 1.3, MValue = 2
-------------------- Histogram --------------------
[2.797 ms ; 2.955 ms) | @@@@@
---------------------------------------------------

// * Summary *

BenchmarkDotNet v0.14.0, Ubuntu 24.04.4 LTS (Noble Numbat)
AMD EPYC 7763, 1 CPU, 4 logical and 2 physical cores
.NET SDK 10.0.302
  [Host]   : .NET 10.0.11 (10.0.1126.37416), X64 RyuJIT AVX2
  ShortRun : .NET 10.0.11 (10.0.1126.37416), X64 RyuJIT AVX2

Job=ShortRun  InvocationCount=1  IterationCount=5  
LaunchCount=1  UnrollFactor=1  WarmupCount=3  

| Method                             | Mean     | Error     | StdDev    | Ratio | RatioSD | Rank | Allocated  | Alloc Ratio |
|----------------------------------- |---------:|----------:|----------:|------:|--------:|-----:|-----------:|------------:|
| ManualDI_BuildHost                 | 2.187 ms | 0.2802 ms | 0.0434 ms |  1.00 |    0.02 |    1 |  318.95 KB |        1.00 |
| Needlr_Reflection_BuildHost        | 8.256 ms | 0.2946 ms | 0.0765 ms |  3.78 |    0.07 |    3 | 1604.47 KB |        5.03 |
| Needlr_SourceGen_BuildHost         | 2.909 ms | 0.1626 ms | 0.0422 ms |  1.33 |    0.03 |    2 |  624.88 KB |        1.96 |
| Needlr_SourceGenExplicit_BuildHost | 2.877 ms | 0.1442 ms | 0.0375 ms |  1.32 |    0.03 |    2 |  552.59 KB |        1.73 |

// * Warnings *
MinIterationTime
  HostBuildBenchmarks.ManualDI_BuildHost: ShortRun                 -> The minimum observed iteration time is 2.142ms which is very small. It's recommended to increase it to at least 100ms using more operations.
  HostBuildBenchmarks.Needlr_Reflection_BuildHost: ShortRun        -> The minimum observed iteration time is 8.175ms which is very small. It's recommended to increase it to at least 100ms using more operations.
  HostBuildBenchmarks.Needlr_SourceGen_BuildHost: ShortRun         -> The minimum observed iteration time is 2.859ms which is very small. It's recommended to increase it to at least 100ms using more operations.
  HostBuildBenchmarks.Needlr_SourceGenExplicit_BuildHost: ShortRun -> The minimum observed iteration time is 2.827ms which is very small. It's recommended to increase it to at least 100ms using more operations.

// * Hints *
Outliers
  HostBuildBenchmarks.ManualDI_BuildHost: ShortRun -> 1 outlier  was  removed (2.46 ms)
// * Config Issues *

// * Warnings *
Configuration
  Summary -> The exporter HtmlExporter is already present in configuration. There may be unexpected results.

// * Legends *
  Mean        : Arithmetic mean of all measurements
  Error       : Half of 99.9% confidence interval
  StdDev      : Standard deviation of all measurements
  Ratio       : Mean of the ratio distribution ([Current]/[Baseline])
  RatioSD     : Standard deviation of the ratio distribution ([Current]/[Baseline])
  Rank        : Relative position of current benchmark mean among all benchmarks (Arabic style)
  Allocated   : Allocated memory per single operation (managed only, inclusive, 1KB = 1024B)
  Alloc Ratio : Allocated memory ratio distribution ([Current]/[Baseline])
  1 ms        : 1 Millisecond (0.001 sec)

// * Diagnostic Output - MemoryDiagnoser *


// ***** BenchmarkRunner: End *****
Run time: 00:00:01 (1.23 sec), executed benchmarks: 4

// Found 3 benchmarks:
//   KeyedServiceResolutionBenchmarks.ManualDI_ResolveKeyed: ShortRun(IterationCount=5, LaunchCount=1, WarmupCount=3)
//   KeyedServiceResolutionBenchmarks.Needlr_Reflection_ResolveKeyed: ShortRun(IterationCount=5, LaunchCount=1, WarmupCount=3)
//   KeyedServiceResolutionBenchmarks.Needlr_SourceGen_ResolveKeyed: ShortRun(IterationCount=5, LaunchCount=1, WarmupCount=3)

// **************************
// Benchmark: KeyedServiceResolutionBenchmarks.ManualDI_ResolveKeyed: ShortRun(IterationCount=5, LaunchCount=1, WarmupCount=3)
// *** Execute ***
// Launch: 1 / 1
// Execute: dotnet 34652669-8378-4209-b79e-5df6789d8a23.dll --anonymousPipes 163 164 --benchmarkName NexusLabs.Needlr.Benchmarks.Benchmarks.KeyedServiceResolutionBenchmarks.ManualDI_ResolveKeyed --job ShortRun --benchmarkId 23 in /home/runner/work/needlr/needlr/src/NexusLabs.Needlr.Benchmarks/bin/Release/net10.0/34652669-8378-4209-b79e-5df6789d8a23/bin/Release/net10.0
// Failed to set up high priority (Permission denied). In order to run benchmarks with high priority, make sure you have the right permissions.
// BeforeAnythingElse

// Benchmark Process Environment Information:
// BenchmarkDotNet v0.14.0
// Runtime=.NET 10.0.11 (10.0.1126.37416), X64 RyuJIT AVX2
// GC=Concurrent Workstation
// HardwareIntrinsics=AVX2,AES,BMI1,BMI2,FMA,LZCNT,PCLMUL,POPCNT VectorSize=256
// Job: ShortRun(IterationCount=5, LaunchCount=1, WarmupCount=3)

OverheadJitting  1: 1 op, 339415.00 ns, 339.4150 us/op
WorkloadJitting  1: 1 op, 4064165.00 ns, 4.0642 ms/op

OverheadJitting  2: 16 op, 489145.00 ns, 30.5716 us/op
WorkloadJitting  2: 16 op, 512559.00 ns, 32.0349 us/op

WorkloadPilot    1: 16 op, 5391.00 ns, 336.9375 ns/op
WorkloadPilot    2: 32 op, 26069.00 ns, 814.6563 ns/op
WorkloadPilot    3: 64 op, 36148.00 ns, 564.8125 ns/op
WorkloadPilot    4: 128 op, 18003.00 ns, 140.6484 ns/op
WorkloadPilot    5: 256 op, 29495.00 ns, 115.2148 ns/op
WorkloadPilot    6: 512 op, 84398.00 ns, 164.8398 ns/op
WorkloadPilot    7: 1024 op, 135072.00 ns, 131.9063 ns/op
WorkloadPilot    8: 2048 op, 220483.00 ns, 107.6577 ns/op
WorkloadPilot    9: 4096 op, 399608.00 ns, 97.5605 ns/op
WorkloadPilot   10: 8192 op, 911445.00 ns, 111.2604 ns/op
WorkloadPilot   11: 16384 op, 1711302.00 ns, 104.4496 ns/op
WorkloadPilot   12: 32768 op, 3386397.00 ns, 103.3446 ns/op
WorkloadPilot   13: 65536 op, 6668007.00 ns, 101.7457 ns/op
WorkloadPilot   14: 131072 op, 13337637.00 ns, 101.7581 ns/op
WorkloadPilot   15: 262144 op, 26579395.00 ns, 101.3923 ns/op
WorkloadPilot   16: 524288 op, 53617949.00 ns, 102.2681 ns/op
WorkloadPilot   17: 1048576 op, 100021790.00 ns, 95.3882 ns/op
WorkloadPilot   18: 2097152 op, 54670689.00 ns, 26.0690 ns/op
WorkloadPilot   19: 4194304 op, 109370232.00 ns, 26.0759 ns/op
WorkloadPilot   20: 8388608 op, 217870194.00 ns, 25.9722 ns/op
WorkloadPilot   21: 16777216 op, 435293463.00 ns, 25.9455 ns/op
WorkloadPilot   22: 33554432 op, 871149479.00 ns, 25.9623 ns/op

OverheadWarmup   1: 33554432 op, 131498578.00 ns, 3.9190 ns/op
OverheadWarmup   2: 33554432 op, 140443896.00 ns, 4.1856 ns/op
OverheadWarmup   3: 33554432 op, 109762626.00 ns, 3.2712 ns/op
OverheadWarmup   4: 33554432 op, 109828369.00 ns, 3.2731 ns/op
OverheadWarmup   5: 33554432 op, 109650917.00 ns, 3.2679 ns/op

OverheadActual   1: 33554432 op, 109750964.00 ns, 3.2708 ns/op
OverheadActual   2: 33554432 op, 109881969.00 ns, 3.2747 ns/op
OverheadActual   3: 33554432 op, 112033435.00 ns, 3.3389 ns/op
OverheadActual   4: 33554432 op, 110192630.00 ns, 3.2840 ns/op
OverheadActual   5: 33554432 op, 110298559.00 ns, 3.2872 ns/op
OverheadActual   6: 33554432 op, 109896236.00 ns, 3.2752 ns/op
OverheadActual   7: 33554432 op, 109869275.00 ns, 3.2744 ns/op
OverheadActual   8: 33554432 op, 109988338.00 ns, 3.2779 ns/op
OverheadActual   9: 33554432 op, 109735034.00 ns, 3.2704 ns/op
OverheadActual  10: 33554432 op, 109732670.00 ns, 3.2703 ns/op
OverheadActual  11: 33554432 op, 109747077.00 ns, 3.2707 ns/op
OverheadActual  12: 33554432 op, 109861371.00 ns, 3.2741 ns/op
OverheadActual  13: 33554432 op, 109697484.00 ns, 3.2692 ns/op
OverheadActual  14: 33554432 op, 109658752.00 ns, 3.2681 ns/op
OverheadActual  15: 33554432 op, 109846823.00 ns, 3.2737 ns/op

WorkloadWarmup   1: 33554432 op, 872748942.00 ns, 26.0099 ns/op
WorkloadWarmup   2: 33554432 op, 873496460.00 ns, 26.0322 ns/op
WorkloadWarmup   3: 33554432 op, 872973797.00 ns, 26.0166 ns/op

// BeforeActualRun
WorkloadActual   1: 33554432 op, 871189543.00 ns, 25.9635 ns/op
WorkloadActual   2: 33554432 op, 872159759.00 ns, 25.9924 ns/op
WorkloadActual   3: 33554432 op, 871381663.00 ns, 25.9692 ns/op
WorkloadActual   4: 33554432 op, 871275183.00 ns, 25.9660 ns/op
WorkloadActual   5: 33554432 op, 871158986.00 ns, 25.9626 ns/op

// AfterActualRun
WorkloadResult   1: 33554432 op, 761328172.00 ns, 22.6893 ns/op
WorkloadResult   2: 33554432 op, 761520292.00 ns, 22.6951 ns/op
WorkloadResult   3: 33554432 op, 761413812.00 ns, 22.6919 ns/op
WorkloadResult   4: 33554432 op, 761297615.00 ns, 22.6884 ns/op
// GC:  0 0 0 1072 33554432
// Threading:  0 0 33554432

// AfterAll
// Benchmark Process 3684 has exited with code 0.

Mean = 22.691 ns, StdErr = 0.001 ns (0.01%), N = 4, StdDev = 0.003 ns
Min = 22.688 ns, Q1 = 22.689 ns, Median = 22.691 ns, Q3 = 22.693 ns, Max = 22.695 ns
IQR = 0.004 ns, LowerFence = 22.684 ns, UpperFence = 22.698 ns
ConfidenceInterval = [22.672 ns; 22.710 ns] (CI 99.9%), Margin = 0.019 ns (0.08% of Mean)
Skewness = 0.3, Kurtosis = 0.95, MValue = 2

// ** Remained 41 (63.1 %) benchmark(s) to run. Estimated finish 2026-08-23 3:30 (0h 4m from now) **
// **************************
// Benchmark: KeyedServiceResolutionBenchmarks.Needlr_Reflection_ResolveKeyed: ShortRun(IterationCount=5, LaunchCount=1, WarmupCount=3)
// *** Execute ***
// Launch: 1 / 1
// Execute: dotnet 34652669-8378-4209-b79e-5df6789d8a23.dll --anonymousPipes 163 164 --benchmarkName NexusLabs.Needlr.Benchmarks.Benchmarks.KeyedServiceResolutionBenchmarks.Needlr_Reflection_ResolveKeyed --job ShortRun --benchmarkId 24 in /home/runner/work/needlr/needlr/src/NexusLabs.Needlr.Benchmarks/bin/Release/net10.0/34652669-8378-4209-b79e-5df6789d8a23/bin/Release/net10.0
// Failed to set up high priority (Permission denied). In order to run benchmarks with high priority, make sure you have the right permissions.
// BeforeAnythingElse

// Benchmark Process Environment Information:
// BenchmarkDotNet v0.14.0
// Runtime=.NET 10.0.11 (10.0.1126.37416), X64 RyuJIT AVX2
// GC=Concurrent Workstation
// HardwareIntrinsics=AVX2,AES,BMI1,BMI2,FMA,LZCNT,PCLMUL,POPCNT VectorSize=256
// Job: ShortRun(IterationCount=5, LaunchCount=1, WarmupCount=3)

OverheadJitting  1: 1 op, 327523.00 ns, 327.5230 us/op

System.Reflection.TargetInvocationException: Exception has been thrown by the target of an invocation.
 ---> System.InvalidOperationException: No keyed service for type 'NexusLabs.Needlr.Benchmarks.TestTypes.IKeyedService' using key type 'System.String' has been registered.
   at Microsoft.Extensions.DependencyInjection.ServiceLookup.ThrowHelper.ThrowInvalidOperationException_NoKeyedServiceRegistered(Type serviceType, Type keyType)
   at Microsoft.Extensions.DependencyInjection.ServiceProvider.GetRequiredKeyedService(Type serviceType, Object serviceKey, ServiceProviderEngineScope serviceProviderEngineScope)
   at Microsoft.Extensions.DependencyInjection.ServiceProviderKeyedServiceExtensions.GetRequiredKeyedService[T](IServiceProvider provider, Object serviceKey)
   at NexusLabs.Needlr.Benchmarks.Benchmarks.KeyedServiceResolutionBenchmarks.Needlr_Reflection_ResolveKeyed() in /_/src/NexusLabs.Needlr.Benchmarks/Benchmarks/KeyedServiceResolutionBenchmarks.cs:line 70
   at BenchmarkDotNet.Autogenerated.Runnable_24.WorkloadActionNoUnroll(Int64 invokeCount) in /_/src/NexusLabs.Needlr.Benchmarks/bin/Release/net10.0/34652669-8378-4209-b79e-5df6789d8a23/34652669-8378-4209-b79e-5df6789d8a23.notcs:line 4920
   at BenchmarkDotNet.Engines.Engine.Measure(Action`1 action, Int64 invokeCount)
   at BenchmarkDotNet.Engines.Engine.RunIteration(IterationData data)
   at BenchmarkDotNet.Engines.EngineFactory.Jit(Engine engine, Int32 jitIndex, Int32 invokeCount, Int32 unrollFactor)
   at BenchmarkDotNet.Engines.EngineFactory.CreateReadyToRun(EngineParameters engineParameters)
   at BenchmarkDotNet.Autogenerated.Runnable_24.Run(IHost host, String benchmarkName) in /_/src/NexusLabs.Needlr.Benchmarks/bin/Release/net10.0/34652669-8378-4209-b79e-5df6789d8a23/34652669-8378-4209-b79e-5df6789d8a23.notcs:line 4783
   at System.Reflection.MethodBaseInvoker.InterpretedInvoke_Method(Object obj, IntPtr* args)
   at System.Reflection.MethodBaseInvoker.InvokeDirectByRefWithFewArgs(Object obj, Span`1 copyOfArgs, BindingFlags invokeAttr)
   --- End of inner exception stack trace ---
   at System.Reflection.MethodBaseInvoker.InvokeDirectByRefWithFewArgs(Object obj, Span`1 copyOfArgs, BindingFlags invokeAttr)
   at System.Reflection.MethodBaseInvoker.InvokeWithFewArgs(Object obj, BindingFlags invokeAttr, Binder binder, Object[] parameters, CultureInfo culture)
   at System.Reflection.RuntimeMethodInfo.Invoke(Object obj, BindingFlags invokeAttr, Binder binder, Object[] parameters, CultureInfo culture)
   at BenchmarkDotNet.Autogenerated.UniqueProgramName.AfterAssemblyLoadingAttached(String[] args) in /_/src/NexusLabs.Needlr.Benchmarks/bin/Release/net10.0/34652669-8378-4209-b79e-5df6789d8a23/34652669-8378-4209-b79e-5df6789d8a23.notcs:line 57
// AfterAll
No Workload Results were obtained from the run.
// Benchmark Process 3692 has exited with code 255.

// ** Remained 40 (61.5 %) benchmark(s) to run. Estimated finish 2026-08-23 3:30 (0h 4m from now) **
// **************************
// Benchmark: KeyedServiceResolutionBenchmarks.Needlr_SourceGen_ResolveKeyed: ShortRun(IterationCount=5, LaunchCount=1, WarmupCount=3)
// *** Execute ***
// Launch: 1 / 1
// Execute: dotnet 34652669-8378-4209-b79e-5df6789d8a23.dll --anonymousPipes 163 164 --benchmarkName NexusLabs.Needlr.Benchmarks.Benchmarks.KeyedServiceResolutionBenchmarks.Needlr_SourceGen_ResolveKeyed --job ShortRun --benchmarkId 25 in /home/runner/work/needlr/needlr/src/NexusLabs.Needlr.Benchmarks/bin/Release/net10.0/34652669-8378-4209-b79e-5df6789d8a23/bin/Release/net10.0
// Failed to set up high priority (Permission denied). In order to run benchmarks with high priority, make sure you have the right permissions.
// BeforeAnythingElse

// Benchmark Process Environment Information:
// BenchmarkDotNet v0.14.0
// Runtime=.NET 10.0.11 (10.0.1126.37416), X64 RyuJIT AVX2
// GC=Concurrent Workstation
// HardwareIntrinsics=AVX2,AES,BMI1,BMI2,FMA,LZCNT,PCLMUL,POPCNT VectorSize=256
// Job: ShortRun(IterationCount=5, LaunchCount=1, WarmupCount=3)

OverheadJitting  1: 1 op, 326041.00 ns, 326.0410 us/op
WorkloadJitting  1: 1 op, 3572936.00 ns, 3.5729 ms/op

OverheadJitting  2: 16 op, 498894.00 ns, 31.1809 us/op
WorkloadJitting  2: 16 op, 499705.00 ns, 31.2316 us/op

WorkloadPilot    1: 16 op, 5651.00 ns, 353.1875 ns/op
WorkloadPilot    2: 32 op, 7253.00 ns, 226.6563 ns/op
WorkloadPilot    3: 64 op, 9978.00 ns, 155.9063 ns/op
WorkloadPilot    4: 128 op, 16300.00 ns, 127.3438 ns/op
WorkloadPilot    5: 256 op, 28453.00 ns, 111.1445 ns/op
WorkloadPilot    6: 512 op, 53450.00 ns, 104.3945 ns/op
WorkloadPilot    7: 1024 op, 101870.00 ns, 99.4824 ns/op
WorkloadPilot    8: 2048 op, 200365.00 ns, 97.8345 ns/op
WorkloadPilot    9: 4096 op, 421189.00 ns, 102.8293 ns/op
WorkloadPilot   10: 8192 op, 895856.00 ns, 109.3574 ns/op
WorkloadPilot   11: 16384 op, 1684703.00 ns, 102.8261 ns/op
WorkloadPilot   12: 32768 op, 3306186.00 ns, 100.8968 ns/op
WorkloadPilot   13: 65536 op, 6532184.00 ns, 99.6732 ns/op
WorkloadPilot   14: 131072 op, 13020345.00 ns, 99.3373 ns/op
WorkloadPilot   15: 262144 op, 25804317.00 ns, 98.4357 ns/op
WorkloadPilot   16: 524288 op, 52017158.00 ns, 99.2149 ns/op
WorkloadPilot   17: 1048576 op, 103828671.00 ns, 99.0187 ns/op
WorkloadPilot   18: 2097152 op, 54676445.00 ns, 26.0718 ns/op
WorkloadPilot   19: 4194304 op, 109411549.00 ns, 26.0857 ns/op
WorkloadPilot   20: 8388608 op, 218199161.00 ns, 26.0114 ns/op
WorkloadPilot   21: 16777216 op, 437030423.00 ns, 26.0490 ns/op
WorkloadPilot   22: 33554432 op, 873239697.00 ns, 26.0246 ns/op

OverheadWarmup   1: 33554432 op, 131256107.00 ns, 3.9117 ns/op
OverheadWarmup   2: 33554432 op, 142484427.00 ns, 4.2464 ns/op
OverheadWarmup   3: 33554432 op, 112471988.00 ns, 3.3519 ns/op
OverheadWarmup   4: 33554432 op, 110326343.00 ns, 3.2880 ns/op
OverheadWarmup   5: 33554432 op, 109639077.00 ns, 3.2675 ns/op
OverheadWarmup   6: 33554432 op, 110825387.00 ns, 3.3029 ns/op
OverheadWarmup   7: 33554432 op, 109682769.00 ns, 3.2688 ns/op

OverheadActual   1: 33554432 op, 109961680.00 ns, 3.2771 ns/op
OverheadActual   2: 33554432 op, 109715820.00 ns, 3.2698 ns/op
OverheadActual   3: 33554432 op, 109766185.00 ns, 3.2713 ns/op
OverheadActual   4: 33554432 op, 128927509.00 ns, 3.8423 ns/op
OverheadActual   5: 33554432 op, 109823883.00 ns, 3.2730 ns/op
OverheadActual   6: 33554432 op, 110444895.00 ns, 3.2915 ns/op
OverheadActual   7: 33554432 op, 109850633.00 ns, 3.2738 ns/op
OverheadActual   8: 33554432 op, 110224543.00 ns, 3.2849 ns/op
OverheadActual   9: 33554432 op, 110351620.00 ns, 3.2887 ns/op
OverheadActual  10: 33554432 op, 110048303.00 ns, 3.2797 ns/op
OverheadActual  11: 33554432 op, 110183747.00 ns, 3.2837 ns/op
OverheadActual  12: 33554432 op, 113195082.00 ns, 3.3735 ns/op
OverheadActual  13: 33554432 op, 109780812.00 ns, 3.2717 ns/op
OverheadActual  14: 33554432 op, 113458384.00 ns, 3.3813 ns/op
OverheadActual  15: 33554432 op, 109792143.00 ns, 3.2721 ns/op

WorkloadWarmup   1: 33554432 op, 872938454.00 ns, 26.0156 ns/op
WorkloadWarmup   2: 33554432 op, 872315679.00 ns, 25.9970 ns/op
WorkloadWarmup   3: 33554432 op, 873206156.00 ns, 26.0236 ns/op

// BeforeActualRun
WorkloadActual   1: 33554432 op, 873138629.00 ns, 26.0216 ns/op
WorkloadActual   2: 33554432 op, 873613027.00 ns, 26.0357 ns/op
WorkloadActual   3: 33554432 op, 874375384.00 ns, 26.0584 ns/op
WorkloadActual   4: 33554432 op, 872916870.00 ns, 26.0149 ns/op
WorkloadActual   5: 33554432 op, 872617821.00 ns, 26.0060 ns/op

// AfterActualRun
WorkloadResult   1: 33554432 op, 763090326.00 ns, 22.7419 ns/op
WorkloadResult   2: 33554432 op, 763564724.00 ns, 22.7560 ns/op
WorkloadResult   3: 33554432 op, 764327081.00 ns, 22.7787 ns/op
WorkloadResult   4: 33554432 op, 762868567.00 ns, 22.7353 ns/op
WorkloadResult   5: 33554432 op, 762569518.00 ns, 22.7263 ns/op
// GC:  0 0 0 1072 33554432
// Threading:  0 0 33554432

// AfterAll
// Benchmark Process 3699 has exited with code 0.

Mean = 22.748 ns, StdErr = 0.009 ns (0.04%), N = 5, StdDev = 0.020 ns
Min = 22.726 ns, Q1 = 22.735 ns, Median = 22.742 ns, Q3 = 22.756 ns, Max = 22.779 ns
IQR = 0.021 ns, LowerFence = 22.704 ns, UpperFence = 22.787 ns
ConfidenceInterval = [22.669 ns; 22.826 ns] (CI 99.9%), Margin = 0.079 ns (0.35% of Mean)
Skewness = 0.44, Kurtosis = 1.33, MValue = 2

// ** Remained 39 (60.0 %) benchmark(s) to run. Estimated finish 2026-08-23 3:30 (0h 4m from now) **
// ***** BenchmarkRunner: Finish  *****

// * Export *
  home/runner/work/needlr/needlr/benchmark-results/results/NexusLabs.Needlr.Benchmarks.Benchmarks.KeyedServiceResolutionBenchmarks-report.csv
  home/runner/work/needlr/needlr/benchmark-results/results/NexusLabs.Needlr.Benchmarks.Benchmarks.KeyedServiceResolutionBenchmarks-report-github.md
  home/runner/work/needlr/needlr/benchmark-results/results/NexusLabs.Needlr.Benchmarks.Benchmarks.KeyedServiceResolutionBenchmarks-report.html
  home/runner/work/needlr/needlr/benchmark-results/results/NexusLabs.Needlr.Benchmarks.Benchmarks.KeyedServiceResolutionBenchmarks-report-full-compressed.json
  home/runner/work/needlr/needlr/benchmark-results/results/NexusLabs.Needlr.Benchmarks.Benchmarks.KeyedServiceResolutionBenchmarks-report-default.md

// * Detailed results *
KeyedServiceResolutionBenchmarks.ManualDI_ResolveKeyed: ShortRun(IterationCount=5, LaunchCount=1, WarmupCount=3)
Runtime = .NET 10.0.11 (10.0.1126.37416), X64 RyuJIT AVX2; GC = Concurrent Workstation
Mean = 22.691 ns, StdErr = 0.001 ns (0.01%), N = 4, StdDev = 0.003 ns
Min = 22.688 ns, Q1 = 22.689 ns, Median = 22.691 ns, Q3 = 22.693 ns, Max = 22.695 ns
IQR = 0.004 ns, LowerFence = 22.684 ns, UpperFence = 22.698 ns
ConfidenceInterval = [22.672 ns; 22.710 ns] (CI 99.9%), Margin = 0.019 ns (0.08% of Mean)
Skewness = 0.3, Kurtosis = 0.95, MValue = 2
-------------------- Histogram --------------------
[22.686 ns ; 22.698 ns) | @@@@
---------------------------------------------------

KeyedServiceResolutionBenchmarks.Needlr_Reflection_ResolveKeyed: ShortRun(IterationCount=5, LaunchCount=1, WarmupCount=3)
Runtime = .NET 10.0.11 (10.0.1126.37416), X64 RyuJIT AVX2; GC = Concurrent Workstation
There are not any results runs

KeyedServiceResolutionBenchmarks.Needlr_SourceGen_ResolveKeyed: ShortRun(IterationCount=5, LaunchCount=1, WarmupCount=3)
Runtime = .NET 10.0.11 (10.0.1126.37416), X64 RyuJIT AVX2; GC = Concurrent Workstation
Mean = 22.748 ns, StdErr = 0.009 ns (0.04%), N = 5, StdDev = 0.020 ns
Min = 22.726 ns, Q1 = 22.735 ns, Median = 22.742 ns, Q3 = 22.756 ns, Max = 22.779 ns
IQR = 0.021 ns, LowerFence = 22.704 ns, UpperFence = 22.787 ns
ConfidenceInterval = [22.669 ns; 22.826 ns] (CI 99.9%), Margin = 0.079 ns (0.35% of Mean)
Skewness = 0.44, Kurtosis = 1.33, MValue = 2
-------------------- Histogram --------------------
[22.710 ns ; 22.794 ns) | @@@@@
---------------------------------------------------

// * Summary *

BenchmarkDotNet v0.14.0, Ubuntu 24.04.4 LTS (Noble Numbat)
AMD EPYC 7763, 1 CPU, 4 logical and 2 physical cores
.NET SDK 10.0.302
  [Host]   : .NET 10.0.11 (10.0.1126.37416), X64 RyuJIT AVX2
  ShortRun : .NET 10.0.11 (10.0.1126.37416), X64 RyuJIT AVX2

Job=ShortRun  IterationCount=5  LaunchCount=1  
WarmupCount=3  

| Method                         | Mean     | Error    | StdDev   | Ratio | RatioSD | Rank | Allocated | Alloc Ratio |
|------------------------------- |---------:|---------:|---------:|------:|--------:|-----:|----------:|------------:|
| ManualDI_ResolveKeyed          | 22.69 ns | 0.019 ns | 0.003 ns |  1.00 |    0.00 |    1 |         - |          NA |
| Needlr_Reflection_ResolveKeyed |       NA |       NA |       NA |     ? |       ? |    ? |        NA |           ? |
| Needlr_SourceGen_ResolveKeyed  | 22.75 ns | 0.079 ns | 0.020 ns |  1.00 |    0.00 |    1 |         - |          NA |

Benchmarks with issues:
  KeyedServiceResolutionBenchmarks.Needlr_Reflection_ResolveKeyed: ShortRun(IterationCount=5, LaunchCount=1, WarmupCount=3)

// * Warnings *
BaselineCustomAnalyzer
  Summary -> A question mark '?' symbol indicates that it was not possible to compute the (Ratio, RatioSD, Alloc Ratio) column(s) because the baseline value is too close to zero.

// * Hints *
Outliers
  KeyedServiceResolutionBenchmarks.ManualDI_ResolveKeyed: ShortRun -> 1 outlier  was  removed (25.99 ns)
// * Config Issues *

// * Warnings *
Configuration
  Summary -> The exporter HtmlExporter is already present in configuration. There may be unexpected results.

// * Legends *
  Mean        : Arithmetic mean of all measurements
  Error       : Half of 99.9% confidence interval
  StdDev      : Standard deviation of all measurements
  Ratio       : Mean of the ratio distribution ([Current]/[Baseline])
  RatioSD     : Standard deviation of the ratio distribution ([Current]/[Baseline])
  Rank        : Relative position of current benchmark mean among all benchmarks (Arabic style)
  Allocated   : Allocated memory per single operation (managed only, inclusive, 1KB = 1024B)
  Alloc Ratio : Allocated memory ratio distribution ([Current]/[Baseline])
  1 ns        : 1 Nanosecond (0.000000001 sec)

// * Diagnostic Output - MemoryDiagnoser *


// ***** BenchmarkRunner: End *****
Run time: 00:00:25 (25.11 sec), executed benchmarks: 3

// Found 3 benchmarks:
//   OpenGenericBenchmarks.ManualDI_ResolveOpenGeneric: ShortRun(IterationCount=5, LaunchCount=1, WarmupCount=3)
//   OpenGenericBenchmarks.Needlr_Reflection_ResolveOpenGeneric: ShortRun(IterationCount=5, LaunchCount=1, WarmupCount=3)
//   OpenGenericBenchmarks.Needlr_SourceGen_ResolveOpenGeneric: ShortRun(IterationCount=5, LaunchCount=1, WarmupCount=3)

// **************************
// Benchmark: OpenGenericBenchmarks.ManualDI_ResolveOpenGeneric: ShortRun(IterationCount=5, LaunchCount=1, WarmupCount=3)
// *** Execute ***
// Launch: 1 / 1
// Execute: dotnet 34652669-8378-4209-b79e-5df6789d8a23.dll --anonymousPipes 163 164 --benchmarkName NexusLabs.Needlr.Benchmarks.Benchmarks.OpenGenericBenchmarks.ManualDI_ResolveOpenGeneric --job ShortRun --benchmarkId 26 in /home/runner/work/needlr/needlr/src/NexusLabs.Needlr.Benchmarks/bin/Release/net10.0/34652669-8378-4209-b79e-5df6789d8a23/bin/Release/net10.0
// Failed to set up high priority (Permission denied). In order to run benchmarks with high priority, make sure you have the right permissions.
// BeforeAnythingElse

// Benchmark Process Environment Information:
// BenchmarkDotNet v0.14.0
// Runtime=.NET 10.0.11 (10.0.1126.37416), X64 RyuJIT AVX2
// GC=Concurrent Workstation
// HardwareIntrinsics=AVX2,AES,BMI1,BMI2,FMA,LZCNT,PCLMUL,POPCNT VectorSize=256
// Job: ShortRun(IterationCount=5, LaunchCount=1, WarmupCount=3)

OverheadJitting  1: 1 op, 400710.00 ns, 400.7100 us/op
WorkloadJitting  1: 1 op, 4408841.00 ns, 4.4088 ms/op

OverheadJitting  2: 16 op, 484196.00 ns, 30.2623 us/op
WorkloadJitting  2: 16 op, 2062431.00 ns, 128.9019 us/op

WorkloadPilot    1: 16 op, 131797.00 ns, 8.2373 us/op
WorkloadPilot    2: 32 op, 10009.00 ns, 312.7813 ns/op
WorkloadPilot    3: 64 op, 14046.00 ns, 219.4688 ns/op
WorkloadPilot    4: 128 op, 24376.00 ns, 190.4375 ns/op
WorkloadPilot    5: 256 op, 51016.00 ns, 199.2813 ns/op
WorkloadPilot    6: 512 op, 91010.00 ns, 177.7539 ns/op
WorkloadPilot    7: 1024 op, 152626.00 ns, 149.0488 ns/op
WorkloadPilot    8: 2048 op, 262481.00 ns, 128.1646 ns/op
WorkloadPilot    9: 4096 op, 434804.00 ns, 106.1533 ns/op
WorkloadPilot   10: 8192 op, 885968.00 ns, 108.1504 ns/op
WorkloadPilot   11: 16384 op, 1702116.00 ns, 103.8889 ns/op
WorkloadPilot   12: 32768 op, 3353346.00 ns, 102.3360 ns/op
WorkloadPilot   13: 65536 op, 6781903.00 ns, 103.4836 ns/op
WorkloadPilot   14: 131072 op, 13301785.00 ns, 101.4846 ns/op
WorkloadPilot   15: 262144 op, 26348182.00 ns, 100.5103 ns/op
WorkloadPilot   16: 524288 op, 51908730.00 ns, 99.0080 ns/op
WorkloadPilot   17: 1048576 op, 92395243.00 ns, 88.1150 ns/op
WorkloadPilot   18: 2097152 op, 51397684.00 ns, 24.5083 ns/op
WorkloadPilot   19: 4194304 op, 98557084.00 ns, 23.4978 ns/op
WorkloadPilot   20: 8388608 op, 194174969.00 ns, 23.1475 ns/op
WorkloadPilot   21: 16777216 op, 384793692.00 ns, 22.9355 ns/op
WorkloadPilot   22: 33554432 op, 768089360.00 ns, 22.8908 ns/op

OverheadWarmup   1: 33554432 op, 130854071.00 ns, 3.8998 ns/op
OverheadWarmup   2: 33554432 op, 141273911.00 ns, 4.2103 ns/op
OverheadWarmup   3: 33554432 op, 109813332.00 ns, 3.2727 ns/op
OverheadWarmup   4: 33554432 op, 109686644.00 ns, 3.2689 ns/op
OverheadWarmup   5: 33554432 op, 110029136.00 ns, 3.2791 ns/op
OverheadWarmup   6: 33554432 op, 110450444.00 ns, 3.2917 ns/op
OverheadWarmup   7: 33554432 op, 121460079.00 ns, 3.6198 ns/op
OverheadWarmup   8: 33554432 op, 109646269.00 ns, 3.2677 ns/op

OverheadActual   1: 33554432 op, 109841805.00 ns, 3.2735 ns/op
OverheadActual   2: 33554432 op, 109861131.00 ns, 3.2741 ns/op
OverheadActual   3: 33554432 op, 109846283.00 ns, 3.2737 ns/op
OverheadActual   4: 33554432 op, 109699047.00 ns, 3.2693 ns/op
OverheadActual   5: 33554432 op, 109708385.00 ns, 3.2696 ns/op
OverheadActual   6: 33554432 op, 109979773.00 ns, 3.2777 ns/op
OverheadActual   7: 33554432 op, 109691974.00 ns, 3.2691 ns/op
OverheadActual   8: 33554432 op, 109882260.00 ns, 3.2747 ns/op
OverheadActual   9: 33554432 op, 109644376.00 ns, 3.2677 ns/op
OverheadActual  10: 33554432 op, 110014017.00 ns, 3.2787 ns/op
OverheadActual  11: 33554432 op, 109615190.00 ns, 3.2668 ns/op
OverheadActual  12: 33554432 op, 109870979.00 ns, 3.2744 ns/op
OverheadActual  13: 33554432 op, 109840643.00 ns, 3.2735 ns/op
OverheadActual  14: 33554432 op, 109691743.00 ns, 3.2691 ns/op
OverheadActual  15: 33554432 op, 110004640.00 ns, 3.2784 ns/op

WorkloadWarmup   1: 33554432 op, 782968977.00 ns, 23.3343 ns/op
WorkloadWarmup   2: 33554432 op, 779579425.00 ns, 23.2333 ns/op
WorkloadWarmup   3: 33554432 op, 774427102.00 ns, 23.0797 ns/op

// BeforeActualRun
WorkloadActual   1: 33554432 op, 776871096.00 ns, 23.1526 ns/op
WorkloadActual   2: 33554432 op, 772671688.00 ns, 23.0274 ns/op
WorkloadActual   3: 33554432 op, 772217567.00 ns, 23.0139 ns/op
WorkloadActual   4: 33554432 op, 772069140.00 ns, 23.0095 ns/op
WorkloadActual   5: 33554432 op, 772628116.00 ns, 23.0261 ns/op

// AfterActualRun
WorkloadResult   1: 33554432 op, 662829883.00 ns, 19.7539 ns/op
WorkloadResult   2: 33554432 op, 662375762.00 ns, 19.7403 ns/op
WorkloadResult   3: 33554432 op, 662227335.00 ns, 19.7359 ns/op
WorkloadResult   4: 33554432 op, 662786311.00 ns, 19.7526 ns/op
// GC:  48 0 0 805307728 33554432
// Threading:  0 0 33554432

// AfterAll
// Benchmark Process 3712 has exited with code 0.

Mean = 19.746 ns, StdErr = 0.004 ns (0.02%), N = 4, StdDev = 0.009 ns
Min = 19.736 ns, Q1 = 19.739 ns, Median = 19.746 ns, Q3 = 19.753 ns, Max = 19.754 ns
IQR = 0.014 ns, LowerFence = 19.719 ns, UpperFence = 19.773 ns
ConfidenceInterval = [19.688 ns; 19.803 ns] (CI 99.9%), Margin = 0.058 ns (0.29% of Mean)
Skewness = -0.07, Kurtosis = 0.66, MValue = 2

// ** Remained 38 (58.5 %) benchmark(s) to run. Estimated finish 2026-08-23 3:30 (0h 4m from now) **
// **************************
// Benchmark: OpenGenericBenchmarks.Needlr_Reflection_ResolveOpenGeneric: ShortRun(IterationCount=5, LaunchCount=1, WarmupCount=3)
// *** Execute ***
// Launch: 1 / 1
// Execute: dotnet 34652669-8378-4209-b79e-5df6789d8a23.dll --anonymousPipes 163 164 --benchmarkName NexusLabs.Needlr.Benchmarks.Benchmarks.OpenGenericBenchmarks.Needlr_Reflection_ResolveOpenGeneric --job ShortRun --benchmarkId 27 in /home/runner/work/needlr/needlr/src/NexusLabs.Needlr.Benchmarks/bin/Release/net10.0/34652669-8378-4209-b79e-5df6789d8a23/bin/Release/net10.0
// Failed to set up high priority (Permission denied). In order to run benchmarks with high priority, make sure you have the right permissions.
// BeforeAnythingElse

// Benchmark Process Environment Information:
// BenchmarkDotNet v0.14.0
// Runtime=.NET 10.0.11 (10.0.1126.37416), X64 RyuJIT AVX2
// GC=Concurrent Workstation
// HardwareIntrinsics=AVX2,AES,BMI1,BMI2,FMA,LZCNT,PCLMUL,POPCNT VectorSize=256
// Job: ShortRun(IterationCount=5, LaunchCount=1, WarmupCount=3)

OverheadJitting  1: 1 op, 391092.00 ns, 391.0920 us/op
WorkloadJitting  1: 1 op, 4319212.00 ns, 4.3192 ms/op

OverheadJitting  2: 16 op, 487913.00 ns, 30.4946 us/op
WorkloadJitting  2: 16 op, 2020691.00 ns, 126.2932 us/op

WorkloadPilot    1: 16 op, 115496.00 ns, 7.2185 us/op
WorkloadPilot    2: 32 op, 7564.00 ns, 236.3750 ns/op
WorkloadPilot    3: 64 op, 10360.00 ns, 161.8750 ns/op
WorkloadPilot    4: 128 op, 16210.00 ns, 126.6406 ns/op
WorkloadPilot    5: 256 op, 35546.00 ns, 138.8516 ns/op
WorkloadPilot    6: 512 op, 60573.00 ns, 118.3066 ns/op
WorkloadPilot    7: 1024 op, 108543.00 ns, 105.9990 ns/op
WorkloadPilot    8: 2048 op, 211235.00 ns, 103.1421 ns/op
WorkloadPilot    9: 4096 op, 467525.00 ns, 114.1418 ns/op
WorkloadPilot   10: 8192 op, 892440.00 ns, 108.9404 ns/op
WorkloadPilot   11: 16384 op, 1730558.00 ns, 105.6249 ns/op
WorkloadPilot   12: 32768 op, 3393240.00 ns, 103.5535 ns/op
WorkloadPilot   13: 65536 op, 6780509.00 ns, 103.4624 ns/op
WorkloadPilot   14: 131072 op, 13552381.00 ns, 103.3965 ns/op
WorkloadPilot   15: 262144 op, 27106646.00 ns, 103.4036 ns/op
WorkloadPilot   16: 524288 op, 53767198.00 ns, 102.5528 ns/op
WorkloadPilot   17: 1048576 op, 94489274.00 ns, 90.1120 ns/op
WorkloadPilot   18: 2097152 op, 51584944.00 ns, 24.5976 ns/op
WorkloadPilot   19: 4194304 op, 98996618.00 ns, 23.6026 ns/op
WorkloadPilot   20: 8388608 op, 193042091.00 ns, 23.0124 ns/op
WorkloadPilot   21: 16777216 op, 386241678.00 ns, 23.0218 ns/op
WorkloadPilot   22: 33554432 op, 770039912.00 ns, 22.9490 ns/op

OverheadWarmup   1: 33554432 op, 130526698.00 ns, 3.8900 ns/op
OverheadWarmup   2: 33554432 op, 140818698.00 ns, 4.1967 ns/op
OverheadWarmup   3: 33554432 op, 109718689.00 ns, 3.2699 ns/op
OverheadWarmup   4: 33554432 op, 109760198.00 ns, 3.2711 ns/op
OverheadWarmup   5: 33554432 op, 110085987.00 ns, 3.2808 ns/op
OverheadWarmup   6: 33554432 op, 111506816.00 ns, 3.3232 ns/op
OverheadWarmup   7: 33554432 op, 109642678.00 ns, 3.2676 ns/op

OverheadActual   1: 33554432 op, 109722457.00 ns, 3.2700 ns/op
OverheadActual   2: 33554432 op, 109961594.00 ns, 3.2771 ns/op
OverheadActual   3: 33554432 op, 109671351.00 ns, 3.2685 ns/op
OverheadActual   4: 33554432 op, 109869011.00 ns, 3.2744 ns/op
OverheadActual   5: 33554432 op, 109676140.00 ns, 3.2686 ns/op
OverheadActual   6: 33554432 op, 110127385.00 ns, 3.2821 ns/op
OverheadActual   7: 33554432 op, 110214137.00 ns, 3.2846 ns/op
OverheadActual   8: 33554432 op, 109931338.00 ns, 3.2762 ns/op
OverheadActual   9: 33554432 op, 109772370.00 ns, 3.2715 ns/op
OverheadActual  10: 33554432 op, 110153563.00 ns, 3.2828 ns/op
OverheadActual  11: 33554432 op, 109710684.00 ns, 3.2696 ns/op
OverheadActual  12: 33554432 op, 109805702.00 ns, 3.2725 ns/op
OverheadActual  13: 33554432 op, 110298835.00 ns, 3.2872 ns/op
OverheadActual  14: 33554432 op, 109745189.00 ns, 3.2707 ns/op
OverheadActual  15: 33554432 op, 109699494.00 ns, 3.2693 ns/op

WorkloadWarmup   1: 33554432 op, 779469912.00 ns, 23.2300 ns/op
WorkloadWarmup   2: 33554432 op, 798464688.00 ns, 23.7961 ns/op
WorkloadWarmup   3: 33554432 op, 769732070.00 ns, 22.9398 ns/op

// BeforeActualRun
WorkloadActual   1: 33554432 op, 776674881.00 ns, 23.1467 ns/op
WorkloadActual   2: 33554432 op, 772116772.00 ns, 23.0109 ns/op
WorkloadActual   3: 33554432 op, 769466863.00 ns, 22.9319 ns/op
WorkloadActual   4: 33554432 op, 777687005.00 ns, 23.1769 ns/op
WorkloadActual   5: 33554432 op, 781933641.00 ns, 23.3034 ns/op

// AfterActualRun
WorkloadResult   1: 33554432 op, 666869179.00 ns, 19.8743 ns/op
WorkloadResult   2: 33554432 op, 662311070.00 ns, 19.7384 ns/op
WorkloadResult   3: 33554432 op, 659661161.00 ns, 19.6594 ns/op
WorkloadResult   4: 33554432 op, 667881303.00 ns, 19.9044 ns/op
WorkloadResult   5: 33554432 op, 672127939.00 ns, 20.0310 ns/op
// GC:  48 0 0 805307728 33554432
// Threading:  0 0 33554432

// AfterAll
// Benchmark Process 3725 has exited with code 0.

Mean = 19.841 ns, StdErr = 0.065 ns (0.33%), N = 5, StdDev = 0.146 ns
Min = 19.659 ns, Q1 = 19.738 ns, Median = 19.874 ns, Q3 = 19.904 ns, Max = 20.031 ns
IQR = 0.166 ns, LowerFence = 19.489 ns, UpperFence = 20.153 ns
ConfidenceInterval = [19.281 ns; 20.402 ns] (CI 99.9%), Margin = 0.560 ns (2.82% of Mean)
Skewness = -0, Kurtosis = 1.12, MValue = 2

// ** Remained 37 (56.9 %) benchmark(s) to run. Estimated finish 2026-08-23 3:30 (0h 4m from now) **
// **************************
// Benchmark: OpenGenericBenchmarks.Needlr_SourceGen_ResolveOpenGeneric: ShortRun(IterationCount=5, LaunchCount=1, WarmupCount=3)
// *** Execute ***
// Launch: 1 / 1
// Execute: dotnet 34652669-8378-4209-b79e-5df6789d8a23.dll --anonymousPipes 163 164 --benchmarkName NexusLabs.Needlr.Benchmarks.Benchmarks.OpenGenericBenchmarks.Needlr_SourceGen_ResolveOpenGeneric --job ShortRun --benchmarkId 28 in /home/runner/work/needlr/needlr/src/NexusLabs.Needlr.Benchmarks/bin/Release/net10.0/34652669-8378-4209-b79e-5df6789d8a23/bin/Release/net10.0
// Failed to set up high priority (Permission denied). In order to run benchmarks with high priority, make sure you have the right permissions.
// BeforeAnythingElse

// Benchmark Process Environment Information:
// BenchmarkDotNet v0.14.0
// Runtime=.NET 10.0.11 (10.0.1126.37416), X64 RyuJIT AVX2
// GC=Concurrent Workstation
// HardwareIntrinsics=AVX2,AES,BMI1,BMI2,FMA,LZCNT,PCLMUL,POPCNT VectorSize=256
// Job: ShortRun(IterationCount=5, LaunchCount=1, WarmupCount=3)

OverheadJitting  1: 1 op, 383358.00 ns, 383.3580 us/op
WorkloadJitting  1: 1 op, 4306458.00 ns, 4.3065 ms/op

OverheadJitting  2: 16 op, 488564.00 ns, 30.5353 us/op
WorkloadJitting  2: 16 op, 2096583.00 ns, 131.0364 us/op

WorkloadPilot    1: 16 op, 127819.00 ns, 7.9887 us/op
WorkloadPilot    2: 32 op, 7764.00 ns, 242.6250 ns/op
WorkloadPilot    3: 64 op, 10058.00 ns, 157.1563 ns/op
WorkloadPilot    4: 128 op, 15629.00 ns, 122.1016 ns/op
WorkloadPilot    5: 256 op, 35086.00 ns, 137.0547 ns/op
WorkloadPilot    6: 512 op, 72776.00 ns, 142.1406 ns/op
WorkloadPilot    7: 1024 op, 114114.00 ns, 111.4395 ns/op
WorkloadPilot    8: 2048 op, 211616.00 ns, 103.3281 ns/op
WorkloadPilot    9: 4096 op, 442297.00 ns, 107.9827 ns/op
WorkloadPilot   10: 8192 op, 856483.00 ns, 104.5511 ns/op
WorkloadPilot   11: 16384 op, 1642423.00 ns, 100.2455 ns/op
WorkloadPilot   12: 32768 op, 3275860.00 ns, 99.9713 ns/op
WorkloadPilot   13: 65536 op, 6581236.00 ns, 100.4217 ns/op
WorkloadPilot   14: 131072 op, 13019273.00 ns, 99.3292 ns/op
WorkloadPilot   15: 262144 op, 26086186.00 ns, 99.5109 ns/op
WorkloadPilot   16: 524288 op, 55147207.00 ns, 105.1849 ns/op
WorkloadPilot   17: 1048576 op, 25726583.00 ns, 24.5348 ns/op
WorkloadPilot   18: 2097152 op, 51279311.00 ns, 24.4519 ns/op
WorkloadPilot   19: 4194304 op, 99800228.00 ns, 23.7942 ns/op
WorkloadPilot   20: 8388608 op, 193814540.00 ns, 23.1045 ns/op
WorkloadPilot   21: 16777216 op, 386497182.00 ns, 23.0370 ns/op
WorkloadPilot   22: 33554432 op, 784373477.00 ns, 23.3762 ns/op

OverheadWarmup   1: 33554432 op, 130697197.00 ns, 3.8951 ns/op
OverheadWarmup   2: 33554432 op, 141175756.00 ns, 4.2074 ns/op
OverheadWarmup   3: 33554432 op, 109818486.00 ns, 3.2728 ns/op
OverheadWarmup   4: 33554432 op, 109764956.00 ns, 3.2713 ns/op
OverheadWarmup   5: 33554432 op, 110070648.00 ns, 3.2804 ns/op
OverheadWarmup   6: 33554432 op, 109653818.00 ns, 3.2679 ns/op

OverheadActual   1: 33554432 op, 109887616.00 ns, 3.2749 ns/op
OverheadActual   2: 33554432 op, 109799140.00 ns, 3.2723 ns/op
OverheadActual   3: 33554432 op, 109966503.00 ns, 3.2773 ns/op
OverheadActual   4: 33554432 op, 113007427.00 ns, 3.3679 ns/op
OverheadActual   5: 33554432 op, 110667855.00 ns, 3.2982 ns/op
OverheadActual   6: 33554432 op, 109761470.00 ns, 3.2711 ns/op
OverheadActual   7: 33554432 op, 109795223.00 ns, 3.2722 ns/op
OverheadActual   8: 33554432 op, 110036253.00 ns, 3.2793 ns/op
OverheadActual   9: 33554432 op, 109744427.00 ns, 3.2706 ns/op
OverheadActual  10: 33554432 op, 109822651.00 ns, 3.2730 ns/op
OverheadActual  11: 33554432 op, 109651624.00 ns, 3.2679 ns/op
OverheadActual  12: 33554432 op, 109766038.00 ns, 3.2713 ns/op
OverheadActual  13: 33554432 op, 111200993.00 ns, 3.3140 ns/op
OverheadActual  14: 33554432 op, 109827453.00 ns, 3.2731 ns/op
OverheadActual  15: 33554432 op, 109735741.00 ns, 3.2704 ns/op

WorkloadWarmup   1: 33554432 op, 781468604.00 ns, 23.2896 ns/op
WorkloadWarmup   2: 33554432 op, 789763313.00 ns, 23.5368 ns/op
WorkloadWarmup   3: 33554432 op, 769193454.00 ns, 22.9238 ns/op

// BeforeActualRun
WorkloadActual   1: 33554432 op, 774512039.00 ns, 23.0823 ns/op
WorkloadActual   2: 33554432 op, 769980659.00 ns, 22.9472 ns/op
WorkloadActual   3: 33554432 op, 770593457.00 ns, 22.9655 ns/op
WorkloadActual   4: 33554432 op, 772386331.00 ns, 23.0189 ns/op
WorkloadActual   5: 33554432 op, 771360713.00 ns, 22.9883 ns/op

// AfterActualRun
WorkloadResult   1: 33554432 op, 664689388.00 ns, 19.8093 ns/op
WorkloadResult   2: 33554432 op, 660158008.00 ns, 19.6742 ns/op
WorkloadResult   3: 33554432 op, 660770806.00 ns, 19.6925 ns/op
WorkloadResult   4: 33554432 op, 662563680.00 ns, 19.7459 ns/op
WorkloadResult   5: 33554432 op, 661538062.00 ns, 19.7154 ns/op
// GC:  48 0 0 805307728 33554432
// Threading:  0 0 33554432

// AfterAll
// Benchmark Process 3742 has exited with code 0.

Mean = 19.727 ns, StdErr = 0.024 ns (0.12%), N = 5, StdDev = 0.053 ns
Min = 19.674 ns, Q1 = 19.693 ns, Median = 19.715 ns, Q3 = 19.746 ns, Max = 19.809 ns
IQR = 0.053 ns, LowerFence = 19.612 ns, UpperFence = 19.826 ns
ConfidenceInterval = [19.523 ns; 19.932 ns] (CI 99.9%), Margin = 0.204 ns (1.03% of Mean)
Skewness = 0.48, Kurtosis = 1.38, MValue = 2

// ** Remained 36 (55.4 %) benchmark(s) to run. Estimated finish 2026-08-23 3:30 (0h 4m from now) **
// ***** BenchmarkRunner: Finish  *****

// * Export *
  home/runner/work/needlr/needlr/benchmark-results/results/NexusLabs.Needlr.Benchmarks.Benchmarks.OpenGenericBenchmarks-report.csv
  home/runner/work/needlr/needlr/benchmark-results/results/NexusLabs.Needlr.Benchmarks.Benchmarks.OpenGenericBenchmarks-report-github.md
  home/runner/work/needlr/needlr/benchmark-results/results/NexusLabs.Needlr.Benchmarks.Benchmarks.OpenGenericBenchmarks-report.html
  home/runner/work/needlr/needlr/benchmark-results/results/NexusLabs.Needlr.Benchmarks.Benchmarks.OpenGenericBenchmarks-report-full-compressed.json
  home/runner/work/needlr/needlr/benchmark-results/results/NexusLabs.Needlr.Benchmarks.Benchmarks.OpenGenericBenchmarks-report-default.md

// * Detailed results *
OpenGenericBenchmarks.ManualDI_ResolveOpenGeneric: ShortRun(IterationCount=5, LaunchCount=1, WarmupCount=3)
Runtime = .NET 10.0.11 (10.0.1126.37416), X64 RyuJIT AVX2; GC = Concurrent Workstation
Mean = 19.746 ns, StdErr = 0.004 ns (0.02%), N = 4, StdDev = 0.009 ns
Min = 19.736 ns, Q1 = 19.739 ns, Median = 19.746 ns, Q3 = 19.753 ns, Max = 19.754 ns
IQR = 0.014 ns, LowerFence = 19.719 ns, UpperFence = 19.773 ns
ConfidenceInterval = [19.688 ns; 19.803 ns] (CI 99.9%), Margin = 0.058 ns (0.29% of Mean)
Skewness = -0.07, Kurtosis = 0.66, MValue = 2
-------------------- Histogram --------------------
[19.729 ns ; 19.761 ns) | @@@@
---------------------------------------------------

OpenGenericBenchmarks.Needlr_Reflection_ResolveOpenGeneric: ShortRun(IterationCount=5, LaunchCount=1, WarmupCount=3)
Runtime = .NET 10.0.11 (10.0.1126.37416), X64 RyuJIT AVX2; GC = Concurrent Workstation
Mean = 19.841 ns, StdErr = 0.065 ns (0.33%), N = 5, StdDev = 0.146 ns
Min = 19.659 ns, Q1 = 19.738 ns, Median = 19.874 ns, Q3 = 19.904 ns, Max = 20.031 ns
IQR = 0.166 ns, LowerFence = 19.489 ns, UpperFence = 20.153 ns
ConfidenceInterval = [19.281 ns; 20.402 ns] (CI 99.9%), Margin = 0.560 ns (2.82% of Mean)
Skewness = -0, Kurtosis = 1.12, MValue = 2
-------------------- Histogram --------------------
[19.548 ns ; 20.143 ns) | @@@@@
---------------------------------------------------

OpenGenericBenchmarks.Needlr_SourceGen_ResolveOpenGeneric: ShortRun(IterationCount=5, LaunchCount=1, WarmupCount=3)
Runtime = .NET 10.0.11 (10.0.1126.37416), X64 RyuJIT AVX2; GC = Concurrent Workstation
Mean = 19.727 ns, StdErr = 0.024 ns (0.12%), N = 5, StdDev = 0.053 ns
Min = 19.674 ns, Q1 = 19.693 ns, Median = 19.715 ns, Q3 = 19.746 ns, Max = 19.809 ns
IQR = 0.053 ns, LowerFence = 19.612 ns, UpperFence = 19.826 ns
ConfidenceInterval = [19.523 ns; 19.932 ns] (CI 99.9%), Margin = 0.204 ns (1.03% of Mean)
Skewness = 0.48, Kurtosis = 1.38, MValue = 2
-------------------- Histogram --------------------
[19.634 ns ; 19.850 ns) | @@@@@
---------------------------------------------------

// * Summary *

BenchmarkDotNet v0.14.0, Ubuntu 24.04.4 LTS (Noble Numbat)
AMD EPYC 7763, 1 CPU, 4 logical and 2 physical cores
.NET SDK 10.0.302
  [Host]   : .NET 10.0.11 (10.0.1126.37416), X64 RyuJIT AVX2
  ShortRun : .NET 10.0.11 (10.0.1126.37416), X64 RyuJIT AVX2

Job=ShortRun  IterationCount=5  LaunchCount=1  
WarmupCount=3  

| Method                               | Mean     | Error    | StdDev   | Ratio | Rank | Gen0   | Allocated | Alloc Ratio |
|------------------------------------- |---------:|---------:|---------:|------:|-----:|-------:|----------:|------------:|
| ManualDI_ResolveOpenGeneric          | 19.75 ns | 0.058 ns | 0.009 ns |  1.00 |    1 | 0.0014 |      24 B |        1.00 |
| Needlr_Reflection_ResolveOpenGeneric | 19.84 ns | 0.560 ns | 0.146 ns |  1.00 |    1 | 0.0014 |      24 B |        1.00 |
| Needlr_SourceGen_ResolveOpenGeneric  | 19.73 ns | 0.204 ns | 0.053 ns |  1.00 |    1 | 0.0014 |      24 B |        1.00 |

// * Hints *
Outliers
  OpenGenericBenchmarks.ManualDI_ResolveOpenGeneric: ShortRun -> 1 outlier  was  removed (23.15 ns)
// * Config Issues *

// * Warnings *
Configuration
  Summary -> The exporter HtmlExporter is already present in configuration. There may be unexpected results.

// * Legends *
  Mean        : Arithmetic mean of all measurements
  Error       : Half of 99.9% confidence interval
  StdDev      : Standard deviation of all measurements
  Ratio       : Mean of the ratio distribution ([Current]/[Baseline])
  Rank        : Relative position of current benchmark mean among all benchmarks (Arabic style)
  Gen0        : GC Generation 0 collects per 1000 operations
  Allocated   : Allocated memory per single operation (managed only, inclusive, 1KB = 1024B)
  Alloc Ratio : Allocated memory ratio distribution ([Current]/[Baseline])
  1 ns        : 1 Nanosecond (0.000000001 sec)

// * Diagnostic Output - MemoryDiagnoser *


// ***** BenchmarkRunner: End *****
Run time: 00:00:34 (34.38 sec), executed benchmarks: 3

// Found 3 benchmarks:
//   OptionsResolutionBenchmarks.ManualDI_ResolveOptions: ShortRun(IterationCount=5, LaunchCount=1, WarmupCount=3)
//   OptionsResolutionBenchmarks.Needlr_Reflection_ResolveOptions: ShortRun(IterationCount=5, LaunchCount=1, WarmupCount=3)
//   OptionsResolutionBenchmarks.Needlr_SourceGen_ResolveOptions: ShortRun(IterationCount=5, LaunchCount=1, WarmupCount=3)

// **************************
// Benchmark: OptionsResolutionBenchmarks.ManualDI_ResolveOptions: ShortRun(IterationCount=5, LaunchCount=1, WarmupCount=3)
// *** Execute ***
// Launch: 1 / 1
// Execute: dotnet 34652669-8378-4209-b79e-5df6789d8a23.dll --anonymousPipes 163 164 --benchmarkName NexusLabs.Needlr.Benchmarks.Benchmarks.OptionsResolutionBenchmarks.ManualDI_ResolveOptions --job ShortRun --benchmarkId 29 in /home/runner/work/needlr/needlr/src/NexusLabs.Needlr.Benchmarks/bin/Release/net10.0/34652669-8378-4209-b79e-5df6789d8a23/bin/Release/net10.0
// Failed to set up high priority (Permission denied). In order to run benchmarks with high priority, make sure you have the right permissions.
// BeforeAnythingElse

// Benchmark Process Environment Information:
// BenchmarkDotNet v0.14.0
// Runtime=.NET 10.0.11 (10.0.1126.37416), X64 RyuJIT AVX2
// GC=Concurrent Workstation
// HardwareIntrinsics=AVX2,AES,BMI1,BMI2,FMA,LZCNT,PCLMUL,POPCNT VectorSize=256
// Job: ShortRun(IterationCount=5, LaunchCount=1, WarmupCount=3)

OverheadJitting  1: 1 op, 398877.00 ns, 398.8770 us/op
WorkloadJitting  1: 1 op, 9490299.00 ns, 9.4903 ms/op

OverheadJitting  2: 16 op, 473546.00 ns, 29.5966 us/op
WorkloadJitting  2: 16 op, 534731.00 ns, 33.4207 us/op

WorkloadPilot    1: 16 op, 5811.00 ns, 363.1875 ns/op
WorkloadPilot    2: 32 op, 8467.00 ns, 264.5938 ns/op
WorkloadPilot    3: 64 op, 12795.00 ns, 199.9219 ns/op
WorkloadPilot    4: 128 op, 21951.00 ns, 171.4922 ns/op
WorkloadPilot    5: 256 op, 36178.00 ns, 141.3203 ns/op
WorkloadPilot    6: 512 op, 57838.00 ns, 112.9648 ns/op
WorkloadPilot    7: 1024 op, 101329.00 ns, 98.9541 ns/op
WorkloadPilot    8: 2048 op, 187311.00 ns, 91.4604 ns/op
WorkloadPilot    9: 4096 op, 364161.00 ns, 88.9065 ns/op
WorkloadPilot   10: 8192 op, 799716.00 ns, 97.6216 ns/op
WorkloadPilot   11: 16384 op, 1498565.00 ns, 91.4651 ns/op
WorkloadPilot   12: 32768 op, 2941956.00 ns, 89.7814 ns/op
WorkloadPilot   13: 65536 op, 5783683.00 ns, 88.2520 ns/op
WorkloadPilot   14: 131072 op, 12067902.00 ns, 92.0708 ns/op
WorkloadPilot   15: 262144 op, 23363198.00 ns, 89.1235 ns/op
WorkloadPilot   16: 524288 op, 46538024.00 ns, 88.7642 ns/op
WorkloadPilot   17: 1048576 op, 102173602.00 ns, 97.4403 ns/op
WorkloadPilot   18: 2097152 op, 55759420.00 ns, 26.5882 ns/op
WorkloadPilot   19: 4194304 op, 88874065.00 ns, 21.1892 ns/op
WorkloadPilot   20: 8388608 op, 176681204.00 ns, 21.0620 ns/op
WorkloadPilot   21: 16777216 op, 351263659.00 ns, 20.9369 ns/op
WorkloadPilot   22: 33554432 op, 700739744.00 ns, 20.8837 ns/op

OverheadWarmup   1: 33554432 op, 141251946.00 ns, 4.2096 ns/op
OverheadWarmup   2: 33554432 op, 148936005.00 ns, 4.4386 ns/op
OverheadWarmup   3: 33554432 op, 111629156.00 ns, 3.3268 ns/op
OverheadWarmup   4: 33554432 op, 109717889.00 ns, 3.2698 ns/op
OverheadWarmup   5: 33554432 op, 109820120.00 ns, 3.2729 ns/op
OverheadWarmup   6: 33554432 op, 109709182.00 ns, 3.2696 ns/op

OverheadActual   1: 33554432 op, 109571605.00 ns, 3.2655 ns/op
OverheadActual   2: 33554432 op, 112434513.00 ns, 3.3508 ns/op
OverheadActual   3: 33554432 op, 109862619.00 ns, 3.2742 ns/op
OverheadActual   4: 33554432 op, 109701027.00 ns, 3.2693 ns/op
OverheadActual   5: 33554432 op, 109654310.00 ns, 3.2680 ns/op
OverheadActual   6: 33554432 op, 110156359.00 ns, 3.2829 ns/op
OverheadActual   7: 33554432 op, 109591301.00 ns, 3.2661 ns/op
OverheadActual   8: 33554432 op, 109784564.00 ns, 3.2718 ns/op
OverheadActual   9: 33554432 op, 109622089.00 ns, 3.2670 ns/op
OverheadActual  10: 33554432 op, 109664088.00 ns, 3.2682 ns/op
OverheadActual  11: 33554432 op, 111194121.00 ns, 3.3138 ns/op
OverheadActual  12: 33554432 op, 109852912.00 ns, 3.2739 ns/op
OverheadActual  13: 33554432 op, 109652767.00 ns, 3.2679 ns/op
OverheadActual  14: 33554432 op, 109962727.00 ns, 3.2771 ns/op
OverheadActual  15: 33554432 op, 110182568.00 ns, 3.2837 ns/op

WorkloadWarmup   1: 33554432 op, 706702772.00 ns, 21.0614 ns/op
WorkloadWarmup   2: 33554432 op, 701776484.00 ns, 20.9146 ns/op
WorkloadWarmup   3: 33554432 op, 700615652.00 ns, 20.8800 ns/op

// BeforeActualRun
WorkloadActual   1: 33554432 op, 689379476.00 ns, 20.5451 ns/op
WorkloadActual   2: 33554432 op, 690002522.00 ns, 20.5637 ns/op
WorkloadActual   3: 33554432 op, 693346168.00 ns, 20.6633 ns/op
WorkloadActual   4: 33554432 op, 689445950.00 ns, 20.5471 ns/op
WorkloadActual   5: 33554432 op, 690044540.00 ns, 20.5649 ns/op

// AfterActualRun
WorkloadResult   1: 33554432 op, 579594912.00 ns, 17.2733 ns/op
WorkloadResult   2: 33554432 op, 580217958.00 ns, 17.2918 ns/op
WorkloadResult   3: 33554432 op, 579661386.00 ns, 17.2753 ns/op
WorkloadResult   4: 33554432 op, 580259976.00 ns, 17.2931 ns/op
// GC:  0 0 0 1072 33554432
// Threading:  0 0 33554432

// AfterAll
// Benchmark Process 3754 has exited with code 0.

Mean = 17.283 ns, StdErr = 0.005 ns (0.03%), N = 4, StdDev = 0.011 ns
Min = 17.273 ns, Q1 = 17.275 ns, Median = 17.284 ns, Q3 = 17.292 ns, Max = 17.293 ns
IQR = 0.017 ns, LowerFence = 17.249 ns, UpperFence = 17.318 ns
ConfidenceInterval = [17.215 ns; 17.352 ns] (CI 99.9%), Margin = 0.068 ns (0.39% of Mean)
Skewness = -0.01, Kurtosis = 0.58, MValue = 2

// ** Remained 35 (53.8 %) benchmark(s) to run. Estimated finish 2026-08-23 3:30 (0h 4m from now) **
// **************************
// Benchmark: OptionsResolutionBenchmarks.Needlr_Reflection_ResolveOptions: ShortRun(IterationCount=5, LaunchCount=1, WarmupCount=3)
// *** Execute ***
// Launch: 1 / 1
// Execute: dotnet 34652669-8378-4209-b79e-5df6789d8a23.dll --anonymousPipes 163 164 --benchmarkName NexusLabs.Needlr.Benchmarks.Benchmarks.OptionsResolutionBenchmarks.Needlr_Reflection_ResolveOptions --job ShortRun --benchmarkId 30 in /home/runner/work/needlr/needlr/src/NexusLabs.Needlr.Benchmarks/bin/Release/net10.0/34652669-8378-4209-b79e-5df6789d8a23/bin/Release/net10.0
// Failed to set up high priority (Permission denied). In order to run benchmarks with high priority, make sure you have the right permissions.
// BeforeAnythingElse

// Benchmark Process Environment Information:
// BenchmarkDotNet v0.14.0
// Runtime=.NET 10.0.11 (10.0.1126.37416), X64 RyuJIT AVX2
// GC=Concurrent Workstation
// HardwareIntrinsics=AVX2,AES,BMI1,BMI2,FMA,LZCNT,PCLMUL,POPCNT VectorSize=256
// Job: ShortRun(IterationCount=5, LaunchCount=1, WarmupCount=3)

OverheadJitting  1: 1 op, 401010.00 ns, 401.0100 us/op
WorkloadJitting  1: 1 op, 9369372.00 ns, 9.3694 ms/op

OverheadJitting  2: 16 op, 469839.00 ns, 29.3649 us/op
WorkloadJitting  2: 16 op, 505496.00 ns, 31.5935 us/op

WorkloadPilot    1: 16 op, 6642.00 ns, 415.1250 ns/op
WorkloadPilot    2: 32 op, 7294.00 ns, 227.9375 ns/op
WorkloadPilot    3: 64 op, 10119.00 ns, 158.1094 ns/op
WorkloadPilot    4: 128 op, 14747.00 ns, 115.2109 ns/op
WorkloadPilot    5: 256 op, 25137.00 ns, 98.1914 ns/op
WorkloadPilot    6: 512 op, 46076.00 ns, 89.9922 ns/op
WorkloadPilot    7: 1024 op, 89678.00 ns, 87.5762 ns/op
WorkloadPilot    8: 2048 op, 172773.00 ns, 84.3618 ns/op
WorkloadPilot    9: 4096 op, 340167.00 ns, 83.0486 ns/op
WorkloadPilot   10: 8192 op, 768518.00 ns, 93.8132 ns/op
WorkloadPilot   11: 16384 op, 1465423.00 ns, 89.4423 ns/op
WorkloadPilot   12: 32768 op, 2819706.00 ns, 86.0506 ns/op
WorkloadPilot   13: 65536 op, 5592004.00 ns, 85.3272 ns/op
WorkloadPilot   14: 131072 op, 11102055.00 ns, 84.7020 ns/op
WorkloadPilot   15: 262144 op, 22210672.00 ns, 84.7270 ns/op
WorkloadPilot   16: 524288 op, 44074955.00 ns, 84.0663 ns/op
WorkloadPilot   17: 1048576 op, 88349642.00 ns, 84.2568 ns/op
WorkloadPilot   18: 2097152 op, 67510284.00 ns, 32.1914 ns/op
WorkloadPilot   19: 4194304 op, 85323476.00 ns, 20.3427 ns/op
WorkloadPilot   20: 8388608 op, 169947883.00 ns, 20.2594 ns/op
WorkloadPilot   21: 16777216 op, 338420666.00 ns, 20.1714 ns/op
WorkloadPilot   22: 33554432 op, 677322822.00 ns, 20.1858 ns/op

OverheadWarmup   1: 33554432 op, 141361162.00 ns, 4.2129 ns/op
OverheadWarmup   2: 33554432 op, 142328031.00 ns, 4.2417 ns/op
OverheadWarmup   3: 33554432 op, 109711820.00 ns, 3.2697 ns/op
OverheadWarmup   4: 33554432 op, 114013229.00 ns, 3.3979 ns/op
OverheadWarmup   5: 33554432 op, 109794585.00 ns, 3.2721 ns/op

OverheadActual   1: 33554432 op, 109850209.00 ns, 3.2738 ns/op
OverheadActual   2: 33554432 op, 109732519.00 ns, 3.2703 ns/op
OverheadActual   3: 33554432 op, 110194664.00 ns, 3.2841 ns/op
OverheadActual   4: 33554432 op, 111349585.00 ns, 3.3185 ns/op
OverheadActual   5: 33554432 op, 109762755.00 ns, 3.2712 ns/op
OverheadActual   6: 33554432 op, 121987541.00 ns, 3.6355 ns/op
OverheadActual   7: 33554432 op, 115125540.00 ns, 3.4310 ns/op
OverheadActual   8: 33554432 op, 110352730.00 ns, 3.2888 ns/op
OverheadActual   9: 33554432 op, 110522016.00 ns, 3.2938 ns/op
OverheadActual  10: 33554432 op, 109690451.00 ns, 3.2690 ns/op
OverheadActual  11: 33554432 op, 109983268.00 ns, 3.2778 ns/op
OverheadActual  12: 33554432 op, 109932112.00 ns, 3.2762 ns/op
OverheadActual  13: 33554432 op, 109787402.00 ns, 3.2719 ns/op
OverheadActual  14: 33554432 op, 110720278.00 ns, 3.2997 ns/op
OverheadActual  15: 33554432 op, 111437600.00 ns, 3.3211 ns/op

WorkloadWarmup   1: 33554432 op, 694316210.00 ns, 20.6922 ns/op
WorkloadWarmup   2: 33554432 op, 675983637.00 ns, 20.1459 ns/op
WorkloadWarmup   3: 33554432 op, 675524217.00 ns, 20.1322 ns/op

// BeforeActualRun
WorkloadActual   1: 33554432 op, 675326217.00 ns, 20.1263 ns/op
WorkloadActual   2: 33554432 op, 677536981.00 ns, 20.1922 ns/op
WorkloadActual   3: 33554432 op, 675678295.00 ns, 20.1368 ns/op
WorkloadActual   4: 33554432 op, 674904529.00 ns, 20.1137 ns/op
WorkloadActual   5: 33554432 op, 674755886.00 ns, 20.1093 ns/op

// AfterActualRun
WorkloadResult   1: 33554432 op, 565131553.00 ns, 16.8422 ns/op
WorkloadResult   2: 33554432 op, 565483631.00 ns, 16.8527 ns/op
WorkloadResult   3: 33554432 op, 564709865.00 ns, 16.8297 ns/op
WorkloadResult   4: 33554432 op, 564561222.00 ns, 16.8252 ns/op
// GC:  0 0 0 1072 33554432
// Threading:  0 0 33554432

// AfterAll
// Benchmark Process 3764 has exited with code 0.

Mean = 16.837 ns, StdErr = 0.006 ns (0.04%), N = 4, StdDev = 0.012 ns
Min = 16.825 ns, Q1 = 16.829 ns, Median = 16.836 ns, Q3 = 16.845 ns, Max = 16.853 ns
IQR = 0.016 ns, LowerFence = 16.804 ns, UpperFence = 16.869 ns
ConfidenceInterval = [16.757 ns; 16.918 ns] (CI 99.9%), Margin = 0.081 ns (0.48% of Mean)
Skewness = 0.18, Kurtosis = 0.84, MValue = 2

// ** Remained 34 (52.3 %) benchmark(s) to run. Estimated finish 2026-08-23 3:30 (0h 4m from now) **
// **************************
// Benchmark: OptionsResolutionBenchmarks.Needlr_SourceGen_ResolveOptions: ShortRun(IterationCount=5, LaunchCount=1, WarmupCount=3)
// *** Execute ***
// Launch: 1 / 1
// Execute: dotnet 34652669-8378-4209-b79e-5df6789d8a23.dll --anonymousPipes 163 164 --benchmarkName NexusLabs.Needlr.Benchmarks.Benchmarks.OptionsResolutionBenchmarks.Needlr_SourceGen_ResolveOptions --job ShortRun --benchmarkId 31 in /home/runner/work/needlr/needlr/src/NexusLabs.Needlr.Benchmarks/bin/Release/net10.0/34652669-8378-4209-b79e-5df6789d8a23/bin/Release/net10.0
// Failed to set up high priority (Permission denied). In order to run benchmarks with high priority, make sure you have the right permissions.
// BeforeAnythingElse

// Benchmark Process Environment Information:
// BenchmarkDotNet v0.14.0
// Runtime=.NET 10.0.11 (10.0.1126.37416), X64 RyuJIT AVX2
// GC=Concurrent Workstation
// HardwareIntrinsics=AVX2,AES,BMI1,BMI2,FMA,LZCNT,PCLMUL,POPCNT VectorSize=256
// Job: ShortRun(IterationCount=5, LaunchCount=1, WarmupCount=3)

OverheadJitting  1: 1 op, 391292.00 ns, 391.2920 us/op
WorkloadJitting  1: 1 op, 9836557.00 ns, 9.8366 ms/op

OverheadJitting  2: 16 op, 487913.00 ns, 30.4946 us/op
WorkloadJitting  2: 16 op, 540151.00 ns, 33.7594 us/op

WorkloadPilot    1: 16 op, 5831.00 ns, 364.4375 ns/op
WorkloadPilot    2: 32 op, 8536.00 ns, 266.7500 ns/op
WorkloadPilot    3: 64 op, 12974.00 ns, 202.7188 ns/op
WorkloadPilot    4: 128 op, 22171.00 ns, 173.2109 ns/op
WorkloadPilot    5: 256 op, 36688.00 ns, 143.3125 ns/op
WorkloadPilot    6: 512 op, 59832.00 ns, 116.8594 ns/op
WorkloadPilot    7: 1024 op, 104345.00 ns, 101.8994 ns/op
WorkloadPilot    8: 2048 op, 196017.00 ns, 95.7114 ns/op
WorkloadPilot    9: 4096 op, 373409.00 ns, 91.1643 ns/op
WorkloadPilot   10: 8192 op, 829492.00 ns, 101.2563 ns/op
WorkloadPilot   11: 16384 op, 1609732.00 ns, 98.2502 ns/op
WorkloadPilot   12: 32768 op, 3085103.00 ns, 94.1499 ns/op
WorkloadPilot   13: 65536 op, 6174113.00 ns, 94.2095 ns/op
WorkloadPilot   14: 131072 op, 12438265.00 ns, 94.8964 ns/op
WorkloadPilot   15: 262144 op, 24477592.00 ns, 93.3746 ns/op
WorkloadPilot   16: 524288 op, 48816806.00 ns, 93.1107 ns/op
WorkloadPilot   17: 1048576 op, 104898227.00 ns, 100.0387 ns/op
WorkloadPilot   18: 2097152 op, 43503103.00 ns, 20.7439 ns/op
WorkloadPilot   19: 4194304 op, 83640559.00 ns, 19.9415 ns/op
WorkloadPilot   20: 8388608 op, 167615724.00 ns, 19.9814 ns/op
WorkloadPilot   21: 16777216 op, 336785385.00 ns, 20.0740 ns/op
WorkloadPilot   22: 33554432 op, 669520921.00 ns, 19.9533 ns/op

OverheadWarmup   1: 33554432 op, 141208881.00 ns, 4.2084 ns/op
OverheadWarmup   2: 33554432 op, 148024394.00 ns, 4.4115 ns/op
OverheadWarmup   3: 33554432 op, 110263717.00 ns, 3.2861 ns/op
OverheadWarmup   4: 33554432 op, 109656480.00 ns, 3.2680 ns/op
OverheadWarmup   5: 33554432 op, 109708186.00 ns, 3.2696 ns/op
OverheadWarmup   6: 33554432 op, 110070184.00 ns, 3.2803 ns/op
OverheadWarmup   7: 33554432 op, 109685204.00 ns, 3.2689 ns/op

OverheadActual   1: 33554432 op, 117160441.00 ns, 3.4917 ns/op
OverheadActual   2: 33554432 op, 118675236.00 ns, 3.5368 ns/op
OverheadActual   3: 33554432 op, 109623919.00 ns, 3.2670 ns/op
OverheadActual   4: 33554432 op, 109759983.00 ns, 3.2711 ns/op
OverheadActual   5: 33554432 op, 109751177.00 ns, 3.2708 ns/op
OverheadActual   6: 33554432 op, 111131680.00 ns, 3.3120 ns/op
OverheadActual   7: 33554432 op, 109693369.00 ns, 3.2691 ns/op
OverheadActual   8: 33554432 op, 110012516.00 ns, 3.2786 ns/op
OverheadActual   9: 33554432 op, 109724567.00 ns, 3.2700 ns/op
OverheadActual  10: 33554432 op, 109612156.00 ns, 3.2667 ns/op
OverheadActual  11: 33554432 op, 109716993.00 ns, 3.2698 ns/op
OverheadActual  12: 33554432 op, 109670897.00 ns, 3.2684 ns/op
OverheadActual  13: 33554432 op, 109811369.00 ns, 3.2726 ns/op
OverheadActual  14: 33554432 op, 109774100.00 ns, 3.2715 ns/op
OverheadActual  15: 33554432 op, 109651440.00 ns, 3.2679 ns/op

WorkloadWarmup   1: 33554432 op, 670815663.00 ns, 19.9919 ns/op
WorkloadWarmup   2: 33554432 op, 670751283.00 ns, 19.9899 ns/op
WorkloadWarmup   3: 33554432 op, 670407307.00 ns, 19.9797 ns/op

// BeforeActualRun
WorkloadActual   1: 33554432 op, 672242177.00 ns, 20.0344 ns/op
WorkloadActual   2: 33554432 op, 674185943.00 ns, 20.0923 ns/op
WorkloadActual   3: 33554432 op, 671999276.00 ns, 20.0271 ns/op
WorkloadActual   4: 33554432 op, 672083149.00 ns, 20.0296 ns/op
WorkloadActual   5: 33554432 op, 672509115.00 ns, 20.0423 ns/op

// AfterActualRun
WorkloadResult   1: 33554432 op, 562491000.00 ns, 16.7635 ns/op
WorkloadResult   2: 33554432 op, 562248099.00 ns, 16.7563 ns/op
WorkloadResult   3: 33554432 op, 562331972.00 ns, 16.7588 ns/op
WorkloadResult   4: 33554432 op, 562757938.00 ns, 16.7715 ns/op
// GC:  0 0 0 1072 33554432
// Threading:  0 0 33554432

// AfterAll
// Benchmark Process 3776 has exited with code 0.

Mean = 16.763 ns, StdErr = 0.003 ns (0.02%), N = 4, StdDev = 0.007 ns
Min = 16.756 ns, Q1 = 16.758 ns, Median = 16.761 ns, Q3 = 16.766 ns, Max = 16.771 ns
IQR = 0.007 ns, LowerFence = 16.747 ns, UpperFence = 16.777 ns
ConfidenceInterval = [16.719 ns; 16.806 ns] (CI 99.9%), Margin = 0.043 ns (0.26% of Mean)
Skewness = 0.36, Kurtosis = 1.02, MValue = 2

// ** Remained 33 (50.8 %) benchmark(s) to run. Estimated finish 2026-08-23 3:31 (0h 4m from now) **
// ***** BenchmarkRunner: Finish  *****

// * Export *
  home/runner/work/needlr/needlr/benchmark-results/results/NexusLabs.Needlr.Benchmarks.Benchmarks.OptionsResolutionBenchmarks-report.csv
  home/runner/work/needlr/needlr/benchmark-results/results/NexusLabs.Needlr.Benchmarks.Benchmarks.OptionsResolutionBenchmarks-report-github.md
  home/runner/work/needlr/needlr/benchmark-results/results/NexusLabs.Needlr.Benchmarks.Benchmarks.OptionsResolutionBenchmarks-report.html
  home/runner/work/needlr/needlr/benchmark-results/results/NexusLabs.Needlr.Benchmarks.Benchmarks.OptionsResolutionBenchmarks-report-full-compressed.json
  home/runner/work/needlr/needlr/benchmark-results/results/NexusLabs.Needlr.Benchmarks.Benchmarks.OptionsResolutionBenchmarks-report-default.md

// * Detailed results *
OptionsResolutionBenchmarks.ManualDI_ResolveOptions: ShortRun(IterationCount=5, LaunchCount=1, WarmupCount=3)
Runtime = .NET 10.0.11 (10.0.1126.37416), X64 RyuJIT AVX2; GC = Concurrent Workstation
Mean = 17.283 ns, StdErr = 0.005 ns (0.03%), N = 4, StdDev = 0.011 ns
Min = 17.273 ns, Q1 = 17.275 ns, Median = 17.284 ns, Q3 = 17.292 ns, Max = 17.293 ns
IQR = 0.017 ns, LowerFence = 17.249 ns, UpperFence = 17.318 ns
ConfidenceInterval = [17.215 ns; 17.352 ns] (CI 99.9%), Margin = 0.068 ns (0.39% of Mean)
Skewness = -0.01, Kurtosis = 0.58, MValue = 2
-------------------- Histogram --------------------
[17.265 ns ; 17.302 ns) | @@@@
---------------------------------------------------

OptionsResolutionBenchmarks.Needlr_Reflection_ResolveOptions: ShortRun(IterationCount=5, LaunchCount=1, WarmupCount=3)
Runtime = .NET 10.0.11 (10.0.1126.37416), X64 RyuJIT AVX2; GC = Concurrent Workstation
Mean = 16.837 ns, StdErr = 0.006 ns (0.04%), N = 4, StdDev = 0.012 ns
Min = 16.825 ns, Q1 = 16.829 ns, Median = 16.836 ns, Q3 = 16.845 ns, Max = 16.853 ns
IQR = 0.016 ns, LowerFence = 16.804 ns, UpperFence = 16.869 ns
ConfidenceInterval = [16.757 ns; 16.918 ns] (CI 99.9%), Margin = 0.081 ns (0.48% of Mean)
Skewness = 0.18, Kurtosis = 0.84, MValue = 2
-------------------- Histogram --------------------
[16.815 ns ; 16.863 ns) | @@@@
---------------------------------------------------

OptionsResolutionBenchmarks.Needlr_SourceGen_ResolveOptions: ShortRun(IterationCount=5, LaunchCount=1, WarmupCount=3)
Runtime = .NET 10.0.11 (10.0.1126.37416), X64 RyuJIT AVX2; GC = Concurrent Workstation
Mean = 16.763 ns, StdErr = 0.003 ns (0.02%), N = 4, StdDev = 0.007 ns
Min = 16.756 ns, Q1 = 16.758 ns, Median = 16.761 ns, Q3 = 16.766 ns, Max = 16.771 ns
IQR = 0.007 ns, LowerFence = 16.747 ns, UpperFence = 16.777 ns
ConfidenceInterval = [16.719 ns; 16.806 ns] (CI 99.9%), Margin = 0.043 ns (0.26% of Mean)
Skewness = 0.36, Kurtosis = 1.02, MValue = 2
-------------------- Histogram --------------------
[16.751 ns ; 16.777 ns) | @@@@
---------------------------------------------------

// * Summary *

BenchmarkDotNet v0.14.0, Ubuntu 24.04.4 LTS (Noble Numbat)
AMD EPYC 7763, 1 CPU, 4 logical and 2 physical cores
.NET SDK 10.0.302
  [Host]   : .NET 10.0.11 (10.0.1126.37416), X64 RyuJIT AVX2
  ShortRun : .NET 10.0.11 (10.0.1126.37416), X64 RyuJIT AVX2

Job=ShortRun  IterationCount=5  LaunchCount=1  
WarmupCount=3  

| Method                           | Mean     | Error    | StdDev   | Ratio | Rank | Allocated | Alloc Ratio |
|--------------------------------- |---------:|---------:|---------:|------:|-----:|----------:|------------:|
| ManualDI_ResolveOptions          | 17.28 ns | 0.068 ns | 0.011 ns |  1.00 |    1 |         - |          NA |
| Needlr_Reflection_ResolveOptions | 16.84 ns | 0.081 ns | 0.012 ns |  0.97 |    1 |         - |          NA |
| Needlr_SourceGen_ResolveOptions  | 16.76 ns | 0.043 ns | 0.007 ns |  0.97 |    1 |         - |          NA |

// * Hints *
Outliers
  OptionsResolutionBenchmarks.ManualDI_ResolveOptions: ShortRun          -> 1 outlier  was  removed (20.66 ns)
  OptionsResolutionBenchmarks.Needlr_Reflection_ResolveOptions: ShortRun -> 1 outlier  was  removed (20.19 ns)
  OptionsResolutionBenchmarks.Needlr_SourceGen_ResolveOptions: ShortRun  -> 1 outlier  was  removed (20.09 ns)
// * Config Issues *

// * Warnings *
Configuration
  Summary -> The exporter HtmlExporter is already present in configuration. There may be unexpected results.

// * Legends *
  Mean        : Arithmetic mean of all measurements
  Error       : Half of 99.9% confidence interval
  StdDev      : Standard deviation of all measurements
  Ratio       : Mean of the ratio distribution ([Current]/[Baseline])
  Rank        : Relative position of current benchmark mean among all benchmarks (Arabic style)
  Allocated   : Allocated memory per single operation (managed only, inclusive, 1KB = 1024B)
  Alloc Ratio : Allocated memory ratio distribution ([Current]/[Baseline])
  1 ns        : 1 Nanosecond (0.000000001 sec)

// * Diagnostic Output - MemoryDiagnoser *


// ***** BenchmarkRunner: End *****
Run time: 00:00:31 (31.13 sec), executed benchmarks: 3

// Found 4 benchmarks:
//   ProviderBuildBenchmarks.ManualDI_ToServiceProvider: ShortRun(IterationCount=5, LaunchCount=1, WarmupCount=3)
//   ProviderBuildBenchmarks.Needlr_Reflection_ToServiceProvider: ShortRun(IterationCount=5, LaunchCount=1, WarmupCount=3)
//   ProviderBuildBenchmarks.Needlr_SourceGen_ToServiceProvider: ShortRun(IterationCount=5, LaunchCount=1, WarmupCount=3)
//   ProviderBuildBenchmarks.Needlr_SourceGen_ToProvider: ShortRun(IterationCount=5, LaunchCount=1, WarmupCount=3)

// **************************
// Benchmark: ProviderBuildBenchmarks.ManualDI_ToServiceProvider: ShortRun(IterationCount=5, LaunchCount=1, WarmupCount=3)
// *** Execute ***
// Launch: 1 / 1
// Execute: dotnet 34652669-8378-4209-b79e-5df6789d8a23.dll --anonymousPipes 163 164 --benchmarkName NexusLabs.Needlr.Benchmarks.Benchmarks.ProviderBuildBenchmarks.ManualDI_ToServiceProvider --job ShortRun --benchmarkId 32 in /home/runner/work/needlr/needlr/src/NexusLabs.Needlr.Benchmarks/bin/Release/net10.0/34652669-8378-4209-b79e-5df6789d8a23/bin/Release/net10.0
// Failed to set up high priority (Permission denied). In order to run benchmarks with high priority, make sure you have the right permissions.
// BeforeAnythingElse

// Benchmark Process Environment Information:
// BenchmarkDotNet v0.14.0
// Runtime=.NET 10.0.11 (10.0.1126.37416), X64 RyuJIT AVX2
// GC=Concurrent Workstation
// HardwareIntrinsics=AVX2,AES,BMI1,BMI2,FMA,LZCNT,PCLMUL,POPCNT VectorSize=256
// Job: ShortRun(IterationCount=5, LaunchCount=1, WarmupCount=3)

OverheadJitting  1: 1 op, 485748.00 ns, 485.7480 us/op
WorkloadJitting  1: 1 op, 6823774.00 ns, 6.8238 ms/op

OverheadJitting  2: 16 op, 528459.00 ns, 33.0287 us/op
WorkloadJitting  2: 16 op, 845953.00 ns, 52.8721 us/op

WorkloadPilot    1: 16 op, 115496.00 ns, 7.2185 us/op
WorkloadPilot    2: 32 op, 174606.00 ns, 5.4564 us/op
WorkloadPilot    3: 64 op, 442347.00 ns, 6.9117 us/op
WorkloadPilot    4: 128 op, 603449.00 ns, 4.7144 us/op
WorkloadPilot    5: 256 op, 1198412.00 ns, 4.6813 us/op
WorkloadPilot    6: 512 op, 2343604.00 ns, 4.5774 us/op
WorkloadPilot    7: 1024 op, 4652403.00 ns, 4.5434 us/op
WorkloadPilot    8: 2048 op, 10371401.00 ns, 5.0642 us/op
WorkloadPilot    9: 4096 op, 19705852.00 ns, 4.8110 us/op
WorkloadPilot   10: 8192 op, 25997722.00 ns, 3.1736 us/op
WorkloadPilot   11: 16384 op, 50430818.00 ns, 3.0781 us/op
WorkloadPilot   12: 32768 op, 113120709.00 ns, 3.4522 us/op
WorkloadPilot   13: 65536 op, 143698459.00 ns, 2.1927 us/op
WorkloadPilot   14: 131072 op, 171344214.00 ns, 1.3073 us/op
WorkloadPilot   15: 262144 op, 314775023.00 ns, 1.2008 us/op
WorkloadPilot   16: 524288 op, 637314008.00 ns, 1.2156 us/op

OverheadWarmup   1: 524288 op, 2066004.00 ns, 3.9406 ns/op
OverheadWarmup   2: 524288 op, 2061005.00 ns, 3.9311 ns/op
OverheadWarmup   3: 524288 op, 2069210.00 ns, 3.9467 ns/op
OverheadWarmup   4: 524288 op, 2152056.00 ns, 4.1047 ns/op
OverheadWarmup   5: 524288 op, 2122430.00 ns, 4.0482 ns/op
OverheadWarmup   6: 524288 op, 2065313.00 ns, 3.9393 ns/op
OverheadWarmup   7: 524288 op, 2078888.00 ns, 3.9652 ns/op
OverheadWarmup   8: 524288 op, 2061266.00 ns, 3.9316 ns/op

OverheadActual   1: 524288 op, 2076114.00 ns, 3.9599 ns/op
OverheadActual   2: 524288 op, 2093868.00 ns, 3.9937 ns/op
OverheadActual   3: 524288 op, 2069812.00 ns, 3.9479 ns/op
OverheadActual   4: 524288 op, 2050045.00 ns, 3.9102 ns/op
OverheadActual   5: 524288 op, 2070504.00 ns, 3.9492 ns/op
OverheadActual   6: 524288 op, 2079049.00 ns, 3.9655 ns/op
OverheadActual   7: 524288 op, 2069362.00 ns, 3.9470 ns/op
OverheadActual   8: 524288 op, 2081343.00 ns, 3.9698 ns/op
OverheadActual   9: 524288 op, 2114726.00 ns, 4.0335 ns/op
OverheadActual  10: 524288 op, 2110939.00 ns, 4.0263 ns/op
OverheadActual  11: 524288 op, 2141075.00 ns, 4.0838 ns/op
OverheadActual  12: 524288 op, 2096993.00 ns, 3.9997 ns/op
OverheadActual  13: 524288 op, 2076845.00 ns, 3.9613 ns/op
OverheadActual  14: 524288 op, 2080742.00 ns, 3.9687 ns/op
OverheadActual  15: 524288 op, 2092374.00 ns, 3.9909 ns/op

WorkloadWarmup   1: 524288 op, 668508830.00 ns, 1.2751 us/op
WorkloadWarmup   2: 524288 op, 636651796.00 ns, 1.2143 us/op
WorkloadWarmup   3: 524288 op, 633581567.00 ns, 1.2085 us/op

// BeforeActualRun
WorkloadActual   1: 524288 op, 632434281.00 ns, 1.2063 us/op
WorkloadActual   2: 524288 op, 643256333.00 ns, 1.2269 us/op
WorkloadActual   3: 524288 op, 640833193.00 ns, 1.2223 us/op
WorkloadActual   4: 524288 op, 632940872.00 ns, 1.2072 us/op
WorkloadActual   5: 524288 op, 635451044.00 ns, 1.2120 us/op

// AfterActualRun
WorkloadResult   1: 524288 op, 630353539.00 ns, 1.2023 us/op
WorkloadResult   2: 524288 op, 641175591.00 ns, 1.2229 us/op
WorkloadResult   3: 524288 op, 638752451.00 ns, 1.2183 us/op
WorkloadResult   4: 524288 op, 630860130.00 ns, 1.2033 us/op
WorkloadResult   5: 524288 op, 633370302.00 ns, 1.2081 us/op
// GC:  141 46 0 2365588192 524288
// Threading:  0 0 524288

// AfterAll
// Benchmark Process 3785 has exited with code 0.

Mean = 1.211 μs, StdErr = 0.004 μs (0.34%), N = 5, StdDev = 0.009 μs
Min = 1.202 μs, Q1 = 1.203 μs, Median = 1.208 μs, Q3 = 1.218 μs, Max = 1.223 μs
IQR = 0.015 μs, LowerFence = 1.181 μs, UpperFence = 1.241 μs
ConfidenceInterval = [1.175 μs; 1.246 μs] (CI 99.9%), Margin = 0.036 μs (2.93% of Mean)
Skewness = 0.25, Kurtosis = 0.9, MValue = 2

// ** Remained 32 (49.2 %) benchmark(s) to run. Estimated finish 2026-08-23 3:31 (0h 4m from now) **
// **************************
// Benchmark: ProviderBuildBenchmarks.Needlr_Reflection_ToServiceProvider: ShortRun(IterationCount=5, LaunchCount=1, WarmupCount=3)
// *** Execute ***
// Launch: 1 / 1
// Execute: dotnet 34652669-8378-4209-b79e-5df6789d8a23.dll --anonymousPipes 163 164 --benchmarkName NexusLabs.Needlr.Benchmarks.Benchmarks.ProviderBuildBenchmarks.Needlr_Reflection_ToServiceProvider --job ShortRun --benchmarkId 33 in /home/runner/work/needlr/needlr/src/NexusLabs.Needlr.Benchmarks/bin/Release/net10.0/34652669-8378-4209-b79e-5df6789d8a23/bin/Release/net10.0
// Failed to set up high priority (Permission denied). In order to run benchmarks with high priority, make sure you have the right permissions.
// BeforeAnythingElse

// Benchmark Process Environment Information:
// BenchmarkDotNet v0.14.0
// Runtime=.NET 10.0.11 (10.0.1126.37416), X64 RyuJIT AVX2
// GC=Concurrent Workstation
// HardwareIntrinsics=AVX2,AES,BMI1,BMI2,FMA,LZCNT,PCLMUL,POPCNT VectorSize=256
// Job: ShortRun(IterationCount=5, LaunchCount=1, WarmupCount=3)

OverheadJitting  1: 1 op, 319468.00 ns, 319.4680 us/op
WorkloadJitting  1: 1 op, 40228547.00 ns, 40.2285 ms/op

WorkloadPilot    1: 2 op, 3540125.00 ns, 1.7701 ms/op
WorkloadPilot    2: 3 op, 5021036.00 ns, 1.6737 ms/op
WorkloadPilot    3: 4 op, 5726335.00 ns, 1.4316 ms/op
WorkloadPilot    4: 5 op, 7308175.00 ns, 1.4616 ms/op
WorkloadPilot    5: 6 op, 8382776.00 ns, 1.3971 ms/op
WorkloadPilot    6: 7 op, 9939839.00 ns, 1.4200 ms/op
WorkloadPilot    7: 8 op, 10997469.00 ns, 1.3747 ms/op
WorkloadPilot    8: 9 op, 12341604.00 ns, 1.3713 ms/op
WorkloadPilot    9: 10 op, 13709604.00 ns, 1.3710 ms/op
WorkloadPilot   10: 11 op, 14852502.00 ns, 1.3502 ms/op
WorkloadPilot   11: 12 op, 16124062.00 ns, 1.3437 ms/op
WorkloadPilot   12: 13 op, 17482414.00 ns, 1.3448 ms/op
WorkloadPilot   13: 14 op, 18718796.00 ns, 1.3371 ms/op
WorkloadPilot   14: 15 op, 22599449.00 ns, 1.5066 ms/op
WorkloadPilot   15: 16 op, 22245627.00 ns, 1.3904 ms/op
WorkloadPilot   16: 32 op, 45900680.00 ns, 1.4344 ms/op
WorkloadPilot   17: 64 op, 93311416.00 ns, 1.4580 ms/op
WorkloadPilot   18: 128 op, 176902013.00 ns, 1.3820 ms/op
WorkloadPilot   19: 256 op, 403528111.00 ns, 1.5763 ms/op
WorkloadPilot   20: 512 op, 1067525107.00 ns, 2.0850 ms/op

WorkloadWarmup   1: 512 op, 997420987.00 ns, 1.9481 ms/op
WorkloadWarmup   2: 512 op, 446219380.00 ns, 871.5222 us/op
WorkloadWarmup   3: 512 op, 393899905.00 ns, 769.3358 us/op

// BeforeActualRun
WorkloadActual   1: 512 op, 398017912.00 ns, 777.3787 us/op
WorkloadActual   2: 512 op, 394232869.00 ns, 769.9861 us/op
WorkloadActual   3: 512 op, 392925447.00 ns, 767.4325 us/op
WorkloadActual   4: 512 op, 391701950.00 ns, 765.0429 us/op
WorkloadActual   5: 512 op, 391830602.00 ns, 765.2941 us/op

// AfterActualRun
WorkloadResult   1: 512 op, 394232869.00 ns, 769.9861 us/op
WorkloadResult   2: 512 op, 392925447.00 ns, 767.4325 us/op
WorkloadResult   3: 512 op, 391701950.00 ns, 765.0429 us/op
WorkloadResult   4: 512 op, 391830602.00 ns, 765.2941 us/op
// GC:  7 0 0 132327584 512
// Threading:  0 0 512

// AfterAll
// Benchmark Process 3796 has exited with code 0.

Mean = 766.939 μs, StdErr = 1.149 μs (0.15%), N = 4, StdDev = 2.297 μs
Min = 765.043 μs, Q1 = 765.231 μs, Median = 766.363 μs, Q3 = 768.071 μs, Max = 769.986 μs
IQR = 2.840 μs, LowerFence = 760.972 μs, UpperFence = 772.330 μs
ConfidenceInterval = [752.096 μs; 781.782 μs] (CI 99.9%), Margin = 14.843 μs (1.94% of Mean)
Skewness = 0.35, Kurtosis = 0.96, MValue = 2

// ** Remained 31 (47.7 %) benchmark(s) to run. Estimated finish 2026-08-23 3:30 (0h 4m from now) **
// **************************
// Benchmark: ProviderBuildBenchmarks.Needlr_SourceGen_ToServiceProvider: ShortRun(IterationCount=5, LaunchCount=1, WarmupCount=3)
// *** Execute ***
// Launch: 1 / 1
// Execute: dotnet 34652669-8378-4209-b79e-5df6789d8a23.dll --anonymousPipes 163 164 --benchmarkName NexusLabs.Needlr.Benchmarks.Benchmarks.ProviderBuildBenchmarks.Needlr_SourceGen_ToServiceProvider --job ShortRun --benchmarkId 34 in /home/runner/work/needlr/needlr/src/NexusLabs.Needlr.Benchmarks/bin/Release/net10.0/34652669-8378-4209-b79e-5df6789d8a23/bin/Release/net10.0
// Failed to set up high priority (Permission denied). In order to run benchmarks with high priority, make sure you have the right permissions.
// BeforeAnythingElse

// Benchmark Process Environment Information:
// BenchmarkDotNet v0.14.0
// Runtime=.NET 10.0.11 (10.0.1126.37416), X64 RyuJIT AVX2
// GC=Concurrent Workstation
// HardwareIntrinsics=AVX2,AES,BMI1,BMI2,FMA,LZCNT,PCLMUL,POPCNT VectorSize=256
// Job: ShortRun(IterationCount=5, LaunchCount=1, WarmupCount=3)

OverheadJitting  1: 1 op, 324936.00 ns, 324.9360 us/op
WorkloadJitting  1: 1 op, 48549024.00 ns, 48.5490 ms/op

WorkloadPilot    1: 2 op, 1112017.00 ns, 556.0085 us/op
WorkloadPilot    2: 3 op, 1712980.00 ns, 570.9933 us/op
WorkloadPilot    3: 4 op, 1773504.00 ns, 443.3760 us/op
WorkloadPilot    4: 5 op, 2374797.00 ns, 474.9594 us/op
WorkloadPilot    5: 6 op, 2511011.00 ns, 418.5018 us/op
WorkloadPilot    6: 7 op, 3128765.00 ns, 446.9664 us/op
WorkloadPilot    7: 8 op, 3434215.00 ns, 429.2769 us/op
WorkloadPilot    8: 9 op, 3921886.00 ns, 435.7651 us/op
WorkloadPilot    9: 10 op, 4661819.00 ns, 466.1819 us/op
WorkloadPilot   10: 11 op, 4974943.00 ns, 452.2675 us/op
WorkloadPilot   11: 12 op, 5409856.00 ns, 450.8213 us/op
WorkloadPilot   12: 13 op, 5874443.00 ns, 451.8802 us/op
WorkloadPilot   13: 14 op, 6185996.00 ns, 441.8569 us/op
WorkloadPilot   14: 15 op, 6561537.00 ns, 437.4358 us/op
WorkloadPilot   15: 16 op, 7103961.00 ns, 443.9976 us/op
WorkloadPilot   16: 32 op, 15651959.00 ns, 489.1237 us/op
WorkloadPilot   17: 64 op, 32179915.00 ns, 502.8112 us/op
WorkloadPilot   18: 128 op, 62444882.00 ns, 487.8506 us/op
WorkloadPilot   19: 256 op, 118989593.00 ns, 464.8031 us/op
WorkloadPilot   20: 512 op, 248273545.00 ns, 484.9093 us/op
WorkloadPilot   21: 1024 op, 496364829.00 ns, 484.7313 us/op
WorkloadPilot   22: 2048 op, 495596061.00 ns, 241.9903 us/op
WorkloadPilot   23: 4096 op, 474567249.00 ns, 115.8611 us/op
WorkloadPilot   24: 8192 op, 927527315.00 ns, 113.2235 us/op

WorkloadWarmup   1: 8192 op, 916077240.00 ns, 111.8258 us/op
WorkloadWarmup   2: 8192 op, 925140239.00 ns, 112.9322 us/op
WorkloadWarmup   3: 8192 op, 934457720.00 ns, 114.0695 us/op

// BeforeActualRun
WorkloadActual   1: 8192 op, 921673740.00 ns, 112.5090 us/op
WorkloadActual   2: 8192 op, 924901494.00 ns, 112.9030 us/op
WorkloadActual   3: 8192 op, 924310148.00 ns, 112.8308 us/op
WorkloadActual   4: 8192 op, 921453398.00 ns, 112.4821 us/op
WorkloadActual   5: 8192 op, 923275273.00 ns, 112.7045 us/op

// AfterActualRun
WorkloadResult   1: 8192 op, 921673740.00 ns, 112.5090 us/op
WorkloadResult   2: 8192 op, 924901494.00 ns, 112.9030 us/op
WorkloadResult   3: 8192 op, 924310148.00 ns, 112.8308 us/op
WorkloadResult   4: 8192 op, 921453398.00 ns, 112.4821 us/op
WorkloadResult   5: 8192 op, 923275273.00 ns, 112.7045 us/op
// GC:  93 13 0 1571633792 8192
// Threading:  0 0 8192

// AfterAll
// Benchmark Process 3805 has exited with code 0.

Mean = 112.686 μs, StdErr = 0.084 μs (0.07%), N = 5, StdDev = 0.188 μs
Min = 112.482 μs, Q1 = 112.509 μs, Median = 112.705 μs, Q3 = 112.831 μs, Max = 112.903 μs
IQR = 0.322 μs, LowerFence = 112.026 μs, UpperFence = 113.314 μs
ConfidenceInterval = [111.962 μs; 113.410 μs] (CI 99.9%), Margin = 0.724 μs (0.64% of Mean)
Skewness = -0.02, Kurtosis = 0.86, MValue = 2

// ** Remained 30 (46.2 %) benchmark(s) to run. Estimated finish 2026-08-23 3:31 (0h 3m from now) **
// **************************
// Benchmark: ProviderBuildBenchmarks.Needlr_SourceGen_ToProvider: ShortRun(IterationCount=5, LaunchCount=1, WarmupCount=3)
// *** Execute ***
// Launch: 1 / 1
// Execute: dotnet 34652669-8378-4209-b79e-5df6789d8a23.dll --anonymousPipes 163 164 --benchmarkName NexusLabs.Needlr.Benchmarks.Benchmarks.ProviderBuildBenchmarks.Needlr_SourceGen_ToProvider --job ShortRun --benchmarkId 35 in /home/runner/work/needlr/needlr/src/NexusLabs.Needlr.Benchmarks/bin/Release/net10.0/34652669-8378-4209-b79e-5df6789d8a23/bin/Release/net10.0
// Failed to set up high priority (Permission denied). In order to run benchmarks with high priority, make sure you have the right permissions.
// BeforeAnythingElse

// Benchmark Process Environment Information:
// BenchmarkDotNet v0.14.0
// Runtime=.NET 10.0.11 (10.0.1126.37416), X64 RyuJIT AVX2
// GC=Concurrent Workstation
// HardwareIntrinsics=AVX2,AES,BMI1,BMI2,FMA,LZCNT,PCLMUL,POPCNT VectorSize=256
// Job: ShortRun(IterationCount=5, LaunchCount=1, WarmupCount=3)

OverheadJitting  1: 1 op, 380060.00 ns, 380.0600 us/op
WorkloadJitting  1: 1 op, 52441523.00 ns, 52.4415 ms/op

WorkloadPilot    1: 2 op, 1397032.00 ns, 698.5160 us/op
WorkloadPilot    2: 3 op, 1736967.00 ns, 578.9890 us/op
WorkloadPilot    3: 4 op, 2052907.00 ns, 513.2268 us/op
WorkloadPilot    4: 5 op, 2409644.00 ns, 481.9288 us/op
WorkloadPilot    5: 6 op, 2810474.00 ns, 468.4123 us/op
WorkloadPilot    6: 7 op, 3216903.00 ns, 459.5576 us/op
WorkloadPilot    7: 8 op, 3748960.00 ns, 468.6200 us/op
WorkloadPilot    8: 9 op, 4161636.00 ns, 462.4040 us/op
WorkloadPilot    9: 10 op, 4675618.00 ns, 467.5618 us/op
WorkloadPilot   10: 11 op, 5150947.00 ns, 468.2679 us/op
WorkloadPilot   11: 12 op, 5587273.00 ns, 465.6061 us/op
WorkloadPilot   12: 13 op, 6033318.00 ns, 464.1014 us/op
WorkloadPilot   13: 14 op, 6465807.00 ns, 461.8434 us/op
WorkloadPilot   14: 15 op, 6899709.00 ns, 459.9806 us/op
WorkloadPilot   15: 16 op, 7336556.00 ns, 458.5348 us/op
WorkloadPilot   16: 32 op, 16178458.00 ns, 505.5768 us/op
WorkloadPilot   17: 64 op, 33182351.00 ns, 518.4742 us/op
WorkloadPilot   18: 128 op, 69474589.00 ns, 542.7702 us/op
WorkloadPilot   19: 256 op, 125025499.00 ns, 488.3809 us/op
WorkloadPilot   20: 512 op, 257437979.00 ns, 502.8086 us/op
WorkloadPilot   21: 1024 op, 506933058.00 ns, 495.0518 us/op

WorkloadWarmup   1: 1024 op, 496826209.00 ns, 485.1818 us/op
WorkloadWarmup   2: 1024 op, 355948060.00 ns, 347.6055 us/op
WorkloadWarmup   3: 1024 op, 177061824.00 ns, 172.9119 us/op

// BeforeActualRun
WorkloadActual   1: 1024 op, 140782780.00 ns, 137.4832 us/op
WorkloadActual   2: 1024 op, 138663751.00 ns, 135.4138 us/op
WorkloadActual   3: 1024 op, 123841790.00 ns, 120.9392 us/op
WorkloadActual   4: 1024 op, 123274239.00 ns, 120.3850 us/op
WorkloadActual   5: 1024 op, 124214487.00 ns, 121.3032 us/op

// AfterActualRun
WorkloadResult   1: 1024 op, 140782780.00 ns, 137.4832 us/op
WorkloadResult   2: 1024 op, 138663751.00 ns, 135.4138 us/op
WorkloadResult   3: 1024 op, 123841790.00 ns, 120.9392 us/op
WorkloadResult   4: 1024 op, 123274239.00 ns, 120.3850 us/op
WorkloadResult   5: 1024 op, 124214487.00 ns, 121.3032 us/op
// GC:  11 1 0 197917312 1024
// Threading:  0 0 1024

// AfterAll
// Benchmark Process 3821 has exited with code 0.

Mean = 127.105 μs, StdErr = 3.831 μs (3.01%), N = 5, StdDev = 8.567 μs
Min = 120.385 μs, Q1 = 120.939 μs, Median = 121.303 μs, Q3 = 135.414 μs, Max = 137.483 μs
IQR = 14.475 μs, LowerFence = 99.227 μs, UpperFence = 157.126 μs
ConfidenceInterval = [94.116 μs; 160.094 μs] (CI 99.9%), Margin = 32.989 μs (25.95% of Mean)
Skewness = 0.3, Kurtosis = 0.78, MValue = 2

// ** Remained 29 (44.6 %) benchmark(s) to run. Estimated finish 2026-08-23 3:30 (0h 3m from now) **
// ***** BenchmarkRunner: Finish  *****

// * Export *
  home/runner/work/needlr/needlr/benchmark-results/results/NexusLabs.Needlr.Benchmarks.Benchmarks.ProviderBuildBenchmarks-report.csv
  home/runner/work/needlr/needlr/benchmark-results/results/NexusLabs.Needlr.Benchmarks.Benchmarks.ProviderBuildBenchmarks-report-github.md
  home/runner/work/needlr/needlr/benchmark-results/results/NexusLabs.Needlr.Benchmarks.Benchmarks.ProviderBuildBenchmarks-report.html
  home/runner/work/needlr/needlr/benchmark-results/results/NexusLabs.Needlr.Benchmarks.Benchmarks.ProviderBuildBenchmarks-report-full-compressed.json
  home/runner/work/needlr/needlr/benchmark-results/results/NexusLabs.Needlr.Benchmarks.Benchmarks.ProviderBuildBenchmarks-report-default.md

// * Detailed results *
ProviderBuildBenchmarks.ManualDI_ToServiceProvider: ShortRun(IterationCount=5, LaunchCount=1, WarmupCount=3)
Runtime = .NET 10.0.11 (10.0.1126.37416), X64 RyuJIT AVX2; GC = Concurrent Workstation
Mean = 1.211 μs, StdErr = 0.004 μs (0.34%), N = 5, StdDev = 0.009 μs
Min = 1.202 μs, Q1 = 1.203 μs, Median = 1.208 μs, Q3 = 1.218 μs, Max = 1.223 μs
IQR = 0.015 μs, LowerFence = 1.181 μs, UpperFence = 1.241 μs
ConfidenceInterval = [1.175 μs; 1.246 μs] (CI 99.9%), Margin = 0.036 μs (2.93% of Mean)
Skewness = 0.25, Kurtosis = 0.9, MValue = 2
-------------------- Histogram --------------------
[1.195 μs ; 1.230 μs) | @@@@@
---------------------------------------------------

ProviderBuildBenchmarks.Needlr_Reflection_ToServiceProvider: ShortRun(IterationCount=5, LaunchCount=1, WarmupCount=3)
Runtime = .NET 10.0.11 (10.0.1126.37416), X64 RyuJIT AVX2; GC = Concurrent Workstation
Mean = 766.939 μs, StdErr = 1.149 μs (0.15%), N = 4, StdDev = 2.297 μs
Min = 765.043 μs, Q1 = 765.231 μs, Median = 766.363 μs, Q3 = 768.071 μs, Max = 769.986 μs
IQR = 2.840 μs, LowerFence = 760.972 μs, UpperFence = 772.330 μs
ConfidenceInterval = [752.096 μs; 781.782 μs] (CI 99.9%), Margin = 14.843 μs (1.94% of Mean)
Skewness = 0.35, Kurtosis = 0.96, MValue = 2
-------------------- Histogram --------------------
[763.144 μs ; 771.885 μs) | @@@@
---------------------------------------------------

ProviderBuildBenchmarks.Needlr_SourceGen_ToServiceProvider: ShortRun(IterationCount=5, LaunchCount=1, WarmupCount=3)
Runtime = .NET 10.0.11 (10.0.1126.37416), X64 RyuJIT AVX2; GC = Concurrent Workstation
Mean = 112.686 μs, StdErr = 0.084 μs (0.07%), N = 5, StdDev = 0.188 μs
Min = 112.482 μs, Q1 = 112.509 μs, Median = 112.705 μs, Q3 = 112.831 μs, Max = 112.903 μs
IQR = 0.322 μs, LowerFence = 112.026 μs, UpperFence = 113.314 μs
ConfidenceInterval = [111.962 μs; 113.410 μs] (CI 99.9%), Margin = 0.724 μs (0.64% of Mean)
Skewness = -0.02, Kurtosis = 0.86, MValue = 2
-------------------- Histogram --------------------
[112.338 μs ; 113.047 μs) | @@@@@
---------------------------------------------------

ProviderBuildBenchmarks.Needlr_SourceGen_ToProvider: ShortRun(IterationCount=5, LaunchCount=1, WarmupCount=3)
Runtime = .NET 10.0.11 (10.0.1126.37416), X64 RyuJIT AVX2; GC = Concurrent Workstation
Mean = 127.105 μs, StdErr = 3.831 μs (3.01%), N = 5, StdDev = 8.567 μs
Min = 120.385 μs, Q1 = 120.939 μs, Median = 121.303 μs, Q3 = 135.414 μs, Max = 137.483 μs
IQR = 14.475 μs, LowerFence = 99.227 μs, UpperFence = 157.126 μs
ConfidenceInterval = [94.116 μs; 160.094 μs] (CI 99.9%), Margin = 32.989 μs (25.95% of Mean)
Skewness = 0.3, Kurtosis = 0.78, MValue = 2
-------------------- Histogram --------------------
[113.809 μs ; 129.873 μs) | @@@
[129.873 μs ; 144.059 μs) | @@
---------------------------------------------------

// * Summary *

BenchmarkDotNet v0.14.0, Ubuntu 24.04.4 LTS (Noble Numbat)
AMD EPYC 7763, 1 CPU, 4 logical and 2 physical cores
.NET SDK 10.0.302
  [Host]   : .NET 10.0.11 (10.0.1126.37416), X64 RyuJIT AVX2
  ShortRun : .NET 10.0.11 (10.0.1126.37416), X64 RyuJIT AVX2

Job=ShortRun  IterationCount=5  LaunchCount=1  
WarmupCount=3  

| Method                              | Mean       | Error      | StdDev    | Ratio  | RatioSD | Rank | Gen0    | Gen1   | Allocated | Alloc Ratio |
|------------------------------------ |-----------:|-----------:|----------:|-------:|--------:|-----:|--------:|-------:|----------:|------------:|
| ManualDI_ToServiceProvider          |   1.211 μs |  0.0355 μs | 0.0092 μs |   1.00 |    0.01 |    1 |  0.2689 | 0.0877 |   4.41 KB |        1.00 |
| Needlr_Reflection_ToServiceProvider | 766.939 μs | 14.8434 μs | 2.2970 μs | 633.35 |    4.73 |    3 | 13.6719 |      - | 252.39 KB |       57.28 |
| Needlr_SourceGen_ToServiceProvider  | 112.686 μs |  0.7238 μs | 0.1880 μs |  93.06 |    0.66 |    2 | 11.3525 | 1.5869 | 187.35 KB |       42.52 |
| Needlr_SourceGen_ToProvider         | 127.105 μs | 32.9887 μs | 8.5671 μs | 104.97 |    6.50 |    2 | 10.7422 | 0.9766 | 188.75 KB |       42.84 |

// * Hints *
Outliers
  ProviderBuildBenchmarks.Needlr_Reflection_ToServiceProvider: ShortRun -> 1 outlier  was  removed (777.38 μs)
// * Config Issues *

// * Warnings *
Configuration
  Summary -> The exporter HtmlExporter is already present in configuration. There may be unexpected results.

// * Legends *
  Mean        : Arithmetic mean of all measurements
  Error       : Half of 99.9% confidence interval
  StdDev      : Standard deviation of all measurements
  Ratio       : Mean of the ratio distribution ([Current]/[Baseline])
  RatioSD     : Standard deviation of the ratio distribution ([Current]/[Baseline])
  Rank        : Relative position of current benchmark mean among all benchmarks (Arabic style)
  Gen0        : GC Generation 0 collects per 1000 operations
  Gen1        : GC Generation 1 collects per 1000 operations
  Allocated   : Allocated memory per single operation (managed only, inclusive, 1KB = 1024B)
  Alloc Ratio : Allocated memory ratio distribution ([Current]/[Baseline])
  1 μs        : 1 Microsecond (0.000001 sec)

// * Diagnostic Output - MemoryDiagnoser *


// ***** BenchmarkRunner: End *****
Run time: 00:00:28 (28.62 sec), executed benchmarks: 4

// Found 7 benchmarks:
//   ProviderFactoryResolutionBenchmarks.ManualDI_FuncFactory_PreResolved: ShortRun(IterationCount=5, LaunchCount=1, WarmupCount=3)
//   ProviderFactoryResolutionBenchmarks.ManualDI_FuncFactory_WithResolution: ShortRun(IterationCount=5, LaunchCount=1, WarmupCount=3)
//   ProviderFactoryResolutionBenchmarks.DirectFactory_PreResolved: ShortRun(IterationCount=5, LaunchCount=1, WarmupCount=3)
//   ProviderFactoryResolutionBenchmarks.DirectFactory_WithResolution: ShortRun(IterationCount=5, LaunchCount=1, WarmupCount=3)
//   ProviderFactoryResolutionBenchmarks.Provider_FactoryShorthand: ShortRun(IterationCount=5, LaunchCount=1, WarmupCount=3)
//   ProviderFactoryResolutionBenchmarks.Provider_FactoryInterface: ShortRun(IterationCount=5, LaunchCount=1, WarmupCount=3)
//   ProviderFactoryResolutionBenchmarks.Provider_MixedShorthand: ShortRun(IterationCount=5, LaunchCount=1, WarmupCount=3)

// **************************
// Benchmark: ProviderFactoryResolutionBenchmarks.ManualDI_FuncFactory_PreResolved: ShortRun(IterationCount=5, LaunchCount=1, WarmupCount=3)
// *** Execute ***
// Launch: 1 / 1
// Execute: dotnet 34652669-8378-4209-b79e-5df6789d8a23.dll --anonymousPipes 163 164 --benchmarkName NexusLabs.Needlr.Benchmarks.Benchmarks.ProviderFactoryResolutionBenchmarks.ManualDI_FuncFactory_PreResolved --job ShortRun --benchmarkId 36 in /home/runner/work/needlr/needlr/src/NexusLabs.Needlr.Benchmarks/bin/Release/net10.0/34652669-8378-4209-b79e-5df6789d8a23/bin/Release/net10.0
// Failed to set up high priority (Permission denied). In order to run benchmarks with high priority, make sure you have the right permissions.
// BeforeAnythingElse

// Benchmark Process Environment Information:
// BenchmarkDotNet v0.14.0
// Runtime=.NET 10.0.11 (10.0.1126.37416), X64 RyuJIT AVX2
// GC=Concurrent Workstation
// HardwareIntrinsics=AVX2,AES,BMI1,BMI2,FMA,LZCNT,PCLMUL,POPCNT VectorSize=256
// Job: ShortRun(IterationCount=5, LaunchCount=1, WarmupCount=3)

OverheadJitting  1: 1 op, 336258.00 ns, 336.2580 us/op
WorkloadJitting  1: 1 op, 346257.00 ns, 346.2570 us/op

OverheadJitting  2: 16 op, 485027.00 ns, 30.3142 us/op
WorkloadJitting  2: 16 op, 490357.00 ns, 30.6473 us/op

WorkloadPilot    1: 16 op, 3246.00 ns, 202.8750 ns/op
WorkloadPilot    2: 32 op, 3206.00 ns, 100.1875 ns/op
WorkloadPilot    3: 64 op, 3246.00 ns, 50.7188 ns/op
WorkloadPilot    4: 128 op, 19096.00 ns, 149.1875 ns/op
WorkloadPilot    5: 256 op, 20949.00 ns, 81.8320 ns/op
WorkloadPilot    6: 512 op, 18094.00 ns, 35.3398 ns/op
WorkloadPilot    7: 1024 op, 51035.00 ns, 49.8389 ns/op
WorkloadPilot    8: 2048 op, 74589.00 ns, 36.4204 ns/op
WorkloadPilot    9: 4096 op, 171320.00 ns, 41.8262 ns/op
WorkloadPilot   10: 8192 op, 211005.00 ns, 25.7574 ns/op
WorkloadPilot   11: 16384 op, 477773.00 ns, 29.1609 ns/op
WorkloadPilot   12: 32768 op, 968411.00 ns, 29.5536 ns/op
WorkloadPilot   13: 65536 op, 1952672.00 ns, 29.7954 ns/op
WorkloadPilot   14: 131072 op, 3847395.00 ns, 29.3533 ns/op
WorkloadPilot   15: 262144 op, 7947162.00 ns, 30.3160 ns/op
WorkloadPilot   16: 524288 op, 15437511.00 ns, 29.4447 ns/op
WorkloadPilot   17: 1048576 op, 18588876.00 ns, 17.7277 ns/op
WorkloadPilot   18: 2097152 op, 38231090.00 ns, 18.2300 ns/op
WorkloadPilot   19: 4194304 op, 65043125.00 ns, 15.5075 ns/op
WorkloadPilot   20: 8388608 op, 100407073.00 ns, 11.9695 ns/op
WorkloadPilot   21: 16777216 op, 221134128.00 ns, 13.1806 ns/op
WorkloadPilot   22: 33554432 op, 401511262.00 ns, 11.9660 ns/op
WorkloadPilot   23: 67108864 op, 805989172.00 ns, 12.0102 ns/op

OverheadWarmup   1: 67108864 op, 315974310.00 ns, 4.7084 ns/op
OverheadWarmup   2: 67108864 op, 221994487.00 ns, 3.3080 ns/op
OverheadWarmup   3: 67108864 op, 222311210.00 ns, 3.3127 ns/op
OverheadWarmup   4: 67108864 op, 222301101.00 ns, 3.3125 ns/op
OverheadWarmup   5: 67108864 op, 224601012.00 ns, 3.3468 ns/op
OverheadWarmup   6: 67108864 op, 222218497.00 ns, 3.3113 ns/op

OverheadActual   1: 67108864 op, 223055211.00 ns, 3.3238 ns/op
OverheadActual   2: 67108864 op, 222402189.00 ns, 3.3141 ns/op
OverheadActual   3: 67108864 op, 234223378.00 ns, 3.4902 ns/op
OverheadActual   4: 67108864 op, 222393012.00 ns, 3.3139 ns/op
OverheadActual   5: 67108864 op, 222632300.00 ns, 3.3175 ns/op
OverheadActual   6: 67108864 op, 222596674.00 ns, 3.3169 ns/op
OverheadActual   7: 67108864 op, 222263209.00 ns, 3.3120 ns/op
OverheadActual   8: 67108864 op, 222105295.00 ns, 3.3096 ns/op
OverheadActual   9: 67108864 op, 222756883.00 ns, 3.3193 ns/op
OverheadActual  10: 67108864 op, 222466380.00 ns, 3.3150 ns/op
OverheadActual  11: 67108864 op, 222363176.00 ns, 3.3135 ns/op
OverheadActual  12: 67108864 op, 233704498.00 ns, 3.4825 ns/op
OverheadActual  13: 67108864 op, 222008293.00 ns, 3.3082 ns/op
OverheadActual  14: 67108864 op, 222257439.00 ns, 3.3119 ns/op
OverheadActual  15: 67108864 op, 222079226.00 ns, 3.3092 ns/op

WorkloadWarmup   1: 67108864 op, 849165029.00 ns, 12.6535 ns/op
WorkloadWarmup   2: 67108864 op, 822882192.00 ns, 12.2619 ns/op
WorkloadWarmup   3: 67108864 op, 819146126.00 ns, 12.2062 ns/op

// BeforeActualRun
WorkloadActual   1: 67108864 op, 847822974.00 ns, 12.6335 ns/op
WorkloadActual   2: 67108864 op, 906259026.00 ns, 13.5043 ns/op
WorkloadActual   3: 67108864 op, 989621613.00 ns, 14.7465 ns/op
WorkloadActual   4: 67108864 op, 1012575055.00 ns, 15.0885 ns/op
WorkloadActual   5: 67108864 op, 995864561.00 ns, 14.8395 ns/op

// AfterActualRun
WorkloadResult   1: 67108864 op, 625420785.00 ns, 9.3195 ns/op
WorkloadResult   2: 67108864 op, 683856837.00 ns, 10.1903 ns/op
WorkloadResult   3: 67108864 op, 767219424.00 ns, 11.4325 ns/op
WorkloadResult   4: 67108864 op, 790172866.00 ns, 11.7745 ns/op
WorkloadResult   5: 67108864 op, 773462372.00 ns, 11.5255 ns/op
// GC:  128 0 0 2147484384 67108864
// Threading:  0 0 67108864

// AfterAll
// Benchmark Process 3829 has exited with code 0.

Mean = 10.848 ns, StdErr = 0.471 ns (4.34%), N = 5, StdDev = 1.052 ns
Min = 9.319 ns, Q1 = 10.190 ns, Median = 11.432 ns, Q3 = 11.525 ns, Max = 11.774 ns
IQR = 1.335 ns, LowerFence = 8.187 ns, UpperFence = 13.528 ns
ConfidenceInterval = [6.797 ns; 14.900 ns] (CI 99.9%), Margin = 4.051 ns (37.35% of Mean)
Skewness = -0.44, Kurtosis = 1.1, MValue = 2

// ** Remained 28 (43.1 %) benchmark(s) to run. Estimated finish 2026-08-23 3:31 (0h 3m from now) **
// **************************
// Benchmark: ProviderFactoryResolutionBenchmarks.ManualDI_FuncFactory_WithResolution: ShortRun(IterationCount=5, LaunchCount=1, WarmupCount=3)
// *** Execute ***
// Launch: 1 / 1
// Execute: dotnet 34652669-8378-4209-b79e-5df6789d8a23.dll --anonymousPipes 163 164 --benchmarkName NexusLabs.Needlr.Benchmarks.Benchmarks.ProviderFactoryResolutionBenchmarks.ManualDI_FuncFactory_WithResolution --job ShortRun --benchmarkId 37 in /home/runner/work/needlr/needlr/src/NexusLabs.Needlr.Benchmarks/bin/Release/net10.0/34652669-8378-4209-b79e-5df6789d8a23/bin/Release/net10.0
// Failed to set up high priority (Permission denied). In order to run benchmarks with high priority, make sure you have the right permissions.
// BeforeAnythingElse

// Benchmark Process Environment Information:
// BenchmarkDotNet v0.14.0
// Runtime=.NET 10.0.11 (10.0.1126.37416), X64 RyuJIT AVX2
// GC=Concurrent Workstation
// HardwareIntrinsics=AVX2,AES,BMI1,BMI2,FMA,LZCNT,PCLMUL,POPCNT VectorSize=256
// Job: ShortRun(IterationCount=5, LaunchCount=1, WarmupCount=3)

OverheadJitting  1: 1 op, 342712.00 ns, 342.7120 us/op
WorkloadJitting  1: 1 op, 369743.00 ns, 369.7430 us/op

OverheadJitting  2: 16 op, 481842.00 ns, 30.1151 us/op
WorkloadJitting  2: 16 op, 475020.00 ns, 29.6888 us/op

WorkloadPilot    1: 16 op, 6091.00 ns, 380.6875 ns/op
WorkloadPilot    2: 32 op, 7614.00 ns, 237.9375 ns/op
WorkloadPilot    3: 64 op, 15328.00 ns, 239.5000 ns/op
WorkloadPilot    4: 128 op, 32501.00 ns, 253.9141 ns/op
WorkloadPilot    5: 256 op, 47940.00 ns, 187.2656 ns/op
WorkloadPilot    6: 512 op, 65813.00 ns, 128.5410 ns/op
WorkloadPilot    7: 1024 op, 125635.00 ns, 122.6904 ns/op
WorkloadPilot    8: 2048 op, 234348.00 ns, 114.4277 ns/op
WorkloadPilot    9: 4096 op, 445063.00 ns, 108.6580 ns/op
WorkloadPilot   10: 8192 op, 963864.00 ns, 117.6592 ns/op
WorkloadPilot   11: 16384 op, 1802405.00 ns, 110.0101 ns/op
WorkloadPilot   12: 32768 op, 3503840.00 ns, 106.9287 ns/op
WorkloadPilot   13: 65536 op, 6896361.00 ns, 105.2301 ns/op
WorkloadPilot   14: 131072 op, 13799605.00 ns, 105.2826 ns/op
WorkloadPilot   15: 262144 op, 27264573.00 ns, 104.0061 ns/op
WorkloadPilot   16: 524288 op, 54563160.00 ns, 104.0710 ns/op
WorkloadPilot   17: 1048576 op, 56068849.00 ns, 53.4714 ns/op
WorkloadPilot   18: 2097152 op, 50051133.00 ns, 23.8662 ns/op
WorkloadPilot   19: 4194304 op, 91571185.00 ns, 21.8323 ns/op
WorkloadPilot   20: 8388608 op, 183943515.00 ns, 21.9278 ns/op
WorkloadPilot   21: 16777216 op, 364183994.00 ns, 21.7071 ns/op
WorkloadPilot   22: 33554432 op, 725081052.00 ns, 21.6091 ns/op

OverheadWarmup   1: 33554432 op, 151635664.00 ns, 4.5191 ns/op
OverheadWarmup   2: 33554432 op, 151616748.00 ns, 4.5185 ns/op
OverheadWarmup   3: 33554432 op, 109584656.00 ns, 3.2659 ns/op
OverheadWarmup   4: 33554432 op, 110827480.00 ns, 3.3029 ns/op
OverheadWarmup   5: 33554432 op, 109675065.00 ns, 3.2686 ns/op
OverheadWarmup   6: 33554432 op, 109714910.00 ns, 3.2698 ns/op
OverheadWarmup   7: 33554432 op, 109756097.00 ns, 3.2710 ns/op
OverheadWarmup   8: 33554432 op, 109945674.00 ns, 3.2766 ns/op
OverheadWarmup   9: 33554432 op, 109801703.00 ns, 3.2723 ns/op

OverheadActual   1: 33554432 op, 109722594.00 ns, 3.2700 ns/op
OverheadActual   2: 33554432 op, 112877242.00 ns, 3.3640 ns/op
OverheadActual   3: 33554432 op, 109755345.00 ns, 3.2710 ns/op
OverheadActual   4: 33554432 op, 109769412.00 ns, 3.2714 ns/op
OverheadActual   5: 33554432 op, 109675306.00 ns, 3.2686 ns/op
OverheadActual   6: 33554432 op, 115311544.00 ns, 3.4366 ns/op
OverheadActual   7: 33554432 op, 110070107.00 ns, 3.2803 ns/op
OverheadActual   8: 33554432 op, 110517067.00 ns, 3.2937 ns/op
OverheadActual   9: 33554432 op, 109865754.00 ns, 3.2743 ns/op
OverheadActual  10: 33554432 op, 110381521.00 ns, 3.2896 ns/op
OverheadActual  11: 33554432 op, 109702931.00 ns, 3.2694 ns/op
OverheadActual  12: 33554432 op, 109774445.00 ns, 3.2715 ns/op
OverheadActual  13: 33554432 op, 109687222.00 ns, 3.2689 ns/op
OverheadActual  14: 33554432 op, 114303111.00 ns, 3.4065 ns/op
OverheadActual  15: 33554432 op, 109712589.00 ns, 3.2697 ns/op

WorkloadWarmup   1: 33554432 op, 732756440.00 ns, 21.8378 ns/op
WorkloadWarmup   2: 33554432 op, 733981433.00 ns, 21.8744 ns/op
WorkloadWarmup   3: 33554432 op, 730008568.00 ns, 21.7560 ns/op

// BeforeActualRun
WorkloadActual   1: 33554432 op, 728544469.00 ns, 21.7123 ns/op
WorkloadActual   2: 33554432 op, 736640008.00 ns, 21.9536 ns/op
WorkloadActual   3: 33554432 op, 730764974.00 ns, 21.7785 ns/op
WorkloadActual   4: 33554432 op, 729189525.00 ns, 21.7315 ns/op
WorkloadActual   5: 33554432 op, 739125620.00 ns, 22.0277 ns/op

// AfterActualRun
WorkloadResult   1: 33554432 op, 618770024.00 ns, 18.4408 ns/op
WorkloadResult   2: 33554432 op, 626865563.00 ns, 18.6820 ns/op
WorkloadResult   3: 33554432 op, 620990529.00 ns, 18.5070 ns/op
WorkloadResult   4: 33554432 op, 619415080.00 ns, 18.4600 ns/op
WorkloadResult   5: 33554432 op, 629351175.00 ns, 18.7561 ns/op
// GC:  64 0 0 1073742560 33554432
// Threading:  0 0 33554432

// AfterAll
// Benchmark Process 3838 has exited with code 0.

Mean = 18.569 ns, StdErr = 0.063 ns (0.34%), N = 5, StdDev = 0.141 ns
Min = 18.441 ns, Q1 = 18.460 ns, Median = 18.507 ns, Q3 = 18.682 ns, Max = 18.756 ns
IQR = 0.222 ns, LowerFence = 18.127 ns, UpperFence = 19.015 ns
ConfidenceInterval = [18.025 ns; 19.114 ns] (CI 99.9%), Margin = 0.544 ns (2.93% of Mean)
Skewness = 0.31, Kurtosis = 0.91, MValue = 2

// ** Remained 27 (41.5 %) benchmark(s) to run. Estimated finish 2026-08-23 3:31 (0h 3m from now) **
// **************************
// Benchmark: ProviderFactoryResolutionBenchmarks.DirectFactory_PreResolved: ShortRun(IterationCount=5, LaunchCount=1, WarmupCount=3)
// *** Execute ***
// Launch: 1 / 1
// Execute: dotnet 34652669-8378-4209-b79e-5df6789d8a23.dll --anonymousPipes 163 164 --benchmarkName NexusLabs.Needlr.Benchmarks.Benchmarks.ProviderFactoryResolutionBenchmarks.DirectFactory_PreResolved --job ShortRun --benchmarkId 38 in /home/runner/work/needlr/needlr/src/NexusLabs.Needlr.Benchmarks/bin/Release/net10.0/34652669-8378-4209-b79e-5df6789d8a23/bin/Release/net10.0
// Failed to set up high priority (Permission denied). In order to run benchmarks with high priority, make sure you have the right permissions.
// BeforeAnythingElse

// Benchmark Process Environment Information:
// BenchmarkDotNet v0.14.0
// Runtime=.NET 10.0.11 (10.0.1126.37416), X64 RyuJIT AVX2
// GC=Concurrent Workstation
// HardwareIntrinsics=AVX2,AES,BMI1,BMI2,FMA,LZCNT,PCLMUL,POPCNT VectorSize=256
// Job: ShortRun(IterationCount=5, LaunchCount=1, WarmupCount=3)

OverheadJitting  1: 1 op, 345366.00 ns, 345.3660 us/op
WorkloadJitting  1: 1 op, 381524.00 ns, 381.5240 us/op

OverheadJitting  2: 16 op, 481190.00 ns, 30.0744 us/op
WorkloadJitting  2: 16 op, 511978.00 ns, 31.9986 us/op

WorkloadPilot    1: 16 op, 2505.00 ns, 156.5625 ns/op
WorkloadPilot    2: 32 op, 2695.00 ns, 84.2188 ns/op
WorkloadPilot    3: 64 op, 3136.00 ns, 49.0000 ns/op
WorkloadPilot    4: 128 op, 19657.00 ns, 153.5703 ns/op
WorkloadPilot    5: 256 op, 20939.00 ns, 81.7930 ns/op
WorkloadPilot    6: 512 op, 18054.00 ns, 35.2617 ns/op
WorkloadPilot    7: 1024 op, 52910.00 ns, 51.6699 ns/op
WorkloadPilot    8: 2048 op, 79559.00 ns, 38.8472 ns/op
WorkloadPilot    9: 4096 op, 143048.00 ns, 34.9238 ns/op
WorkloadPilot   10: 8192 op, 279182.00 ns, 34.0798 ns/op
WorkloadPilot   11: 16384 op, 520914.00 ns, 31.7941 ns/op
WorkloadPilot   12: 32768 op, 975887.00 ns, 29.7817 ns/op
WorkloadPilot   13: 65536 op, 1962062.00 ns, 29.9387 ns/op
WorkloadPilot   14: 131072 op, 3979206.00 ns, 30.3589 ns/op
WorkloadPilot   15: 262144 op, 7777915.00 ns, 29.6704 ns/op
WorkloadPilot   16: 524288 op, 15208471.00 ns, 29.0079 ns/op
WorkloadPilot   17: 1048576 op, 18156909.00 ns, 17.3158 ns/op
WorkloadPilot   18: 2097152 op, 38312748.00 ns, 18.2689 ns/op
WorkloadPilot   19: 4194304 op, 66017855.00 ns, 15.7399 ns/op
WorkloadPilot   20: 8388608 op, 103456317.00 ns, 12.3330 ns/op
WorkloadPilot   21: 16777216 op, 197582854.00 ns, 11.7769 ns/op
WorkloadPilot   22: 33554432 op, 390211196.00 ns, 11.6292 ns/op
WorkloadPilot   23: 67108864 op, 795350788.00 ns, 11.8517 ns/op

OverheadWarmup   1: 67108864 op, 307017288.00 ns, 4.5749 ns/op
OverheadWarmup   2: 67108864 op, 222254464.00 ns, 3.3118 ns/op
OverheadWarmup   3: 67108864 op, 222467723.00 ns, 3.3150 ns/op
OverheadWarmup   4: 67108864 op, 222302574.00 ns, 3.3126 ns/op
OverheadWarmup   5: 67108864 op, 222020877.00 ns, 3.3084 ns/op
OverheadWarmup   6: 67108864 op, 222128297.00 ns, 3.3100 ns/op
OverheadWarmup   7: 67108864 op, 221924727.00 ns, 3.3069 ns/op

OverheadActual   1: 67108864 op, 223055783.00 ns, 3.3238 ns/op
OverheadActual   2: 67108864 op, 222044430.00 ns, 3.3087 ns/op
OverheadActual   3: 67108864 op, 222117348.00 ns, 3.3098 ns/op
OverheadActual   4: 67108864 op, 222253702.00 ns, 3.3118 ns/op
OverheadActual   5: 67108864 op, 222294008.00 ns, 3.3124 ns/op
OverheadActual   6: 67108864 op, 222198950.00 ns, 3.3110 ns/op
OverheadActual   7: 67108864 op, 221884211.00 ns, 3.3063 ns/op
OverheadActual   8: 67108864 op, 222139773.00 ns, 3.3101 ns/op
OverheadActual   9: 67108864 op, 222475509.00 ns, 3.3151 ns/op
OverheadActual  10: 67108864 op, 221983989.00 ns, 3.3078 ns/op
OverheadActual  11: 67108864 op, 221887208.00 ns, 3.3064 ns/op
OverheadActual  12: 67108864 op, 222013895.00 ns, 3.3083 ns/op
OverheadActual  13: 67108864 op, 221896816.00 ns, 3.3065 ns/op
OverheadActual  14: 67108864 op, 222168765.00 ns, 3.3106 ns/op
OverheadActual  15: 67108864 op, 222146102.00 ns, 3.3102 ns/op

WorkloadWarmup   1: 67108864 op, 813332454.00 ns, 12.1196 ns/op
WorkloadWarmup   2: 67108864 op, 807600888.00 ns, 12.0342 ns/op
WorkloadWarmup   3: 67108864 op, 782426072.00 ns, 11.6591 ns/op

// BeforeActualRun
WorkloadActual   1: 67108864 op, 791904221.00 ns, 11.8003 ns/op
WorkloadActual   2: 67108864 op, 783879862.00 ns, 11.6807 ns/op
WorkloadActual   3: 67108864 op, 787913542.00 ns, 11.7408 ns/op
WorkloadActual   4: 67108864 op, 792423904.00 ns, 11.8080 ns/op
WorkloadActual   5: 67108864 op, 786303159.00 ns, 11.7168 ns/op

// AfterActualRun
WorkloadResult   1: 67108864 op, 569764448.00 ns, 8.4902 ns/op
WorkloadResult   2: 67108864 op, 561740089.00 ns, 8.3706 ns/op
WorkloadResult   3: 67108864 op, 565773769.00 ns, 8.4307 ns/op
WorkloadResult   4: 67108864 op, 570284131.00 ns, 8.4979 ns/op
WorkloadResult   5: 67108864 op, 564163386.00 ns, 8.4067 ns/op
// GC:  128 0 0 2147484384 67108864
// Threading:  0 0 67108864

// AfterAll
// Benchmark Process 3851 has exited with code 0.

Mean = 8.439 ns, StdErr = 0.024 ns (0.29%), N = 5, StdDev = 0.054 ns
Min = 8.371 ns, Q1 = 8.407 ns, Median = 8.431 ns, Q3 = 8.490 ns, Max = 8.498 ns
IQR = 0.083 ns, LowerFence = 8.281 ns, UpperFence = 8.615 ns
ConfidenceInterval = [8.229 ns; 8.649 ns] (CI 99.9%), Margin = 0.210 ns (2.49% of Mean)
Skewness = -0.03, Kurtosis = 0.95, MValue = 2

// ** Remained 26 (40.0 %) benchmark(s) to run. Estimated finish 2026-08-23 3:31 (0h 3m from now) **
// **************************
// Benchmark: ProviderFactoryResolutionBenchmarks.DirectFactory_WithResolution: ShortRun(IterationCount=5, LaunchCount=1, WarmupCount=3)
// *** Execute ***
// Launch: 1 / 1
// Execute: dotnet 34652669-8378-4209-b79e-5df6789d8a23.dll --anonymousPipes 163 164 --benchmarkName NexusLabs.Needlr.Benchmarks.Benchmarks.ProviderFactoryResolutionBenchmarks.DirectFactory_WithResolution --job ShortRun --benchmarkId 39 in /home/runner/work/needlr/needlr/src/NexusLabs.Needlr.Benchmarks/bin/Release/net10.0/34652669-8378-4209-b79e-5df6789d8a23/bin/Release/net10.0
// Failed to set up high priority (Permission denied). In order to run benchmarks with high priority, make sure you have the right permissions.
// BeforeAnythingElse

// Benchmark Process Environment Information:
// BenchmarkDotNet v0.14.0
// Runtime=.NET 10.0.11 (10.0.1126.37416), X64 RyuJIT AVX2
// GC=Concurrent Workstation
// HardwareIntrinsics=AVX2,AES,BMI1,BMI2,FMA,LZCNT,PCLMUL,POPCNT VectorSize=256
// Job: ShortRun(IterationCount=5, LaunchCount=1, WarmupCount=3)

OverheadJitting  1: 1 op, 327503.00 ns, 327.5030 us/op
WorkloadJitting  1: 1 op, 375913.00 ns, 375.9130 us/op

OverheadJitting  2: 16 op, 487733.00 ns, 30.4833 us/op
WorkloadJitting  2: 16 op, 559467.00 ns, 34.9667 us/op

WorkloadPilot    1: 16 op, 6692.00 ns, 418.2500 ns/op
WorkloadPilot    2: 32 op, 8486.00 ns, 265.1875 ns/op
WorkloadPilot    3: 64 op, 11893.00 ns, 185.8281 ns/op
WorkloadPilot    4: 128 op, 26700.00 ns, 208.5938 ns/op
WorkloadPilot    5: 256 op, 40676.00 ns, 158.8906 ns/op
WorkloadPilot    6: 512 op, 64852.00 ns, 126.6641 ns/op
WorkloadPilot    7: 1024 op, 135814.00 ns, 132.6309 ns/op
WorkloadPilot    8: 2048 op, 289692.00 ns, 141.4512 ns/op
WorkloadPilot    9: 4096 op, 716210.00 ns, 174.8560 ns/op
WorkloadPilot   10: 8192 op, 1191430.00 ns, 145.4382 ns/op
WorkloadPilot   11: 16384 op, 2584056.00 ns, 157.7183 ns/op
WorkloadPilot   12: 32768 op, 4328490.00 ns, 132.0950 ns/op
WorkloadPilot   13: 65536 op, 8592430.00 ns, 131.1101 ns/op
WorkloadPilot   14: 131072 op, 17724158.00 ns, 135.2246 ns/op
WorkloadPilot   15: 262144 op, 34594970.00 ns, 131.9693 ns/op
WorkloadPilot   16: 524288 op, 77548200.00 ns, 147.9115 ns/op
WorkloadPilot   17: 1048576 op, 32969808.00 ns, 31.4425 ns/op
WorkloadPilot   18: 2097152 op, 55270430.00 ns, 26.3550 ns/op
WorkloadPilot   19: 4194304 op, 101221841.00 ns, 24.1332 ns/op
WorkloadPilot   20: 8388608 op, 207730255.00 ns, 24.7634 ns/op
WorkloadPilot   21: 16777216 op, 403909414.00 ns, 24.0749 ns/op
WorkloadPilot   22: 33554432 op, 807644832.00 ns, 24.0697 ns/op

OverheadWarmup   1: 33554432 op, 151573606.00 ns, 4.5172 ns/op
OverheadWarmup   2: 33554432 op, 126350555.00 ns, 3.7655 ns/op
OverheadWarmup   3: 33554432 op, 109718281.00 ns, 3.2699 ns/op
OverheadWarmup   4: 33554432 op, 110240498.00 ns, 3.2854 ns/op
OverheadWarmup   5: 33554432 op, 110019555.00 ns, 3.2788 ns/op
OverheadWarmup   6: 33554432 op, 110028371.00 ns, 3.2791 ns/op
OverheadWarmup   7: 33554432 op, 109682243.00 ns, 3.2688 ns/op

OverheadActual   1: 33554432 op, 109833844.00 ns, 3.2733 ns/op
OverheadActual   2: 33554432 op, 110474325.00 ns, 3.2924 ns/op
OverheadActual   3: 33554432 op, 109720555.00 ns, 3.2699 ns/op
OverheadActual   4: 33554432 op, 109818418.00 ns, 3.2728 ns/op
OverheadActual   5: 33554432 op, 109746624.00 ns, 3.2707 ns/op
OverheadActual   6: 33554432 op, 109984559.00 ns, 3.2778 ns/op
OverheadActual   7: 33554432 op, 109907475.00 ns, 3.2755 ns/op
OverheadActual   8: 33554432 op, 109713622.00 ns, 3.2697 ns/op
OverheadActual   9: 33554432 op, 109751893.00 ns, 3.2709 ns/op
OverheadActual  10: 33554432 op, 109771912.00 ns, 3.2715 ns/op
OverheadActual  11: 33554432 op, 109838135.00 ns, 3.2734 ns/op
OverheadActual  12: 33554432 op, 109840159.00 ns, 3.2735 ns/op
OverheadActual  13: 33554432 op, 109868181.00 ns, 3.2743 ns/op
OverheadActual  14: 33554432 op, 109741244.00 ns, 3.2705 ns/op
OverheadActual  15: 33554432 op, 109810322.00 ns, 3.2726 ns/op

WorkloadWarmup   1: 33554432 op, 844674067.00 ns, 25.1732 ns/op
WorkloadWarmup   2: 33554432 op, 831176438.00 ns, 24.7710 ns/op
WorkloadWarmup   3: 33554432 op, 824987667.00 ns, 24.5865 ns/op

// BeforeActualRun
WorkloadActual   1: 33554432 op, 828321692.00 ns, 24.6859 ns/op
WorkloadActual   2: 33554432 op, 825985157.00 ns, 24.6163 ns/op
WorkloadActual   3: 33554432 op, 815923560.00 ns, 24.3164 ns/op
WorkloadActual   4: 33554432 op, 818218984.00 ns, 24.3848 ns/op
WorkloadActual   5: 33554432 op, 810904947.00 ns, 24.1669 ns/op

// AfterActualRun
WorkloadResult   1: 33554432 op, 718503274.00 ns, 21.4131 ns/op
WorkloadResult   2: 33554432 op, 716166739.00 ns, 21.3434 ns/op
WorkloadResult   3: 33554432 op, 706105142.00 ns, 21.0436 ns/op
WorkloadResult   4: 33554432 op, 708400566.00 ns, 21.1120 ns/op
WorkloadResult   5: 33554432 op, 701086529.00 ns, 20.8940 ns/op
// GC:  64 0 0 1073742560 33554432
// Threading:  0 0 33554432

// AfterAll
// Benchmark Process 3860 has exited with code 0.

Mean = 21.161 ns, StdErr = 0.096 ns (0.45%), N = 5, StdDev = 0.215 ns
Min = 20.894 ns, Q1 = 21.044 ns, Median = 21.112 ns, Q3 = 21.343 ns, Max = 21.413 ns
IQR = 0.300 ns, LowerFence = 20.594 ns, UpperFence = 21.793 ns
ConfidenceInterval = [20.335 ns; 21.988 ns] (CI 99.9%), Margin = 0.827 ns (3.91% of Mean)
Skewness = 0.02, Kurtosis = 0.98, MValue = 2

// ** Remained 25 (38.5 %) benchmark(s) to run. Estimated finish 2026-08-23 3:31 (0h 3m from now) **
// **************************
// Benchmark: ProviderFactoryResolutionBenchmarks.Provider_FactoryShorthand: ShortRun(IterationCount=5, LaunchCount=1, WarmupCount=3)
// *** Execute ***
// Launch: 1 / 1
// Execute: dotnet 34652669-8378-4209-b79e-5df6789d8a23.dll --anonymousPipes 163 164 --benchmarkName NexusLabs.Needlr.Benchmarks.Benchmarks.ProviderFactoryResolutionBenchmarks.Provider_FactoryShorthand --job ShortRun --benchmarkId 40 in /home/runner/work/needlr/needlr/src/NexusLabs.Needlr.Benchmarks/bin/Release/net10.0/34652669-8378-4209-b79e-5df6789d8a23/bin/Release/net10.0
// Failed to set up high priority (Permission denied). In order to run benchmarks with high priority, make sure you have the right permissions.
// BeforeAnythingElse

// Benchmark Process Environment Information:
// BenchmarkDotNet v0.14.0
// Runtime=.NET 10.0.11 (10.0.1126.37416), X64 RyuJIT AVX2
// GC=Concurrent Workstation
// HardwareIntrinsics=AVX2,AES,BMI1,BMI2,FMA,LZCNT,PCLMUL,POPCNT VectorSize=256
// Job: ShortRun(IterationCount=5, LaunchCount=1, WarmupCount=3)

OverheadJitting  1: 1 op, 350817.00 ns, 350.8170 us/op
WorkloadJitting  1: 1 op, 367117.00 ns, 367.1170 us/op

OverheadJitting  2: 16 op, 461213.00 ns, 28.8258 us/op
WorkloadJitting  2: 16 op, 529992.00 ns, 33.1245 us/op

WorkloadPilot    1: 16 op, 2474.00 ns, 154.6250 ns/op
WorkloadPilot    2: 32 op, 2695.00 ns, 84.2188 ns/op
WorkloadPilot    3: 64 op, 3076.00 ns, 48.0625 ns/op
WorkloadPilot    4: 128 op, 19035.00 ns, 148.7109 ns/op
WorkloadPilot    5: 256 op, 20899.00 ns, 81.6367 ns/op
WorkloadPilot    6: 512 op, 19366.00 ns, 37.8242 ns/op
WorkloadPilot    7: 1024 op, 43972.00 ns, 42.9414 ns/op
WorkloadPilot    8: 2048 op, 83075.00 ns, 40.5640 ns/op
WorkloadPilot    9: 4096 op, 152616.00 ns, 37.2598 ns/op
WorkloadPilot   10: 8192 op, 291275.00 ns, 35.5560 ns/op
WorkloadPilot   11: 16384 op, 502501.00 ns, 30.6702 ns/op
WorkloadPilot   12: 32768 op, 1037121.00 ns, 31.6504 ns/op
WorkloadPilot   13: 65536 op, 2049265.00 ns, 31.2693 ns/op
WorkloadPilot   14: 131072 op, 4395917.00 ns, 33.5382 ns/op
WorkloadPilot   15: 262144 op, 8110428.00 ns, 30.9388 ns/op
WorkloadPilot   16: 524288 op, 15986096.00 ns, 30.4911 ns/op
WorkloadPilot   17: 1048576 op, 21435203.00 ns, 20.4422 ns/op
WorkloadPilot   18: 2097152 op, 43334926.00 ns, 20.6637 ns/op
WorkloadPilot   19: 4194304 op, 66395210.00 ns, 15.8299 ns/op
WorkloadPilot   20: 8388608 op, 136109332.00 ns, 16.2255 ns/op
WorkloadPilot   21: 16777216 op, 283789587.00 ns, 16.9152 ns/op
WorkloadPilot   22: 33554432 op, 711954864.00 ns, 21.2179 ns/op

OverheadWarmup   1: 33554432 op, 153077886.00 ns, 4.5621 ns/op
OverheadWarmup   2: 33554432 op, 155327616.00 ns, 4.6291 ns/op
OverheadWarmup   3: 33554432 op, 110996686.00 ns, 3.3080 ns/op
OverheadWarmup   4: 33554432 op, 111466896.00 ns, 3.3220 ns/op
OverheadWarmup   5: 33554432 op, 111046039.00 ns, 3.3094 ns/op

OverheadActual   1: 33554432 op, 111015661.00 ns, 3.3085 ns/op
OverheadActual   2: 33554432 op, 111052861.00 ns, 3.3096 ns/op
OverheadActual   3: 33554432 op, 111090152.00 ns, 3.3107 ns/op
OverheadActual   4: 33554432 op, 116143077.00 ns, 3.4613 ns/op
OverheadActual   5: 33554432 op, 111027283.00 ns, 3.3089 ns/op
OverheadActual   6: 33554432 op, 111538571.00 ns, 3.3241 ns/op
OverheadActual   7: 33554432 op, 116712743.00 ns, 3.4783 ns/op
OverheadActual   8: 33554432 op, 111000974.00 ns, 3.3081 ns/op
OverheadActual   9: 33554432 op, 111102134.00 ns, 3.3111 ns/op
OverheadActual  10: 33554432 op, 111180330.00 ns, 3.3134 ns/op
OverheadActual  11: 33554432 op, 111073777.00 ns, 3.3103 ns/op
OverheadActual  12: 33554432 op, 115007524.00 ns, 3.4275 ns/op
OverheadActual  13: 33554432 op, 112199169.00 ns, 3.3438 ns/op
OverheadActual  14: 33554432 op, 123540291.00 ns, 3.6818 ns/op
OverheadActual  15: 33554432 op, 111184931.00 ns, 3.3136 ns/op

WorkloadWarmup   1: 33554432 op, 628145222.00 ns, 18.7202 ns/op
WorkloadWarmup   2: 33554432 op, 698626943.00 ns, 20.8207 ns/op
WorkloadWarmup   3: 33554432 op, 676561422.00 ns, 20.1631 ns/op

// BeforeActualRun
WorkloadActual   1: 33554432 op, 650627292.00 ns, 19.3902 ns/op
WorkloadActual   2: 33554432 op, 621556000.00 ns, 18.5238 ns/op
WorkloadActual   3: 33554432 op, 661444995.00 ns, 19.7126 ns/op
WorkloadActual   4: 33554432 op, 599836486.00 ns, 17.8765 ns/op
WorkloadActual   5: 33554432 op, 591127329.00 ns, 17.6170 ns/op

// AfterActualRun
WorkloadResult   1: 33554432 op, 539446962.00 ns, 16.0768 ns/op
WorkloadResult   2: 33554432 op, 510375670.00 ns, 15.2104 ns/op
WorkloadResult   3: 33554432 op, 550264665.00 ns, 16.3992 ns/op
WorkloadResult   4: 33554432 op, 488656156.00 ns, 14.5631 ns/op
WorkloadResult   5: 33554432 op, 479946999.00 ns, 14.3035 ns/op
// GC:  64 0 0 1073742560 33554432
// Threading:  0 0 33554432

// AfterAll
// Benchmark Process 3876 has exited with code 0.

Mean = 15.311 ns, StdErr = 0.410 ns (2.68%), N = 5, StdDev = 0.916 ns
Min = 14.304 ns, Q1 = 14.563 ns, Median = 15.210 ns, Q3 = 16.077 ns, Max = 16.399 ns
IQR = 1.514 ns, LowerFence = 12.293 ns, UpperFence = 18.347 ns
ConfidenceInterval = [11.784 ns; 18.837 ns] (CI 99.9%), Margin = 3.527 ns (23.03% of Mean)
Skewness = 0.08, Kurtosis = 0.88, MValue = 2

// ** Remained 24 (36.9 %) benchmark(s) to run. Estimated finish 2026-08-23 3:31 (0h 3m from now) **
// **************************
// Benchmark: ProviderFactoryResolutionBenchmarks.Provider_FactoryInterface: ShortRun(IterationCount=5, LaunchCount=1, WarmupCount=3)
// *** Execute ***
// Launch: 1 / 1
// Execute: dotnet 34652669-8378-4209-b79e-5df6789d8a23.dll --anonymousPipes 163 164 --benchmarkName NexusLabs.Needlr.Benchmarks.Benchmarks.ProviderFactoryResolutionBenchmarks.Provider_FactoryInterface --job ShortRun --benchmarkId 41 in /home/runner/work/needlr/needlr/src/NexusLabs.Needlr.Benchmarks/bin/Release/net10.0/34652669-8378-4209-b79e-5df6789d8a23/bin/Release/net10.0
// Failed to set up high priority (Permission denied). In order to run benchmarks with high priority, make sure you have the right permissions.
// BeforeAnythingElse

// Benchmark Process Environment Information:
// BenchmarkDotNet v0.14.0
// Runtime=.NET 10.0.11 (10.0.1126.37416), X64 RyuJIT AVX2
// GC=Concurrent Workstation
// HardwareIntrinsics=AVX2,AES,BMI1,BMI2,FMA,LZCNT,PCLMUL,POPCNT VectorSize=256
// Job: ShortRun(IterationCount=5, LaunchCount=1, WarmupCount=3)

OverheadJitting  1: 1 op, 362298.00 ns, 362.2980 us/op
WorkloadJitting  1: 1 op, 375502.00 ns, 375.5020 us/op

OverheadJitting  2: 16 op, 508612.00 ns, 31.7883 us/op
WorkloadJitting  2: 16 op, 541563.00 ns, 33.8477 us/op

WorkloadPilot    1: 16 op, 2455.00 ns, 153.4375 ns/op
WorkloadPilot    2: 32 op, 2746.00 ns, 85.8125 ns/op
WorkloadPilot    3: 64 op, 4489.00 ns, 70.1406 ns/op
WorkloadPilot    4: 128 op, 18996.00 ns, 148.4063 ns/op
WorkloadPilot    5: 256 op, 21400.00 ns, 83.5938 ns/op
WorkloadPilot    6: 512 op, 22602.00 ns, 44.1445 ns/op
WorkloadPilot    7: 1024 op, 48150.00 ns, 47.0215 ns/op
WorkloadPilot    8: 2048 op, 82725.00 ns, 40.3931 ns/op
WorkloadPilot    9: 4096 op, 147546.00 ns, 36.0220 ns/op
WorkloadPilot   10: 8192 op, 292688.00 ns, 35.7285 ns/op
WorkloadPilot   11: 16384 op, 535452.00 ns, 32.6814 ns/op
WorkloadPilot   12: 32768 op, 1058260.00 ns, 32.2955 ns/op
WorkloadPilot   13: 65536 op, 2119015.00 ns, 32.3336 ns/op
WorkloadPilot   14: 131072 op, 4117846.00 ns, 31.4167 ns/op
WorkloadPilot   15: 262144 op, 8159419.00 ns, 31.1257 ns/op
WorkloadPilot   16: 524288 op, 16528941.00 ns, 31.5265 ns/op
WorkloadPilot   17: 1048576 op, 21513858.00 ns, 20.5172 ns/op
WorkloadPilot   18: 2097152 op, 45630068.00 ns, 21.7581 ns/op
WorkloadPilot   19: 4194304 op, 79751068.00 ns, 19.0141 ns/op
WorkloadPilot   20: 8388608 op, 157351212.00 ns, 18.7577 ns/op
WorkloadPilot   21: 16777216 op, 314265867.00 ns, 18.7317 ns/op
WorkloadPilot   22: 33554432 op, 644881460.00 ns, 19.2190 ns/op

OverheadWarmup   1: 33554432 op, 154658193.00 ns, 4.6092 ns/op
OverheadWarmup   2: 33554432 op, 152975614.00 ns, 4.5590 ns/op
OverheadWarmup   3: 33554432 op, 111799821.00 ns, 3.3319 ns/op
OverheadWarmup   4: 33554432 op, 110992610.00 ns, 3.3078 ns/op
OverheadWarmup   5: 33554432 op, 111043054.00 ns, 3.3093 ns/op
OverheadWarmup   6: 33554432 op, 111197032.00 ns, 3.3139 ns/op
OverheadWarmup   7: 33554432 op, 111050388.00 ns, 3.3096 ns/op
OverheadWarmup   8: 33554432 op, 111013980.00 ns, 3.3085 ns/op
OverheadWarmup   9: 33554432 op, 110989514.00 ns, 3.3077 ns/op
OverheadWarmup  10: 33554432 op, 111050528.00 ns, 3.3096 ns/op

OverheadActual   1: 33554432 op, 111262114.00 ns, 3.3159 ns/op
OverheadActual   2: 33554432 op, 111054055.00 ns, 3.3097 ns/op
OverheadActual   3: 33554432 op, 111069574.00 ns, 3.3101 ns/op
OverheadActual   4: 33554432 op, 111324751.00 ns, 3.3177 ns/op
OverheadActual   5: 33554432 op, 111264028.00 ns, 3.3159 ns/op
OverheadActual   6: 33554432 op, 111185762.00 ns, 3.3136 ns/op
OverheadActual   7: 33554432 op, 111067640.00 ns, 3.3101 ns/op
OverheadActual   8: 33554432 op, 111050768.00 ns, 3.3096 ns/op
OverheadActual   9: 33554432 op, 111149202.00 ns, 3.3125 ns/op
OverheadActual  10: 33554432 op, 111058764.00 ns, 3.3098 ns/op
OverheadActual  11: 33554432 op, 111101003.00 ns, 3.3111 ns/op
OverheadActual  12: 33554432 op, 114814692.00 ns, 3.4217 ns/op
OverheadActual  13: 33554432 op, 110990687.00 ns, 3.3078 ns/op
OverheadActual  14: 33554432 op, 111153932.00 ns, 3.3126 ns/op
OverheadActual  15: 33554432 op, 115758780.00 ns, 3.4499 ns/op

WorkloadWarmup   1: 33554432 op, 742060180.00 ns, 22.1151 ns/op
WorkloadWarmup   2: 33554432 op, 652995339.00 ns, 19.4608 ns/op
WorkloadWarmup   3: 33554432 op, 688254494.00 ns, 20.5116 ns/op

// BeforeActualRun
WorkloadActual   1: 33554432 op, 634491533.00 ns, 18.9093 ns/op
WorkloadActual   2: 33554432 op, 709721330.00 ns, 21.1513 ns/op
WorkloadActual   3: 33554432 op, 747373542.00 ns, 22.2735 ns/op
WorkloadActual   4: 33554432 op, 717266227.00 ns, 21.3762 ns/op
WorkloadActual   5: 33554432 op, 655622511.00 ns, 19.5391 ns/op

// AfterActualRun
WorkloadResult   1: 33554432 op, 523342331.00 ns, 15.5968 ns/op
WorkloadResult   2: 33554432 op, 598572128.00 ns, 17.8388 ns/op
WorkloadResult   3: 33554432 op, 636224340.00 ns, 18.9610 ns/op
WorkloadResult   4: 33554432 op, 606117025.00 ns, 18.0637 ns/op
WorkloadResult   5: 33554432 op, 544473309.00 ns, 16.2266 ns/op
// GC:  64 0 0 1073742560 33554432
// Threading:  0 0 33554432

// AfterAll
// Benchmark Process 3883 has exited with code 0.

Mean = 17.337 ns, StdErr = 0.620 ns (3.57%), N = 5, StdDev = 1.386 ns
Min = 15.597 ns, Q1 = 16.227 ns, Median = 17.839 ns, Q3 = 18.064 ns, Max = 18.961 ns
IQR = 1.837 ns, LowerFence = 13.471 ns, UpperFence = 20.819 ns
ConfidenceInterval = [12.002 ns; 22.672 ns] (CI 99.9%), Margin = 5.335 ns (30.77% of Mean)
Skewness = -0.14, Kurtosis = 0.98, MValue = 2

// ** Remained 23 (35.4 %) benchmark(s) to run. Estimated finish 2026-08-23 3:31 (0h 3m from now) **
// **************************
// Benchmark: ProviderFactoryResolutionBenchmarks.Provider_MixedShorthand: ShortRun(IterationCount=5, LaunchCount=1, WarmupCount=3)
// *** Execute ***
// Launch: 1 / 1
// Execute: dotnet 34652669-8378-4209-b79e-5df6789d8a23.dll --anonymousPipes 163 164 --benchmarkName NexusLabs.Needlr.Benchmarks.Benchmarks.ProviderFactoryResolutionBenchmarks.Provider_MixedShorthand --job ShortRun --benchmarkId 42 in /home/runner/work/needlr/needlr/src/NexusLabs.Needlr.Benchmarks/bin/Release/net10.0/34652669-8378-4209-b79e-5df6789d8a23/bin/Release/net10.0
// Failed to set up high priority (Permission denied). In order to run benchmarks with high priority, make sure you have the right permissions.
// BeforeAnythingElse

// Benchmark Process Environment Information:
// BenchmarkDotNet v0.14.0
// Runtime=.NET 10.0.11 (10.0.1126.37416), X64 RyuJIT AVX2
// GC=Concurrent Workstation
// HardwareIntrinsics=AVX2,AES,BMI1,BMI2,FMA,LZCNT,PCLMUL,POPCNT VectorSize=256
// Job: ShortRun(IterationCount=5, LaunchCount=1, WarmupCount=3)

OverheadJitting  1: 1 op, 329707.00 ns, 329.7070 us/op
WorkloadJitting  1: 1 op, 386844.00 ns, 386.8440 us/op

OverheadJitting  2: 16 op, 485438.00 ns, 30.3399 us/op
WorkloadJitting  2: 16 op, 509593.00 ns, 31.8496 us/op

WorkloadPilot    1: 16 op, 2495.00 ns, 155.9375 ns/op
WorkloadPilot    2: 32 op, 2775.00 ns, 86.7188 ns/op
WorkloadPilot    3: 64 op, 3186.00 ns, 49.7813 ns/op
WorkloadPilot    4: 128 op, 19076.00 ns, 149.0313 ns/op
WorkloadPilot    5: 256 op, 21270.00 ns, 83.0859 ns/op
WorkloadPilot    6: 512 op, 21540.00 ns, 42.0703 ns/op
WorkloadPilot    7: 1024 op, 53040.00 ns, 51.7969 ns/op
WorkloadPilot    8: 2048 op, 78096.00 ns, 38.1328 ns/op
WorkloadPilot    9: 4096 op, 147246.00 ns, 35.9487 ns/op
WorkloadPilot   10: 8192 op, 311653.00 ns, 38.0436 ns/op
WorkloadPilot   11: 16384 op, 503843.00 ns, 30.7521 ns/op
WorkloadPilot   12: 32768 op, 1019948.00 ns, 31.1263 ns/op
WorkloadPilot   13: 65536 op, 2032323.00 ns, 31.0108 ns/op
WorkloadPilot   14: 131072 op, 4222682.00 ns, 32.2165 ns/op
WorkloadPilot   15: 262144 op, 8034204.00 ns, 30.6481 ns/op
WorkloadPilot   16: 524288 op, 16903141.00 ns, 32.2402 ns/op
WorkloadPilot   17: 1048576 op, 20470266.00 ns, 19.5220 ns/op
WorkloadPilot   18: 2097152 op, 42701918.00 ns, 20.3619 ns/op
WorkloadPilot   19: 4194304 op, 76975303.00 ns, 18.3523 ns/op
WorkloadPilot   20: 8388608 op, 176494358.00 ns, 21.0398 ns/op
WorkloadPilot   21: 16777216 op, 364573292.00 ns, 21.7303 ns/op
WorkloadPilot   22: 33554432 op, 750645164.00 ns, 22.3710 ns/op

OverheadWarmup   1: 33554432 op, 152818457.00 ns, 4.5543 ns/op
OverheadWarmup   2: 33554432 op, 155017453.00 ns, 4.6199 ns/op
OverheadWarmup   3: 33554432 op, 110979444.00 ns, 3.3074 ns/op
OverheadWarmup   4: 33554432 op, 111058943.00 ns, 3.3098 ns/op
OverheadWarmup   5: 33554432 op, 110928289.00 ns, 3.3059 ns/op

OverheadActual   1: 33554432 op, 111443894.00 ns, 3.3213 ns/op
OverheadActual   2: 33554432 op, 110972862.00 ns, 3.3072 ns/op
OverheadActual   3: 33554432 op, 111120078.00 ns, 3.3116 ns/op
OverheadActual   4: 33554432 op, 121085336.00 ns, 3.6086 ns/op
OverheadActual   5: 33554432 op, 110914373.00 ns, 3.3055 ns/op
OverheadActual   6: 33554432 op, 111406364.00 ns, 3.3202 ns/op
OverheadActual   7: 33554432 op, 124114243.00 ns, 3.6989 ns/op
OverheadActual   8: 33554432 op, 111799108.00 ns, 3.3319 ns/op
OverheadActual   9: 33554432 op, 111544101.00 ns, 3.3243 ns/op
OverheadActual  10: 33554432 op, 111689353.00 ns, 3.3286 ns/op
OverheadActual  11: 33554432 op, 111058122.00 ns, 3.3098 ns/op
OverheadActual  12: 33554432 op, 114694777.00 ns, 3.4182 ns/op
OverheadActual  13: 33554432 op, 111002939.00 ns, 3.3081 ns/op
OverheadActual  14: 33554432 op, 111511450.00 ns, 3.3233 ns/op
OverheadActual  15: 33554432 op, 111860183.00 ns, 3.3337 ns/op

WorkloadWarmup   1: 33554432 op, 723380263.00 ns, 21.5584 ns/op
WorkloadWarmup   2: 33554432 op, 741080286.00 ns, 22.0859 ns/op
WorkloadWarmup   3: 33554432 op, 647649892.00 ns, 19.3015 ns/op

// BeforeActualRun
WorkloadActual   1: 33554432 op, 660280596.00 ns, 19.6779 ns/op
WorkloadActual   2: 33554432 op, 676402561.00 ns, 20.1584 ns/op
WorkloadActual   3: 33554432 op, 671364958.00 ns, 20.0082 ns/op
WorkloadActual   4: 33554432 op, 711117166.00 ns, 21.1929 ns/op
WorkloadActual   5: 33554432 op, 705808663.00 ns, 21.0347 ns/op

// AfterActualRun
WorkloadResult   1: 33554432 op, 548769146.00 ns, 16.3546 ns/op
WorkloadResult   2: 33554432 op, 564891111.00 ns, 16.8351 ns/op
WorkloadResult   3: 33554432 op, 559853508.00 ns, 16.6849 ns/op
WorkloadResult   4: 33554432 op, 599605716.00 ns, 17.8696 ns/op
WorkloadResult   5: 33554432 op, 594297213.00 ns, 17.7114 ns/op
// GC:  64 0 0 1073742560 33554432
// Threading:  0 0 33554432

// AfterAll
// Benchmark Process 3892 has exited with code 0.

Mean = 17.091 ns, StdErr = 0.297 ns (1.74%), N = 5, StdDev = 0.664 ns
Min = 16.355 ns, Q1 = 16.685 ns, Median = 16.835 ns, Q3 = 17.711 ns, Max = 17.870 ns
IQR = 1.027 ns, LowerFence = 15.145 ns, UpperFence = 19.251 ns
ConfidenceInterval = [14.534 ns; 19.648 ns] (CI 99.9%), Margin = 2.557 ns (14.96% of Mean)
Skewness = 0.16, Kurtosis = 0.87, MValue = 2

// ** Remained 22 (33.8 %) benchmark(s) to run. Estimated finish 2026-08-23 3:31 (0h 3m from now) **
// ***** BenchmarkRunner: Finish  *****

// * Export *
  home/runner/work/needlr/needlr/benchmark-results/results/NexusLabs.Needlr.Benchmarks.Benchmarks.ProviderFactoryResolutionBenchmarks-report.csv
  home/runner/work/needlr/needlr/benchmark-results/results/NexusLabs.Needlr.Benchmarks.Benchmarks.ProviderFactoryResolutionBenchmarks-report-github.md
  home/runner/work/needlr/needlr/benchmark-results/results/NexusLabs.Needlr.Benchmarks.Benchmarks.ProviderFactoryResolutionBenchmarks-report.html
  home/runner/work/needlr/needlr/benchmark-results/results/NexusLabs.Needlr.Benchmarks.Benchmarks.ProviderFactoryResolutionBenchmarks-report-full-compressed.json
  home/runner/work/needlr/needlr/benchmark-results/results/NexusLabs.Needlr.Benchmarks.Benchmarks.ProviderFactoryResolutionBenchmarks-report-default.md

// * Detailed results *
ProviderFactoryResolutionBenchmarks.ManualDI_FuncFactory_PreResolved: ShortRun(IterationCount=5, LaunchCount=1, WarmupCount=3)
Runtime = .NET 10.0.11 (10.0.1126.37416), X64 RyuJIT AVX2; GC = Concurrent Workstation
Mean = 10.848 ns, StdErr = 0.471 ns (4.34%), N = 5, StdDev = 1.052 ns
Min = 9.319 ns, Q1 = 10.190 ns, Median = 11.432 ns, Q3 = 11.525 ns, Max = 11.774 ns
IQR = 1.335 ns, LowerFence = 8.187 ns, UpperFence = 13.528 ns
ConfidenceInterval = [6.797 ns; 14.900 ns] (CI 99.9%), Margin = 4.051 ns (37.35% of Mean)
Skewness = -0.44, Kurtosis = 1.1, MValue = 2
-------------------- Histogram --------------------
[ 8.512 ns ; 10.175 ns) | @
[10.175 ns ; 11.790 ns) | @@@@
---------------------------------------------------

ProviderFactoryResolutionBenchmarks.ManualDI_FuncFactory_WithResolution: ShortRun(IterationCount=5, LaunchCount=1, WarmupCount=3)
Runtime = .NET 10.0.11 (10.0.1126.37416), X64 RyuJIT AVX2; GC = Concurrent Workstation
Mean = 18.569 ns, StdErr = 0.063 ns (0.34%), N = 5, StdDev = 0.141 ns
Min = 18.441 ns, Q1 = 18.460 ns, Median = 18.507 ns, Q3 = 18.682 ns, Max = 18.756 ns
IQR = 0.222 ns, LowerFence = 18.127 ns, UpperFence = 19.015 ns
ConfidenceInterval = [18.025 ns; 19.114 ns] (CI 99.9%), Margin = 0.544 ns (2.93% of Mean)
Skewness = 0.31, Kurtosis = 0.91, MValue = 2
-------------------- Histogram --------------------
[18.332 ns ; 18.865 ns) | @@@@@
---------------------------------------------------

ProviderFactoryResolutionBenchmarks.DirectFactory_PreResolved: ShortRun(IterationCount=5, LaunchCount=1, WarmupCount=3)
Runtime = .NET 10.0.11 (10.0.1126.37416), X64 RyuJIT AVX2; GC = Concurrent Workstation
Mean = 8.439 ns, StdErr = 0.024 ns (0.29%), N = 5, StdDev = 0.054 ns
Min = 8.371 ns, Q1 = 8.407 ns, Median = 8.431 ns, Q3 = 8.490 ns, Max = 8.498 ns
IQR = 0.083 ns, LowerFence = 8.281 ns, UpperFence = 8.615 ns
ConfidenceInterval = [8.229 ns; 8.649 ns] (CI 99.9%), Margin = 0.210 ns (2.49% of Mean)
Skewness = -0.03, Kurtosis = 0.95, MValue = 2
-------------------- Histogram --------------------
[8.329 ns ; 8.540 ns) | @@@@@
---------------------------------------------------

ProviderFactoryResolutionBenchmarks.DirectFactory_WithResolution: ShortRun(IterationCount=5, LaunchCount=1, WarmupCount=3)
Runtime = .NET 10.0.11 (10.0.1126.37416), X64 RyuJIT AVX2; GC = Concurrent Workstation
Mean = 21.161 ns, StdErr = 0.096 ns (0.45%), N = 5, StdDev = 0.215 ns
Min = 20.894 ns, Q1 = 21.044 ns, Median = 21.112 ns, Q3 = 21.343 ns, Max = 21.413 ns
IQR = 0.300 ns, LowerFence = 20.594 ns, UpperFence = 21.793 ns
ConfidenceInterval = [20.335 ns; 21.988 ns] (CI 99.9%), Margin = 0.827 ns (3.91% of Mean)
Skewness = 0.02, Kurtosis = 0.98, MValue = 2
-------------------- Histogram --------------------
[20.793 ns ; 21.578 ns) | @@@@@
---------------------------------------------------

ProviderFactoryResolutionBenchmarks.Provider_FactoryShorthand: ShortRun(IterationCount=5, LaunchCount=1, WarmupCount=3)
Runtime = .NET 10.0.11 (10.0.1126.37416), X64 RyuJIT AVX2; GC = Concurrent Workstation
Mean = 15.311 ns, StdErr = 0.410 ns (2.68%), N = 5, StdDev = 0.916 ns
Min = 14.304 ns, Q1 = 14.563 ns, Median = 15.210 ns, Q3 = 16.077 ns, Max = 16.399 ns
IQR = 1.514 ns, LowerFence = 12.293 ns, UpperFence = 18.347 ns
ConfidenceInterval = [11.784 ns; 18.837 ns] (CI 99.9%), Margin = 3.527 ns (23.03% of Mean)
Skewness = 0.08, Kurtosis = 0.88, MValue = 2
-------------------- Histogram --------------------
[14.054 ns ; 15.460 ns) | @@@
[15.460 ns ; 17.102 ns) | @@
---------------------------------------------------

ProviderFactoryResolutionBenchmarks.Provider_FactoryInterface: ShortRun(IterationCount=5, LaunchCount=1, WarmupCount=3)
Runtime = .NET 10.0.11 (10.0.1126.37416), X64 RyuJIT AVX2; GC = Concurrent Workstation
Mean = 17.337 ns, StdErr = 0.620 ns (3.57%), N = 5, StdDev = 1.386 ns
Min = 15.597 ns, Q1 = 16.227 ns, Median = 17.839 ns, Q3 = 18.064 ns, Max = 18.961 ns
IQR = 1.837 ns, LowerFence = 13.471 ns, UpperFence = 20.819 ns
ConfidenceInterval = [12.002 ns; 22.672 ns] (CI 99.9%), Margin = 5.335 ns (30.77% of Mean)
Skewness = -0.14, Kurtosis = 0.98, MValue = 2
-------------------- Histogram --------------------
[14.848 ns ; 17.336 ns) | @@
[17.336 ns ; 19.463 ns) | @@@
---------------------------------------------------

ProviderFactoryResolutionBenchmarks.Provider_MixedShorthand: ShortRun(IterationCount=5, LaunchCount=1, WarmupCount=3)
Runtime = .NET 10.0.11 (10.0.1126.37416), X64 RyuJIT AVX2; GC = Concurrent Workstation
Mean = 17.091 ns, StdErr = 0.297 ns (1.74%), N = 5, StdDev = 0.664 ns
Min = 16.355 ns, Q1 = 16.685 ns, Median = 16.835 ns, Q3 = 17.711 ns, Max = 17.870 ns
IQR = 1.027 ns, LowerFence = 15.145 ns, UpperFence = 19.251 ns
ConfidenceInterval = [14.534 ns; 19.648 ns] (CI 99.9%), Margin = 2.557 ns (14.96% of Mean)
Skewness = 0.16, Kurtosis = 0.87, MValue = 2
-------------------- Histogram --------------------
[16.085 ns ; 17.281 ns) | @@@
[17.281 ns ; 18.379 ns) | @@
---------------------------------------------------

// * Summary *

BenchmarkDotNet v0.14.0, Ubuntu 24.04.4 LTS (Noble Numbat)
AMD EPYC 7763, 1 CPU, 4 logical and 2 physical cores
.NET SDK 10.0.302
  [Host]   : .NET 10.0.11 (10.0.1126.37416), X64 RyuJIT AVX2
  ShortRun : .NET 10.0.11 (10.0.1126.37416), X64 RyuJIT AVX2

Job=ShortRun  IterationCount=5  LaunchCount=1  
WarmupCount=3  

| Method                              | Mean      | Error     | StdDev    | Ratio | RatioSD | Rank | Gen0   | Allocated | Alloc Ratio |
|------------------------------------ |----------:|----------:|----------:|------:|--------:|-----:|-------:|----------:|------------:|
| ManualDI_FuncFactory_PreResolved    | 10.848 ns | 4.0514 ns | 1.0521 ns |  1.01 |    0.13 |    2 | 0.0019 |      32 B |        1.00 |
| ManualDI_FuncFactory_WithResolution | 18.569 ns | 0.5444 ns | 0.1414 ns |  1.73 |    0.16 |    3 | 0.0019 |      32 B |        1.00 |
| DirectFactory_PreResolved           |  8.439 ns | 0.2098 ns | 0.0545 ns |  0.78 |    0.07 |    1 | 0.0019 |      32 B |        1.00 |
| DirectFactory_WithResolution        | 21.161 ns | 0.8265 ns | 0.2146 ns |  1.97 |    0.19 |    3 | 0.0019 |      32 B |        1.00 |
| Provider_FactoryShorthand           | 15.311 ns | 3.5265 ns | 0.9158 ns |  1.42 |    0.15 |    3 | 0.0019 |      32 B |        1.00 |
| Provider_FactoryInterface           | 17.337 ns | 5.3351 ns | 1.3855 ns |  1.61 |    0.19 |    3 | 0.0019 |      32 B |        1.00 |
| Provider_MixedShorthand             | 17.091 ns | 2.5571 ns | 0.6641 ns |  1.59 |    0.16 |    3 | 0.0019 |      32 B |        1.00 |
// * Config Issues *

// * Warnings *
Configuration
  Summary -> The exporter HtmlExporter is already present in configuration. There may be unexpected results.

// * Legends *
  Mean        : Arithmetic mean of all measurements
  Error       : Half of 99.9% confidence interval
  StdDev      : Standard deviation of all measurements
  Ratio       : Mean of the ratio distribution ([Current]/[Baseline])
  RatioSD     : Standard deviation of the ratio distribution ([Current]/[Baseline])
  Rank        : Relative position of current benchmark mean among all benchmarks (Arabic style)
  Gen0        : GC Generation 0 collects per 1000 operations
  Allocated   : Allocated memory per single operation (managed only, inclusive, 1KB = 1024B)
  Alloc Ratio : Allocated memory ratio distribution ([Current]/[Baseline])
  1 ns        : 1 Nanosecond (0.000000001 sec)

// * Diagnostic Output - MemoryDiagnoser *


// ***** BenchmarkRunner: End *****
Run time: 00:01:22 (82.51 sec), executed benchmarks: 7

// Found 5 benchmarks:
//   ProviderResolutionBenchmarks.ManualDI_ServiceProvider_GetService: ShortRun(IterationCount=5, LaunchCount=1, WarmupCount=3)
//   ProviderResolutionBenchmarks.Needlr_Reflection_GetService: ShortRun(IterationCount=5, LaunchCount=1, WarmupCount=3)
//   ProviderResolutionBenchmarks.Needlr_SourceGen_GetService: ShortRun(IterationCount=5, LaunchCount=1, WarmupCount=3)
//   ProviderResolutionBenchmarks.Provider_Interface_PropertyAccess: ShortRun(IterationCount=5, LaunchCount=1, WarmupCount=3)
//   ProviderResolutionBenchmarks.Provider_Shorthand_PropertyAccess: ShortRun(IterationCount=5, LaunchCount=1, WarmupCount=3)

// **************************
// Benchmark: ProviderResolutionBenchmarks.ManualDI_ServiceProvider_GetService: ShortRun(IterationCount=5, LaunchCount=1, WarmupCount=3)
// *** Execute ***
// Launch: 1 / 1
// Execute: dotnet 34652669-8378-4209-b79e-5df6789d8a23.dll --anonymousPipes 163 164 --benchmarkName NexusLabs.Needlr.Benchmarks.Benchmarks.ProviderResolutionBenchmarks.ManualDI_ServiceProvider_GetService --job ShortRun --benchmarkId 43 in /home/runner/work/needlr/needlr/src/NexusLabs.Needlr.Benchmarks/bin/Release/net10.0/34652669-8378-4209-b79e-5df6789d8a23/bin/Release/net10.0
// Failed to set up high priority (Permission denied). In order to run benchmarks with high priority, make sure you have the right permissions.
// BeforeAnythingElse

// Benchmark Process Environment Information:
// BenchmarkDotNet v0.14.0
// Runtime=.NET 10.0.11 (10.0.1126.37416), X64 RyuJIT AVX2
// GC=Concurrent Workstation
// HardwareIntrinsics=AVX2,AES,BMI1,BMI2,FMA,LZCNT,PCLMUL,POPCNT VectorSize=256
// Job: ShortRun(IterationCount=5, LaunchCount=1, WarmupCount=3)

OverheadJitting  1: 1 op, 367538.00 ns, 367.5380 us/op
WorkloadJitting  1: 1 op, 291996.00 ns, 291.9960 us/op

OverheadJitting  2: 16 op, 476491.00 ns, 29.7807 us/op
WorkloadJitting  2: 16 op, 489055.00 ns, 30.5659 us/op

WorkloadPilot    1: 16 op, 5671.00 ns, 354.4375 ns/op
WorkloadPilot    2: 32 op, 8035.00 ns, 251.0938 ns/op
WorkloadPilot    3: 64 op, 12463.00 ns, 194.7344 ns/op
WorkloadPilot    4: 128 op, 24697.00 ns, 192.9453 ns/op
WorkloadPilot    5: 256 op, 34214.00 ns, 133.6484 ns/op
WorkloadPilot    6: 512 op, 53741.00 ns, 104.9629 ns/op
WorkloadPilot    7: 1024 op, 93776.00 ns, 91.5781 ns/op
WorkloadPilot    8: 2048 op, 172482.00 ns, 84.2197 ns/op
WorkloadPilot    9: 4096 op, 330268.00 ns, 80.6318 ns/op
WorkloadPilot   10: 8192 op, 707023.00 ns, 86.3065 ns/op
WorkloadPilot   11: 16384 op, 1394399.00 ns, 85.1074 ns/op
WorkloadPilot   12: 32768 op, 2661349.00 ns, 81.2179 ns/op
WorkloadPilot   13: 65536 op, 5257547.00 ns, 80.2238 ns/op
WorkloadPilot   14: 131072 op, 10394979.00 ns, 79.3074 ns/op
WorkloadPilot   15: 262144 op, 20707324.00 ns, 78.9922 ns/op
WorkloadPilot   16: 524288 op, 41002677.00 ns, 78.2064 ns/op
WorkloadPilot   17: 1048576 op, 52417623.00 ns, 49.9893 ns/op
WorkloadPilot   18: 2097152 op, 37690540.00 ns, 17.9722 ns/op
WorkloadPilot   19: 4194304 op, 75856048.00 ns, 18.0855 ns/op
WorkloadPilot   20: 8388608 op, 155357076.00 ns, 18.5200 ns/op
WorkloadPilot   21: 16777216 op, 300862510.00 ns, 17.9328 ns/op
WorkloadPilot   22: 33554432 op, 601411083.00 ns, 17.9234 ns/op

OverheadWarmup   1: 33554432 op, 130627467.00 ns, 3.8930 ns/op
OverheadWarmup   2: 33554432 op, 142233201.00 ns, 4.2389 ns/op
OverheadWarmup   3: 33554432 op, 112477788.00 ns, 3.3521 ns/op
OverheadWarmup   4: 33554432 op, 109937305.00 ns, 3.2764 ns/op
OverheadWarmup   5: 33554432 op, 110073279.00 ns, 3.2804 ns/op
OverheadWarmup   6: 33554432 op, 110706784.00 ns, 3.2993 ns/op
OverheadWarmup   7: 33554432 op, 110025570.00 ns, 3.2790 ns/op

OverheadActual   1: 33554432 op, 109600085.00 ns, 3.2663 ns/op
OverheadActual   2: 33554432 op, 109807683.00 ns, 3.2725 ns/op
OverheadActual   3: 33554432 op, 109727793.00 ns, 3.2701 ns/op
OverheadActual   4: 33554432 op, 109874747.00 ns, 3.2745 ns/op
OverheadActual   5: 33554432 op, 109664795.00 ns, 3.2683 ns/op
OverheadActual   6: 33554432 op, 115036145.00 ns, 3.4283 ns/op
OverheadActual   7: 33554432 op, 110062770.00 ns, 3.2801 ns/op
OverheadActual   8: 33554432 op, 109721892.00 ns, 3.2700 ns/op
OverheadActual   9: 33554432 op, 109772497.00 ns, 3.2715 ns/op
OverheadActual  10: 33554432 op, 109600885.00 ns, 3.2664 ns/op
OverheadActual  11: 33554432 op, 111901160.00 ns, 3.3349 ns/op
OverheadActual  12: 33554432 op, 109646271.00 ns, 3.2677 ns/op
OverheadActual  13: 33554432 op, 110452990.00 ns, 3.2918 ns/op
OverheadActual  14: 33554432 op, 109560239.00 ns, 3.2651 ns/op
OverheadActual  15: 33554432 op, 109987058.00 ns, 3.2779 ns/op

WorkloadWarmup   1: 33554432 op, 605391630.00 ns, 18.0421 ns/op
WorkloadWarmup   2: 33554432 op, 599693651.00 ns, 17.8723 ns/op
WorkloadWarmup   3: 33554432 op, 610255198.00 ns, 18.1870 ns/op

// BeforeActualRun
WorkloadActual   1: 33554432 op, 602046839.00 ns, 17.9424 ns/op
WorkloadActual   2: 33554432 op, 602690233.00 ns, 17.9616 ns/op
WorkloadActual   3: 33554432 op, 609939506.00 ns, 18.1776 ns/op
WorkloadActual   4: 33554432 op, 603804338.00 ns, 17.9948 ns/op
WorkloadActual   5: 33554432 op, 618910645.00 ns, 18.4450 ns/op

// AfterActualRun
WorkloadResult   1: 33554432 op, 492274342.00 ns, 14.6709 ns/op
WorkloadResult   2: 33554432 op, 492917736.00 ns, 14.6901 ns/op
WorkloadResult   3: 33554432 op, 500167009.00 ns, 14.9061 ns/op
WorkloadResult   4: 33554432 op, 494031841.00 ns, 14.7233 ns/op
WorkloadResult   5: 33554432 op, 509138148.00 ns, 15.1735 ns/op
// GC:  0 0 0 1072 33554432
// Threading:  0 0 33554432

// AfterAll
// Benchmark Process 3906 has exited with code 0.

Mean = 14.833 ns, StdErr = 0.095 ns (0.64%), N = 5, StdDev = 0.212 ns
Min = 14.671 ns, Q1 = 14.690 ns, Median = 14.723 ns, Q3 = 14.906 ns, Max = 15.173 ns
IQR = 0.216 ns, LowerFence = 14.366 ns, UpperFence = 15.230 ns
ConfidenceInterval = [14.016 ns; 15.650 ns] (CI 99.9%), Margin = 0.817 ns (5.51% of Mean)
Skewness = 0.66, Kurtosis = 1.46, MValue = 2

// ** Remained 21 (32.3 %) benchmark(s) to run. Estimated finish 2026-08-23 3:31 (0h 2m from now) **
// **************************
// Benchmark: ProviderResolutionBenchmarks.Needlr_Reflection_GetService: ShortRun(IterationCount=5, LaunchCount=1, WarmupCount=3)
// *** Execute ***
// Launch: 1 / 1
// Execute: dotnet 34652669-8378-4209-b79e-5df6789d8a23.dll --anonymousPipes 163 164 --benchmarkName NexusLabs.Needlr.Benchmarks.Benchmarks.ProviderResolutionBenchmarks.Needlr_Reflection_GetService --job ShortRun --benchmarkId 44 in /home/runner/work/needlr/needlr/src/NexusLabs.Needlr.Benchmarks/bin/Release/net10.0/34652669-8378-4209-b79e-5df6789d8a23/bin/Release/net10.0
// Failed to set up high priority (Permission denied). In order to run benchmarks with high priority, make sure you have the right permissions.
// BeforeAnythingElse

// Benchmark Process Environment Information:
// BenchmarkDotNet v0.14.0
// Runtime=.NET 10.0.11 (10.0.1126.37416), X64 RyuJIT AVX2
// GC=Concurrent Workstation
// HardwareIntrinsics=AVX2,AES,BMI1,BMI2,FMA,LZCNT,PCLMUL,POPCNT VectorSize=256
// Job: ShortRun(IterationCount=5, LaunchCount=1, WarmupCount=3)

OverheadJitting  1: 1 op, 371484.00 ns, 371.4840 us/op

System.Reflection.TargetInvocationException: Exception has been thrown by the target of an invocation.
 ---> System.InvalidOperationException: No service for type 'NexusLabs.Needlr.Benchmarks.TestTypes.IProviderTargetService' has been registered.
   at Microsoft.Extensions.DependencyInjection.ServiceProviderServiceExtensions.GetRequiredService(IServiceProvider provider, Type serviceType)
   at Microsoft.Extensions.DependencyInjection.ServiceProviderServiceExtensions.GetRequiredService[T](IServiceProvider provider)
   at NexusLabs.Needlr.Benchmarks.Benchmarks.ProviderResolutionBenchmarks.Needlr_Reflection_GetService() in /_/src/NexusLabs.Needlr.Benchmarks/Benchmarks/ProviderResolutionBenchmarks.cs:line 79
   at BenchmarkDotNet.Autogenerated.Runnable_44.WorkloadActionNoUnroll(Int64 invokeCount) in /_/src/NexusLabs.Needlr.Benchmarks/bin/Release/net10.0/34652669-8378-4209-b79e-5df6789d8a23/34652669-8378-4209-b79e-5df6789d8a23.notcs:line 8920
   at BenchmarkDotNet.Engines.Engine.Measure(Action`1 action, Int64 invokeCount)
   at BenchmarkDotNet.Engines.Engine.RunIteration(IterationData data)
   at BenchmarkDotNet.Engines.EngineFactory.Jit(Engine engine, Int32 jitIndex, Int32 invokeCount, Int32 unrollFactor)
   at BenchmarkDotNet.Engines.EngineFactory.CreateReadyToRun(EngineParameters engineParameters)
   at BenchmarkDotNet.Autogenerated.Runnable_44.Run(IHost host, String benchmarkName) in /_/src/NexusLabs.Needlr.Benchmarks/bin/Release/net10.0/34652669-8378-4209-b79e-5df6789d8a23/34652669-8378-4209-b79e-5df6789d8a23.notcs:line 8783
   at System.Reflection.MethodBaseInvoker.InterpretedInvoke_Method(Object obj, IntPtr* args)
   at System.Reflection.MethodBaseInvoker.InvokeDirectByRefWithFewArgs(Object obj, Span`1 copyOfArgs, BindingFlags invokeAttr)
   --- End of inner exception stack trace ---
   at System.Reflection.MethodBaseInvoker.InvokeDirectByRefWithFewArgs(Object obj, Span`1 copyOfArgs, BindingFlags invokeAttr)
   at System.Reflection.MethodBaseInvoker.InvokeWithFewArgs(Object obj, BindingFlags invokeAttr, Binder binder, Object[] parameters, CultureInfo culture)
   at System.Reflection.RuntimeMethodInfo.Invoke(Object obj, BindingFlags invokeAttr, Binder binder, Object[] parameters, CultureInfo culture)
   at BenchmarkDotNet.Autogenerated.UniqueProgramName.AfterAssemblyLoadingAttached(String[] args) in /_/src/NexusLabs.Needlr.Benchmarks/bin/Release/net10.0/34652669-8378-4209-b79e-5df6789d8a23/34652669-8378-4209-b79e-5df6789d8a23.notcs:line 57
// AfterAll
No Workload Results were obtained from the run.
// Benchmark Process 3917 has exited with code 255.

// ** Remained 20 (30.8 %) benchmark(s) to run. Estimated finish 2026-08-23 3:31 (0h 2m from now) **
// **************************
// Benchmark: ProviderResolutionBenchmarks.Needlr_SourceGen_GetService: ShortRun(IterationCount=5, LaunchCount=1, WarmupCount=3)
// *** Execute ***
// Launch: 1 / 1
// Execute: dotnet 34652669-8378-4209-b79e-5df6789d8a23.dll --anonymousPipes 163 164 --benchmarkName NexusLabs.Needlr.Benchmarks.Benchmarks.ProviderResolutionBenchmarks.Needlr_SourceGen_GetService --job ShortRun --benchmarkId 45 in /home/runner/work/needlr/needlr/src/NexusLabs.Needlr.Benchmarks/bin/Release/net10.0/34652669-8378-4209-b79e-5df6789d8a23/bin/Release/net10.0
// Failed to set up high priority (Permission denied). In order to run benchmarks with high priority, make sure you have the right permissions.
// BeforeAnythingElse

// Benchmark Process Environment Information:
// BenchmarkDotNet v0.14.0
// Runtime=.NET 10.0.11 (10.0.1126.37416), X64 RyuJIT AVX2
// GC=Concurrent Workstation
// HardwareIntrinsics=AVX2,AES,BMI1,BMI2,FMA,LZCNT,PCLMUL,POPCNT VectorSize=256
// Job: ShortRun(IterationCount=5, LaunchCount=1, WarmupCount=3)

OverheadJitting  1: 1 op, 340967.00 ns, 340.9670 us/op
WorkloadJitting  1: 1 op, 227997.00 ns, 227.9970 us/op

OverheadJitting  2: 16 op, 459751.00 ns, 28.7344 us/op
WorkloadJitting  2: 16 op, 452587.00 ns, 28.2867 us/op

WorkloadPilot    1: 16 op, 4659.00 ns, 291.1875 ns/op
WorkloadPilot    2: 32 op, 5961.00 ns, 186.2813 ns/op
WorkloadPilot    3: 64 op, 8566.00 ns, 133.8438 ns/op
WorkloadPilot    4: 128 op, 47288.00 ns, 369.4375 ns/op
WorkloadPilot    5: 256 op, 22792.00 ns, 89.0313 ns/op
WorkloadPilot    6: 512 op, 42780.00 ns, 83.5547 ns/op
WorkloadPilot    7: 1024 op, 82113.00 ns, 80.1885 ns/op
WorkloadPilot    8: 2048 op, 160470.00 ns, 78.3545 ns/op
WorkloadPilot    9: 4096 op, 351989.00 ns, 85.9348 ns/op
WorkloadPilot   10: 8192 op, 719626.00 ns, 87.8450 ns/op
WorkloadPilot   11: 16384 op, 1352161.00 ns, 82.5294 ns/op
WorkloadPilot   12: 32768 op, 2626966.00 ns, 80.1686 ns/op
WorkloadPilot   13: 65536 op, 5255965.00 ns, 80.1997 ns/op
WorkloadPilot   14: 131072 op, 10391304.00 ns, 79.2794 ns/op
WorkloadPilot   15: 262144 op, 20618651.00 ns, 78.6539 ns/op
WorkloadPilot   16: 524288 op, 41187289.00 ns, 78.5585 ns/op
WorkloadPilot   17: 1048576 op, 52902410.00 ns, 50.4517 ns/op
WorkloadPilot   18: 2097152 op, 38262230.00 ns, 18.2449 ns/op
WorkloadPilot   19: 4194304 op, 77035327.00 ns, 18.3667 ns/op
WorkloadPilot   20: 8388608 op, 154220254.00 ns, 18.3845 ns/op
WorkloadPilot   21: 16777216 op, 307392397.00 ns, 18.3220 ns/op
WorkloadPilot   22: 33554432 op, 610186510.00 ns, 18.1850 ns/op

OverheadWarmup   1: 33554432 op, 130694263.00 ns, 3.8950 ns/op
OverheadWarmup   2: 33554432 op, 140169523.00 ns, 4.1774 ns/op
OverheadWarmup   3: 33554432 op, 109684850.00 ns, 3.2689 ns/op
OverheadWarmup   4: 33554432 op, 111460022.00 ns, 3.3218 ns/op
OverheadWarmup   5: 33554432 op, 109696672.00 ns, 3.2692 ns/op

OverheadActual   1: 33554432 op, 109664331.00 ns, 3.2683 ns/op
OverheadActual   2: 33554432 op, 110071313.00 ns, 3.2804 ns/op
OverheadActual   3: 33554432 op, 109702283.00 ns, 3.2694 ns/op
OverheadActual   4: 33554432 op, 109792852.00 ns, 3.2721 ns/op
OverheadActual   5: 33554432 op, 109669752.00 ns, 3.2684 ns/op
OverheadActual   6: 33554432 op, 109892709.00 ns, 3.2751 ns/op
OverheadActual   7: 33554432 op, 109765441.00 ns, 3.2713 ns/op
OverheadActual   8: 33554432 op, 109881187.00 ns, 3.2747 ns/op
OverheadActual   9: 33554432 op, 109796908.00 ns, 3.2722 ns/op
OverheadActual  10: 33554432 op, 109601642.00 ns, 3.2664 ns/op
OverheadActual  11: 33554432 op, 110169816.00 ns, 3.2833 ns/op
OverheadActual  12: 33554432 op, 111534308.00 ns, 3.3240 ns/op
OverheadActual  13: 33554432 op, 109802428.00 ns, 3.2724 ns/op
OverheadActual  14: 33554432 op, 109643450.00 ns, 3.2676 ns/op
OverheadActual  15: 33554432 op, 110079636.00 ns, 3.2806 ns/op

WorkloadWarmup   1: 33554432 op, 605861382.00 ns, 18.0561 ns/op
WorkloadWarmup   2: 33554432 op, 605195115.00 ns, 18.0362 ns/op
WorkloadWarmup   3: 33554432 op, 605720528.00 ns, 18.0519 ns/op

// BeforeActualRun
WorkloadActual   1: 33554432 op, 618950033.00 ns, 18.4461 ns/op
WorkloadActual   2: 33554432 op, 619955514.00 ns, 18.4761 ns/op
WorkloadActual   3: 33554432 op, 599633187.00 ns, 17.8705 ns/op
WorkloadActual   4: 33554432 op, 601717377.00 ns, 17.9326 ns/op
WorkloadActual   5: 33554432 op, 599442521.00 ns, 17.8648 ns/op

// AfterActualRun
WorkloadResult   1: 33554432 op, 509153125.00 ns, 15.1739 ns/op
WorkloadResult   2: 33554432 op, 510158606.00 ns, 15.2039 ns/op
WorkloadResult   3: 33554432 op, 489836279.00 ns, 14.5983 ns/op
WorkloadResult   4: 33554432 op, 491920469.00 ns, 14.6604 ns/op
WorkloadResult   5: 33554432 op, 489645613.00 ns, 14.5926 ns/op
// GC:  0 0 0 1072 33554432
// Threading:  0 0 33554432

// AfterAll
// Benchmark Process 3925 has exited with code 0.

Mean = 14.846 ns, StdErr = 0.141 ns (0.95%), N = 5, StdDev = 0.315 ns
Min = 14.593 ns, Q1 = 14.598 ns, Median = 14.660 ns, Q3 = 15.174 ns, Max = 15.204 ns
IQR = 0.576 ns, LowerFence = 13.735 ns, UpperFence = 16.037 ns
ConfidenceInterval = [13.635 ns; 16.057 ns] (CI 99.9%), Margin = 1.211 ns (8.16% of Mean)
Skewness = 0.28, Kurtosis = 0.76, MValue = 2

// ** Remained 19 (29.2 %) benchmark(s) to run. Estimated finish 2026-08-23 3:31 (0h 2m from now) **
// **************************
// Benchmark: ProviderResolutionBenchmarks.Provider_Interface_PropertyAccess: ShortRun(IterationCount=5, LaunchCount=1, WarmupCount=3)
// *** Execute ***
// Launch: 1 / 1
// Execute: dotnet 34652669-8378-4209-b79e-5df6789d8a23.dll --anonymousPipes 163 164 --benchmarkName NexusLabs.Needlr.Benchmarks.Benchmarks.ProviderResolutionBenchmarks.Provider_Interface_PropertyAccess --job ShortRun --benchmarkId 46 in /home/runner/work/needlr/needlr/src/NexusLabs.Needlr.Benchmarks/bin/Release/net10.0/34652669-8378-4209-b79e-5df6789d8a23/bin/Release/net10.0
// Failed to set up high priority (Permission denied). In order to run benchmarks with high priority, make sure you have the right permissions.
// BeforeAnythingElse

// Benchmark Process Environment Information:
// BenchmarkDotNet v0.14.0
// Runtime=.NET 10.0.11 (10.0.1126.37416), X64 RyuJIT AVX2
// GC=Concurrent Workstation
// HardwareIntrinsics=AVX2,AES,BMI1,BMI2,FMA,LZCNT,PCLMUL,POPCNT VectorSize=256
// Job: ShortRun(IterationCount=5, LaunchCount=1, WarmupCount=3)

OverheadJitting  1: 1 op, 366606.00 ns, 366.6060 us/op
WorkloadJitting  1: 1 op, 266068.00 ns, 266.0680 us/op

OverheadJitting  2: 16 op, 462635.00 ns, 28.9147 us/op
WorkloadJitting  2: 16 op, 507941.00 ns, 31.7463 us/op

WorkloadPilot    1: 16 op, 762.00 ns, 47.6250 ns/op
WorkloadPilot    2: 32 op, 902.00 ns, 28.1875 ns/op
WorkloadPilot    3: 64 op, 1042.00 ns, 16.2813 ns/op
WorkloadPilot    4: 128 op, 1443.00 ns, 11.2734 ns/op
WorkloadPilot    5: 256 op, 2175.00 ns, 8.4961 ns/op
WorkloadPilot    6: 512 op, 3607.00 ns, 7.0449 ns/op
WorkloadPilot    7: 1024 op, 6573.00 ns, 6.4189 ns/op
WorkloadPilot    8: 2048 op, 12413.00 ns, 6.0610 ns/op
WorkloadPilot    9: 4096 op, 24135.00 ns, 5.8923 ns/op
WorkloadPilot   10: 8192 op, 47479.00 ns, 5.7958 ns/op
WorkloadPilot   11: 16384 op, 94126.00 ns, 5.7450 ns/op
WorkloadPilot   12: 32768 op, 187651.00 ns, 5.7267 ns/op
WorkloadPilot   13: 65536 op, 374511.00 ns, 5.7146 ns/op
WorkloadPilot   14: 131072 op, 767185.00 ns, 5.8532 ns/op
WorkloadPilot   15: 262144 op, 1515275.00 ns, 5.7803 ns/op
WorkloadPilot   16: 524288 op, 3039958.00 ns, 5.7983 ns/op
WorkloadPilot   17: 1048576 op, 6053057.00 ns, 5.7726 ns/op
WorkloadPilot   18: 2097152 op, 12082539.00 ns, 5.7614 ns/op
WorkloadPilot   19: 4194304 op, 24217264.00 ns, 5.7738 ns/op
WorkloadPilot   20: 8388608 op, 48270521.00 ns, 5.7543 ns/op
WorkloadPilot   21: 16777216 op, 96557574.00 ns, 5.7553 ns/op
WorkloadPilot   22: 33554432 op, 183865762.00 ns, 5.4796 ns/op
WorkloadPilot   23: 67108864 op, 282042236.00 ns, 4.2028 ns/op
WorkloadPilot   24: 134217728 op, 565310345.00 ns, 4.2119 ns/op

OverheadWarmup   1: 134217728 op, 595436095.00 ns, 4.4363 ns/op
OverheadWarmup   2: 134217728 op, 485909767.00 ns, 3.6203 ns/op
OverheadWarmup   3: 134217728 op, 443749483.00 ns, 3.3062 ns/op
OverheadWarmup   4: 134217728 op, 444864890.00 ns, 3.3145 ns/op
OverheadWarmup   5: 134217728 op, 443877431.00 ns, 3.3071 ns/op
OverheadWarmup   6: 134217728 op, 488028521.00 ns, 3.6361 ns/op
OverheadWarmup   7: 134217728 op, 456057248.00 ns, 3.3979 ns/op

OverheadActual   1: 134217728 op, 444400992.00 ns, 3.3110 ns/op
OverheadActual   2: 134217728 op, 443744623.00 ns, 3.3062 ns/op
OverheadActual   3: 134217728 op, 444113994.00 ns, 3.3089 ns/op
OverheadActual   4: 134217728 op, 448251773.00 ns, 3.3397 ns/op
OverheadActual   5: 134217728 op, 444396085.00 ns, 3.3110 ns/op
OverheadActual   6: 134217728 op, 444319599.00 ns, 3.3104 ns/op
OverheadActual   7: 134217728 op, 444054864.00 ns, 3.3085 ns/op
OverheadActual   8: 134217728 op, 444324889.00 ns, 3.3105 ns/op
OverheadActual   9: 134217728 op, 443768438.00 ns, 3.3063 ns/op
OverheadActual  10: 134217728 op, 444534651.00 ns, 3.3120 ns/op
OverheadActual  11: 134217728 op, 444091202.00 ns, 3.3087 ns/op
OverheadActual  12: 134217728 op, 444732814.00 ns, 3.3135 ns/op
OverheadActual  13: 134217728 op, 448097385.00 ns, 3.3386 ns/op
OverheadActual  14: 134217728 op, 445544569.00 ns, 3.3196 ns/op
OverheadActual  15: 134217728 op, 446427230.00 ns, 3.3261 ns/op

WorkloadWarmup   1: 134217728 op, 578622430.00 ns, 4.3111 ns/op
WorkloadWarmup   2: 134217728 op, 564458891.00 ns, 4.2055 ns/op
WorkloadWarmup   3: 134217728 op, 565250652.00 ns, 4.2114 ns/op

// BeforeActualRun
WorkloadActual   1: 134217728 op, 564464451.00 ns, 4.2056 ns/op
WorkloadActual   2: 134217728 op, 564973744.00 ns, 4.2094 ns/op
WorkloadActual   3: 134217728 op, 569344332.00 ns, 4.2419 ns/op
WorkloadActual   4: 134217728 op, 564089109.00 ns, 4.2028 ns/op
WorkloadActual   5: 134217728 op, 564099889.00 ns, 4.2029 ns/op

// AfterActualRun
WorkloadResult   1: 134217728 op, 120068366.00 ns, 0.8946 ns/op
WorkloadResult   2: 134217728 op, 120577659.00 ns, 0.8984 ns/op
WorkloadResult   3: 134217728 op, 119693024.00 ns, 0.8918 ns/op
WorkloadResult   4: 134217728 op, 119703804.00 ns, 0.8919 ns/op
// GC:  0 0 0 1072 134217728
// Threading:  0 0 134217728

// AfterAll
// Benchmark Process 3933 has exited with code 0.

Mean = 0.894 ns, StdErr = 0.002 ns (0.17%), N = 4, StdDev = 0.003 ns
Min = 0.892 ns, Q1 = 0.892 ns, Median = 0.893 ns, Q3 = 0.896 ns, Max = 0.898 ns
IQR = 0.004 ns, LowerFence = 0.886 ns, UpperFence = 0.901 ns
ConfidenceInterval = [0.874 ns; 0.914 ns] (CI 99.9%), Margin = 0.020 ns (2.24% of Mean)
Skewness = 0.42, Kurtosis = 1.02, MValue = 2

// ** Remained 18 (27.7 %) benchmark(s) to run. Estimated finish 2026-08-23 3:31 (0h 2m from now) **
// **************************
// Benchmark: ProviderResolutionBenchmarks.Provider_Shorthand_PropertyAccess: ShortRun(IterationCount=5, LaunchCount=1, WarmupCount=3)
// *** Execute ***
// Launch: 1 / 1
// Execute: dotnet 34652669-8378-4209-b79e-5df6789d8a23.dll --anonymousPipes 163 164 --benchmarkName NexusLabs.Needlr.Benchmarks.Benchmarks.ProviderResolutionBenchmarks.Provider_Shorthand_PropertyAccess --job ShortRun --benchmarkId 47 in /home/runner/work/needlr/needlr/src/NexusLabs.Needlr.Benchmarks/bin/Release/net10.0/34652669-8378-4209-b79e-5df6789d8a23/bin/Release/net10.0
// Failed to set up high priority (Permission denied). In order to run benchmarks with high priority, make sure you have the right permissions.
// BeforeAnythingElse

// Benchmark Process Environment Information:
// BenchmarkDotNet v0.14.0
// Runtime=.NET 10.0.11 (10.0.1126.37416), X64 RyuJIT AVX2
// GC=Concurrent Workstation
// HardwareIntrinsics=AVX2,AES,BMI1,BMI2,FMA,LZCNT,PCLMUL,POPCNT VectorSize=256
// Job: ShortRun(IterationCount=5, LaunchCount=1, WarmupCount=3)

OverheadJitting  1: 1 op, 337301.00 ns, 337.3010 us/op
WorkloadJitting  1: 1 op, 260688.00 ns, 260.6880 us/op

OverheadJitting  2: 16 op, 464459.00 ns, 29.0287 us/op
WorkloadJitting  2: 16 op, 506849.00 ns, 31.6781 us/op

WorkloadPilot    1: 16 op, 771.00 ns, 48.1875 ns/op
WorkloadPilot    2: 32 op, 912.00 ns, 28.5000 ns/op
WorkloadPilot    3: 64 op, 1062.00 ns, 16.5938 ns/op
WorkloadPilot    4: 128 op, 1402.00 ns, 10.9531 ns/op
WorkloadPilot    5: 256 op, 2144.00 ns, 8.3750 ns/op
WorkloadPilot    6: 512 op, 3596.00 ns, 7.0234 ns/op
WorkloadPilot    7: 1024 op, 6583.00 ns, 6.4287 ns/op
WorkloadPilot    8: 2048 op, 12393.00 ns, 6.0513 ns/op
WorkloadPilot    9: 4096 op, 24085.00 ns, 5.8801 ns/op
WorkloadPilot   10: 8192 op, 47428.00 ns, 5.7896 ns/op
WorkloadPilot   11: 16384 op, 94226.00 ns, 5.7511 ns/op
WorkloadPilot   12: 32768 op, 207098.00 ns, 6.3201 ns/op
WorkloadPilot   13: 65536 op, 387555.00 ns, 5.9136 ns/op
WorkloadPilot   14: 131072 op, 786631.00 ns, 6.0015 ns/op
WorkloadPilot   15: 262144 op, 1532718.00 ns, 5.8469 ns/op
WorkloadPilot   16: 524288 op, 3069874.00 ns, 5.8553 ns/op
WorkloadPilot   17: 1048576 op, 6121082.00 ns, 5.8375 ns/op
WorkloadPilot   18: 2097152 op, 12105318.00 ns, 5.7723 ns/op
WorkloadPilot   19: 4194304 op, 24230875.00 ns, 5.7771 ns/op
WorkloadPilot   20: 8388608 op, 48365870.00 ns, 5.7657 ns/op
WorkloadPilot   21: 16777216 op, 97043533.00 ns, 5.7842 ns/op
WorkloadPilot   22: 33554432 op, 183556354.00 ns, 5.4704 ns/op
WorkloadPilot   23: 67108864 op, 282070037.00 ns, 4.2032 ns/op
WorkloadPilot   24: 134217728 op, 565161466.00 ns, 4.2108 ns/op

OverheadWarmup   1: 134217728 op, 580086412.00 ns, 4.3220 ns/op
OverheadWarmup   2: 134217728 op, 486027260.00 ns, 3.6212 ns/op
OverheadWarmup   3: 134217728 op, 444357309.00 ns, 3.3107 ns/op
OverheadWarmup   4: 134217728 op, 444398325.00 ns, 3.3110 ns/op
OverheadWarmup   5: 134217728 op, 443810786.00 ns, 3.3066 ns/op
OverheadWarmup   6: 134217728 op, 488173216.00 ns, 3.6372 ns/op
OverheadWarmup   7: 134217728 op, 444174798.00 ns, 3.3094 ns/op

OverheadActual   1: 134217728 op, 483704574.00 ns, 3.6039 ns/op
OverheadActual   2: 134217728 op, 467500494.00 ns, 3.4832 ns/op
OverheadActual   3: 134217728 op, 444433822.00 ns, 3.3113 ns/op
OverheadActual   4: 134217728 op, 465802377.00 ns, 3.4705 ns/op
OverheadActual   5: 134217728 op, 443954515.00 ns, 3.3077 ns/op
OverheadActual   6: 134217728 op, 487469037.00 ns, 3.6319 ns/op
OverheadActual   7: 134217728 op, 444029586.00 ns, 3.3083 ns/op
OverheadActual   8: 134217728 op, 444450533.00 ns, 3.3114 ns/op
OverheadActual   9: 134217728 op, 444060634.00 ns, 3.3085 ns/op
OverheadActual  10: 134217728 op, 443958937.00 ns, 3.3078 ns/op
OverheadActual  11: 134217728 op, 485614526.00 ns, 3.6181 ns/op
OverheadActual  12: 134217728 op, 448851808.00 ns, 3.3442 ns/op
OverheadActual  13: 134217728 op, 444273249.00 ns, 3.3101 ns/op
OverheadActual  14: 134217728 op, 443832414.00 ns, 3.3068 ns/op
OverheadActual  15: 134217728 op, 444892478.00 ns, 3.3147 ns/op

WorkloadWarmup   1: 134217728 op, 564183835.00 ns, 4.2035 ns/op
WorkloadWarmup   2: 134217728 op, 564465681.00 ns, 4.2056 ns/op
WorkloadWarmup   3: 134217728 op, 569560145.00 ns, 4.2436 ns/op

// BeforeActualRun
WorkloadActual   1: 134217728 op, 564991766.00 ns, 4.2095 ns/op
WorkloadActual   2: 134217728 op, 565318888.00 ns, 4.2120 ns/op
WorkloadActual   3: 134217728 op, 565743873.00 ns, 4.2151 ns/op
WorkloadActual   4: 134217728 op, 564604000.00 ns, 4.2066 ns/op
WorkloadActual   5: 134217728 op, 564504434.00 ns, 4.2059 ns/op

// AfterActualRun
WorkloadResult   1: 134217728 op, 120541233.00 ns, 0.8981 ns/op
WorkloadResult   2: 134217728 op, 120868355.00 ns, 0.9005 ns/op
WorkloadResult   3: 134217728 op, 121293340.00 ns, 0.9037 ns/op
WorkloadResult   4: 134217728 op, 120153467.00 ns, 0.8952 ns/op
WorkloadResult   5: 134217728 op, 120053901.00 ns, 0.8945 ns/op
// GC:  0 0 0 1072 134217728
// Threading:  0 0 134217728

// AfterAll
// Benchmark Process 3944 has exited with code 0.

Mean = 0.898 ns, StdErr = 0.002 ns (0.19%), N = 5, StdDev = 0.004 ns
Min = 0.894 ns, Q1 = 0.895 ns, Median = 0.898 ns, Q3 = 0.901 ns, Max = 0.904 ns
IQR = 0.005 ns, LowerFence = 0.887 ns, UpperFence = 0.909 ns
ConfidenceInterval = [0.884 ns; 0.913 ns] (CI 99.9%), Margin = 0.015 ns (1.64% of Mean)
Skewness = 0.23, Kurtosis = 1.08, MValue = 2

// ** Remained 17 (26.2 %) benchmark(s) to run. Estimated finish 2026-08-23 3:31 (0h 2m from now) **
// ***** BenchmarkRunner: Finish  *****

// * Export *
  home/runner/work/needlr/needlr/benchmark-results/results/NexusLabs.Needlr.Benchmarks.Benchmarks.ProviderResolutionBenchmarks-report.csv
  home/runner/work/needlr/needlr/benchmark-results/results/NexusLabs.Needlr.Benchmarks.Benchmarks.ProviderResolutionBenchmarks-report-github.md
  home/runner/work/needlr/needlr/benchmark-results/results/NexusLabs.Needlr.Benchmarks.Benchmarks.ProviderResolutionBenchmarks-report.html
  home/runner/work/needlr/needlr/benchmark-results/results/NexusLabs.Needlr.Benchmarks.Benchmarks.ProviderResolutionBenchmarks-report-full-compressed.json
  home/runner/work/needlr/needlr/benchmark-results/results/NexusLabs.Needlr.Benchmarks.Benchmarks.ProviderResolutionBenchmarks-report-default.md

// * Detailed results *
ProviderResolutionBenchmarks.ManualDI_ServiceProvider_GetService: ShortRun(IterationCount=5, LaunchCount=1, WarmupCount=3)
Runtime = .NET 10.0.11 (10.0.1126.37416), X64 RyuJIT AVX2; GC = Concurrent Workstation
Mean = 14.833 ns, StdErr = 0.095 ns (0.64%), N = 5, StdDev = 0.212 ns
Min = 14.671 ns, Q1 = 14.690 ns, Median = 14.723 ns, Q3 = 14.906 ns, Max = 15.173 ns
IQR = 0.216 ns, LowerFence = 14.366 ns, UpperFence = 15.230 ns
ConfidenceInterval = [14.016 ns; 15.650 ns] (CI 99.9%), Margin = 0.817 ns (5.51% of Mean)
Skewness = 0.66, Kurtosis = 1.46, MValue = 2
-------------------- Histogram --------------------
[14.626 ns ; 14.951 ns) | @@@@
[14.951 ns ; 15.336 ns) | @
---------------------------------------------------

ProviderResolutionBenchmarks.Needlr_Reflection_GetService: ShortRun(IterationCount=5, LaunchCount=1, WarmupCount=3)
Runtime = .NET 10.0.11 (10.0.1126.37416), X64 RyuJIT AVX2; GC = Concurrent Workstation
There are not any results runs

ProviderResolutionBenchmarks.Needlr_SourceGen_GetService: ShortRun(IterationCount=5, LaunchCount=1, WarmupCount=3)
Runtime = .NET 10.0.11 (10.0.1126.37416), X64 RyuJIT AVX2; GC = Concurrent Workstation
Mean = 14.846 ns, StdErr = 0.141 ns (0.95%), N = 5, StdDev = 0.315 ns
Min = 14.593 ns, Q1 = 14.598 ns, Median = 14.660 ns, Q3 = 15.174 ns, Max = 15.204 ns
IQR = 0.576 ns, LowerFence = 13.735 ns, UpperFence = 16.037 ns
ConfidenceInterval = [13.635 ns; 16.057 ns] (CI 99.9%), Margin = 1.211 ns (8.16% of Mean)
Skewness = 0.28, Kurtosis = 0.76, MValue = 2
-------------------- Histogram --------------------
[14.351 ns ; 14.868 ns) | @@@
[14.868 ns ; 15.445 ns) | @@
---------------------------------------------------

ProviderResolutionBenchmarks.Provider_Interface_PropertyAccess: ShortRun(IterationCount=5, LaunchCount=1, WarmupCount=3)
Runtime = .NET 10.0.11 (10.0.1126.37416), X64 RyuJIT AVX2; GC = Concurrent Workstation
Mean = 0.894 ns, StdErr = 0.002 ns (0.17%), N = 4, StdDev = 0.003 ns
Min = 0.892 ns, Q1 = 0.892 ns, Median = 0.893 ns, Q3 = 0.896 ns, Max = 0.898 ns
IQR = 0.004 ns, LowerFence = 0.886 ns, UpperFence = 0.901 ns
ConfidenceInterval = [0.874 ns; 0.914 ns] (CI 99.9%), Margin = 0.020 ns (2.24% of Mean)
Skewness = 0.42, Kurtosis = 1.02, MValue = 2
-------------------- Histogram --------------------
[0.889 ns ; 0.901 ns) | @@@@
---------------------------------------------------

ProviderResolutionBenchmarks.Provider_Shorthand_PropertyAccess: ShortRun(IterationCount=5, LaunchCount=1, WarmupCount=3)
Runtime = .NET 10.0.11 (10.0.1126.37416), X64 RyuJIT AVX2; GC = Concurrent Workstation
Mean = 0.898 ns, StdErr = 0.002 ns (0.19%), N = 5, StdDev = 0.004 ns
Min = 0.894 ns, Q1 = 0.895 ns, Median = 0.898 ns, Q3 = 0.901 ns, Max = 0.904 ns
IQR = 0.005 ns, LowerFence = 0.887 ns, UpperFence = 0.909 ns
ConfidenceInterval = [0.884 ns; 0.913 ns] (CI 99.9%), Margin = 0.015 ns (1.64% of Mean)
Skewness = 0.23, Kurtosis = 1.08, MValue = 2
-------------------- Histogram --------------------
[0.892 ns ; 0.907 ns) | @@@@@
---------------------------------------------------

// * Summary *

BenchmarkDotNet v0.14.0, Ubuntu 24.04.4 LTS (Noble Numbat)
AMD EPYC 7763, 1 CPU, 4 logical and 2 physical cores
.NET SDK 10.0.302
  [Host]   : .NET 10.0.11 (10.0.1126.37416), X64 RyuJIT AVX2
  ShortRun : .NET 10.0.11 (10.0.1126.37416), X64 RyuJIT AVX2

Job=ShortRun  IterationCount=5  LaunchCount=1  
WarmupCount=3  

| Method                              | Mean       | Error     | StdDev    | Ratio | RatioSD | Rank | Allocated | Alloc Ratio |
|------------------------------------ |-----------:|----------:|----------:|------:|--------:|-----:|----------:|------------:|
| ManualDI_ServiceProvider_GetService | 14.8328 ns | 0.8169 ns | 0.2121 ns |  1.00 |    0.02 |    2 |         - |          NA |
| Needlr_Reflection_GetService        |         NA |        NA |        NA |     ? |       ? |    ? |        NA |           ? |
| Needlr_SourceGen_GetService         | 14.8458 ns | 1.2111 ns | 0.3145 ns |  1.00 |    0.02 |    2 |         - |          NA |
| Provider_Interface_PropertyAccess   |  0.8941 ns | 0.0200 ns | 0.0031 ns |  0.06 |    0.00 |    1 |         - |          NA |
| Provider_Shorthand_PropertyAccess   |  0.8984 ns | 0.0147 ns | 0.0038 ns |  0.06 |    0.00 |    1 |         - |          NA |

Benchmarks with issues:
  ProviderResolutionBenchmarks.Needlr_Reflection_GetService: ShortRun(IterationCount=5, LaunchCount=1, WarmupCount=3)

// * Warnings *
BaselineCustomAnalyzer
  Summary -> A question mark '?' symbol indicates that it was not possible to compute the (Ratio, RatioSD, Alloc Ratio) column(s) because the baseline value is too close to zero.

// * Hints *
Outliers
  ProviderResolutionBenchmarks.Provider_Interface_PropertyAccess: ShortRun -> 1 outlier  was  removed (4.24 ns)
// * Config Issues *

// * Warnings *
Configuration
  Summary -> The exporter HtmlExporter is already present in configuration. There may be unexpected results.

// * Legends *
  Mean        : Arithmetic mean of all measurements
  Error       : Half of 99.9% confidence interval
  StdDev      : Standard deviation of all measurements
  Ratio       : Mean of the ratio distribution ([Current]/[Baseline])
  RatioSD     : Standard deviation of the ratio distribution ([Current]/[Baseline])
  Rank        : Relative position of current benchmark mean among all benchmarks (Arabic style)
  Allocated   : Allocated memory per single operation (managed only, inclusive, 1KB = 1024B)
  Alloc Ratio : Allocated memory ratio distribution ([Current]/[Baseline])
  1 ns        : 1 Nanosecond (0.000000001 sec)

// * Diagnostic Output - MemoryDiagnoser *


// ***** BenchmarkRunner: End *****
Run time: 00:00:52 (52.49 sec), executed benchmarks: 5

// Found 3 benchmarks:
//   ScopedServiceResolutionBenchmarks.ManualDI_CreateScopeAndResolve: ShortRun(IterationCount=5, LaunchCount=1, WarmupCount=3)
//   ScopedServiceResolutionBenchmarks.Needlr_Reflection_CreateScopeAndResolve: ShortRun(IterationCount=5, LaunchCount=1, WarmupCount=3)
//   ScopedServiceResolutionBenchmarks.Needlr_SourceGen_CreateScopeAndResolve: ShortRun(IterationCount=5, LaunchCount=1, WarmupCount=3)

// **************************
// Benchmark: ScopedServiceResolutionBenchmarks.ManualDI_CreateScopeAndResolve: ShortRun(IterationCount=5, LaunchCount=1, WarmupCount=3)
// *** Execute ***
// Launch: 1 / 1
// Execute: dotnet 34652669-8378-4209-b79e-5df6789d8a23.dll --anonymousPipes 163 164 --benchmarkName NexusLabs.Needlr.Benchmarks.Benchmarks.ScopedServiceResolutionBenchmarks.ManualDI_CreateScopeAndResolve --job ShortRun --benchmarkId 48 in /home/runner/work/needlr/needlr/src/NexusLabs.Needlr.Benchmarks/bin/Release/net10.0/34652669-8378-4209-b79e-5df6789d8a23/bin/Release/net10.0
// Failed to set up high priority (Permission denied). In order to run benchmarks with high priority, make sure you have the right permissions.
// BeforeAnythingElse

// Benchmark Process Environment Information:
// BenchmarkDotNet v0.14.0
// Runtime=.NET 10.0.11 (10.0.1126.37416), X64 RyuJIT AVX2
// GC=Concurrent Workstation
// HardwareIntrinsics=AVX2,AES,BMI1,BMI2,FMA,LZCNT,PCLMUL,POPCNT VectorSize=256
// Job: ShortRun(IterationCount=5, LaunchCount=1, WarmupCount=3)

OverheadJitting  1: 1 op, 334937.00 ns, 334.9370 us/op
WorkloadJitting  1: 1 op, 5921450.00 ns, 5.9215 ms/op

OverheadJitting  2: 16 op, 474929.00 ns, 29.6831 us/op
WorkloadJitting  2: 16 op, 2732343.00 ns, 170.7714 us/op

WorkloadPilot    1: 16 op, 2223751.00 ns, 138.9844 us/op
WorkloadPilot    2: 32 op, 148017.00 ns, 4.6255 us/op
WorkloadPilot    3: 64 op, 193994.00 ns, 3.0312 us/op
WorkloadPilot    4: 128 op, 364753.00 ns, 2.8496 us/op
WorkloadPilot    5: 256 op, 739564.00 ns, 2.8889 us/op
WorkloadPilot    6: 512 op, 1454812.00 ns, 2.8414 us/op
WorkloadPilot    7: 1024 op, 2771546.00 ns, 2.7066 us/op
WorkloadPilot    8: 2048 op, 5789794.00 ns, 2.8270 us/op
WorkloadPilot    9: 4096 op, 11660399.00 ns, 2.8468 us/op
WorkloadPilot   10: 8192 op, 23136172.00 ns, 2.8242 us/op
WorkloadPilot   11: 16384 op, 45963877.00 ns, 2.8054 us/op
WorkloadPilot   12: 32768 op, 92784425.00 ns, 2.8316 us/op
WorkloadPilot   13: 65536 op, 148184032.00 ns, 2.2611 us/op
WorkloadPilot   14: 131072 op, 283862962.00 ns, 2.1657 us/op
WorkloadPilot   15: 262144 op, 566996088.00 ns, 2.1629 us/op

OverheadWarmup   1: 262144 op, 1028735.00 ns, 3.9243 ns/op
OverheadWarmup   2: 262144 op, 1030788.00 ns, 3.9321 ns/op
OverheadWarmup   3: 262144 op, 1028454.00 ns, 3.9232 ns/op
OverheadWarmup   4: 262144 op, 1032743.00 ns, 3.9396 ns/op
OverheadWarmup   5: 262144 op, 1029376.00 ns, 3.9268 ns/op

OverheadActual   1: 262144 op, 1029317.00 ns, 3.9265 ns/op
OverheadActual   2: 262144 op, 1032192.00 ns, 3.9375 ns/op
OverheadActual   3: 262144 op, 1030518.00 ns, 3.9311 ns/op
OverheadActual   4: 262144 op, 1034156.00 ns, 3.9450 ns/op
OverheadActual   5: 262144 op, 1032593.00 ns, 3.9390 ns/op
OverheadActual   6: 262144 op, 1029577.00 ns, 3.9275 ns/op
OverheadActual   7: 262144 op, 1028955.00 ns, 3.9252 ns/op
OverheadActual   8: 262144 op, 1029266.00 ns, 3.9263 ns/op
OverheadActual   9: 262144 op, 1031160.00 ns, 3.9336 ns/op
OverheadActual  10: 262144 op, 1032652.00 ns, 3.9393 ns/op
OverheadActual  11: 262144 op, 1029917.00 ns, 3.9288 ns/op
OverheadActual  12: 262144 op, 1029958.00 ns, 3.9290 ns/op
OverheadActual  13: 262144 op, 1029546.00 ns, 3.9274 ns/op
OverheadActual  14: 262144 op, 1029427.00 ns, 3.9270 ns/op
OverheadActual  15: 262144 op, 1032583.00 ns, 3.9390 ns/op

WorkloadWarmup   1: 262144 op, 571490158.00 ns, 2.1801 us/op
WorkloadWarmup   2: 262144 op, 569890585.00 ns, 2.1740 us/op
WorkloadWarmup   3: 262144 op, 568269741.00 ns, 2.1678 us/op

// BeforeActualRun
WorkloadActual   1: 262144 op, 567483419.00 ns, 2.1648 us/op
WorkloadActual   2: 262144 op, 565354216.00 ns, 2.1567 us/op
WorkloadActual   3: 262144 op, 565681428.00 ns, 2.1579 us/op
WorkloadActual   4: 262144 op, 565473700.00 ns, 2.1571 us/op
WorkloadActual   5: 262144 op, 566014231.00 ns, 2.1592 us/op

// AfterActualRun
WorkloadResult   1: 262144 op, 564324258.00 ns, 2.1527 us/op
WorkloadResult   2: 262144 op, 564651470.00 ns, 2.1540 us/op
WorkloadResult   3: 262144 op, 564443742.00 ns, 2.1532 us/op
WorkloadResult   4: 262144 op, 564984273.00 ns, 2.1552 us/op
// GC:  6 0 0 106956112 262144
// Threading:  0 0 262144

// AfterAll
// Benchmark Process 3956 has exited with code 0.

Mean = 2.154 μs, StdErr = 0.001 μs (0.03%), N = 4, StdDev = 0.001 μs
Min = 2.153 μs, Q1 = 2.153 μs, Median = 2.154 μs, Q3 = 2.154 μs, Max = 2.155 μs
IQR = 0.001 μs, LowerFence = 2.151 μs, UpperFence = 2.156 μs
ConfidenceInterval = [2.147 μs; 2.161 μs] (CI 99.9%), Margin = 0.007 μs (0.33% of Mean)
Skewness = 0.32, Kurtosis = 1, MValue = 2

// ** Remained 16 (24.6 %) benchmark(s) to run. Estimated finish 2026-08-23 3:31 (0h 2m from now) **
// **************************
// Benchmark: ScopedServiceResolutionBenchmarks.Needlr_Reflection_CreateScopeAndResolve: ShortRun(IterationCount=5, LaunchCount=1, WarmupCount=3)
// *** Execute ***
// Launch: 1 / 1
// Execute: dotnet 34652669-8378-4209-b79e-5df6789d8a23.dll --anonymousPipes 163 164 --benchmarkName NexusLabs.Needlr.Benchmarks.Benchmarks.ScopedServiceResolutionBenchmarks.Needlr_Reflection_CreateScopeAndResolve --job ShortRun --benchmarkId 49 in /home/runner/work/needlr/needlr/src/NexusLabs.Needlr.Benchmarks/bin/Release/net10.0/34652669-8378-4209-b79e-5df6789d8a23/bin/Release/net10.0
// Failed to set up high priority (Permission denied). In order to run benchmarks with high priority, make sure you have the right permissions.
// BeforeAnythingElse

// Benchmark Process Environment Information:
// BenchmarkDotNet v0.14.0
// Runtime=.NET 10.0.11 (10.0.1126.37416), X64 RyuJIT AVX2
// GC=Concurrent Workstation
// HardwareIntrinsics=AVX2,AES,BMI1,BMI2,FMA,LZCNT,PCLMUL,POPCNT VectorSize=256
// Job: ShortRun(IterationCount=5, LaunchCount=1, WarmupCount=3)

OverheadJitting  1: 1 op, 336380.00 ns, 336.3800 us/op
WorkloadJitting  1: 1 op, 5907134.00 ns, 5.9071 ms/op

OverheadJitting  2: 16 op, 518180.00 ns, 32.3863 us/op
WorkloadJitting  2: 16 op, 2515508.00 ns, 157.2193 us/op

WorkloadPilot    1: 16 op, 2206749.00 ns, 137.9218 us/op
WorkloadPilot    2: 32 op, 103954.00 ns, 3.2486 us/op
WorkloadPilot    3: 64 op, 195125.00 ns, 3.0488 us/op
WorkloadPilot    4: 128 op, 371846.00 ns, 2.9050 us/op
WorkloadPilot    5: 256 op, 751426.00 ns, 2.9353 us/op
WorkloadPilot    6: 512 op, 1417272.00 ns, 2.7681 us/op
WorkloadPilot    7: 1024 op, 2826609.00 ns, 2.7604 us/op
WorkloadPilot    8: 2048 op, 5930989.00 ns, 2.8960 us/op
WorkloadPilot    9: 4096 op, 12019051.00 ns, 2.9343 us/op
WorkloadPilot   10: 8192 op, 23795849.00 ns, 2.9048 us/op
WorkloadPilot   11: 16384 op, 47274335.00 ns, 2.8854 us/op
WorkloadPilot   12: 32768 op, 95570014.00 ns, 2.9166 us/op
WorkloadPilot   13: 65536 op, 146987943.00 ns, 2.2429 us/op
WorkloadPilot   14: 131072 op, 281950934.00 ns, 2.1511 us/op
WorkloadPilot   15: 262144 op, 563881580.00 ns, 2.1510 us/op

OverheadWarmup   1: 262144 op, 1027372.00 ns, 3.9191 ns/op
OverheadWarmup   2: 262144 op, 1030980.00 ns, 3.9329 ns/op
OverheadWarmup   3: 262144 op, 1030358.00 ns, 3.9305 ns/op
OverheadWarmup   4: 262144 op, 1031581.00 ns, 3.9352 ns/op
OverheadWarmup   5: 262144 op, 1026360.00 ns, 3.9153 ns/op

OverheadActual   1: 262144 op, 1034877.00 ns, 3.9477 ns/op
OverheadActual   2: 262144 op, 1047240.00 ns, 3.9949 ns/op
OverheadActual   3: 262144 op, 1394108.00 ns, 5.3181 ns/op
OverheadActual   4: 262144 op, 1319149.00 ns, 5.0322 ns/op
OverheadActual   5: 262144 op, 1049013.00 ns, 4.0017 ns/op
OverheadActual   6: 262144 op, 1030809.00 ns, 3.9322 ns/op
OverheadActual   7: 262144 op, 1049454.00 ns, 4.0033 ns/op
OverheadActual   8: 262144 op, 1030718.00 ns, 3.9319 ns/op
OverheadActual   9: 262144 op, 1055755.00 ns, 4.0274 ns/op
OverheadActual  10: 262144 op, 1046989.00 ns, 3.9939 ns/op
OverheadActual  11: 262144 op, 1055014.00 ns, 4.0246 ns/op
OverheadActual  12: 262144 op, 1046107.00 ns, 3.9906 ns/op
OverheadActual  13: 262144 op, 1046478.00 ns, 3.9920 ns/op
OverheadActual  14: 262144 op, 1046598.00 ns, 3.9925 ns/op
OverheadActual  15: 262144 op, 1059412.00 ns, 4.0413 ns/op

WorkloadWarmup   1: 262144 op, 571191338.00 ns, 2.1789 us/op
WorkloadWarmup   2: 262144 op, 568445378.00 ns, 2.1684 us/op
WorkloadWarmup   3: 262144 op, 564613646.00 ns, 2.1538 us/op

// BeforeActualRun
WorkloadActual   1: 262144 op, 566072397.00 ns, 2.1594 us/op
WorkloadActual   2: 262144 op, 563346595.00 ns, 2.1490 us/op
WorkloadActual   3: 262144 op, 563057553.00 ns, 2.1479 us/op
WorkloadActual   4: 262144 op, 563783041.00 ns, 2.1507 us/op
WorkloadActual   5: 262144 op, 563034330.00 ns, 2.1478 us/op

// AfterActualRun
WorkloadResult   1: 262144 op, 562299355.00 ns, 2.1450 us/op
WorkloadResult   2: 262144 op, 562010313.00 ns, 2.1439 us/op
WorkloadResult   3: 262144 op, 562735801.00 ns, 2.1467 us/op
WorkloadResult   4: 262144 op, 561987090.00 ns, 2.1438 us/op
// GC:  6 0 0 106956112 262144
// Threading:  0 0 262144

// AfterAll
// Benchmark Process 3972 has exited with code 0.

Mean = 2.145 μs, StdErr = 0.001 μs (0.03%), N = 4, StdDev = 0.001 μs
Min = 2.144 μs, Q1 = 2.144 μs, Median = 2.144 μs, Q3 = 2.145 μs, Max = 2.147 μs
IQR = 0.002 μs, LowerFence = 2.142 μs, UpperFence = 2.148 μs
ConfidenceInterval = [2.136 μs; 2.153 μs] (CI 99.9%), Margin = 0.009 μs (0.40% of Mean)
Skewness = 0.44, Kurtosis = 1.04, MValue = 2

// ** Remained 15 (23.1 %) benchmark(s) to run. Estimated finish 2026-08-23 3:31 (0h 2m from now) **
// **************************
// Benchmark: ScopedServiceResolutionBenchmarks.Needlr_SourceGen_CreateScopeAndResolve: ShortRun(IterationCount=5, LaunchCount=1, WarmupCount=3)
// *** Execute ***
// Launch: 1 / 1
// Execute: dotnet 34652669-8378-4209-b79e-5df6789d8a23.dll --anonymousPipes 163 164 --benchmarkName NexusLabs.Needlr.Benchmarks.Benchmarks.ScopedServiceResolutionBenchmarks.Needlr_SourceGen_CreateScopeAndResolve --job ShortRun --benchmarkId 50 in /home/runner/work/needlr/needlr/src/NexusLabs.Needlr.Benchmarks/bin/Release/net10.0/34652669-8378-4209-b79e-5df6789d8a23/bin/Release/net10.0
// Failed to set up high priority (Permission denied). In order to run benchmarks with high priority, make sure you have the right permissions.
// BeforeAnythingElse

// Benchmark Process Environment Information:
// BenchmarkDotNet v0.14.0
// Runtime=.NET 10.0.11 (10.0.1126.37416), X64 RyuJIT AVX2
// GC=Concurrent Workstation
// HardwareIntrinsics=AVX2,AES,BMI1,BMI2,FMA,LZCNT,PCLMUL,POPCNT VectorSize=256
// Job: ShortRun(IterationCount=5, LaunchCount=1, WarmupCount=3)

OverheadJitting  1: 1 op, 359152.00 ns, 359.1520 us/op
WorkloadJitting  1: 1 op, 4851120.00 ns, 4.8511 ms/op

OverheadJitting  2: 16 op, 497010.00 ns, 31.0631 us/op
WorkloadJitting  2: 16 op, 1972041.00 ns, 123.2526 us/op

WorkloadPilot    1: 16 op, 301084.00 ns, 18.8178 us/op
WorkloadPilot    2: 32 op, 2093869.00 ns, 65.4334 us/op
WorkloadPilot    3: 64 op, 217607.00 ns, 3.4001 us/op
WorkloadPilot    4: 128 op, 434102.00 ns, 3.3914 us/op
WorkloadPilot    5: 256 op, 821278.00 ns, 3.2081 us/op
WorkloadPilot    6: 512 op, 1701585.00 ns, 3.3234 us/op
WorkloadPilot    7: 1024 op, 3256746.00 ns, 3.1804 us/op
WorkloadPilot    8: 2048 op, 6865190.00 ns, 3.3521 us/op
WorkloadPilot    9: 4096 op, 13720272.00 ns, 3.3497 us/op
WorkloadPilot   10: 8192 op, 27125613.00 ns, 3.3112 us/op
WorkloadPilot   11: 16384 op, 58375718.00 ns, 3.5630 us/op
WorkloadPilot   12: 32768 op, 81431985.00 ns, 2.4851 us/op
WorkloadPilot   13: 65536 op, 151228734.00 ns, 2.3076 us/op
WorkloadPilot   14: 131072 op, 296972404.00 ns, 2.2657 us/op
WorkloadPilot   15: 262144 op, 597591524.00 ns, 2.2796 us/op

OverheadWarmup   1: 262144 op, 1042130.00 ns, 3.9754 ns/op
OverheadWarmup   2: 262144 op, 1039185.00 ns, 3.9642 ns/op
OverheadWarmup   3: 262144 op, 1055957.00 ns, 4.0282 ns/op
OverheadWarmup   4: 262144 op, 1063470.00 ns, 4.0568 ns/op
OverheadWarmup   5: 262144 op, 1054133.00 ns, 4.0212 ns/op
OverheadWarmup   6: 262144 op, 1059143.00 ns, 4.0403 ns/op
OverheadWarmup   7: 262144 op, 1052129.00 ns, 4.0136 ns/op

OverheadActual   1: 262144 op, 1058151.00 ns, 4.0365 ns/op
OverheadActual   2: 262144 op, 1056107.00 ns, 4.0287 ns/op
OverheadActual   3: 262144 op, 1057029.00 ns, 4.0322 ns/op
OverheadActual   4: 262144 op, 1055205.00 ns, 4.0253 ns/op
OverheadActual   5: 262144 op, 1054574.00 ns, 4.0229 ns/op
OverheadActual   6: 262144 op, 1082987.00 ns, 4.1313 ns/op
OverheadActual   7: 262144 op, 1054484.00 ns, 4.0225 ns/op
OverheadActual   8: 262144 op, 1067117.00 ns, 4.0707 ns/op
OverheadActual   9: 262144 op, 1055345.00 ns, 4.0258 ns/op
OverheadActual  10: 262144 op, 1064512.00 ns, 4.0608 ns/op
OverheadActual  11: 262144 op, 1057400.00 ns, 4.0337 ns/op
OverheadActual  12: 262144 op, 1056357.00 ns, 4.0297 ns/op
OverheadActual  13: 262144 op, 1056577.00 ns, 4.0305 ns/op
OverheadActual  14: 262144 op, 1056428.00 ns, 4.0300 ns/op
OverheadActual  15: 262144 op, 1055706.00 ns, 4.0272 ns/op

WorkloadWarmup   1: 262144 op, 627572382.00 ns, 2.3940 us/op
WorkloadWarmup   2: 262144 op, 598803933.00 ns, 2.2843 us/op
WorkloadWarmup   3: 262144 op, 593224057.00 ns, 2.2630 us/op

// BeforeActualRun
WorkloadActual   1: 262144 op, 598388944.00 ns, 2.2827 us/op
WorkloadActual   2: 262144 op, 598448624.00 ns, 2.2829 us/op
WorkloadActual   3: 262144 op, 597664607.00 ns, 2.2799 us/op
WorkloadActual   4: 262144 op, 596370767.00 ns, 2.2750 us/op
WorkloadActual   5: 262144 op, 597867687.00 ns, 2.2807 us/op

// AfterActualRun
WorkloadResult   1: 262144 op, 597332516.00 ns, 2.2786 us/op
WorkloadResult   2: 262144 op, 597392196.00 ns, 2.2789 us/op
WorkloadResult   3: 262144 op, 596608179.00 ns, 2.2759 us/op
WorkloadResult   4: 262144 op, 595314339.00 ns, 2.2709 us/op
WorkloadResult   5: 262144 op, 596811259.00 ns, 2.2767 us/op
// GC:  6 0 0 106956112 262144
// Threading:  0 0 262144

// AfterAll
// Benchmark Process 3984 has exited with code 0.

Mean = 2.276 μs, StdErr = 0.001 μs (0.06%), N = 5, StdDev = 0.003 μs
Min = 2.271 μs, Q1 = 2.276 μs, Median = 2.277 μs, Q3 = 2.279 μs, Max = 2.279 μs
IQR = 0.003 μs, LowerFence = 2.272 μs, UpperFence = 2.283 μs
ConfidenceInterval = [2.264 μs; 2.289 μs] (CI 99.9%), Margin = 0.012 μs (0.54% of Mean)
Skewness = -0.68, Kurtosis = 1.61, MValue = 2

// ** Remained 14 (21.5 %) benchmark(s) to run. Estimated finish 2026-08-23 3:31 (0h 1m from now) **
// ***** BenchmarkRunner: Finish  *****

// * Export *
  home/runner/work/needlr/needlr/benchmark-results/results/NexusLabs.Needlr.Benchmarks.Benchmarks.ScopedServiceResolutionBenchmarks-report.csv
  home/runner/work/needlr/needlr/benchmark-results/results/NexusLabs.Needlr.Benchmarks.Benchmarks.ScopedServiceResolutionBenchmarks-report-github.md
  home/runner/work/needlr/needlr/benchmark-results/results/NexusLabs.Needlr.Benchmarks.Benchmarks.ScopedServiceResolutionBenchmarks-report.html
  home/runner/work/needlr/needlr/benchmark-results/results/NexusLabs.Needlr.Benchmarks.Benchmarks.ScopedServiceResolutionBenchmarks-report-full-compressed.json
  home/runner/work/needlr/needlr/benchmark-results/results/NexusLabs.Needlr.Benchmarks.Benchmarks.ScopedServiceResolutionBenchmarks-report-default.md

// * Detailed results *
ScopedServiceResolutionBenchmarks.ManualDI_CreateScopeAndResolve: ShortRun(IterationCount=5, LaunchCount=1, WarmupCount=3)
Runtime = .NET 10.0.11 (10.0.1126.37416), X64 RyuJIT AVX2; GC = Concurrent Workstation
Mean = 2.154 μs, StdErr = 0.001 μs (0.03%), N = 4, StdDev = 0.001 μs
Min = 2.153 μs, Q1 = 2.153 μs, Median = 2.154 μs, Q3 = 2.154 μs, Max = 2.155 μs
IQR = 0.001 μs, LowerFence = 2.151 μs, UpperFence = 2.156 μs
ConfidenceInterval = [2.147 μs; 2.161 μs] (CI 99.9%), Margin = 0.007 μs (0.33% of Mean)
Skewness = 0.32, Kurtosis = 1, MValue = 2
-------------------- Histogram --------------------
[2.152 μs ; 2.156 μs) | @@@@
---------------------------------------------------

ScopedServiceResolutionBenchmarks.Needlr_Reflection_CreateScopeAndResolve: ShortRun(IterationCount=5, LaunchCount=1, WarmupCount=3)
Runtime = .NET 10.0.11 (10.0.1126.37416), X64 RyuJIT AVX2; GC = Concurrent Workstation
Mean = 2.145 μs, StdErr = 0.001 μs (0.03%), N = 4, StdDev = 0.001 μs
Min = 2.144 μs, Q1 = 2.144 μs, Median = 2.144 μs, Q3 = 2.145 μs, Max = 2.147 μs
IQR = 0.002 μs, LowerFence = 2.142 μs, UpperFence = 2.148 μs
ConfidenceInterval = [2.136 μs; 2.153 μs] (CI 99.9%), Margin = 0.009 μs (0.40% of Mean)
Skewness = 0.44, Kurtosis = 1.04, MValue = 2
-------------------- Histogram --------------------
[2.143 μs ; 2.148 μs) | @@@@
---------------------------------------------------

ScopedServiceResolutionBenchmarks.Needlr_SourceGen_CreateScopeAndResolve: ShortRun(IterationCount=5, LaunchCount=1, WarmupCount=3)
Runtime = .NET 10.0.11 (10.0.1126.37416), X64 RyuJIT AVX2; GC = Concurrent Workstation
Mean = 2.276 μs, StdErr = 0.001 μs (0.06%), N = 5, StdDev = 0.003 μs
Min = 2.271 μs, Q1 = 2.276 μs, Median = 2.277 μs, Q3 = 2.279 μs, Max = 2.279 μs
IQR = 0.003 μs, LowerFence = 2.272 μs, UpperFence = 2.283 μs
ConfidenceInterval = [2.264 μs; 2.289 μs] (CI 99.9%), Margin = 0.012 μs (0.54% of Mean)
Skewness = -0.68, Kurtosis = 1.61, MValue = 2
-------------------- Histogram --------------------
[2.268 μs ; 2.281 μs) | @@@@@
---------------------------------------------------

// * Summary *

BenchmarkDotNet v0.14.0, Ubuntu 24.04.4 LTS (Noble Numbat)
AMD EPYC 7763, 1 CPU, 4 logical and 2 physical cores
.NET SDK 10.0.302
  [Host]   : .NET 10.0.11 (10.0.1126.37416), X64 RyuJIT AVX2
  ShortRun : .NET 10.0.11 (10.0.1126.37416), X64 RyuJIT AVX2

Job=ShortRun  IterationCount=5  LaunchCount=1  
WarmupCount=3  

| Method                                  | Mean     | Error     | StdDev    | Ratio | Rank | Gen0   | Allocated | Alloc Ratio |
|---------------------------------------- |---------:|----------:|----------:|------:|-----:|-------:|----------:|------------:|
| ManualDI_CreateScopeAndResolve          | 2.154 μs | 0.0071 μs | 0.0011 μs |  1.00 |    1 | 0.0229 |     408 B |        1.00 |
| Needlr_Reflection_CreateScopeAndResolve | 2.145 μs | 0.0086 μs | 0.0013 μs |  1.00 |    1 | 0.0229 |     408 B |        1.00 |
| Needlr_SourceGen_CreateScopeAndResolve  | 2.276 μs | 0.0123 μs | 0.0032 μs |  1.06 |    1 | 0.0229 |     408 B |        1.00 |

// * Hints *
Outliers
  ScopedServiceResolutionBenchmarks.ManualDI_CreateScopeAndResolve: ShortRun         -> 1 outlier  was  removed (2.16 μs)
  ScopedServiceResolutionBenchmarks.Needlr_SourceGen_CreateScopeAndResolve: ShortRun -> 1 outlier  was  detected (2.27 μs)
// * Config Issues *

// * Warnings *
Configuration
  Summary -> The exporter HtmlExporter is already present in configuration. There may be unexpected results.

// * Legends *
  Mean        : Arithmetic mean of all measurements
  Error       : Half of 99.9% confidence interval
  StdDev      : Standard deviation of all measurements
  Ratio       : Mean of the ratio distribution ([Current]/[Baseline])
  Rank        : Relative position of current benchmark mean among all benchmarks (Arabic style)
  Gen0        : GC Generation 0 collects per 1000 operations
  Allocated   : Allocated memory per single operation (managed only, inclusive, 1KB = 1024B)
  Alloc Ratio : Allocated memory ratio distribution ([Current]/[Baseline])
  1 μs        : 1 Microsecond (0.000001 sec)

// * Diagnostic Output - MemoryDiagnoser *


// ***** BenchmarkRunner: End *****
Run time: 00:00:20 (20.23 sec), executed benchmarks: 3

// Found 4 benchmarks:
//   ServiceProviderBuildBenchmarks.ManualDI_BuildServiceProvider: ShortRun(IterationCount=5, LaunchCount=1, WarmupCount=3)
//   ServiceProviderBuildBenchmarks.Needlr_Reflection_BuildServiceProvider: ShortRun(IterationCount=5, LaunchCount=1, WarmupCount=3)
//   ServiceProviderBuildBenchmarks.Needlr_SourceGenExplicit_BuildServiceProvider: ShortRun(IterationCount=5, LaunchCount=1, WarmupCount=3)
//   ServiceProviderBuildBenchmarks.Needlr_SourceGenImplicit_BuildServiceProvider: ShortRun(IterationCount=5, LaunchCount=1, WarmupCount=3)

// **************************
// Benchmark: ServiceProviderBuildBenchmarks.ManualDI_BuildServiceProvider: ShortRun(IterationCount=5, LaunchCount=1, WarmupCount=3)
// *** Execute ***
// Launch: 1 / 1
// Execute: dotnet 34652669-8378-4209-b79e-5df6789d8a23.dll --anonymousPipes 163 164 --benchmarkName NexusLabs.Needlr.Benchmarks.Benchmarks.ServiceProviderBuildBenchmarks.ManualDI_BuildServiceProvider --job ShortRun --benchmarkId 51 in /home/runner/work/needlr/needlr/src/NexusLabs.Needlr.Benchmarks/bin/Release/net10.0/34652669-8378-4209-b79e-5df6789d8a23/bin/Release/net10.0
// Failed to set up high priority (Permission denied). In order to run benchmarks with high priority, make sure you have the right permissions.
// BeforeAnythingElse

// Benchmark Process Environment Information:
// BenchmarkDotNet v0.14.0
// Runtime=.NET 10.0.11 (10.0.1126.37416), X64 RyuJIT AVX2
// GC=Concurrent Workstation
// HardwareIntrinsics=AVX2,AES,BMI1,BMI2,FMA,LZCNT,PCLMUL,POPCNT VectorSize=256
// Job: ShortRun(IterationCount=5, LaunchCount=1, WarmupCount=3)

OverheadJitting  1: 1 op, 314378.00 ns, 314.3780 us/op
WorkloadJitting  1: 1 op, 6791368.00 ns, 6.7914 ms/op

OverheadJitting  2: 16 op, 495727.00 ns, 30.9829 us/op
WorkloadJitting  2: 16 op, 725518.00 ns, 45.3449 us/op

WorkloadPilot    1: 16 op, 114855.00 ns, 7.1784 us/op
WorkloadPilot    2: 32 op, 150161.00 ns, 4.6925 us/op
WorkloadPilot    3: 64 op, 369141.00 ns, 5.7678 us/op
WorkloadPilot    4: 128 op, 642743.00 ns, 5.0214 us/op
WorkloadPilot    5: 256 op, 1231224.00 ns, 4.8095 us/op
WorkloadPilot    6: 512 op, 2524775.00 ns, 4.9312 us/op
WorkloadPilot    7: 1024 op, 5135530.00 ns, 5.0152 us/op
WorkloadPilot    8: 2048 op, 11133734.00 ns, 5.4364 us/op
WorkloadPilot    9: 4096 op, 20182167.00 ns, 4.9273 us/op
WorkloadPilot   10: 8192 op, 27706366.00 ns, 3.3821 us/op
WorkloadPilot   11: 16384 op, 53213709.00 ns, 3.2479 us/op
WorkloadPilot   12: 32768 op, 120599598.00 ns, 3.6804 us/op
WorkloadPilot   13: 65536 op, 145510053.00 ns, 2.2203 us/op
WorkloadPilot   14: 131072 op, 177369210.00 ns, 1.3532 us/op
WorkloadPilot   15: 262144 op, 330720416.00 ns, 1.2616 us/op
WorkloadPilot   16: 524288 op, 670839881.00 ns, 1.2795 us/op

OverheadWarmup   1: 524288 op, 2236946.00 ns, 4.2666 ns/op
OverheadWarmup   2: 524288 op, 2237256.00 ns, 4.2672 ns/op
OverheadWarmup   3: 524288 op, 2265730.00 ns, 4.3215 ns/op
OverheadWarmup   4: 524288 op, 2243278.00 ns, 4.2787 ns/op
OverheadWarmup   5: 524288 op, 2230634.00 ns, 4.2546 ns/op
OverheadWarmup   6: 524288 op, 2229292.00 ns, 4.2520 ns/op
OverheadWarmup   7: 524288 op, 2247215.00 ns, 4.2862 ns/op
OverheadWarmup   8: 524288 op, 2253477.00 ns, 4.2982 ns/op
OverheadWarmup   9: 524288 op, 2246374.00 ns, 4.2846 ns/op

OverheadActual   1: 524288 op, 2244650.00 ns, 4.2813 ns/op
OverheadActual   2: 524288 op, 2259007.00 ns, 4.3087 ns/op
OverheadActual   3: 524288 op, 2252976.00 ns, 4.2972 ns/op
OverheadActual   4: 524288 op, 2245733.00 ns, 4.2834 ns/op
OverheadActual   5: 524288 op, 2256032.00 ns, 4.3030 ns/op
OverheadActual   6: 524288 op, 2249971.00 ns, 4.2915 ns/op
OverheadActual   7: 524288 op, 2250321.00 ns, 4.2921 ns/op
OverheadActual   8: 524288 op, 2246353.00 ns, 4.2846 ns/op
OverheadActual   9: 524288 op, 2245332.00 ns, 4.2826 ns/op
OverheadActual  10: 524288 op, 2259197.00 ns, 4.3091 ns/op
OverheadActual  11: 524288 op, 2245301.00 ns, 4.2826 ns/op
OverheadActual  12: 524288 op, 2254289.00 ns, 4.2997 ns/op
OverheadActual  13: 524288 op, 2256182.00 ns, 4.3033 ns/op
OverheadActual  14: 524288 op, 2242055.00 ns, 4.2764 ns/op
OverheadActual  15: 524288 op, 2247435.00 ns, 4.2866 ns/op

WorkloadWarmup   1: 524288 op, 701858294.00 ns, 1.3387 us/op
WorkloadWarmup   2: 524288 op, 680850657.00 ns, 1.2986 us/op
WorkloadWarmup   3: 524288 op, 671165349.00 ns, 1.2801 us/op

// BeforeActualRun
WorkloadActual   1: 524288 op, 680020095.00 ns, 1.2970 us/op
WorkloadActual   2: 524288 op, 700425878.00 ns, 1.3360 us/op
WorkloadActual   3: 524288 op, 698260972.00 ns, 1.3318 us/op
WorkloadActual   4: 524288 op, 694341812.00 ns, 1.3244 us/op
WorkloadActual   5: 524288 op, 684482906.00 ns, 1.3055 us/op

// AfterActualRun
WorkloadResult   1: 524288 op, 677770124.00 ns, 1.2927 us/op
WorkloadResult   2: 524288 op, 698175907.00 ns, 1.3317 us/op
WorkloadResult   3: 524288 op, 696011001.00 ns, 1.3275 us/op
WorkloadResult   4: 524288 op, 692091841.00 ns, 1.3201 us/op
WorkloadResult   5: 524288 op, 682232935.00 ns, 1.3013 us/op
// GC:  146 48 0 2449474272 524288
// Threading:  0 0 524288

// AfterAll
// Benchmark Process 4003 has exited with code 0.

Mean = 1.315 μs, StdErr = 0.008 μs (0.58%), N = 5, StdDev = 0.017 μs
Min = 1.293 μs, Q1 = 1.301 μs, Median = 1.320 μs, Q3 = 1.328 μs, Max = 1.332 μs
IQR = 0.026 μs, LowerFence = 1.262 μs, UpperFence = 1.367 μs
ConfidenceInterval = [1.250 μs; 1.380 μs] (CI 99.9%), Margin = 0.065 μs (4.95% of Mean)
Skewness = -0.24, Kurtosis = 0.92, MValue = 2

// ** Remained 13 (20.0 %) benchmark(s) to run. Estimated finish 2026-08-23 3:31 (0h 1m from now) **
// **************************
// Benchmark: ServiceProviderBuildBenchmarks.Needlr_Reflection_BuildServiceProvider: ShortRun(IterationCount=5, LaunchCount=1, WarmupCount=3)
// *** Execute ***
// Launch: 1 / 1
// Execute: dotnet 34652669-8378-4209-b79e-5df6789d8a23.dll --anonymousPipes 163 164 --benchmarkName NexusLabs.Needlr.Benchmarks.Benchmarks.ServiceProviderBuildBenchmarks.Needlr_Reflection_BuildServiceProvider --job ShortRun --benchmarkId 52 in /home/runner/work/needlr/needlr/src/NexusLabs.Needlr.Benchmarks/bin/Release/net10.0/34652669-8378-4209-b79e-5df6789d8a23/bin/Release/net10.0
// Failed to set up high priority (Permission denied). In order to run benchmarks with high priority, make sure you have the right permissions.
// BeforeAnythingElse

// Benchmark Process Environment Information:
// BenchmarkDotNet v0.14.0
// Runtime=.NET 10.0.11 (10.0.1126.37416), X64 RyuJIT AVX2
// GC=Concurrent Workstation
// HardwareIntrinsics=AVX2,AES,BMI1,BMI2,FMA,LZCNT,PCLMUL,POPCNT VectorSize=256
// Job: ShortRun(IterationCount=5, LaunchCount=1, WarmupCount=3)

OverheadJitting  1: 1 op, 372617.00 ns, 372.6170 us/op
WorkloadJitting  1: 1 op, 59894288.00 ns, 59.8943 ms/op

WorkloadPilot    1: 2 op, 11514698.00 ns, 5.7573 ms/op
WorkloadPilot    2: 3 op, 15135973.00 ns, 5.0453 ms/op
WorkloadPilot    3: 4 op, 33171353.00 ns, 8.2928 ms/op
WorkloadPilot    4: 5 op, 23847865.00 ns, 4.7696 ms/op
WorkloadPilot    5: 6 op, 28713811.00 ns, 4.7856 ms/op
WorkloadPilot    6: 7 op, 41487745.00 ns, 5.9268 ms/op
WorkloadPilot    7: 8 op, 52094263.00 ns, 6.5118 ms/op
WorkloadPilot    8: 9 op, 56462566.00 ns, 6.2736 ms/op
WorkloadPilot    9: 10 op, 61762765.00 ns, 6.1763 ms/op
WorkloadPilot   10: 11 op, 68812097.00 ns, 6.2556 ms/op
WorkloadPilot   11: 12 op, 75180102.00 ns, 6.2650 ms/op
WorkloadPilot   12: 13 op, 83540607.00 ns, 6.4262 ms/op
WorkloadPilot   13: 14 op, 89335681.00 ns, 6.3811 ms/op
WorkloadPilot   14: 15 op, 98161196.00 ns, 6.5441 ms/op
WorkloadPilot   15: 16 op, 106394343.00 ns, 6.6496 ms/op
WorkloadPilot   16: 32 op, 218151510.00 ns, 6.8172 ms/op
WorkloadPilot   17: 64 op, 431221432.00 ns, 6.7378 ms/op
WorkloadPilot   18: 128 op, 780837538.00 ns, 6.1003 ms/op

WorkloadWarmup   1: 128 op, 731504763.00 ns, 5.7149 ms/op
WorkloadWarmup   2: 128 op, 565624866.00 ns, 4.4189 ms/op
WorkloadWarmup   3: 128 op, 383164354.00 ns, 2.9935 ms/op

// BeforeActualRun
WorkloadActual   1: 128 op, 323208385.00 ns, 2.5251 ms/op
WorkloadActual   2: 128 op, 306784189.00 ns, 2.3968 ms/op
WorkloadActual   3: 128 op, 277827845.00 ns, 2.1705 ms/op
WorkloadActual   4: 128 op, 275757895.00 ns, 2.1544 ms/op
WorkloadActual   5: 128 op, 274748808.00 ns, 2.1465 ms/op

// AfterActualRun
WorkloadResult   1: 128 op, 323208385.00 ns, 2.5251 ms/op
WorkloadResult   2: 128 op, 306784189.00 ns, 2.3968 ms/op
WorkloadResult   3: 128 op, 277827845.00 ns, 2.1705 ms/op
WorkloadResult   4: 128 op, 275757895.00 ns, 2.1544 ms/op
WorkloadResult   5: 128 op, 274748808.00 ns, 2.1465 ms/op
// GC:  7 1 0 121037328 128
// Threading:  0 0 128

// AfterAll
// Benchmark Process 4011 has exited with code 0.

Mean = 2.279 ms, StdErr = 0.077 ms (3.39%), N = 5, StdDev = 0.173 ms
Min = 2.146 ms, Q1 = 2.154 ms, Median = 2.171 ms, Q3 = 2.397 ms, Max = 2.525 ms
IQR = 0.242 ms, LowerFence = 1.791 ms, UpperFence = 2.760 ms
ConfidenceInterval = [1.614 ms; 2.944 ms] (CI 99.9%), Margin = 0.665 ms (29.18% of Mean)
Skewness = 0.43, Kurtosis = 1.03, MValue = 2

// ** Remained 12 (18.5 %) benchmark(s) to run. Estimated finish 2026-08-23 3:31 (0h 1m from now) **
// **************************
// Benchmark: ServiceProviderBuildBenchmarks.Needlr_SourceGenExplicit_BuildServiceProvider: ShortRun(IterationCount=5, LaunchCount=1, WarmupCount=3)
// *** Execute ***
// Launch: 1 / 1
// Execute: dotnet 34652669-8378-4209-b79e-5df6789d8a23.dll --anonymousPipes 163 164 --benchmarkName NexusLabs.Needlr.Benchmarks.Benchmarks.ServiceProviderBuildBenchmarks.Needlr_SourceGenExplicit_BuildServiceProvider --job ShortRun --benchmarkId 53 in /home/runner/work/needlr/needlr/src/NexusLabs.Needlr.Benchmarks/bin/Release/net10.0/34652669-8378-4209-b79e-5df6789d8a23/bin/Release/net10.0
// Failed to set up high priority (Permission denied). In order to run benchmarks with high priority, make sure you have the right permissions.
// BeforeAnythingElse

// Benchmark Process Environment Information:
// BenchmarkDotNet v0.14.0
// Runtime=.NET 10.0.11 (10.0.1126.37416), X64 RyuJIT AVX2
// GC=Concurrent Workstation
// HardwareIntrinsics=AVX2,AES,BMI1,BMI2,FMA,LZCNT,PCLMUL,POPCNT VectorSize=256
// Job: ShortRun(IterationCount=5, LaunchCount=1, WarmupCount=3)

OverheadJitting  1: 1 op, 324898.00 ns, 324.8980 us/op
WorkloadJitting  1: 1 op, 44789865.00 ns, 44.7899 ms/op

WorkloadPilot    1: 2 op, 1092653.00 ns, 546.3265 us/op
WorkloadPilot    2: 3 op, 1267891.00 ns, 422.6303 us/op
WorkloadPilot    3: 4 op, 1470631.00 ns, 367.6578 us/op
WorkloadPilot    4: 5 op, 1957350.00 ns, 391.4700 us/op
WorkloadPilot    5: 6 op, 2079990.00 ns, 346.6650 us/op
WorkloadPilot    6: 7 op, 2574775.00 ns, 367.8250 us/op
WorkloadPilot    7: 8 op, 2896386.00 ns, 362.0483 us/op
WorkloadPilot    8: 9 op, 3277158.00 ns, 364.1287 us/op
WorkloadPilot    9: 10 op, 3735486.00 ns, 373.5486 us/op
WorkloadPilot   10: 11 op, 4186549.00 ns, 380.5954 us/op
WorkloadPilot   11: 12 op, 4494215.00 ns, 374.5179 us/op
WorkloadPilot   12: 13 op, 4844720.00 ns, 372.6708 us/op
WorkloadPilot   13: 14 op, 5215304.00 ns, 372.5217 us/op
WorkloadPilot   14: 15 op, 5606234.00 ns, 373.7489 us/op
WorkloadPilot   15: 16 op, 5958303.00 ns, 372.3939 us/op
WorkloadPilot   16: 32 op, 12810427.00 ns, 400.3258 us/op
WorkloadPilot   17: 64 op, 26463561.00 ns, 413.4931 us/op
WorkloadPilot   18: 128 op, 54276676.00 ns, 424.0365 us/op
WorkloadPilot   19: 256 op, 110957249.00 ns, 433.4268 us/op
WorkloadPilot   20: 512 op, 220211844.00 ns, 430.1013 us/op
WorkloadPilot   21: 1024 op, 429242947.00 ns, 419.1826 us/op
WorkloadPilot   22: 2048 op, 583398936.00 ns, 284.8628 us/op

WorkloadWarmup   1: 2048 op, 279745552.00 ns, 136.5945 us/op
WorkloadWarmup   2: 2048 op, 221265885.00 ns, 108.0400 us/op
WorkloadWarmup   3: 2048 op, 168508971.00 ns, 82.2798 us/op

// BeforeActualRun
WorkloadActual   1: 2048 op, 167098433.00 ns, 81.5910 us/op
WorkloadActual   2: 2048 op, 169981885.00 ns, 82.9990 us/op
WorkloadActual   3: 2048 op, 169489825.00 ns, 82.7587 us/op
WorkloadActual   4: 2048 op, 167874413.00 ns, 81.9699 us/op
WorkloadActual   5: 2048 op, 167833417.00 ns, 81.9499 us/op

// AfterActualRun
WorkloadResult   1: 2048 op, 167098433.00 ns, 81.5910 us/op
WorkloadResult   2: 2048 op, 169981885.00 ns, 82.9990 us/op
WorkloadResult   3: 2048 op, 169489825.00 ns, 82.7587 us/op
WorkloadResult   4: 2048 op, 167874413.00 ns, 81.9699 us/op
WorkloadResult   5: 2048 op, 167833417.00 ns, 81.9499 us/op
// GC:  13 1 0 231364320 2048
// Threading:  0 0 2048

// AfterAll
// Benchmark Process 4025 has exited with code 0.

Mean = 82.254 μs, StdErr = 0.267 μs (0.32%), N = 5, StdDev = 0.596 μs
Min = 81.591 μs, Q1 = 81.950 μs, Median = 81.970 μs, Q3 = 82.759 μs, Max = 82.999 μs
IQR = 0.809 μs, LowerFence = 80.737 μs, UpperFence = 83.972 μs
ConfidenceInterval = [79.957 μs; 84.550 μs] (CI 99.9%), Margin = 2.296 μs (2.79% of Mean)
Skewness = 0.19, Kurtosis = 0.92, MValue = 2

// ** Remained 11 (16.9 %) benchmark(s) to run. Estimated finish 2026-08-23 3:31 (0h 1m from now) **
// **************************
// Benchmark: ServiceProviderBuildBenchmarks.Needlr_SourceGenImplicit_BuildServiceProvider: ShortRun(IterationCount=5, LaunchCount=1, WarmupCount=3)
// *** Execute ***
// Launch: 1 / 1
// Execute: dotnet 34652669-8378-4209-b79e-5df6789d8a23.dll --anonymousPipes 163 164 --benchmarkName NexusLabs.Needlr.Benchmarks.Benchmarks.ServiceProviderBuildBenchmarks.Needlr_SourceGenImplicit_BuildServiceProvider --job ShortRun --benchmarkId 54 in /home/runner/work/needlr/needlr/src/NexusLabs.Needlr.Benchmarks/bin/Release/net10.0/34652669-8378-4209-b79e-5df6789d8a23/bin/Release/net10.0
// Failed to set up high priority (Permission denied). In order to run benchmarks with high priority, make sure you have the right permissions.
// BeforeAnythingElse

// Benchmark Process Environment Information:
// BenchmarkDotNet v0.14.0
// Runtime=.NET 10.0.11 (10.0.1126.37416), X64 RyuJIT AVX2
// GC=Concurrent Workstation
// HardwareIntrinsics=AVX2,AES,BMI1,BMI2,FMA,LZCNT,PCLMUL,POPCNT VectorSize=256
// Job: ShortRun(IterationCount=5, LaunchCount=1, WarmupCount=3)

OverheadJitting  1: 1 op, 346809.00 ns, 346.8090 us/op
WorkloadJitting  1: 1 op, 47073205.00 ns, 47.0732 ms/op

WorkloadPilot    1: 2 op, 1132598.00 ns, 566.2990 us/op
WorkloadPilot    2: 3 op, 1731409.00 ns, 577.1363 us/op
WorkloadPilot    3: 4 op, 1747679.00 ns, 436.9198 us/op
WorkloadPilot    4: 5 op, 2343332.00 ns, 468.6664 us/op
WorkloadPilot    5: 6 op, 2475731.00 ns, 412.6218 us/op
WorkloadPilot    6: 7 op, 3132108.00 ns, 447.4440 us/op
WorkloadPilot    7: 8 op, 3387325.00 ns, 423.4156 us/op
WorkloadPilot    8: 9 op, 3885958.00 ns, 431.7731 us/op
WorkloadPilot    9: 10 op, 4364883.00 ns, 436.4883 us/op
WorkloadPilot   10: 11 op, 4773127.00 ns, 433.9206 us/op
WorkloadPilot   11: 12 op, 5399348.00 ns, 449.9457 us/op
WorkloadPilot   12: 13 op, 5671436.00 ns, 436.2643 us/op
WorkloadPilot   13: 14 op, 6132018.00 ns, 438.0013 us/op
WorkloadPilot   14: 15 op, 6525855.00 ns, 435.0570 us/op
WorkloadPilot   15: 16 op, 6954276.00 ns, 434.6423 us/op
WorkloadPilot   16: 32 op, 15598642.00 ns, 487.4576 us/op
WorkloadPilot   17: 64 op, 32193737.00 ns, 503.0271 us/op
WorkloadPilot   18: 128 op, 62296074.00 ns, 486.6881 us/op
WorkloadPilot   19: 256 op, 119998728.00 ns, 468.7450 us/op
WorkloadPilot   20: 512 op, 246369823.00 ns, 481.1911 us/op
WorkloadPilot   21: 1024 op, 496127186.00 ns, 484.4992 us/op
WorkloadPilot   22: 2048 op, 572610197.00 ns, 279.5948 us/op

WorkloadWarmup   1: 2048 op, 259237652.00 ns, 126.5809 us/op
WorkloadWarmup   2: 2048 op, 240332586.00 ns, 117.3499 us/op
WorkloadWarmup   3: 2048 op, 239713798.00 ns, 117.0478 us/op

// BeforeActualRun
WorkloadActual   1: 2048 op, 240323574.00 ns, 117.3455 us/op
WorkloadActual   2: 2048 op, 237543939.00 ns, 115.9883 us/op
WorkloadActual   3: 2048 op, 237247214.00 ns, 115.8434 us/op
WorkloadActual   4: 2048 op, 237364323.00 ns, 115.9005 us/op
WorkloadActual   5: 2048 op, 235733390.00 ns, 115.1042 us/op

// AfterActualRun
WorkloadResult   1: 2048 op, 237543939.00 ns, 115.9883 us/op
WorkloadResult   2: 2048 op, 237247214.00 ns, 115.8434 us/op
WorkloadResult   3: 2048 op, 237364323.00 ns, 115.9005 us/op
WorkloadResult   4: 2048 op, 235733390.00 ns, 115.1042 us/op
// GC:  23 3 0 386039648 2048
// Threading:  0 0 2048

// AfterAll
// Benchmark Process 4036 has exited with code 0.

Mean = 115.709 μs, StdErr = 0.204 μs (0.18%), N = 4, StdDev = 0.408 μs
Min = 115.104 μs, Q1 = 115.659 μs, Median = 115.872 μs, Q3 = 115.922 μs, Max = 115.988 μs
IQR = 0.264 μs, LowerFence = 115.263 μs, UpperFence = 116.318 μs
ConfidenceInterval = [113.075 μs; 118.343 μs] (CI 99.9%), Margin = 2.634 μs (2.28% of Mean)
Skewness = -0.7, Kurtosis = 1.28, MValue = 2

// ** Remained 10 (15.4 %) benchmark(s) to run. Estimated finish 2026-08-23 3:31 (0h 1m from now) **
// ***** BenchmarkRunner: Finish  *****

// * Export *
  home/runner/work/needlr/needlr/benchmark-results/results/NexusLabs.Needlr.Benchmarks.Benchmarks.ServiceProviderBuildBenchmarks-report.csv
  home/runner/work/needlr/needlr/benchmark-results/results/NexusLabs.Needlr.Benchmarks.Benchmarks.ServiceProviderBuildBenchmarks-report-github.md
  home/runner/work/needlr/needlr/benchmark-results/results/NexusLabs.Needlr.Benchmarks.Benchmarks.ServiceProviderBuildBenchmarks-report.html
  home/runner/work/needlr/needlr/benchmark-results/results/NexusLabs.Needlr.Benchmarks.Benchmarks.ServiceProviderBuildBenchmarks-report-full-compressed.json
  home/runner/work/needlr/needlr/benchmark-results/results/NexusLabs.Needlr.Benchmarks.Benchmarks.ServiceProviderBuildBenchmarks-report-default.md

// * Detailed results *
ServiceProviderBuildBenchmarks.ManualDI_BuildServiceProvider: ShortRun(IterationCount=5, LaunchCount=1, WarmupCount=3)
Runtime = .NET 10.0.11 (10.0.1126.37416), X64 RyuJIT AVX2; GC = Concurrent Workstation
Mean = 1.315 μs, StdErr = 0.008 μs (0.58%), N = 5, StdDev = 0.017 μs
Min = 1.293 μs, Q1 = 1.301 μs, Median = 1.320 μs, Q3 = 1.328 μs, Max = 1.332 μs
IQR = 0.026 μs, LowerFence = 1.262 μs, UpperFence = 1.367 μs
ConfidenceInterval = [1.250 μs; 1.380 μs] (CI 99.9%), Margin = 0.065 μs (4.95% of Mean)
Skewness = -0.24, Kurtosis = 0.92, MValue = 2
-------------------- Histogram --------------------
[1.284 μs ; 1.339 μs) | @@@@@
---------------------------------------------------

ServiceProviderBuildBenchmarks.Needlr_Reflection_BuildServiceProvider: ShortRun(IterationCount=5, LaunchCount=1, WarmupCount=3)
Runtime = .NET 10.0.11 (10.0.1126.37416), X64 RyuJIT AVX2; GC = Concurrent Workstation
Mean = 2.279 ms, StdErr = 0.077 ms (3.39%), N = 5, StdDev = 0.173 ms
Min = 2.146 ms, Q1 = 2.154 ms, Median = 2.171 ms, Q3 = 2.397 ms, Max = 2.525 ms
IQR = 0.242 ms, LowerFence = 1.791 ms, UpperFence = 2.760 ms
ConfidenceInterval = [1.614 ms; 2.944 ms] (CI 99.9%), Margin = 0.665 ms (29.18% of Mean)
Skewness = 0.43, Kurtosis = 1.03, MValue = 2
-------------------- Histogram --------------------
[2.139 ms ; 2.404 ms) | @@@@
[2.404 ms ; 2.658 ms) | @
---------------------------------------------------

ServiceProviderBuildBenchmarks.Needlr_SourceGenExplicit_BuildServiceProvider: ShortRun(IterationCount=5, LaunchCount=1, WarmupCount=3)
Runtime = .NET 10.0.11 (10.0.1126.37416), X64 RyuJIT AVX2; GC = Concurrent Workstation
Mean = 82.254 μs, StdErr = 0.267 μs (0.32%), N = 5, StdDev = 0.596 μs
Min = 81.591 μs, Q1 = 81.950 μs, Median = 81.970 μs, Q3 = 82.759 μs, Max = 82.999 μs
IQR = 0.809 μs, LowerFence = 80.737 μs, UpperFence = 83.972 μs
ConfidenceInterval = [79.957 μs; 84.550 μs] (CI 99.9%), Margin = 2.296 μs (2.79% of Mean)
Skewness = 0.19, Kurtosis = 0.92, MValue = 2
-------------------- Histogram --------------------
[81.133 μs ; 83.457 μs) | @@@@@
---------------------------------------------------

ServiceProviderBuildBenchmarks.Needlr_SourceGenImplicit_BuildServiceProvider: ShortRun(IterationCount=5, LaunchCount=1, WarmupCount=3)
Runtime = .NET 10.0.11 (10.0.1126.37416), X64 RyuJIT AVX2; GC = Concurrent Workstation
Mean = 115.709 μs, StdErr = 0.204 μs (0.18%), N = 4, StdDev = 0.408 μs
Min = 115.104 μs, Q1 = 115.659 μs, Median = 115.872 μs, Q3 = 115.922 μs, Max = 115.988 μs
IQR = 0.264 μs, LowerFence = 115.263 μs, UpperFence = 116.318 μs
ConfidenceInterval = [113.075 μs; 118.343 μs] (CI 99.9%), Margin = 2.634 μs (2.28% of Mean)
Skewness = -0.7, Kurtosis = 1.28, MValue = 2
-------------------- Histogram --------------------
[114.767 μs ; 116.325 μs) | @@@@
---------------------------------------------------

// * Summary *

BenchmarkDotNet v0.14.0, Ubuntu 24.04.4 LTS (Noble Numbat)
AMD EPYC 7763, 1 CPU, 4 logical and 2 physical cores
.NET SDK 10.0.302
  [Host]   : .NET 10.0.11 (10.0.1126.37416), X64 RyuJIT AVX2
  ShortRun : .NET 10.0.11 (10.0.1126.37416), X64 RyuJIT AVX2

Job=ShortRun  IterationCount=5  LaunchCount=1  
WarmupCount=3  

| Method                                        | Mean         | Error       | StdDev      | Ratio    | RatioSD | Rank | Gen0    | Gen1   | Allocated | Alloc Ratio |
|---------------------------------------------- |-------------:|------------:|------------:|---------:|--------:|-----:|--------:|-------:|----------:|------------:|
| ManualDI_BuildServiceProvider                 |     1.315 μs |   0.0651 μs |   0.0169 μs |     1.00 |    0.02 |    1 |  0.2785 | 0.0916 |   4.56 KB |        1.00 |
| Needlr_Reflection_BuildServiceProvider        | 2,278.636 μs | 664.9390 μs | 172.6826 μs | 1,733.49 |  121.66 |    4 | 54.6875 | 7.8125 | 923.44 KB |      202.40 |
| Needlr_SourceGenExplicit_BuildServiceProvider |    82.254 μs |   2.2962 μs |   0.5963 μs |    62.58 |    0.85 |    2 |  6.3477 | 0.4883 | 110.32 KB |       24.18 |
| Needlr_SourceGenImplicit_BuildServiceProvider |   115.709 μs |   2.6342 μs |   0.4076 μs |    88.03 |    1.08 |    3 | 11.2305 | 1.4648 | 184.08 KB |       40.35 |

// * Hints *
Outliers
  ServiceProviderBuildBenchmarks.Needlr_SourceGenImplicit_BuildServiceProvider: ShortRun -> 1 outlier  was  removed, 2 outliers were detected (115.10 μs, 117.35 μs)
// * Config Issues *

// * Warnings *
Configuration
  Summary -> The exporter HtmlExporter is already present in configuration. There may be unexpected results.

// * Legends *
  Mean        : Arithmetic mean of all measurements
  Error       : Half of 99.9% confidence interval
  StdDev      : Standard deviation of all measurements
  Ratio       : Mean of the ratio distribution ([Current]/[Baseline])
  RatioSD     : Standard deviation of the ratio distribution ([Current]/[Baseline])
  Rank        : Relative position of current benchmark mean among all benchmarks (Arabic style)
  Gen0        : GC Generation 0 collects per 1000 operations
  Gen1        : GC Generation 1 collects per 1000 operations
  Allocated   : Allocated memory per single operation (managed only, inclusive, 1KB = 1024B)
  Alloc Ratio : Allocated memory ratio distribution ([Current]/[Baseline])
  1 μs        : 1 Microsecond (0.000001 sec)

// * Diagnostic Output - MemoryDiagnoser *


// ***** BenchmarkRunner: End *****
Run time: 00:00:21 (21.42 sec), executed benchmarks: 4

// Found 3 benchmarks:
//   SimpleServiceResolutionBenchmarks.ManualDI_ResolveSimple: ShortRun(IterationCount=5, LaunchCount=1, WarmupCount=3)
//   SimpleServiceResolutionBenchmarks.Needlr_Reflection_ResolveSimple: ShortRun(IterationCount=5, LaunchCount=1, WarmupCount=3)
//   SimpleServiceResolutionBenchmarks.Needlr_SourceGen_ResolveSimple: ShortRun(IterationCount=5, LaunchCount=1, WarmupCount=3)

// **************************
// Benchmark: SimpleServiceResolutionBenchmarks.ManualDI_ResolveSimple: ShortRun(IterationCount=5, LaunchCount=1, WarmupCount=3)
// *** Execute ***
// Launch: 1 / 1
// Execute: dotnet 34652669-8378-4209-b79e-5df6789d8a23.dll --anonymousPipes 163 164 --benchmarkName NexusLabs.Needlr.Benchmarks.Benchmarks.SimpleServiceResolutionBenchmarks.ManualDI_ResolveSimple --job ShortRun --benchmarkId 55 in /home/runner/work/needlr/needlr/src/NexusLabs.Needlr.Benchmarks/bin/Release/net10.0/34652669-8378-4209-b79e-5df6789d8a23/bin/Release/net10.0
// Failed to set up high priority (Permission denied). In order to run benchmarks with high priority, make sure you have the right permissions.
// BeforeAnythingElse

// Benchmark Process Environment Information:
// BenchmarkDotNet v0.14.0
// Runtime=.NET 10.0.11 (10.0.1126.37416), X64 RyuJIT AVX2
// GC=Concurrent Workstation
// HardwareIntrinsics=AVX2,AES,BMI1,BMI2,FMA,LZCNT,PCLMUL,POPCNT VectorSize=256
// Job: ShortRun(IterationCount=5, LaunchCount=1, WarmupCount=3)

OverheadJitting  1: 1 op, 349033.00 ns, 349.0330 us/op
WorkloadJitting  1: 1 op, 3994366.00 ns, 3.9944 ms/op

OverheadJitting  2: 16 op, 509153.00 ns, 31.8221 us/op
WorkloadJitting  2: 16 op, 507710.00 ns, 31.7319 us/op

WorkloadPilot    1: 16 op, 5901.00 ns, 368.8125 ns/op
WorkloadPilot    2: 32 op, 7684.00 ns, 240.1250 ns/op
WorkloadPilot    3: 64 op, 11873.00 ns, 185.5156 ns/op
WorkloadPilot    4: 128 op, 20708.00 ns, 161.7813 ns/op
WorkloadPilot    5: 256 op, 34725.00 ns, 135.6445 ns/op
WorkloadPilot    6: 512 op, 54442.00 ns, 106.3320 ns/op
WorkloadPilot    7: 1024 op, 94096.00 ns, 91.8906 ns/op
WorkloadPilot    8: 2048 op, 170379.00 ns, 83.1929 ns/op
WorkloadPilot    9: 4096 op, 328555.00 ns, 80.2136 ns/op
WorkloadPilot   10: 8192 op, 732531.00 ns, 89.4203 ns/op
WorkloadPilot   11: 16384 op, 1386565.00 ns, 84.6292 ns/op
WorkloadPilot   12: 32768 op, 2632167.00 ns, 80.3274 ns/op
WorkloadPilot   13: 65536 op, 5193492.00 ns, 79.2464 ns/op
WorkloadPilot   14: 131072 op, 10291304.00 ns, 78.5164 ns/op
WorkloadPilot   15: 262144 op, 20342138.00 ns, 77.5991 ns/op
WorkloadPilot   16: 524288 op, 40708491.00 ns, 77.6453 ns/op
WorkloadPilot   17: 1048576 op, 41961446.00 ns, 40.0176 ns/op
WorkloadPilot   18: 2097152 op, 38724126.00 ns, 18.4651 ns/op
WorkloadPilot   19: 4194304 op, 77511521.00 ns, 18.4802 ns/op
WorkloadPilot   20: 8388608 op, 156476322.00 ns, 18.6534 ns/op
WorkloadPilot   21: 16777216 op, 310317631.00 ns, 18.4964 ns/op
WorkloadPilot   22: 33554432 op, 622148595.00 ns, 18.5415 ns/op

OverheadWarmup   1: 33554432 op, 142482747.00 ns, 4.2463 ns/op
OverheadWarmup   2: 33554432 op, 150365443.00 ns, 4.4812 ns/op
OverheadWarmup   3: 33554432 op, 113918179.00 ns, 3.3950 ns/op
OverheadWarmup   4: 33554432 op, 111246147.00 ns, 3.3154 ns/op
OverheadWarmup   5: 33554432 op, 111078273.00 ns, 3.3104 ns/op
OverheadWarmup   6: 33554432 op, 111543103.00 ns, 3.3242 ns/op
OverheadWarmup   7: 33554432 op, 111368616.00 ns, 3.3190 ns/op

OverheadActual   1: 33554432 op, 110877016.00 ns, 3.3044 ns/op
OverheadActual   2: 33554432 op, 110975230.00 ns, 3.3073 ns/op
OverheadActual   3: 33554432 op, 110945644.00 ns, 3.3064 ns/op
OverheadActual   4: 33554432 op, 110885322.00 ns, 3.3046 ns/op
OverheadActual   5: 33554432 op, 110958258.00 ns, 3.3068 ns/op
OverheadActual   6: 33554432 op, 114683482.00 ns, 3.4178 ns/op
OverheadActual   7: 33554432 op, 111016016.00 ns, 3.3085 ns/op
OverheadActual   8: 33554432 op, 110950273.00 ns, 3.3066 ns/op
OverheadActual   9: 33554432 op, 110947618.00 ns, 3.3065 ns/op
OverheadActual  10: 33554432 op, 110849064.00 ns, 3.3036 ns/op
OverheadActual  11: 33554432 op, 110985029.00 ns, 3.3076 ns/op
OverheadActual  12: 33554432 op, 110911621.00 ns, 3.3054 ns/op
OverheadActual  13: 33554432 op, 110878078.00 ns, 3.3044 ns/op
OverheadActual  14: 33554432 op, 110974809.00 ns, 3.3073 ns/op
OverheadActual  15: 33554432 op, 111235547.00 ns, 3.3151 ns/op

WorkloadWarmup   1: 33554432 op, 625347032.00 ns, 18.6368 ns/op
WorkloadWarmup   2: 33554432 op, 619249779.00 ns, 18.4551 ns/op
WorkloadWarmup   3: 33554432 op, 619546274.00 ns, 18.4639 ns/op

// BeforeActualRun
WorkloadActual   1: 33554432 op, 622384877.00 ns, 18.5485 ns/op
WorkloadActual   2: 33554432 op, 619650887.00 ns, 18.4670 ns/op
WorkloadActual   3: 33554432 op, 619352587.00 ns, 18.4581 ns/op
WorkloadActual   4: 33554432 op, 619484213.00 ns, 18.4621 ns/op
WorkloadActual   5: 33554432 op, 619118679.00 ns, 18.4512 ns/op

// AfterActualRun
WorkloadResult   1: 33554432 op, 508700614.00 ns, 15.1605 ns/op
WorkloadResult   2: 33554432 op, 508402314.00 ns, 15.1516 ns/op
WorkloadResult   3: 33554432 op, 508533940.00 ns, 15.1555 ns/op
WorkloadResult   4: 33554432 op, 508168406.00 ns, 15.1446 ns/op
// GC:  0 0 0 1072 33554432
// Threading:  0 0 33554432

// AfterAll
// Benchmark Process 4045 has exited with code 0.

Mean = 15.153 ns, StdErr = 0.003 ns (0.02%), N = 4, StdDev = 0.007 ns
Min = 15.145 ns, Q1 = 15.150 ns, Median = 15.154 ns, Q3 = 15.157 ns, Max = 15.160 ns
IQR = 0.007 ns, LowerFence = 15.139 ns, UpperFence = 15.167 ns
ConfidenceInterval = [15.110 ns; 15.196 ns] (CI 99.9%), Margin = 0.043 ns (0.29% of Mean)
Skewness = -0.15, Kurtosis = 1.01, MValue = 2

// ** Remained 9 (13.8 %) benchmark(s) to run. Estimated finish 2026-08-23 3:31 (0h 1m from now) **
// **************************
// Benchmark: SimpleServiceResolutionBenchmarks.Needlr_Reflection_ResolveSimple: ShortRun(IterationCount=5, LaunchCount=1, WarmupCount=3)
// *** Execute ***
// Launch: 1 / 1
// Execute: dotnet 34652669-8378-4209-b79e-5df6789d8a23.dll --anonymousPipes 163 164 --benchmarkName NexusLabs.Needlr.Benchmarks.Benchmarks.SimpleServiceResolutionBenchmarks.Needlr_Reflection_ResolveSimple --job ShortRun --benchmarkId 56 in /home/runner/work/needlr/needlr/src/NexusLabs.Needlr.Benchmarks/bin/Release/net10.0/34652669-8378-4209-b79e-5df6789d8a23/bin/Release/net10.0
// Failed to set up high priority (Permission denied). In order to run benchmarks with high priority, make sure you have the right permissions.
// BeforeAnythingElse

// Benchmark Process Environment Information:
// BenchmarkDotNet v0.14.0
// Runtime=.NET 10.0.11 (10.0.1126.37416), X64 RyuJIT AVX2
// GC=Concurrent Workstation
// HardwareIntrinsics=AVX2,AES,BMI1,BMI2,FMA,LZCNT,PCLMUL,POPCNT VectorSize=256
// Job: ShortRun(IterationCount=5, LaunchCount=1, WarmupCount=3)

OverheadJitting  1: 1 op, 394199.00 ns, 394.1990 us/op
WorkloadJitting  1: 1 op, 4206606.00 ns, 4.2066 ms/op

OverheadJitting  2: 16 op, 475690.00 ns, 29.7306 us/op
WorkloadJitting  2: 16 op, 539911.00 ns, 33.7444 us/op

WorkloadPilot    1: 16 op, 5781.00 ns, 361.3125 ns/op
WorkloadPilot    2: 32 op, 8045.00 ns, 251.4063 ns/op
WorkloadPilot    3: 64 op, 12083.00 ns, 188.7969 ns/op
WorkloadPilot    4: 128 op, 20548.00 ns, 160.5313 ns/op
WorkloadPilot    5: 256 op, 23083.00 ns, 90.1680 ns/op
WorkloadPilot    6: 512 op, 42711.00 ns, 83.4199 ns/op
WorkloadPilot    7: 1024 op, 81843.00 ns, 79.9248 ns/op
WorkloadPilot    8: 2048 op, 159950.00 ns, 78.1006 ns/op
WorkloadPilot    9: 4096 op, 315380.00 ns, 76.9971 ns/op
WorkloadPilot   10: 8192 op, 733213.00 ns, 89.5035 ns/op
WorkloadPilot   11: 16384 op, 1362321.00 ns, 83.1495 ns/op
WorkloadPilot   12: 32768 op, 2669318.00 ns, 81.4611 ns/op
WorkloadPilot   13: 65536 op, 5206648.00 ns, 79.4471 ns/op
WorkloadPilot   14: 131072 op, 10354708.00 ns, 79.0002 ns/op
WorkloadPilot   15: 262144 op, 20611201.00 ns, 78.6255 ns/op
WorkloadPilot   16: 524288 op, 41786739.00 ns, 79.7019 ns/op
WorkloadPilot   17: 1048576 op, 44140685.00 ns, 42.0958 ns/op
WorkloadPilot   18: 2097152 op, 38417249.00 ns, 18.3188 ns/op
WorkloadPilot   19: 4194304 op, 75757242.00 ns, 18.0619 ns/op
WorkloadPilot   20: 8388608 op, 151250029.00 ns, 18.0304 ns/op
WorkloadPilot   21: 16777216 op, 302289082.00 ns, 18.0178 ns/op
WorkloadPilot   22: 33554432 op, 604959338.00 ns, 18.0292 ns/op

OverheadWarmup   1: 33554432 op, 141282025.00 ns, 4.2105 ns/op
OverheadWarmup   2: 33554432 op, 147022113.00 ns, 4.3816 ns/op
OverheadWarmup   3: 33554432 op, 109955993.00 ns, 3.2769 ns/op
OverheadWarmup   4: 33554432 op, 109771978.00 ns, 3.2715 ns/op
OverheadWarmup   5: 33554432 op, 109585579.00 ns, 3.2659 ns/op
OverheadWarmup   6: 33554432 op, 109717536.00 ns, 3.2698 ns/op
OverheadWarmup   7: 33554432 op, 109829896.00 ns, 3.2732 ns/op
OverheadWarmup   8: 33554432 op, 109998302.00 ns, 3.2782 ns/op
OverheadWarmup   9: 33554432 op, 109771578.00 ns, 3.2714 ns/op

OverheadActual   1: 33554432 op, 109636917.00 ns, 3.2674 ns/op
OverheadActual   2: 33554432 op, 109594909.00 ns, 3.2662 ns/op
OverheadActual   3: 33554432 op, 109723901.00 ns, 3.2700 ns/op
OverheadActual   4: 33554432 op, 109900270.00 ns, 3.2753 ns/op
OverheadActual   5: 33554432 op, 109615428.00 ns, 3.2668 ns/op
OverheadActual   6: 33554432 op, 109691860.00 ns, 3.2691 ns/op
OverheadActual   7: 33554432 op, 110171428.00 ns, 3.2834 ns/op
OverheadActual   8: 33554432 op, 109817145.00 ns, 3.2728 ns/op
OverheadActual   9: 33554432 op, 109686871.00 ns, 3.2689 ns/op
OverheadActual  10: 33554432 op, 109647127.00 ns, 3.2677 ns/op
OverheadActual  11: 33554432 op, 109605188.00 ns, 3.2665 ns/op
OverheadActual  12: 33554432 op, 109824719.00 ns, 3.2730 ns/op
OverheadActual  13: 33554432 op, 111278871.00 ns, 3.3164 ns/op
OverheadActual  14: 33554432 op, 109736233.00 ns, 3.2704 ns/op
OverheadActual  15: 33554432 op, 109794423.00 ns, 3.2721 ns/op

WorkloadWarmup   1: 33554432 op, 610219261.00 ns, 18.1860 ns/op
WorkloadWarmup   2: 33554432 op, 604795403.00 ns, 18.0243 ns/op
WorkloadWarmup   3: 33554432 op, 604109036.00 ns, 18.0039 ns/op

// BeforeActualRun
WorkloadActual   1: 33554432 op, 611206229.00 ns, 18.2154 ns/op
WorkloadActual   2: 33554432 op, 605103515.00 ns, 18.0335 ns/op
WorkloadActual   3: 33554432 op, 603031591.00 ns, 17.9717 ns/op
WorkloadActual   4: 33554432 op, 604257323.00 ns, 18.0083 ns/op
WorkloadActual   5: 33554432 op, 616360138.00 ns, 18.3690 ns/op

// AfterActualRun
WorkloadResult   1: 33554432 op, 501482328.00 ns, 14.9453 ns/op
WorkloadResult   2: 33554432 op, 495379614.00 ns, 14.7635 ns/op
WorkloadResult   3: 33554432 op, 493307690.00 ns, 14.7017 ns/op
WorkloadResult   4: 33554432 op, 494533422.00 ns, 14.7382 ns/op
WorkloadResult   5: 33554432 op, 506636237.00 ns, 15.0989 ns/op
// GC:  0 0 0 1072 33554432
// Threading:  0 0 33554432

// AfterAll
// Benchmark Process 4054 has exited with code 0.

Mean = 14.850 ns, StdErr = 0.075 ns (0.51%), N = 5, StdDev = 0.168 ns
Min = 14.702 ns, Q1 = 14.738 ns, Median = 14.763 ns, Q3 = 14.945 ns, Max = 15.099 ns
IQR = 0.207 ns, LowerFence = 14.428 ns, UpperFence = 15.256 ns
ConfidenceInterval = [14.202 ns; 15.497 ns] (CI 99.9%), Margin = 0.647 ns (4.36% of Mean)
Skewness = 0.47, Kurtosis = 1.16, MValue = 2

// ** Remained 8 (12.3 %) benchmark(s) to run. Estimated finish 2026-08-23 3:31 (0h 1m from now) **
// **************************
// Benchmark: SimpleServiceResolutionBenchmarks.Needlr_SourceGen_ResolveSimple: ShortRun(IterationCount=5, LaunchCount=1, WarmupCount=3)
// *** Execute ***
// Launch: 1 / 1
// Execute: dotnet 34652669-8378-4209-b79e-5df6789d8a23.dll --anonymousPipes 163 164 --benchmarkName NexusLabs.Needlr.Benchmarks.Benchmarks.SimpleServiceResolutionBenchmarks.Needlr_SourceGen_ResolveSimple --job ShortRun --benchmarkId 57 in /home/runner/work/needlr/needlr/src/NexusLabs.Needlr.Benchmarks/bin/Release/net10.0/34652669-8378-4209-b79e-5df6789d8a23/bin/Release/net10.0
// Failed to set up high priority (Permission denied). In order to run benchmarks with high priority, make sure you have the right permissions.
// BeforeAnythingElse

// Benchmark Process Environment Information:
// BenchmarkDotNet v0.14.0
// Runtime=.NET 10.0.11 (10.0.1126.37416), X64 RyuJIT AVX2
// GC=Concurrent Workstation
// HardwareIntrinsics=AVX2,AES,BMI1,BMI2,FMA,LZCNT,PCLMUL,POPCNT VectorSize=256
// Job: ShortRun(IterationCount=5, LaunchCount=1, WarmupCount=3)

OverheadJitting  1: 1 op, 349374.00 ns, 349.3740 us/op
WorkloadJitting  1: 1 op, 3009598.00 ns, 3.0096 ms/op

OverheadJitting  2: 16 op, 475920.00 ns, 29.7450 us/op
WorkloadJitting  2: 16 op, 536373.00 ns, 33.5233 us/op

WorkloadPilot    1: 16 op, 5541.00 ns, 346.3125 ns/op
WorkloadPilot    2: 32 op, 7864.00 ns, 245.7500 ns/op
WorkloadPilot    3: 64 op, 11672.00 ns, 182.3750 ns/op
WorkloadPilot    4: 128 op, 20297.00 ns, 158.5703 ns/op
WorkloadPilot    5: 256 op, 34064.00 ns, 133.0625 ns/op
WorkloadPilot    6: 512 op, 54923.00 ns, 107.2715 ns/op
WorkloadPilot    7: 1024 op, 93175.00 ns, 90.9912 ns/op
WorkloadPilot    8: 2048 op, 169937.00 ns, 82.9771 ns/op
WorkloadPilot    9: 4096 op, 327172.00 ns, 79.8760 ns/op
WorkloadPilot   10: 8192 op, 734614.00 ns, 89.6746 ns/op
WorkloadPilot   11: 16384 op, 1358361.00 ns, 82.9078 ns/op
WorkloadPilot   12: 32768 op, 2649265.00 ns, 80.8492 ns/op
WorkloadPilot   13: 65536 op, 5197871.00 ns, 79.3132 ns/op
WorkloadPilot   14: 131072 op, 10402114.00 ns, 79.3618 ns/op
WorkloadPilot   15: 262144 op, 20770205.00 ns, 79.2320 ns/op
WorkloadPilot   16: 524288 op, 40723584.00 ns, 77.6741 ns/op
WorkloadPilot   17: 1048576 op, 40720235.00 ns, 38.8338 ns/op
WorkloadPilot   18: 2097152 op, 39073786.00 ns, 18.6318 ns/op
WorkloadPilot   19: 4194304 op, 78305487.00 ns, 18.6695 ns/op
WorkloadPilot   20: 8388608 op, 157055816.00 ns, 18.7225 ns/op
WorkloadPilot   21: 16777216 op, 312180140.00 ns, 18.6074 ns/op
WorkloadPilot   22: 33554432 op, 625258240.00 ns, 18.6341 ns/op

OverheadWarmup   1: 33554432 op, 141247153.00 ns, 4.2095 ns/op
OverheadWarmup   2: 33554432 op, 150414909.00 ns, 4.4827 ns/op
OverheadWarmup   3: 33554432 op, 109712209.00 ns, 3.2697 ns/op
OverheadWarmup   4: 33554432 op, 109560075.00 ns, 3.2651 ns/op
OverheadWarmup   5: 33554432 op, 109766271.00 ns, 3.2713 ns/op
OverheadWarmup   6: 33554432 op, 109593297.00 ns, 3.2661 ns/op

OverheadActual   1: 33554432 op, 109531812.00 ns, 3.2643 ns/op
OverheadActual   2: 33554432 op, 109901635.00 ns, 3.2753 ns/op
OverheadActual   3: 33554432 op, 109777022.00 ns, 3.2716 ns/op
OverheadActual   4: 33554432 op, 109716297.00 ns, 3.2698 ns/op
OverheadActual   5: 33554432 op, 109574823.00 ns, 3.2656 ns/op
OverheadActual   6: 33554432 op, 109738199.00 ns, 3.2705 ns/op
OverheadActual   7: 33554432 op, 109566687.00 ns, 3.2653 ns/op
OverheadActual   8: 33554432 op, 109808650.00 ns, 3.2726 ns/op
OverheadActual   9: 33554432 op, 109596634.00 ns, 3.2662 ns/op
OverheadActual  10: 33554432 op, 109645768.00 ns, 3.2677 ns/op
OverheadActual  11: 33554432 op, 109967951.00 ns, 3.2773 ns/op
OverheadActual  12: 33554432 op, 109789367.00 ns, 3.2720 ns/op
OverheadActual  13: 33554432 op, 109670043.00 ns, 3.2684 ns/op
OverheadActual  14: 33554432 op, 111136889.00 ns, 3.3121 ns/op
OverheadActual  15: 33554432 op, 109662179.00 ns, 3.2682 ns/op

WorkloadWarmup   1: 33554432 op, 633989240.00 ns, 18.8944 ns/op
WorkloadWarmup   2: 33554432 op, 632667426.00 ns, 18.8550 ns/op
WorkloadWarmup   3: 33554432 op, 632907656.00 ns, 18.8621 ns/op

// BeforeActualRun
WorkloadActual   1: 33554432 op, 620414547.00 ns, 18.4898 ns/op
WorkloadActual   2: 33554432 op, 623440108.00 ns, 18.5800 ns/op
WorkloadActual   3: 33554432 op, 620602568.00 ns, 18.4954 ns/op
WorkloadActual   4: 33554432 op, 620169518.00 ns, 18.4825 ns/op
WorkloadActual   5: 33554432 op, 620387075.00 ns, 18.4890 ns/op

// AfterActualRun
WorkloadResult   1: 33554432 op, 510698250.00 ns, 15.2200 ns/op
WorkloadResult   2: 33554432 op, 510886271.00 ns, 15.2256 ns/op
WorkloadResult   3: 33554432 op, 510453221.00 ns, 15.2127 ns/op
WorkloadResult   4: 33554432 op, 510670778.00 ns, 15.2192 ns/op
// GC:  0 0 0 1072 33554432
// Threading:  0 0 33554432

// AfterAll
// Benchmark Process 4062 has exited with code 0.

Mean = 15.219 ns, StdErr = 0.003 ns (0.02%), N = 4, StdDev = 0.005 ns
Min = 15.213 ns, Q1 = 15.218 ns, Median = 15.220 ns, Q3 = 15.221 ns, Max = 15.226 ns
IQR = 0.004 ns, LowerFence = 15.212 ns, UpperFence = 15.227 ns
ConfidenceInterval = [15.185 ns; 15.254 ns] (CI 99.9%), Margin = 0.034 ns (0.22% of Mean)
Skewness = -0.09, Kurtosis = 1.12, MValue = 2

// ** Remained 7 (10.8 %) benchmark(s) to run. Estimated finish 2026-08-23 3:31 (0h 0m from now) **
// ***** BenchmarkRunner: Finish  *****

// * Export *
  home/runner/work/needlr/needlr/benchmark-results/results/NexusLabs.Needlr.Benchmarks.Benchmarks.SimpleServiceResolutionBenchmarks-report.csv
  home/runner/work/needlr/needlr/benchmark-results/results/NexusLabs.Needlr.Benchmarks.Benchmarks.SimpleServiceResolutionBenchmarks-report-github.md
  home/runner/work/needlr/needlr/benchmark-results/results/NexusLabs.Needlr.Benchmarks.Benchmarks.SimpleServiceResolutionBenchmarks-report.html
  home/runner/work/needlr/needlr/benchmark-results/results/NexusLabs.Needlr.Benchmarks.Benchmarks.SimpleServiceResolutionBenchmarks-report-full-compressed.json
  home/runner/work/needlr/needlr/benchmark-results/results/NexusLabs.Needlr.Benchmarks.Benchmarks.SimpleServiceResolutionBenchmarks-report-default.md

// * Detailed results *
SimpleServiceResolutionBenchmarks.ManualDI_ResolveSimple: ShortRun(IterationCount=5, LaunchCount=1, WarmupCount=3)
Runtime = .NET 10.0.11 (10.0.1126.37416), X64 RyuJIT AVX2; GC = Concurrent Workstation
Mean = 15.153 ns, StdErr = 0.003 ns (0.02%), N = 4, StdDev = 0.007 ns
Min = 15.145 ns, Q1 = 15.150 ns, Median = 15.154 ns, Q3 = 15.157 ns, Max = 15.160 ns
IQR = 0.007 ns, LowerFence = 15.139 ns, UpperFence = 15.167 ns
ConfidenceInterval = [15.110 ns; 15.196 ns] (CI 99.9%), Margin = 0.043 ns (0.29% of Mean)
Skewness = -0.15, Kurtosis = 1.01, MValue = 2
-------------------- Histogram --------------------
[15.139 ns ; 15.166 ns) | @@@@
---------------------------------------------------

SimpleServiceResolutionBenchmarks.Needlr_Reflection_ResolveSimple: ShortRun(IterationCount=5, LaunchCount=1, WarmupCount=3)
Runtime = .NET 10.0.11 (10.0.1126.37416), X64 RyuJIT AVX2; GC = Concurrent Workstation
Mean = 14.850 ns, StdErr = 0.075 ns (0.51%), N = 5, StdDev = 0.168 ns
Min = 14.702 ns, Q1 = 14.738 ns, Median = 14.763 ns, Q3 = 14.945 ns, Max = 15.099 ns
IQR = 0.207 ns, LowerFence = 14.428 ns, UpperFence = 15.256 ns
ConfidenceInterval = [14.202 ns; 15.497 ns] (CI 99.9%), Margin = 0.647 ns (4.36% of Mean)
Skewness = 0.47, Kurtosis = 1.16, MValue = 2
-------------------- Histogram --------------------
[14.675 ns ; 15.228 ns) | @@@@@
---------------------------------------------------

SimpleServiceResolutionBenchmarks.Needlr_SourceGen_ResolveSimple: ShortRun(IterationCount=5, LaunchCount=1, WarmupCount=3)
Runtime = .NET 10.0.11 (10.0.1126.37416), X64 RyuJIT AVX2; GC = Concurrent Workstation
Mean = 15.219 ns, StdErr = 0.003 ns (0.02%), N = 4, StdDev = 0.005 ns
Min = 15.213 ns, Q1 = 15.218 ns, Median = 15.220 ns, Q3 = 15.221 ns, Max = 15.226 ns
IQR = 0.004 ns, LowerFence = 15.212 ns, UpperFence = 15.227 ns
ConfidenceInterval = [15.185 ns; 15.254 ns] (CI 99.9%), Margin = 0.034 ns (0.22% of Mean)
Skewness = -0.09, Kurtosis = 1.12, MValue = 2
-------------------- Histogram --------------------
[15.208 ns ; 15.230 ns) | @@@@
---------------------------------------------------

// * Summary *

BenchmarkDotNet v0.14.0, Ubuntu 24.04.4 LTS (Noble Numbat)
AMD EPYC 7763, 1 CPU, 4 logical and 2 physical cores
.NET SDK 10.0.302
  [Host]   : .NET 10.0.11 (10.0.1126.37416), X64 RyuJIT AVX2
  ShortRun : .NET 10.0.11 (10.0.1126.37416), X64 RyuJIT AVX2

Job=ShortRun  IterationCount=5  LaunchCount=1  
WarmupCount=3  

| Method                          | Mean     | Error    | StdDev   | Ratio | Rank | Allocated | Alloc Ratio |
|-------------------------------- |---------:|---------:|---------:|------:|-----:|----------:|------------:|
| ManualDI_ResolveSimple          | 15.15 ns | 0.043 ns | 0.007 ns |  1.00 |    1 |         - |          NA |
| Needlr_Reflection_ResolveSimple | 14.85 ns | 0.647 ns | 0.168 ns |  0.98 |    1 |         - |          NA |
| Needlr_SourceGen_ResolveSimple  | 15.22 ns | 0.034 ns | 0.005 ns |  1.00 |    1 |         - |          NA |

// * Hints *
Outliers
  SimpleServiceResolutionBenchmarks.ManualDI_ResolveSimple: ShortRun         -> 1 outlier  was  removed (18.55 ns)
  SimpleServiceResolutionBenchmarks.Needlr_SourceGen_ResolveSimple: ShortRun -> 1 outlier  was  removed (18.58 ns)
// * Config Issues *

// * Warnings *
Configuration
  Summary -> The exporter HtmlExporter is already present in configuration. There may be unexpected results.

// * Legends *
  Mean        : Arithmetic mean of all measurements
  Error       : Half of 99.9% confidence interval
  StdDev      : Standard deviation of all measurements
  Ratio       : Mean of the ratio distribution ([Current]/[Baseline])
  Rank        : Relative position of current benchmark mean among all benchmarks (Arabic style)
  Allocated   : Allocated memory per single operation (managed only, inclusive, 1KB = 1024B)
  Alloc Ratio : Allocated memory ratio distribution ([Current]/[Baseline])
  1 ns        : 1 Nanosecond (0.000000001 sec)

// * Diagnostic Output - MemoryDiagnoser *


// ***** BenchmarkRunner: End *****
Run time: 00:00:29 (29.16 sec), executed benchmarks: 3

// Found 3 benchmarks:
//   TypeRegistrationBenchmarks.ManualDI_RegisterTypes: ShortRun(IterationCount=5, LaunchCount=1, WarmupCount=3)
//   TypeRegistrationBenchmarks.Needlr_Reflection_RegisterTypes: ShortRun(IterationCount=5, LaunchCount=1, WarmupCount=3)
//   TypeRegistrationBenchmarks.Needlr_SourceGen_RegisterTypes: ShortRun(IterationCount=5, LaunchCount=1, WarmupCount=3)

// **************************
// Benchmark: TypeRegistrationBenchmarks.ManualDI_RegisterTypes: ShortRun(IterationCount=5, LaunchCount=1, WarmupCount=3)
// *** Execute ***
// Launch: 1 / 1
// Execute: dotnet 34652669-8378-4209-b79e-5df6789d8a23.dll --anonymousPipes 163 164 --benchmarkName NexusLabs.Needlr.Benchmarks.Benchmarks.TypeRegistrationBenchmarks.ManualDI_RegisterTypes --job ShortRun --benchmarkId 58 in /home/runner/work/needlr/needlr/src/NexusLabs.Needlr.Benchmarks/bin/Release/net10.0/34652669-8378-4209-b79e-5df6789d8a23/bin/Release/net10.0
// Failed to set up high priority (Permission denied). In order to run benchmarks with high priority, make sure you have the right permissions.
// BeforeAnythingElse

// Benchmark Process Environment Information:
// BenchmarkDotNet v0.14.0
// Runtime=.NET 10.0.11 (10.0.1126.37416), X64 RyuJIT AVX2
// GC=Concurrent Workstation
// HardwareIntrinsics=AVX2,AES,BMI1,BMI2,FMA,LZCNT,PCLMUL,POPCNT VectorSize=256
// Job: ShortRun(IterationCount=5, LaunchCount=1, WarmupCount=3)

OverheadJitting  1: 1 op, 316914.00 ns, 316.9140 us/op
WorkloadJitting  1: 1 op, 452396.00 ns, 452.3960 us/op

OverheadJitting  2: 16 op, 501168.00 ns, 31.3230 us/op
WorkloadJitting  2: 16 op, 479618.00 ns, 29.9761 us/op

WorkloadPilot    1: 16 op, 24807.00 ns, 1.5504 us/op
WorkloadPilot    2: 32 op, 37941.00 ns, 1.1857 us/op
WorkloadPilot    3: 64 op, 49924.00 ns, 780.0625 ns/op
WorkloadPilot    4: 128 op, 90148.00 ns, 704.2813 ns/op
WorkloadPilot    5: 256 op, 186078.00 ns, 726.8672 ns/op
WorkloadPilot    6: 512 op, 325098.00 ns, 634.9570 ns/op
WorkloadPilot    7: 1024 op, 542426.00 ns, 529.7129 ns/op
WorkloadPilot    8: 2048 op, 1101511.00 ns, 537.8472 ns/op
WorkloadPilot    9: 4096 op, 2230654.00 ns, 544.5933 ns/op
WorkloadPilot   10: 8192 op, 4434268.00 ns, 541.2925 ns/op
WorkloadPilot   11: 16384 op, 8868035.00 ns, 541.2619 ns/op
WorkloadPilot   12: 32768 op, 17230554.00 ns, 525.8348 ns/op
WorkloadPilot   13: 65536 op, 21927905.00 ns, 334.5933 ns/op
WorkloadPilot   14: 131072 op, 42620379.00 ns, 325.1677 ns/op
WorkloadPilot   15: 262144 op, 83532169.00 ns, 318.6499 ns/op
WorkloadPilot   16: 524288 op, 51516667.00 ns, 98.2602 ns/op
WorkloadPilot   17: 1048576 op, 104226197.00 ns, 99.3978 ns/op
WorkloadPilot   18: 2097152 op, 204616544.00 ns, 97.5688 ns/op
WorkloadPilot   19: 4194304 op, 410125717.00 ns, 97.7816 ns/op
WorkloadPilot   20: 8388608 op, 816426139.00 ns, 97.3256 ns/op

OverheadWarmup   1: 8388608 op, 32849772.00 ns, 3.9160 ns/op
OverheadWarmup   2: 8388608 op, 33103096.00 ns, 3.9462 ns/op
OverheadWarmup   3: 8388608 op, 32931003.00 ns, 3.9257 ns/op
OverheadWarmup   4: 8388608 op, 32930993.00 ns, 3.9257 ns/op
OverheadWarmup   5: 8388608 op, 32806251.00 ns, 3.9108 ns/op
OverheadWarmup   6: 8388608 op, 32825587.00 ns, 3.9131 ns/op
OverheadWarmup   7: 8388608 op, 32878866.00 ns, 3.9195 ns/op
OverheadWarmup   8: 8388608 op, 32920324.00 ns, 3.9244 ns/op
OverheadWarmup   9: 8388608 op, 33963837.00 ns, 4.0488 ns/op
OverheadWarmup  10: 8388608 op, 30210954.00 ns, 3.6014 ns/op

OverheadActual   1: 8388608 op, 30166021.00 ns, 3.5961 ns/op
OverheadActual   2: 8388608 op, 30158515.00 ns, 3.5952 ns/op
OverheadActual   3: 8388608 op, 30120786.00 ns, 3.5907 ns/op
OverheadActual   4: 8388608 op, 30145331.00 ns, 3.5936 ns/op
OverheadActual   5: 8388608 op, 30174415.00 ns, 3.5971 ns/op
OverheadActual   6: 8388608 op, 30182430.00 ns, 3.5980 ns/op
OverheadActual   7: 8388608 op, 30340406.00 ns, 3.6169 ns/op
OverheadActual   8: 8388608 op, 30197048.00 ns, 3.5998 ns/op
OverheadActual   9: 8388608 op, 30287567.00 ns, 3.6106 ns/op
OverheadActual  10: 8388608 op, 27595429.00 ns, 3.2896 ns/op
OverheadActual  11: 8388608 op, 27454095.00 ns, 3.2728 ns/op
OverheadActual  12: 8388608 op, 27505682.00 ns, 3.2789 ns/op
OverheadActual  13: 8388608 op, 27609226.00 ns, 3.2913 ns/op
OverheadActual  14: 8388608 op, 27579359.00 ns, 3.2877 ns/op
OverheadActual  15: 8388608 op, 27527873.00 ns, 3.2816 ns/op

WorkloadWarmup   1: 8388608 op, 843657170.00 ns, 100.5718 ns/op
WorkloadWarmup   2: 8388608 op, 831342146.00 ns, 99.1037 ns/op
WorkloadWarmup   3: 8388608 op, 833416076.00 ns, 99.3509 ns/op

// BeforeActualRun
WorkloadActual   1: 8388608 op, 843958284.00 ns, 100.6077 ns/op
WorkloadActual   2: 8388608 op, 852122702.00 ns, 101.5809 ns/op
WorkloadActual   3: 8388608 op, 842241641.00 ns, 100.4030 ns/op
WorkloadActual   4: 8388608 op, 861674065.00 ns, 102.7196 ns/op
WorkloadActual   5: 8388608 op, 849867773.00 ns, 101.3121 ns/op

// AfterActualRun
WorkloadResult   1: 8388608 op, 813812953.00 ns, 97.0141 ns/op
WorkloadResult   2: 8388608 op, 821977371.00 ns, 97.9873 ns/op
WorkloadResult   3: 8388608 op, 812096310.00 ns, 96.8094 ns/op
WorkloadResult   4: 8388608 op, 831528734.00 ns, 99.1259 ns/op
WorkloadResult   5: 8388608 op, 819722442.00 ns, 97.7185 ns/op
// GC:  264 0 0 4429185760 8388608
// Threading:  0 0 8388608

// AfterAll
// Benchmark Process 4072 has exited with code 0.

Mean = 97.731 ns, StdErr = 0.411 ns (0.42%), N = 5, StdDev = 0.919 ns
Min = 96.809 ns, Q1 = 97.014 ns, Median = 97.719 ns, Q3 = 97.987 ns, Max = 99.126 ns
IQR = 0.973 ns, LowerFence = 95.554 ns, UpperFence = 99.447 ns
ConfidenceInterval = [94.194 ns; 101.268 ns] (CI 99.9%), Margin = 3.537 ns (3.62% of Mean)
Skewness = 0.41, Kurtosis = 1.34, MValue = 2

// ** Remained 6 (9.2 %) benchmark(s) to run. Estimated finish 2026-08-23 3:31 (0h 0m from now) **
// **************************
// Benchmark: TypeRegistrationBenchmarks.Needlr_Reflection_RegisterTypes: ShortRun(IterationCount=5, LaunchCount=1, WarmupCount=3)
// *** Execute ***
// Launch: 1 / 1
// Execute: dotnet 34652669-8378-4209-b79e-5df6789d8a23.dll --anonymousPipes 163 164 --benchmarkName NexusLabs.Needlr.Benchmarks.Benchmarks.TypeRegistrationBenchmarks.Needlr_Reflection_RegisterTypes --job ShortRun --benchmarkId 59 in /home/runner/work/needlr/needlr/src/NexusLabs.Needlr.Benchmarks/bin/Release/net10.0/34652669-8378-4209-b79e-5df6789d8a23/bin/Release/net10.0
// Failed to set up high priority (Permission denied). In order to run benchmarks with high priority, make sure you have the right permissions.
// BeforeAnythingElse

// Benchmark Process Environment Information:
// BenchmarkDotNet v0.14.0
// Runtime=.NET 10.0.11 (10.0.1126.37416), X64 RyuJIT AVX2
// GC=Concurrent Workstation
// HardwareIntrinsics=AVX2,AES,BMI1,BMI2,FMA,LZCNT,PCLMUL,POPCNT VectorSize=256
// Job: ShortRun(IterationCount=5, LaunchCount=1, WarmupCount=3)

OverheadJitting  1: 1 op, 309218.00 ns, 309.2180 us/op
WorkloadJitting  1: 1 op, 22723237.00 ns, 22.7232 ms/op

OverheadJitting  2: 16 op, 463086.00 ns, 28.9429 us/op
WorkloadJitting  2: 16 op, 49968666.00 ns, 3.1230 ms/op

WorkloadPilot    1: 16 op, 45981876.00 ns, 2.8739 ms/op
WorkloadPilot    2: 32 op, 90952019.00 ns, 2.8423 ms/op
WorkloadPilot    3: 64 op, 194994453.00 ns, 3.0468 ms/op
WorkloadPilot    4: 128 op, 402177502.00 ns, 3.1420 ms/op
WorkloadPilot    5: 256 op, 976022499.00 ns, 3.8126 ms/op

OverheadWarmup   1: 256 op, 3807.00 ns, 14.8711 ns/op
OverheadWarmup   2: 256 op, 1533.00 ns, 5.9883 ns/op
OverheadWarmup   3: 256 op, 1523.00 ns, 5.9492 ns/op
OverheadWarmup   4: 256 op, 1473.00 ns, 5.7539 ns/op
OverheadWarmup   5: 256 op, 1563.00 ns, 6.1055 ns/op
OverheadWarmup   6: 256 op, 1502.00 ns, 5.8672 ns/op
OverheadWarmup   7: 256 op, 1502.00 ns, 5.8672 ns/op
OverheadWarmup   8: 256 op, 1543.00 ns, 6.0273 ns/op

OverheadActual   1: 256 op, 1573.00 ns, 6.1445 ns/op
OverheadActual   2: 256 op, 1563.00 ns, 6.1055 ns/op
OverheadActual   3: 256 op, 1553.00 ns, 6.0664 ns/op
OverheadActual   4: 256 op, 1563.00 ns, 6.1055 ns/op
OverheadActual   5: 256 op, 1603.00 ns, 6.2617 ns/op
OverheadActual   6: 256 op, 1523.00 ns, 5.9492 ns/op
OverheadActual   7: 256 op, 1503.00 ns, 5.8711 ns/op
OverheadActual   8: 256 op, 1512.00 ns, 5.9063 ns/op
OverheadActual   9: 256 op, 1493.00 ns, 5.8320 ns/op
OverheadActual  10: 256 op, 1573.00 ns, 6.1445 ns/op
OverheadActual  11: 256 op, 1553.00 ns, 6.0664 ns/op
OverheadActual  12: 256 op, 1534.00 ns, 5.9922 ns/op
OverheadActual  13: 256 op, 1532.00 ns, 5.9844 ns/op
OverheadActual  14: 256 op, 1523.00 ns, 5.9492 ns/op
OverheadActual  15: 256 op, 1542.00 ns, 6.0234 ns/op

WorkloadWarmup   1: 256 op, 820726866.00 ns, 3.2060 ms/op
WorkloadWarmup   2: 256 op, 377879718.00 ns, 1.4761 ms/op
WorkloadWarmup   3: 256 op, 323008749.00 ns, 1.2618 ms/op

// BeforeActualRun
WorkloadActual   1: 256 op, 311872519.00 ns, 1.2183 ms/op
WorkloadActual   2: 256 op, 307151088.00 ns, 1.1998 ms/op
WorkloadActual   3: 256 op, 309352467.00 ns, 1.2084 ms/op
WorkloadActual   4: 256 op, 307618677.00 ns, 1.2016 ms/op
WorkloadActual   5: 256 op, 311936501.00 ns, 1.2185 ms/op

// AfterActualRun
WorkloadResult   1: 256 op, 311870977.00 ns, 1.2182 ms/op
WorkloadResult   2: 256 op, 307149546.00 ns, 1.1998 ms/op
WorkloadResult   3: 256 op, 309350925.00 ns, 1.2084 ms/op
WorkloadResult   4: 256 op, 307617135.00 ns, 1.2016 ms/op
WorkloadResult   5: 256 op, 311934959.00 ns, 1.2185 ms/op
// GC:  9 0 0 150897256 256
// Threading:  0 0 256

// AfterAll
// Benchmark Process 4080 has exited with code 0.

Mean = 1.209 ms, StdErr = 0.004 ms (0.33%), N = 5, StdDev = 0.009 ms
Min = 1.200 ms, Q1 = 1.202 ms, Median = 1.208 ms, Q3 = 1.218 ms, Max = 1.218 ms
IQR = 0.017 ms, LowerFence = 1.177 ms, UpperFence = 1.243 ms
ConfidenceInterval = [1.175 ms; 1.243 ms] (CI 99.9%), Margin = 0.034 ms (2.82% of Mean)
Skewness = 0.05, Kurtosis = 0.81, MValue = 2

// ** Remained 5 (7.7 %) benchmark(s) to run. Estimated finish 2026-08-23 3:31 (0h 0m from now) **
// **************************
// Benchmark: TypeRegistrationBenchmarks.Needlr_SourceGen_RegisterTypes: ShortRun(IterationCount=5, LaunchCount=1, WarmupCount=3)
// *** Execute ***
// Launch: 1 / 1
// Execute: dotnet 34652669-8378-4209-b79e-5df6789d8a23.dll --anonymousPipes 163 164 --benchmarkName NexusLabs.Needlr.Benchmarks.Benchmarks.TypeRegistrationBenchmarks.Needlr_SourceGen_RegisterTypes --job ShortRun --benchmarkId 60 in /home/runner/work/needlr/needlr/src/NexusLabs.Needlr.Benchmarks/bin/Release/net10.0/34652669-8378-4209-b79e-5df6789d8a23/bin/Release/net10.0
// Failed to set up high priority (Permission denied). In order to run benchmarks with high priority, make sure you have the right permissions.
// BeforeAnythingElse

// Benchmark Process Environment Information:
// BenchmarkDotNet v0.14.0
// Runtime=.NET 10.0.11 (10.0.1126.37416), X64 RyuJIT AVX2
// GC=Concurrent Workstation
// HardwareIntrinsics=AVX2,AES,BMI1,BMI2,FMA,LZCNT,PCLMUL,POPCNT VectorSize=256
// Job: ShortRun(IterationCount=5, LaunchCount=1, WarmupCount=3)

OverheadJitting  1: 1 op, 344424.00 ns, 344.4240 us/op
WorkloadJitting  1: 1 op, 6811455.00 ns, 6.8115 ms/op

OverheadJitting  2: 16 op, 464149.00 ns, 29.0093 us/op
WorkloadJitting  2: 16 op, 2523471.00 ns, 157.7169 us/op

WorkloadPilot    1: 16 op, 1896017.00 ns, 118.5011 us/op
WorkloadPilot    2: 32 op, 3798498.00 ns, 118.7031 us/op
WorkloadPilot    3: 64 op, 7967097.00 ns, 124.4859 us/op
WorkloadPilot    4: 128 op, 16715255.00 ns, 130.5879 us/op
WorkloadPilot    5: 256 op, 31231377.00 ns, 121.9976 us/op
WorkloadPilot    6: 512 op, 62219997.00 ns, 121.5234 us/op
WorkloadPilot    7: 1024 op, 120436257.00 ns, 117.6135 us/op
WorkloadPilot    8: 2048 op, 83014517.00 ns, 40.5344 us/op
WorkloadPilot    9: 4096 op, 71278157.00 ns, 17.4019 us/op
WorkloadPilot   10: 8192 op, 139582552.00 ns, 17.0389 us/op
WorkloadPilot   11: 16384 op, 279260232.00 ns, 17.0447 us/op
WorkloadPilot   12: 32768 op, 558453738.00 ns, 17.0427 us/op

OverheadWarmup   1: 32768 op, 148558.00 ns, 4.5336 ns/op
OverheadWarmup   2: 32768 op, 118171.00 ns, 3.6063 ns/op
OverheadWarmup   3: 32768 op, 154880.00 ns, 4.7266 ns/op
OverheadWarmup   4: 32768 op, 118061.00 ns, 3.6029 ns/op
OverheadWarmup   5: 32768 op, 128611.00 ns, 3.9249 ns/op
OverheadWarmup   6: 32768 op, 118862.00 ns, 3.6274 ns/op

OverheadActual   1: 32768 op, 128770.00 ns, 3.9297 ns/op
OverheadActual   2: 32768 op, 118191.00 ns, 3.6069 ns/op
OverheadActual   3: 32768 op, 128851.00 ns, 3.9322 ns/op
OverheadActual   4: 32768 op, 118131.00 ns, 3.6051 ns/op
OverheadActual   5: 32768 op, 128721.00 ns, 3.9283 ns/op
OverheadActual   6: 32768 op, 118030.00 ns, 3.6020 ns/op
OverheadActual   7: 32768 op, 146614.00 ns, 4.4743 ns/op
OverheadActual   8: 32768 op, 135854.00 ns, 4.1459 ns/op
OverheadActual   9: 32768 op, 146514.00 ns, 4.4713 ns/op
OverheadActual  10: 32768 op, 135223.00 ns, 4.1267 ns/op
OverheadActual  11: 32768 op, 146594.00 ns, 4.4737 ns/op
OverheadActual  12: 32768 op, 135304.00 ns, 4.1292 ns/op
OverheadActual  13: 32768 op, 145753.00 ns, 4.4480 ns/op
OverheadActual  14: 32768 op, 137748.00 ns, 4.2037 ns/op
OverheadActual  15: 32768 op, 159919.00 ns, 4.8803 ns/op
OverheadActual  16: 32768 op, 136666.00 ns, 4.1707 ns/op
OverheadActual  17: 32768 op, 128641.00 ns, 3.9258 ns/op
OverheadActual  18: 32768 op, 119694.00 ns, 3.6528 ns/op
OverheadActual  19: 32768 op, 128660.00 ns, 3.9264 ns/op
OverheadActual  20: 32768 op, 118031.00 ns, 3.6020 ns/op

WorkloadWarmup   1: 32768 op, 578847612.00 ns, 17.6650 us/op
WorkloadWarmup   2: 32768 op, 563685263.00 ns, 17.2023 us/op
WorkloadWarmup   3: 32768 op, 569235669.00 ns, 17.3717 us/op

// BeforeActualRun
WorkloadActual   1: 32768 op, 566674716.00 ns, 17.2935 us/op
WorkloadActual   2: 32768 op, 572037152.00 ns, 17.4572 us/op
WorkloadActual   3: 32768 op, 570403925.00 ns, 17.4073 us/op
WorkloadActual   4: 32768 op, 554587268.00 ns, 16.9247 us/op
WorkloadActual   5: 32768 op, 556841385.00 ns, 16.9935 us/op

// AfterActualRun
WorkloadResult   1: 32768 op, 566542679.00 ns, 17.2895 us/op
WorkloadResult   2: 32768 op, 571905115.00 ns, 17.4532 us/op
WorkloadResult   3: 32768 op, 570271888.00 ns, 17.4033 us/op
WorkloadResult   4: 32768 op, 554455231.00 ns, 16.9206 us/op
WorkloadResult   5: 32768 op, 556709348.00 ns, 16.9894 us/op
// GC:  60 4 0 1014498016 32768
// Threading:  0 0 32768

// AfterAll
// Benchmark Process 4089 has exited with code 0.

Mean = 17.211 μs, StdErr = 0.108 μs (0.63%), N = 5, StdDev = 0.242 μs
Min = 16.921 μs, Q1 = 16.989 μs, Median = 17.290 μs, Q3 = 17.403 μs, Max = 17.453 μs
IQR = 0.414 μs, LowerFence = 16.369 μs, UpperFence = 18.024 μs
ConfidenceInterval = [16.277 μs; 18.145 μs] (CI 99.9%), Margin = 0.934 μs (5.43% of Mean)
Skewness = -0.19, Kurtosis = 0.83, MValue = 2

// ** Remained 4 (6.2 %) benchmark(s) to run. Estimated finish 2026-08-23 3:31 (0h 0m from now) **
// ***** BenchmarkRunner: Finish  *****

// * Export *
  home/runner/work/needlr/needlr/benchmark-results/results/NexusLabs.Needlr.Benchmarks.Benchmarks.TypeRegistrationBenchmarks-report.csv
  home/runner/work/needlr/needlr/benchmark-results/results/NexusLabs.Needlr.Benchmarks.Benchmarks.TypeRegistrationBenchmarks-report-github.md
  home/runner/work/needlr/needlr/benchmark-results/results/NexusLabs.Needlr.Benchmarks.Benchmarks.TypeRegistrationBenchmarks-report.html
  home/runner/work/needlr/needlr/benchmark-results/results/NexusLabs.Needlr.Benchmarks.Benchmarks.TypeRegistrationBenchmarks-report-full-compressed.json
  home/runner/work/needlr/needlr/benchmark-results/results/NexusLabs.Needlr.Benchmarks.Benchmarks.TypeRegistrationBenchmarks-report-default.md

// * Detailed results *
TypeRegistrationBenchmarks.ManualDI_RegisterTypes: ShortRun(IterationCount=5, LaunchCount=1, WarmupCount=3)
Runtime = .NET 10.0.11 (10.0.1126.37416), X64 RyuJIT AVX2; GC = Concurrent Workstation
Mean = 97.731 ns, StdErr = 0.411 ns (0.42%), N = 5, StdDev = 0.919 ns
Min = 96.809 ns, Q1 = 97.014 ns, Median = 97.719 ns, Q3 = 97.987 ns, Max = 99.126 ns
IQR = 0.973 ns, LowerFence = 95.554 ns, UpperFence = 99.447 ns
ConfidenceInterval = [94.194 ns; 101.268 ns] (CI 99.9%), Margin = 3.537 ns (3.62% of Mean)
Skewness = 0.41, Kurtosis = 1.34, MValue = 2
-------------------- Histogram --------------------
[96.424 ns ; 99.831 ns) | @@@@@
---------------------------------------------------

TypeRegistrationBenchmarks.Needlr_Reflection_RegisterTypes: ShortRun(IterationCount=5, LaunchCount=1, WarmupCount=3)
Runtime = .NET 10.0.11 (10.0.1126.37416), X64 RyuJIT AVX2; GC = Concurrent Workstation
Mean = 1.209 ms, StdErr = 0.004 ms (0.33%), N = 5, StdDev = 0.009 ms
Min = 1.200 ms, Q1 = 1.202 ms, Median = 1.208 ms, Q3 = 1.218 ms, Max = 1.218 ms
IQR = 0.017 ms, LowerFence = 1.177 ms, UpperFence = 1.243 ms
ConfidenceInterval = [1.175 ms; 1.243 ms] (CI 99.9%), Margin = 0.034 ms (2.82% of Mean)
Skewness = 0.05, Kurtosis = 0.81, MValue = 2
-------------------- Histogram --------------------
[1.193 ms ; 1.225 ms) | @@@@@
---------------------------------------------------

TypeRegistrationBenchmarks.Needlr_SourceGen_RegisterTypes: ShortRun(IterationCount=5, LaunchCount=1, WarmupCount=3)
Runtime = .NET 10.0.11 (10.0.1126.37416), X64 RyuJIT AVX2; GC = Concurrent Workstation
Mean = 17.211 μs, StdErr = 0.108 μs (0.63%), N = 5, StdDev = 0.242 μs
Min = 16.921 μs, Q1 = 16.989 μs, Median = 17.290 μs, Q3 = 17.403 μs, Max = 17.453 μs
IQR = 0.414 μs, LowerFence = 16.369 μs, UpperFence = 18.024 μs
ConfidenceInterval = [16.277 μs; 18.145 μs] (CI 99.9%), Margin = 0.934 μs (5.43% of Mean)
Skewness = -0.19, Kurtosis = 0.83, MValue = 2
-------------------- Histogram --------------------
[16.735 μs ; 17.141 μs) | @@
[17.141 μs ; 17.557 μs) | @@@
---------------------------------------------------

// * Summary *

BenchmarkDotNet v0.14.0, Ubuntu 24.04.4 LTS (Noble Numbat)
AMD EPYC 7763, 1 CPU, 4 logical and 2 physical cores
.NET SDK 10.0.302
  [Host]   : .NET 10.0.11 (10.0.1126.37416), X64 RyuJIT AVX2
  ShortRun : .NET 10.0.11 (10.0.1126.37416), X64 RyuJIT AVX2

Job=ShortRun  IterationCount=5  LaunchCount=1  
WarmupCount=3  

| Method                          | Mean            | Error         | StdDev       | Ratio     | RatioSD | Rank | Gen0    | Gen1   | Allocated | Alloc Ratio |
|-------------------------------- |----------------:|--------------:|-------------:|----------:|--------:|-----:|--------:|-------:|----------:|------------:|
| ManualDI_RegisterTypes          |        97.73 ns |      3.537 ns |     0.919 ns |      1.00 |    0.01 |    1 |  0.0315 |      - |     528 B |        1.00 |
| Needlr_Reflection_RegisterTypes | 1,209,315.27 ns | 34,140.337 ns | 8,866.137 ns | 12,374.78 |  134.27 |    3 | 35.1563 |      - |  589442 B |    1,116.37 |
| Needlr_SourceGen_RegisterTypes  |    17,211.21 ns |    933.735 ns |   242.488 ns |    176.12 |    2.72 |    2 |  1.8311 | 0.1221 |   30960 B |       58.64 |
// * Config Issues *

// * Warnings *
Configuration
  Summary -> The exporter HtmlExporter is already present in configuration. There may be unexpected results.

// * Legends *
  Mean        : Arithmetic mean of all measurements
  Error       : Half of 99.9% confidence interval
  StdDev      : Standard deviation of all measurements
  Ratio       : Mean of the ratio distribution ([Current]/[Baseline])
  RatioSD     : Standard deviation of the ratio distribution ([Current]/[Baseline])
  Rank        : Relative position of current benchmark mean among all benchmarks (Arabic style)
  Gen0        : GC Generation 0 collects per 1000 operations
  Gen1        : GC Generation 1 collects per 1000 operations
  Allocated   : Allocated memory per single operation (managed only, inclusive, 1KB = 1024B)
  Alloc Ratio : Allocated memory ratio distribution ([Current]/[Baseline])
  1 ns        : 1 Nanosecond (0.000000001 sec)

// * Diagnostic Output - MemoryDiagnoser *


// ***** BenchmarkRunner: End *****
Run time: 00:00:22 (22.45 sec), executed benchmarks: 3

// Found 4 benchmarks:
//   WebApplicationBuildBenchmarks.ManualDI_BuildWebApp: ShortRun(InvocationCount=1, IterationCount=5, LaunchCount=1, UnrollFactor=1, WarmupCount=3)
//   WebApplicationBuildBenchmarks.Needlr_Reflection_BuildWebApp: ShortRun(InvocationCount=1, IterationCount=5, LaunchCount=1, UnrollFactor=1, WarmupCount=3)
//   WebApplicationBuildBenchmarks.Needlr_SourceGen_BuildWebApp: ShortRun(InvocationCount=1, IterationCount=5, LaunchCount=1, UnrollFactor=1, WarmupCount=3)
//   WebApplicationBuildBenchmarks.Needlr_SourceGenExplicit_BuildWebApp: ShortRun(InvocationCount=1, IterationCount=5, LaunchCount=1, UnrollFactor=1, WarmupCount=3)

// **************************
// Benchmark: WebApplicationBuildBenchmarks.ManualDI_BuildWebApp: ShortRun(InvocationCount=1, IterationCount=5, LaunchCount=1, UnrollFactor=1, WarmupCount=3)
// *** Execute ***
// Launch: 1 / 1
// Execute: dotnet 34652669-8378-4209-b79e-5df6789d8a23.dll --anonymousPipes 163 164 --benchmarkName NexusLabs.Needlr.Benchmarks.Benchmarks.WebApplicationBuildBenchmarks.ManualDI_BuildWebApp --job ShortRun --benchmarkId 61 in /home/runner/work/needlr/needlr/src/NexusLabs.Needlr.Benchmarks/bin/Release/net10.0/34652669-8378-4209-b79e-5df6789d8a23/bin/Release/net10.0
// Failed to set up high priority (Permission denied). In order to run benchmarks with high priority, make sure you have the right permissions.
// BeforeAnythingElse

// Benchmark Process Environment Information:
// BenchmarkDotNet v0.14.0
// Runtime=.NET 10.0.11 (10.0.1126.37416), X64 RyuJIT AVX2
// GC=Concurrent Workstation
// HardwareIntrinsics=AVX2,AES,BMI1,BMI2,FMA,LZCNT,PCLMUL,POPCNT VectorSize=256
// Job: ShortRun(InvocationCount=1, IterationCount=5, LaunchCount=1, UnrollFactor=1, WarmupCount=3)

OverheadJitting  1: 1 op, 309138.00 ns, 309.1380 us/op
WorkloadJitting  1: 1 op, 61859106.00 ns, 61.8591 ms/op

OverheadWarmup   1: 1 op, 341.00 ns, 341.0000 ns/op
OverheadWarmup   2: 1 op, 351.00 ns, 351.0000 ns/op
OverheadWarmup   3: 1 op, 321.00 ns, 321.0000 ns/op
OverheadWarmup   4: 1 op, 321.00 ns, 321.0000 ns/op
OverheadWarmup   5: 1 op, 341.00 ns, 341.0000 ns/op

OverheadActual   1: 1 op, 701.00 ns, 701.0000 ns/op
OverheadActual   2: 1 op, 331.00 ns, 331.0000 ns/op
OverheadActual   3: 1 op, 711.00 ns, 711.0000 ns/op
OverheadActual   4: 1 op, 651.00 ns, 651.0000 ns/op
OverheadActual   5: 1 op, 721.00 ns, 721.0000 ns/op
OverheadActual   6: 1 op, 651.00 ns, 651.0000 ns/op
OverheadActual   7: 1 op, 631.00 ns, 631.0000 ns/op
OverheadActual   8: 1 op, 290.00 ns, 290.0000 ns/op
OverheadActual   9: 1 op, 691.00 ns, 691.0000 ns/op
OverheadActual  10: 1 op, 351.00 ns, 351.0000 ns/op
OverheadActual  11: 1 op, 691.00 ns, 691.0000 ns/op
OverheadActual  12: 1 op, 612.00 ns, 612.0000 ns/op
OverheadActual  13: 1 op, 381.00 ns, 381.0000 ns/op
OverheadActual  14: 1 op, 311.00 ns, 311.0000 ns/op
OverheadActual  15: 1 op, 320.00 ns, 320.0000 ns/op
OverheadActual  16: 1 op, 391.00 ns, 391.0000 ns/op
OverheadActual  17: 1 op, 301.00 ns, 301.0000 ns/op
OverheadActual  18: 1 op, 311.00 ns, 311.0000 ns/op
OverheadActual  19: 1 op, 311.00 ns, 311.0000 ns/op
OverheadActual  20: 1 op, 380.00 ns, 380.0000 ns/op

WorkloadWarmup   1: 1 op, 4158391.00 ns, 4.1584 ms/op
WorkloadWarmup   2: 1 op, 2860142.00 ns, 2.8601 ms/op
WorkloadWarmup   3: 1 op, 2726311.00 ns, 2.7263 ms/op

// BeforeActualRun
WorkloadActual   1: 1 op, 2691476.00 ns, 2.6915 ms/op
WorkloadActual   2: 1 op, 2694613.00 ns, 2.6946 ms/op
WorkloadActual   3: 1 op, 2696406.00 ns, 2.6964 ms/op
WorkloadActual   4: 1 op, 2732463.00 ns, 2.7325 ms/op
WorkloadActual   5: 1 op, 2790081.00 ns, 2.7901 ms/op

// AfterActualRun
WorkloadResult   1: 1 op, 2691090.00 ns, 2.6911 ms/op
WorkloadResult   2: 1 op, 2694227.00 ns, 2.6942 ms/op
WorkloadResult   3: 1 op, 2696020.00 ns, 2.6960 ms/op
WorkloadResult   4: 1 op, 2732077.00 ns, 2.7321 ms/op
// GC:  0 0 0 534168 1
// Threading:  0 0 1

// AfterAll
// Benchmark Process 4104 has exited with code 0.

Mean = 2.703 ms, StdErr = 0.010 ms (0.36%), N = 4, StdDev = 0.019 ms
Min = 2.691 ms, Q1 = 2.693 ms, Median = 2.695 ms, Q3 = 2.705 ms, Max = 2.732 ms
IQR = 0.012 ms, LowerFence = 2.676 ms, UpperFence = 2.722 ms
ConfidenceInterval = [2.579 ms; 2.828 ms] (CI 99.9%), Margin = 0.124 ms (4.60% of Mean)
Skewness = 0.72, Kurtosis = 1.3, MValue = 2

// ** Remained 3 (4.6 %) benchmark(s) to run. Estimated finish 2026-08-23 3:31 (0h 0m from now) **
// **************************
// Benchmark: WebApplicationBuildBenchmarks.Needlr_Reflection_BuildWebApp: ShortRun(InvocationCount=1, IterationCount=5, LaunchCount=1, UnrollFactor=1, WarmupCount=3)
// *** Execute ***
// Launch: 1 / 1
// Execute: dotnet 34652669-8378-4209-b79e-5df6789d8a23.dll --anonymousPipes 163 164 --benchmarkName NexusLabs.Needlr.Benchmarks.Benchmarks.WebApplicationBuildBenchmarks.Needlr_Reflection_BuildWebApp --job ShortRun --benchmarkId 62 in /home/runner/work/needlr/needlr/src/NexusLabs.Needlr.Benchmarks/bin/Release/net10.0/34652669-8378-4209-b79e-5df6789d8a23/bin/Release/net10.0
// Failed to set up high priority (Permission denied). In order to run benchmarks with high priority, make sure you have the right permissions.
// BeforeAnythingElse

// Benchmark Process Environment Information:
// BenchmarkDotNet v0.14.0
// Runtime=.NET 10.0.11 (10.0.1126.37416), X64 RyuJIT AVX2
// GC=Concurrent Workstation
// HardwareIntrinsics=AVX2,AES,BMI1,BMI2,FMA,LZCNT,PCLMUL,POPCNT VectorSize=256
// Job: ShortRun(InvocationCount=1, IterationCount=5, LaunchCount=1, UnrollFactor=1, WarmupCount=3)

OverheadJitting  1: 1 op, 343984.00 ns, 343.9840 us/op
WorkloadJitting  1: 1 op, 110086414.00 ns, 110.0864 ms/op

OverheadWarmup   1: 1 op, 361.00 ns, 361.0000 ns/op
OverheadWarmup   2: 1 op, 320.00 ns, 320.0000 ns/op
OverheadWarmup   3: 1 op, 330.00 ns, 330.0000 ns/op
OverheadWarmup   4: 1 op, 341.00 ns, 341.0000 ns/op
OverheadWarmup   5: 1 op, 340.00 ns, 340.0000 ns/op
OverheadWarmup   6: 1 op, 330.00 ns, 330.0000 ns/op
OverheadWarmup   7: 1 op, 331.00 ns, 331.0000 ns/op
OverheadWarmup   8: 1 op, 331.00 ns, 331.0000 ns/op

OverheadActual   1: 1 op, 341.00 ns, 341.0000 ns/op
OverheadActual   2: 1 op, 341.00 ns, 341.0000 ns/op
OverheadActual   3: 1 op, 340.00 ns, 340.0000 ns/op
OverheadActual   4: 1 op, 340.00 ns, 340.0000 ns/op
OverheadActual   5: 1 op, 331.00 ns, 331.0000 ns/op
OverheadActual   6: 1 op, 331.00 ns, 331.0000 ns/op
OverheadActual   7: 1 op, 331.00 ns, 331.0000 ns/op
OverheadActual   8: 1 op, 331.00 ns, 331.0000 ns/op
OverheadActual   9: 1 op, 341.00 ns, 341.0000 ns/op
OverheadActual  10: 1 op, 330.00 ns, 330.0000 ns/op
OverheadActual  11: 1 op, 331.00 ns, 331.0000 ns/op
OverheadActual  12: 1 op, 351.00 ns, 351.0000 ns/op
OverheadActual  13: 1 op, 330.00 ns, 330.0000 ns/op
OverheadActual  14: 1 op, 330.00 ns, 330.0000 ns/op
OverheadActual  15: 1 op, 331.00 ns, 331.0000 ns/op

WorkloadWarmup   1: 1 op, 11629792.00 ns, 11.6298 ms/op
WorkloadWarmup   2: 1 op, 8933758.00 ns, 8.9338 ms/op
WorkloadWarmup   3: 1 op, 8989061.00 ns, 8.9891 ms/op

// BeforeActualRun
WorkloadActual   1: 1 op, 8910575.00 ns, 8.9106 ms/op
WorkloadActual   2: 1 op, 8948515.00 ns, 8.9485 ms/op
WorkloadActual   3: 1 op, 8933661.00 ns, 8.9337 ms/op
WorkloadActual   4: 1 op, 9339958.00 ns, 9.3400 ms/op
WorkloadActual   5: 1 op, 9081574.00 ns, 9.0816 ms/op

// AfterActualRun
WorkloadResult   1: 1 op, 8910244.00 ns, 8.9102 ms/op
WorkloadResult   2: 1 op, 8948184.00 ns, 8.9482 ms/op
WorkloadResult   3: 1 op, 8933330.00 ns, 8.9333 ms/op
WorkloadResult   4: 1 op, 9081243.00 ns, 9.0812 ms/op
// GC:  0 0 0 1821408 1
// Threading:  0 0 1

// AfterAll
// Benchmark Process 4131 has exited with code 0.

Mean = 8.968 ms, StdErr = 0.038 ms (0.43%), N = 4, StdDev = 0.077 ms
Min = 8.910 ms, Q1 = 8.928 ms, Median = 8.941 ms, Q3 = 8.981 ms, Max = 9.081 ms
IQR = 0.054 ms, LowerFence = 8.847 ms, UpperFence = 9.062 ms
ConfidenceInterval = [8.471 ms; 9.465 ms] (CI 99.9%), Margin = 0.497 ms (5.54% of Mean)
Skewness = 0.66, Kurtosis = 1.26, MValue = 2

// ** Remained 2 (3.1 %) benchmark(s) to run. Estimated finish 2026-08-23 3:31 (0h 0m from now) **
// **************************
// Benchmark: WebApplicationBuildBenchmarks.Needlr_SourceGen_BuildWebApp: ShortRun(InvocationCount=1, IterationCount=5, LaunchCount=1, UnrollFactor=1, WarmupCount=3)
// *** Execute ***
// Launch: 1 / 1
// Execute: dotnet 34652669-8378-4209-b79e-5df6789d8a23.dll --anonymousPipes 163 164 --benchmarkName NexusLabs.Needlr.Benchmarks.Benchmarks.WebApplicationBuildBenchmarks.Needlr_SourceGen_BuildWebApp --job ShortRun --benchmarkId 63 in /home/runner/work/needlr/needlr/src/NexusLabs.Needlr.Benchmarks/bin/Release/net10.0/34652669-8378-4209-b79e-5df6789d8a23/bin/Release/net10.0
// Failed to set up high priority (Permission denied). In order to run benchmarks with high priority, make sure you have the right permissions.
// BeforeAnythingElse

// Benchmark Process Environment Information:
// BenchmarkDotNet v0.14.0
// Runtime=.NET 10.0.11 (10.0.1126.37416), X64 RyuJIT AVX2
// GC=Concurrent Workstation
// HardwareIntrinsics=AVX2,AES,BMI1,BMI2,FMA,LZCNT,PCLMUL,POPCNT VectorSize=256
// Job: ShortRun(InvocationCount=1, IterationCount=5, LaunchCount=1, UnrollFactor=1, WarmupCount=3)

OverheadJitting  1: 1 op, 338603.00 ns, 338.6030 us/op
WorkloadJitting  1: 1 op, 99193130.00 ns, 99.1931 ms/op

OverheadWarmup   1: 1 op, 361.00 ns, 361.0000 ns/op
OverheadWarmup   2: 1 op, 331.00 ns, 331.0000 ns/op
OverheadWarmup   3: 1 op, 320.00 ns, 320.0000 ns/op
OverheadWarmup   4: 1 op, 391.00 ns, 391.0000 ns/op
OverheadWarmup   5: 1 op, 421.00 ns, 421.0000 ns/op
OverheadWarmup   6: 1 op, 331.00 ns, 331.0000 ns/op
OverheadWarmup   7: 1 op, 311.00 ns, 311.0000 ns/op
OverheadWarmup   8: 1 op, 321.00 ns, 321.0000 ns/op
OverheadWarmup   9: 1 op, 320.00 ns, 320.0000 ns/op

OverheadActual   1: 1 op, 331.00 ns, 331.0000 ns/op
OverheadActual   2: 1 op, 331.00 ns, 331.0000 ns/op
OverheadActual   3: 1 op, 331.00 ns, 331.0000 ns/op
OverheadActual   4: 1 op, 331.00 ns, 331.0000 ns/op
OverheadActual   5: 1 op, 321.00 ns, 321.0000 ns/op
OverheadActual   6: 1 op, 311.00 ns, 311.0000 ns/op
OverheadActual   7: 1 op, 331.00 ns, 331.0000 ns/op
OverheadActual   8: 1 op, 311.00 ns, 311.0000 ns/op
OverheadActual   9: 1 op, 321.00 ns, 321.0000 ns/op
OverheadActual  10: 1 op, 330.00 ns, 330.0000 ns/op
OverheadActual  11: 1 op, 350.00 ns, 350.0000 ns/op
OverheadActual  12: 1 op, 732.00 ns, 732.0000 ns/op
OverheadActual  13: 1 op, 581.00 ns, 581.0000 ns/op
OverheadActual  14: 1 op, 401.00 ns, 401.0000 ns/op
OverheadActual  15: 1 op, 341.00 ns, 341.0000 ns/op

WorkloadWarmup   1: 1 op, 5293275.00 ns, 5.2933 ms/op
WorkloadWarmup   2: 1 op, 3583085.00 ns, 3.5831 ms/op
WorkloadWarmup   3: 1 op, 3495361.00 ns, 3.4954 ms/op

// BeforeActualRun
WorkloadActual   1: 1 op, 3538712.00 ns, 3.5387 ms/op
WorkloadActual   2: 1 op, 3509808.00 ns, 3.5098 ms/op
WorkloadActual   3: 1 op, 3546437.00 ns, 3.5464 ms/op
WorkloadActual   4: 1 op, 3522893.00 ns, 3.5229 ms/op
WorkloadActual   5: 1 op, 3578807.00 ns, 3.5788 ms/op

// AfterActualRun
WorkloadResult   1: 1 op, 3538381.00 ns, 3.5384 ms/op
WorkloadResult   2: 1 op, 3509477.00 ns, 3.5095 ms/op
WorkloadResult   3: 1 op, 3546106.00 ns, 3.5461 ms/op
WorkloadResult   4: 1 op, 3522562.00 ns, 3.5226 ms/op
WorkloadResult   5: 1 op, 3578476.00 ns, 3.5785 ms/op
// GC:  0 0 0 822400 1
// Threading:  0 0 1

// AfterAll
// Benchmark Process 4158 has exited with code 0.

Mean = 3.539 ms, StdErr = 0.012 ms (0.33%), N = 5, StdDev = 0.026 ms
Min = 3.509 ms, Q1 = 3.523 ms, Median = 3.538 ms, Q3 = 3.546 ms, Max = 3.578 ms
IQR = 0.024 ms, LowerFence = 3.487 ms, UpperFence = 3.581 ms
ConfidenceInterval = [3.438 ms; 3.640 ms] (CI 99.9%), Margin = 0.101 ms (2.85% of Mean)
Skewness = 0.35, Kurtosis = 1.38, MValue = 2

// ** Remained 1 (1.5 %) benchmark(s) to run. Estimated finish 2026-08-23 3:31 (0h 0m from now) **
// **************************
// Benchmark: WebApplicationBuildBenchmarks.Needlr_SourceGenExplicit_BuildWebApp: ShortRun(InvocationCount=1, IterationCount=5, LaunchCount=1, UnrollFactor=1, WarmupCount=3)
// *** Execute ***
// Launch: 1 / 1
// Execute: dotnet 34652669-8378-4209-b79e-5df6789d8a23.dll --anonymousPipes 163 164 --benchmarkName NexusLabs.Needlr.Benchmarks.Benchmarks.WebApplicationBuildBenchmarks.Needlr_SourceGenExplicit_BuildWebApp --job ShortRun --benchmarkId 64 in /home/runner/work/needlr/needlr/src/NexusLabs.Needlr.Benchmarks/bin/Release/net10.0/34652669-8378-4209-b79e-5df6789d8a23/bin/Release/net10.0
// Failed to set up high priority (Permission denied). In order to run benchmarks with high priority, make sure you have the right permissions.
// BeforeAnythingElse

// Benchmark Process Environment Information:
// BenchmarkDotNet v0.14.0
// Runtime=.NET 10.0.11 (10.0.1126.37416), X64 RyuJIT AVX2
// GC=Concurrent Workstation
// HardwareIntrinsics=AVX2,AES,BMI1,BMI2,FMA,LZCNT,PCLMUL,POPCNT VectorSize=256
// Job: ShortRun(InvocationCount=1, IterationCount=5, LaunchCount=1, UnrollFactor=1, WarmupCount=3)

OverheadJitting  1: 1 op, 333414.00 ns, 333.4140 us/op
WorkloadJitting  1: 1 op, 94869649.00 ns, 94.8696 ms/op

OverheadWarmup   1: 1 op, 370.00 ns, 370.0000 ns/op
OverheadWarmup   2: 1 op, 390.00 ns, 390.0000 ns/op
OverheadWarmup   3: 1 op, 350.00 ns, 350.0000 ns/op
OverheadWarmup   4: 1 op, 380.00 ns, 380.0000 ns/op
OverheadWarmup   5: 1 op, 401.00 ns, 401.0000 ns/op
OverheadWarmup   6: 1 op, 361.00 ns, 361.0000 ns/op

OverheadActual   1: 1 op, 651.00 ns, 651.0000 ns/op
OverheadActual   2: 1 op, 391.00 ns, 391.0000 ns/op
OverheadActual   3: 1 op, 391.00 ns, 391.0000 ns/op
OverheadActual   4: 1 op, 381.00 ns, 381.0000 ns/op
OverheadActual   5: 1 op, 351.00 ns, 351.0000 ns/op
OverheadActual   6: 1 op, 621.00 ns, 621.0000 ns/op
OverheadActual   7: 1 op, 381.00 ns, 381.0000 ns/op
OverheadActual   8: 1 op, 711.00 ns, 711.0000 ns/op
OverheadActual   9: 1 op, 361.00 ns, 361.0000 ns/op
OverheadActual  10: 1 op, 711.00 ns, 711.0000 ns/op
OverheadActual  11: 1 op, 370.00 ns, 370.0000 ns/op
OverheadActual  12: 1 op, 391.00 ns, 391.0000 ns/op
OverheadActual  13: 1 op, 371.00 ns, 371.0000 ns/op
OverheadActual  14: 1 op, 381.00 ns, 381.0000 ns/op
OverheadActual  15: 1 op, 661.00 ns, 661.0000 ns/op
OverheadActual  16: 1 op, 381.00 ns, 381.0000 ns/op
OverheadActual  17: 1 op, 381.00 ns, 381.0000 ns/op
OverheadActual  18: 1 op, 361.00 ns, 361.0000 ns/op
OverheadActual  19: 1 op, 380.00 ns, 380.0000 ns/op
OverheadActual  20: 1 op, 671.00 ns, 671.0000 ns/op

WorkloadWarmup   1: 1 op, 5123959.00 ns, 5.1240 ms/op
WorkloadWarmup   2: 1 op, 3608914.00 ns, 3.6089 ms/op
WorkloadWarmup   3: 1 op, 3485443.00 ns, 3.4854 ms/op

// BeforeActualRun
WorkloadActual   1: 1 op, 3460847.00 ns, 3.4608 ms/op
WorkloadActual   2: 1 op, 3456378.00 ns, 3.4564 ms/op
WorkloadActual   3: 1 op, 3490311.00 ns, 3.4903 ms/op
WorkloadActual   4: 1 op, 3513665.00 ns, 3.5137 ms/op
WorkloadActual   5: 1 op, 3475714.00 ns, 3.4757 ms/op

// AfterActualRun
WorkloadResult   1: 1 op, 3460466.00 ns, 3.4605 ms/op
WorkloadResult   2: 1 op, 3455997.00 ns, 3.4560 ms/op
WorkloadResult   3: 1 op, 3489930.00 ns, 3.4899 ms/op
WorkloadResult   4: 1 op, 3513284.00 ns, 3.5133 ms/op
WorkloadResult   5: 1 op, 3475333.00 ns, 3.4753 ms/op
// GC:  0 0 0 743520 1
// Threading:  0 0 1

// AfterAll
// Benchmark Process 4185 has exited with code 0.

Mean = 3.479 ms, StdErr = 0.010 ms (0.30%), N = 5, StdDev = 0.023 ms
Min = 3.456 ms, Q1 = 3.460 ms, Median = 3.475 ms, Q3 = 3.490 ms, Max = 3.513 ms
IQR = 0.029 ms, LowerFence = 3.416 ms, UpperFence = 3.534 ms
ConfidenceInterval = [3.389 ms; 3.569 ms] (CI 99.9%), Margin = 0.090 ms (2.58% of Mean)
Skewness = 0.36, Kurtosis = 1.21, MValue = 2

// ** Remained 0 (0.0 %) benchmark(s) to run. Estimated finish 2026-08-23 3:31 (0h 0m from now) **
// ***** BenchmarkRunner: Finish  *****

// * Export *
  home/runner/work/needlr/needlr/benchmark-results/results/NexusLabs.Needlr.Benchmarks.Benchmarks.WebApplicationBuildBenchmarks-report.csv
  home/runner/work/needlr/needlr/benchmark-results/results/NexusLabs.Needlr.Benchmarks.Benchmarks.WebApplicationBuildBenchmarks-report-github.md
  home/runner/work/needlr/needlr/benchmark-results/results/NexusLabs.Needlr.Benchmarks.Benchmarks.WebApplicationBuildBenchmarks-report.html
  home/runner/work/needlr/needlr/benchmark-results/results/NexusLabs.Needlr.Benchmarks.Benchmarks.WebApplicationBuildBenchmarks-report-full-compressed.json
  home/runner/work/needlr/needlr/benchmark-results/results/NexusLabs.Needlr.Benchmarks.Benchmarks.WebApplicationBuildBenchmarks-report-default.md

// * Detailed results *
WebApplicationBuildBenchmarks.ManualDI_BuildWebApp: ShortRun(InvocationCount=1, IterationCount=5, LaunchCount=1, UnrollFactor=1, WarmupCount=3)
Runtime = .NET 10.0.11 (10.0.1126.37416), X64 RyuJIT AVX2; GC = Concurrent Workstation
Mean = 2.703 ms, StdErr = 0.010 ms (0.36%), N = 4, StdDev = 0.019 ms
Min = 2.691 ms, Q1 = 2.693 ms, Median = 2.695 ms, Q3 = 2.705 ms, Max = 2.732 ms
IQR = 0.012 ms, LowerFence = 2.676 ms, UpperFence = 2.722 ms
ConfidenceInterval = [2.579 ms; 2.828 ms] (CI 99.9%), Margin = 0.124 ms (4.60% of Mean)
Skewness = 0.72, Kurtosis = 1.3, MValue = 2
-------------------- Histogram --------------------
[2.675 ms ; 2.748 ms) | @@@@
---------------------------------------------------

WebApplicationBuildBenchmarks.Needlr_Reflection_BuildWebApp: ShortRun(InvocationCount=1, IterationCount=5, LaunchCount=1, UnrollFactor=1, WarmupCount=3)
Runtime = .NET 10.0.11 (10.0.1126.37416), X64 RyuJIT AVX2; GC = Concurrent Workstation
Mean = 8.968 ms, StdErr = 0.038 ms (0.43%), N = 4, StdDev = 0.077 ms
Min = 8.910 ms, Q1 = 8.928 ms, Median = 8.941 ms, Q3 = 8.981 ms, Max = 9.081 ms
IQR = 0.054 ms, LowerFence = 8.847 ms, UpperFence = 9.062 ms
ConfidenceInterval = [8.471 ms; 9.465 ms] (CI 99.9%), Margin = 0.497 ms (5.54% of Mean)
Skewness = 0.66, Kurtosis = 1.26, MValue = 2
-------------------- Histogram --------------------
[8.847 ms ; 9.145 ms) | @@@@
---------------------------------------------------

WebApplicationBuildBenchmarks.Needlr_SourceGen_BuildWebApp: ShortRun(InvocationCount=1, IterationCount=5, LaunchCount=1, UnrollFactor=1, WarmupCount=3)
Runtime = .NET 10.0.11 (10.0.1126.37416), X64 RyuJIT AVX2; GC = Concurrent Workstation
Mean = 3.539 ms, StdErr = 0.012 ms (0.33%), N = 5, StdDev = 0.026 ms
Min = 3.509 ms, Q1 = 3.523 ms, Median = 3.538 ms, Q3 = 3.546 ms, Max = 3.578 ms
IQR = 0.024 ms, LowerFence = 3.487 ms, UpperFence = 3.581 ms
ConfidenceInterval = [3.438 ms; 3.640 ms] (CI 99.9%), Margin = 0.101 ms (2.85% of Mean)
Skewness = 0.35, Kurtosis = 1.38, MValue = 2
-------------------- Histogram --------------------
[3.489 ms ; 3.599 ms) | @@@@@
---------------------------------------------------

WebApplicationBuildBenchmarks.Needlr_SourceGenExplicit_BuildWebApp: ShortRun(InvocationCount=1, IterationCount=5, LaunchCount=1, UnrollFactor=1, WarmupCount=3)
Runtime = .NET 10.0.11 (10.0.1126.37416), X64 RyuJIT AVX2; GC = Concurrent Workstation
Mean = 3.479 ms, StdErr = 0.010 ms (0.30%), N = 5, StdDev = 0.023 ms
Min = 3.456 ms, Q1 = 3.460 ms, Median = 3.475 ms, Q3 = 3.490 ms, Max = 3.513 ms
IQR = 0.029 ms, LowerFence = 3.416 ms, UpperFence = 3.534 ms
ConfidenceInterval = [3.389 ms; 3.569 ms] (CI 99.9%), Margin = 0.090 ms (2.58% of Mean)
Skewness = 0.36, Kurtosis = 1.21, MValue = 2
-------------------- Histogram --------------------
[3.438 ms ; 3.531 ms) | @@@@@
---------------------------------------------------

// * Summary *

BenchmarkDotNet v0.14.0, Ubuntu 24.04.4 LTS (Noble Numbat)
AMD EPYC 7763, 1 CPU, 4 logical and 2 physical cores
.NET SDK 10.0.302
  [Host]   : .NET 10.0.11 (10.0.1126.37416), X64 RyuJIT AVX2
  ShortRun : .NET 10.0.11 (10.0.1126.37416), X64 RyuJIT AVX2

Job=ShortRun  InvocationCount=1  IterationCount=5  
LaunchCount=1  UnrollFactor=1  WarmupCount=3  

| Method                               | Mean     | Error     | StdDev    | Ratio | RatioSD | Rank | Allocated  | Alloc Ratio |
|------------------------------------- |---------:|----------:|----------:|------:|--------:|-----:|-----------:|------------:|
| ManualDI_BuildWebApp                 | 2.703 ms | 0.1244 ms | 0.0193 ms |  1.00 |    0.01 |    1 |  521.65 KB |        1.00 |
| Needlr_Reflection_BuildWebApp        | 8.968 ms | 0.4971 ms | 0.0769 ms |  3.32 |    0.03 |    3 | 1778.72 KB |        3.41 |
| Needlr_SourceGen_BuildWebApp         | 3.539 ms | 0.1010 ms | 0.0262 ms |  1.31 |    0.01 |    2 |  803.13 KB |        1.54 |
| Needlr_SourceGenExplicit_BuildWebApp | 3.479 ms | 0.0899 ms | 0.0234 ms |  1.29 |    0.01 |    2 |  726.09 KB |        1.39 |

// * Warnings *
MinIterationTime
  WebApplicationBuildBenchmarks.ManualDI_BuildWebApp: ShortRun                 -> The minimum observed iteration time is 2.691ms which is very small. It's recommended to increase it to at least 100ms using more operations.
  WebApplicationBuildBenchmarks.Needlr_Reflection_BuildWebApp: ShortRun        -> The minimum observed iteration time is 8.911ms which is very small. It's recommended to increase it to at least 100ms using more operations.
  WebApplicationBuildBenchmarks.Needlr_SourceGen_BuildWebApp: ShortRun         -> The minimum observed iteration time is 3.51ms which is very small. It's recommended to increase it to at least 100ms using more operations.
  WebApplicationBuildBenchmarks.Needlr_SourceGenExplicit_BuildWebApp: ShortRun -> The minimum observed iteration time is 3.456ms which is very small. It's recommended to increase it to at least 100ms using more operations.

// * Hints *
Outliers
  WebApplicationBuildBenchmarks.ManualDI_BuildWebApp: ShortRun          -> 1 outlier  was  removed (2.79 ms)
  WebApplicationBuildBenchmarks.Needlr_Reflection_BuildWebApp: ShortRun -> 1 outlier  was  removed (9.34 ms)
// * Config Issues *

// * Warnings *
Configuration
  Summary -> The exporter HtmlExporter is already present in configuration. There may be unexpected results.

// * Legends *
  Mean        : Arithmetic mean of all measurements
  Error       : Half of 99.9% confidence interval
  StdDev      : Standard deviation of all measurements
  Ratio       : Mean of the ratio distribution ([Current]/[Baseline])
  RatioSD     : Standard deviation of the ratio distribution ([Current]/[Baseline])
  Rank        : Relative position of current benchmark mean among all benchmarks (Arabic style)
  Allocated   : Allocated memory per single operation (managed only, inclusive, 1KB = 1024B)
  Alloc Ratio : Allocated memory ratio distribution ([Current]/[Baseline])
  1 ms        : 1 Millisecond (0.001 sec)

// * Diagnostic Output - MemoryDiagnoser *


// ***** BenchmarkRunner: End *****
Run time: 00:00:01 (1.31 sec), executed benchmarks: 4

Global total time: 00:09:00 (540.67 sec), executed benchmarks: 65
// * Artifacts cleanup *
Artifacts cleanup is finished
