// Validating benchmarks:
// ***** BenchmarkRunner: Start   *****
// ***** Found 65 benchmark(s) in total *****
// ***** Building 1 exe(s) in Parallel: Start   *****
// start dotnet  restore /p:UseSharedCompilation=false /p:BuildInParallel=false /m:1 /p:Deterministic=true /p:Optimize=true /p:IntermediateOutputPath="/home/runner/work/needlr/needlr/src/NexusLabs.Needlr.Benchmarks/bin/Release/net10.0/bd712387-88f3-428d-bc3e-b66bbc2943f7/obj/Release/net10.0/" /p:OutDir="/home/runner/work/needlr/needlr/src/NexusLabs.Needlr.Benchmarks/bin/Release/net10.0/bd712387-88f3-428d-bc3e-b66bbc2943f7/bin/Release/net10.0/" /p:OutputPath="/home/runner/work/needlr/needlr/src/NexusLabs.Needlr.Benchmarks/bin/Release/net10.0/bd712387-88f3-428d-bc3e-b66bbc2943f7/bin/Release/net10.0/" in /home/runner/work/needlr/needlr/src/NexusLabs.Needlr.Benchmarks/bin/Release/net10.0/bd712387-88f3-428d-bc3e-b66bbc2943f7
// command took 1.99 sec and exited with 0
// start dotnet  build -c Release --no-restore /p:UseSharedCompilation=false /p:BuildInParallel=false /m:1 /p:Deterministic=true /p:Optimize=true /p:IntermediateOutputPath="/home/runner/work/needlr/needlr/src/NexusLabs.Needlr.Benchmarks/bin/Release/net10.0/bd712387-88f3-428d-bc3e-b66bbc2943f7/obj/Release/net10.0/" /p:OutDir="/home/runner/work/needlr/needlr/src/NexusLabs.Needlr.Benchmarks/bin/Release/net10.0/bd712387-88f3-428d-bc3e-b66bbc2943f7/bin/Release/net10.0/" /p:OutputPath="/home/runner/work/needlr/needlr/src/NexusLabs.Needlr.Benchmarks/bin/Release/net10.0/bd712387-88f3-428d-bc3e-b66bbc2943f7/bin/Release/net10.0/" --output "/home/runner/work/needlr/needlr/src/NexusLabs.Needlr.Benchmarks/bin/Release/net10.0/bd712387-88f3-428d-bc3e-b66bbc2943f7/bin/Release/net10.0/" in /home/runner/work/needlr/needlr/src/NexusLabs.Needlr.Benchmarks/bin/Release/net10.0/bd712387-88f3-428d-bc3e-b66bbc2943f7
// command took 30.26 sec and exited with 0
// ***** Done, took 00:00:32 (32.34 sec)   *****
// Found 3 benchmarks:
//   CollectionResolutionBenchmarks.ManualDI_ResolveCollection: ShortRun(IterationCount=5, LaunchCount=1, WarmupCount=3)
//   CollectionResolutionBenchmarks.Needlr_Reflection_ResolveCollection: ShortRun(IterationCount=5, LaunchCount=1, WarmupCount=3)
//   CollectionResolutionBenchmarks.Needlr_SourceGen_ResolveCollection: ShortRun(IterationCount=5, LaunchCount=1, WarmupCount=3)

// **************************
// Benchmark: CollectionResolutionBenchmarks.ManualDI_ResolveCollection: ShortRun(IterationCount=5, LaunchCount=1, WarmupCount=3)
// *** Execute ***
// Launch: 1 / 1
// Execute: dotnet bd712387-88f3-428d-bc3e-b66bbc2943f7.dll --anonymousPipes 159 160 --benchmarkName NexusLabs.Needlr.Benchmarks.Benchmarks.CollectionResolutionBenchmarks.ManualDI_ResolveCollection --job ShortRun --benchmarkId 0 in /home/runner/work/needlr/needlr/src/NexusLabs.Needlr.Benchmarks/bin/Release/net10.0/bd712387-88f3-428d-bc3e-b66bbc2943f7/bin/Release/net10.0
// Failed to set up high priority (Permission denied). In order to run benchmarks with high priority, make sure you have the right permissions.
// BeforeAnythingElse

// Benchmark Process Environment Information:
// BenchmarkDotNet v0.14.0
// Runtime=.NET 10.0.11 (10.0.1126.37416), X64 RyuJIT AVX2
// GC=Concurrent Workstation
// HardwareIntrinsics=AVX2,AES,BMI1,BMI2,FMA,LZCNT,PCLMUL,POPCNT VectorSize=256
// Job: ShortRun(IterationCount=5, LaunchCount=1, WarmupCount=3)

OverheadJitting  1: 1 op, 389508.00 ns, 389.5080 us/op
WorkloadJitting  1: 1 op, 5078317.00 ns, 5.0783 ms/op

OverheadJitting  2: 16 op, 512328.00 ns, 32.0205 us/op
WorkloadJitting  2: 16 op, 604209.00 ns, 37.7631 us/op

WorkloadPilot    1: 16 op, 11291.00 ns, 705.6875 ns/op
WorkloadPilot    2: 32 op, 13285.00 ns, 415.1563 ns/op
WorkloadPilot    3: 64 op, 17763.00 ns, 277.5469 ns/op
WorkloadPilot    4: 128 op, 46727.00 ns, 365.0547 ns/op
WorkloadPilot    5: 256 op, 92413.00 ns, 360.9883 ns/op
WorkloadPilot    6: 512 op, 158597.00 ns, 309.7598 ns/op
WorkloadPilot    7: 1024 op, 260877.00 ns, 254.7627 ns/op
WorkloadPilot    8: 2048 op, 440513.00 ns, 215.0942 ns/op
WorkloadPilot    9: 4096 op, 921592.00 ns, 224.9980 ns/op
WorkloadPilot   10: 8192 op, 1751512.00 ns, 213.8076 ns/op
WorkloadPilot   11: 16384 op, 3428475.00 ns, 209.2575 ns/op
WorkloadPilot   12: 32768 op, 6797619.00 ns, 207.4469 ns/op
WorkloadPilot   13: 65536 op, 13414700.00 ns, 204.6921 ns/op
WorkloadPilot   14: 131072 op, 26626462.00 ns, 203.1438 ns/op
WorkloadPilot   15: 262144 op, 53352350.00 ns, 203.5231 ns/op
WorkloadPilot   16: 524288 op, 73463499.00 ns, 140.1205 ns/op
WorkloadPilot   17: 1048576 op, 51403119.00 ns, 49.0218 ns/op
WorkloadPilot   18: 2097152 op, 100819867.00 ns, 48.0747 ns/op
WorkloadPilot   19: 4194304 op, 198292740.00 ns, 47.2767 ns/op
WorkloadPilot   20: 8388608 op, 393770672.00 ns, 46.9411 ns/op
WorkloadPilot   21: 16777216 op, 787753680.00 ns, 46.9538 ns/op

OverheadWarmup   1: 16777216 op, 70594060.00 ns, 4.2077 ns/op
OverheadWarmup   2: 16777216 op, 70690049.00 ns, 4.2135 ns/op
OverheadWarmup   3: 16777216 op, 76891064.00 ns, 4.5831 ns/op
OverheadWarmup   4: 16777216 op, 54849097.00 ns, 3.2693 ns/op
OverheadWarmup   5: 16777216 op, 55680489.00 ns, 3.3188 ns/op
OverheadWarmup   6: 16777216 op, 56119038.00 ns, 3.3450 ns/op
OverheadWarmup   7: 16777216 op, 54904700.00 ns, 3.2726 ns/op

OverheadActual   1: 16777216 op, 54954055.00 ns, 3.2755 ns/op
OverheadActual   2: 16777216 op, 55170136.00 ns, 3.2884 ns/op
OverheadActual   3: 16777216 op, 54956196.00 ns, 3.2756 ns/op
OverheadActual   4: 16777216 op, 55075458.00 ns, 3.2828 ns/op
OverheadActual   5: 16777216 op, 54906393.00 ns, 3.2727 ns/op
OverheadActual   6: 16777216 op, 55056431.00 ns, 3.2816 ns/op
OverheadActual   7: 16777216 op, 55580022.00 ns, 3.3128 ns/op
OverheadActual   8: 16777216 op, 63036616.00 ns, 3.7573 ns/op
OverheadActual   9: 16777216 op, 60103587.00 ns, 3.5825 ns/op
OverheadActual  10: 16777216 op, 55919436.00 ns, 3.3331 ns/op
OverheadActual  11: 16777216 op, 54944434.00 ns, 3.2749 ns/op
OverheadActual  12: 16777216 op, 55268490.00 ns, 3.2943 ns/op
OverheadActual  13: 16777216 op, 55192427.00 ns, 3.2897 ns/op
OverheadActual  14: 16777216 op, 55003114.00 ns, 3.2784 ns/op
OverheadActual  15: 16777216 op, 54812438.00 ns, 3.2671 ns/op

WorkloadWarmup   1: 16777216 op, 807000577.00 ns, 48.1010 ns/op
WorkloadWarmup   2: 16777216 op, 799392714.00 ns, 47.6475 ns/op
WorkloadWarmup   3: 16777216 op, 793339636.00 ns, 47.2867 ns/op

// BeforeActualRun
WorkloadActual   1: 16777216 op, 797752520.00 ns, 47.5498 ns/op
WorkloadActual   2: 16777216 op, 786756046.00 ns, 46.8943 ns/op
WorkloadActual   3: 16777216 op, 785640823.00 ns, 46.8278 ns/op
WorkloadActual   4: 16777216 op, 787748590.00 ns, 46.9535 ns/op
WorkloadActual   5: 16777216 op, 786637565.00 ns, 46.8873 ns/op

// AfterActualRun
WorkloadResult   1: 16777216 op, 731680588.00 ns, 43.6116 ns/op
WorkloadResult   2: 16777216 op, 730565365.00 ns, 43.5451 ns/op
WorkloadResult   3: 16777216 op, 732673132.00 ns, 43.6707 ns/op
WorkloadResult   4: 16777216 op, 731562107.00 ns, 43.6045 ns/op
// GC:  48 0 0 805307440 16777216
// Threading:  0 0 16777216

// AfterAll
// Benchmark Process 3465 has exited with code 0.

Mean = 43.608 ns, StdErr = 0.026 ns (0.06%), N = 4, StdDev = 0.051 ns
Min = 43.545 ns, Q1 = 43.590 ns, Median = 43.608 ns, Q3 = 43.626 ns, Max = 43.671 ns
IQR = 0.037 ns, LowerFence = 43.535 ns, UpperFence = 43.681 ns
ConfidenceInterval = [43.276 ns; 43.940 ns] (CI 99.9%), Margin = 0.332 ns (0.76% of Mean)
Skewness = -0, Kurtosis = 1.12, MValue = 2

// ** Remained 64 (98.5 %) benchmark(s) to run. Estimated finish 2026-08-30 3:22 (0h 11m from now) **
// **************************
// Benchmark: CollectionResolutionBenchmarks.Needlr_Reflection_ResolveCollection: ShortRun(IterationCount=5, LaunchCount=1, WarmupCount=3)
// *** Execute ***
// Launch: 1 / 1
// Execute: dotnet bd712387-88f3-428d-bc3e-b66bbc2943f7.dll --anonymousPipes 159 160 --benchmarkName NexusLabs.Needlr.Benchmarks.Benchmarks.CollectionResolutionBenchmarks.Needlr_Reflection_ResolveCollection --job ShortRun --benchmarkId 1 in /home/runner/work/needlr/needlr/src/NexusLabs.Needlr.Benchmarks/bin/Release/net10.0/bd712387-88f3-428d-bc3e-b66bbc2943f7/bin/Release/net10.0
// Failed to set up high priority (Permission denied). In order to run benchmarks with high priority, make sure you have the right permissions.
// BeforeAnythingElse

// Benchmark Process Environment Information:
// BenchmarkDotNet v0.14.0
// Runtime=.NET 10.0.11 (10.0.1126.37416), X64 RyuJIT AVX2
// GC=Concurrent Workstation
// HardwareIntrinsics=AVX2,AES,BMI1,BMI2,FMA,LZCNT,PCLMUL,POPCNT VectorSize=256
// Job: ShortRun(IterationCount=5, LaunchCount=1, WarmupCount=3)

OverheadJitting  1: 1 op, 351898.00 ns, 351.8980 us/op
WorkloadJitting  1: 1 op, 5147957.00 ns, 5.1480 ms/op

OverheadJitting  2: 16 op, 503320.00 ns, 31.4575 us/op
WorkloadJitting  2: 16 op, 551630.00 ns, 34.4769 us/op

WorkloadPilot    1: 16 op, 12303.00 ns, 768.9375 ns/op
WorkloadPilot    2: 32 op, 17963.00 ns, 561.3438 ns/op
WorkloadPilot    3: 64 op, 28093.00 ns, 438.9531 ns/op
WorkloadPilot    4: 128 op, 57247.00 ns, 447.2422 ns/op
WorkloadPilot    5: 256 op, 81332.00 ns, 317.7031 ns/op
WorkloadPilot    6: 512 op, 124182.00 ns, 242.5430 ns/op
WorkloadPilot    7: 1024 op, 215242.00 ns, 210.1973 ns/op
WorkloadPilot    8: 2048 op, 472483.00 ns, 230.7046 ns/op
WorkloadPilot    9: 4096 op, 936349.00 ns, 228.6008 ns/op
WorkloadPilot   10: 8192 op, 1690738.00 ns, 206.3889 ns/op
WorkloadPilot   11: 16384 op, 3299183.00 ns, 201.3661 ns/op
WorkloadPilot   12: 32768 op, 6609668.00 ns, 201.7111 ns/op
WorkloadPilot   13: 65536 op, 13261313.00 ns, 202.3516 ns/op
WorkloadPilot   14: 131072 op, 26373168.00 ns, 201.2113 ns/op
WorkloadPilot   15: 262144 op, 52366628.00 ns, 199.7628 ns/op
WorkloadPilot   16: 524288 op, 93773891.00 ns, 178.8595 ns/op
WorkloadPilot   17: 1048576 op, 48444493.00 ns, 46.2003 ns/op
WorkloadPilot   18: 2097152 op, 97199831.00 ns, 46.3485 ns/op
WorkloadPilot   19: 4194304 op, 189483698.00 ns, 45.1764 ns/op
WorkloadPilot   20: 8388608 op, 379103391.00 ns, 45.1926 ns/op
WorkloadPilot   21: 16777216 op, 762414473.00 ns, 45.4434 ns/op

OverheadWarmup   1: 16777216 op, 70663879.00 ns, 4.2119 ns/op
OverheadWarmup   2: 16777216 op, 71421334.00 ns, 4.2570 ns/op
OverheadWarmup   3: 16777216 op, 71493438.00 ns, 4.2613 ns/op
OverheadWarmup   4: 16777216 op, 55110533.00 ns, 3.2848 ns/op
OverheadWarmup   5: 16777216 op, 54834177.00 ns, 3.2684 ns/op
OverheadWarmup   6: 16777216 op, 54974659.00 ns, 3.2767 ns/op
OverheadWarmup   7: 16777216 op, 54884060.00 ns, 3.2713 ns/op

OverheadActual   1: 16777216 op, 55034211.00 ns, 3.2803 ns/op
OverheadActual   2: 16777216 op, 54916471.00 ns, 3.2733 ns/op
OverheadActual   3: 16777216 op, 54912323.00 ns, 3.2730 ns/op
OverheadActual   4: 16777216 op, 54956746.00 ns, 3.2757 ns/op
OverheadActual   5: 16777216 op, 54853603.00 ns, 3.2695 ns/op
OverheadActual   6: 16777216 op, 54849716.00 ns, 3.2693 ns/op
OverheadActual   7: 16777216 op, 54824198.00 ns, 3.2678 ns/op
OverheadActual   8: 16777216 op, 55213325.00 ns, 3.2910 ns/op
OverheadActual   9: 16777216 op, 55001219.00 ns, 3.2783 ns/op
OverheadActual  10: 16777216 op, 54954031.00 ns, 3.2755 ns/op
OverheadActual  11: 16777216 op, 54875995.00 ns, 3.2709 ns/op
OverheadActual  12: 16777216 op, 55089103.00 ns, 3.2836 ns/op
OverheadActual  13: 16777216 op, 54803149.00 ns, 3.2665 ns/op
OverheadActual  14: 16777216 op, 54849125.00 ns, 3.2693 ns/op
OverheadActual  15: 16777216 op, 55150368.00 ns, 3.2872 ns/op

WorkloadWarmup   1: 16777216 op, 769397636.00 ns, 45.8597 ns/op
WorkloadWarmup   2: 16777216 op, 768336718.00 ns, 45.7964 ns/op
WorkloadWarmup   3: 16777216 op, 760458511.00 ns, 45.3269 ns/op

// BeforeActualRun
WorkloadActual   1: 16777216 op, 762163496.00 ns, 45.4285 ns/op
WorkloadActual   2: 16777216 op, 760538718.00 ns, 45.3316 ns/op
WorkloadActual   3: 16777216 op, 756004390.00 ns, 45.0614 ns/op
WorkloadActual   4: 16777216 op, 757021910.00 ns, 45.1220 ns/op
WorkloadActual   5: 16777216 op, 769314761.00 ns, 45.8547 ns/op

// AfterActualRun
WorkloadResult   1: 16777216 op, 707247025.00 ns, 42.1552 ns/op
WorkloadResult   2: 16777216 op, 705622247.00 ns, 42.0584 ns/op
WorkloadResult   3: 16777216 op, 701087919.00 ns, 41.7881 ns/op
WorkloadResult   4: 16777216 op, 702105439.00 ns, 41.8487 ns/op
WorkloadResult   5: 16777216 op, 714398290.00 ns, 42.5815 ns/op
// GC:  48 0 0 805307440 16777216
// Threading:  0 0 16777216

// AfterAll
// Benchmark Process 3475 has exited with code 0.

Mean = 42.086 ns, StdErr = 0.141 ns (0.33%), N = 5, StdDev = 0.315 ns
Min = 41.788 ns, Q1 = 41.849 ns, Median = 42.058 ns, Q3 = 42.155 ns, Max = 42.581 ns
IQR = 0.306 ns, LowerFence = 41.389 ns, UpperFence = 42.615 ns
ConfidenceInterval = [40.875 ns; 43.298 ns] (CI 99.9%), Margin = 1.212 ns (2.88% of Mean)
Skewness = 0.52, Kurtosis = 1.45, MValue = 2

// ** Remained 63 (96.9 %) benchmark(s) to run. Estimated finish 2026-08-30 3:22 (0h 10m from now) **
// **************************
// Benchmark: CollectionResolutionBenchmarks.Needlr_SourceGen_ResolveCollection: ShortRun(IterationCount=5, LaunchCount=1, WarmupCount=3)
// *** Execute ***
// Launch: 1 / 1
// Execute: dotnet bd712387-88f3-428d-bc3e-b66bbc2943f7.dll --anonymousPipes 159 160 --benchmarkName NexusLabs.Needlr.Benchmarks.Benchmarks.CollectionResolutionBenchmarks.Needlr_SourceGen_ResolveCollection --job ShortRun --benchmarkId 2 in /home/runner/work/needlr/needlr/src/NexusLabs.Needlr.Benchmarks/bin/Release/net10.0/bd712387-88f3-428d-bc3e-b66bbc2943f7/bin/Release/net10.0
// Failed to set up high priority (Permission denied). In order to run benchmarks with high priority, make sure you have the right permissions.
// BeforeAnythingElse

// Benchmark Process Environment Information:
// BenchmarkDotNet v0.14.0
// Runtime=.NET 10.0.11 (10.0.1126.37416), X64 RyuJIT AVX2
// GC=Concurrent Workstation
// HardwareIntrinsics=AVX2,AES,BMI1,BMI2,FMA,LZCNT,PCLMUL,POPCNT VectorSize=256
// Job: ShortRun(IterationCount=5, LaunchCount=1, WarmupCount=3)

OverheadJitting  1: 1 op, 495345.00 ns, 495.3450 us/op
WorkloadJitting  1: 1 op, 5474898.00 ns, 5.4749 ms/op

OverheadJitting  2: 16 op, 532114.00 ns, 33.2571 us/op
WorkloadJitting  2: 16 op, 559776.00 ns, 34.9860 us/op

WorkloadPilot    1: 16 op, 11231.00 ns, 701.9375 ns/op
WorkloadPilot    2: 32 op, 13124.00 ns, 410.1250 ns/op
WorkloadPilot    3: 64 op, 33433.00 ns, 522.3906 ns/op
WorkloadPilot    4: 128 op, 81913.00 ns, 639.9453 ns/op
WorkloadPilot    5: 256 op, 95749.00 ns, 374.0195 ns/op
WorkloadPilot    6: 512 op, 113573.00 ns, 221.8223 ns/op
WorkloadPilot    7: 1024 op, 262941.00 ns, 256.7783 ns/op
WorkloadPilot    8: 2048 op, 457495.00 ns, 223.3862 ns/op
WorkloadPilot    9: 4096 op, 881517.00 ns, 215.2141 ns/op
WorkloadPilot   10: 8192 op, 1691269.00 ns, 206.4537 ns/op
WorkloadPilot   11: 16384 op, 3326023.00 ns, 203.0043 ns/op
WorkloadPilot   12: 32768 op, 6703162.00 ns, 204.5643 ns/op
WorkloadPilot   13: 65536 op, 13313291.00 ns, 203.1447 ns/op
WorkloadPilot   14: 131072 op, 26414006.00 ns, 201.5229 ns/op
WorkloadPilot   15: 262144 op, 52434947.00 ns, 200.0234 ns/op
WorkloadPilot   16: 524288 op, 91944627.00 ns, 175.3705 ns/op
WorkloadPilot   17: 1048576 op, 49033922.00 ns, 46.7624 ns/op
WorkloadPilot   18: 2097152 op, 100454414.00 ns, 47.9004 ns/op
WorkloadPilot   19: 4194304 op, 196119631.00 ns, 46.7586 ns/op
WorkloadPilot   20: 8388608 op, 388872893.00 ns, 46.3573 ns/op
WorkloadPilot   21: 16777216 op, 776583385.00 ns, 46.2880 ns/op

OverheadWarmup   1: 16777216 op, 71247411.00 ns, 4.2467 ns/op
OverheadWarmup   2: 16777216 op, 71453737.00 ns, 4.2590 ns/op
OverheadWarmup   3: 16777216 op, 73162859.00 ns, 4.3608 ns/op
OverheadWarmup   4: 16777216 op, 55495042.00 ns, 3.3078 ns/op
OverheadWarmup   5: 16777216 op, 55529908.00 ns, 3.3098 ns/op
OverheadWarmup   6: 16777216 op, 55522655.00 ns, 3.3094 ns/op

OverheadActual   1: 16777216 op, 55539646.00 ns, 3.3104 ns/op
OverheadActual   2: 16777216 op, 55550527.00 ns, 3.3111 ns/op
OverheadActual   3: 16777216 op, 55486918.00 ns, 3.3073 ns/op
OverheadActual   4: 16777216 op, 55574581.00 ns, 3.3125 ns/op
OverheadActual   5: 16777216 op, 55526680.00 ns, 3.3096 ns/op
OverheadActual   6: 16777216 op, 55491753.00 ns, 3.3076 ns/op
OverheadActual   7: 16777216 op, 55532780.00 ns, 3.3100 ns/op
OverheadActual   8: 16777216 op, 75165657.00 ns, 4.4802 ns/op
OverheadActual   9: 16777216 op, 55719469.00 ns, 3.3211 ns/op
OverheadActual  10: 16777216 op, 56364364.00 ns, 3.3596 ns/op
OverheadActual  11: 16777216 op, 55468871.00 ns, 3.3062 ns/op
OverheadActual  12: 16777216 op, 56138523.00 ns, 3.3461 ns/op
OverheadActual  13: 16777216 op, 55525728.00 ns, 3.3096 ns/op
OverheadActual  14: 16777216 op, 55822071.00 ns, 3.3273 ns/op
OverheadActual  15: 16777216 op, 55498917.00 ns, 3.3080 ns/op

WorkloadWarmup   1: 16777216 op, 782284280.00 ns, 46.6278 ns/op
WorkloadWarmup   2: 16777216 op, 772423691.00 ns, 46.0400 ns/op
WorkloadWarmup   3: 16777216 op, 766494273.00 ns, 45.6866 ns/op

// BeforeActualRun
WorkloadActual   1: 16777216 op, 779090933.00 ns, 46.4374 ns/op
WorkloadActual   2: 16777216 op, 789075916.00 ns, 47.0326 ns/op
WorkloadActual   3: 16777216 op, 777371444.00 ns, 46.3349 ns/op
WorkloadActual   4: 16777216 op, 776793624.00 ns, 46.3005 ns/op
WorkloadActual   5: 16777216 op, 775250191.00 ns, 46.2085 ns/op

// AfterActualRun
WorkloadResult   1: 16777216 op, 723551287.00 ns, 43.1270 ns/op
WorkloadResult   2: 16777216 op, 721831798.00 ns, 43.0245 ns/op
WorkloadResult   3: 16777216 op, 721253978.00 ns, 42.9901 ns/op
WorkloadResult   4: 16777216 op, 719710545.00 ns, 42.8981 ns/op
// GC:  48 0 0 805307440 16777216
// Threading:  0 0 16777216

// AfterAll
// Benchmark Process 3486 has exited with code 0.

Mean = 43.010 ns, StdErr = 0.047 ns (0.11%), N = 4, StdDev = 0.095 ns
Min = 42.898 ns, Q1 = 42.967 ns, Median = 43.007 ns, Q3 = 43.050 ns, Max = 43.127 ns
IQR = 0.083 ns, LowerFence = 42.842 ns, UpperFence = 43.175 ns
ConfidenceInterval = [42.399 ns; 43.621 ns] (CI 99.9%), Margin = 0.611 ns (1.42% of Mean)
Skewness = 0.06, Kurtosis = 1.08, MValue = 2

// ** Remained 62 (95.4 %) benchmark(s) to run. Estimated finish 2026-08-30 3:22 (0h 10m from now) **
// ***** BenchmarkRunner: Finish  *****

// * Export *
  home/runner/work/needlr/needlr/benchmark-results/results/NexusLabs.Needlr.Benchmarks.Benchmarks.CollectionResolutionBenchmarks-report.csv
  home/runner/work/needlr/needlr/benchmark-results/results/NexusLabs.Needlr.Benchmarks.Benchmarks.CollectionResolutionBenchmarks-report-github.md
  home/runner/work/needlr/needlr/benchmark-results/results/NexusLabs.Needlr.Benchmarks.Benchmarks.CollectionResolutionBenchmarks-report.html
  home/runner/work/needlr/needlr/benchmark-results/results/NexusLabs.Needlr.Benchmarks.Benchmarks.CollectionResolutionBenchmarks-report-full-compressed.json
  home/runner/work/needlr/needlr/benchmark-results/results/NexusLabs.Needlr.Benchmarks.Benchmarks.CollectionResolutionBenchmarks-report-default.md

// * Detailed results *
CollectionResolutionBenchmarks.ManualDI_ResolveCollection: ShortRun(IterationCount=5, LaunchCount=1, WarmupCount=3)
Runtime = .NET 10.0.11 (10.0.1126.37416), X64 RyuJIT AVX2; GC = Concurrent Workstation
Mean = 43.608 ns, StdErr = 0.026 ns (0.06%), N = 4, StdDev = 0.051 ns
Min = 43.545 ns, Q1 = 43.590 ns, Median = 43.608 ns, Q3 = 43.626 ns, Max = 43.671 ns
IQR = 0.037 ns, LowerFence = 43.535 ns, UpperFence = 43.681 ns
ConfidenceInterval = [43.276 ns; 43.940 ns] (CI 99.9%), Margin = 0.332 ns (0.76% of Mean)
Skewness = -0, Kurtosis = 1.12, MValue = 2
-------------------- Histogram --------------------
[43.503 ns ; 43.713 ns) | @@@@
---------------------------------------------------

CollectionResolutionBenchmarks.Needlr_Reflection_ResolveCollection: ShortRun(IterationCount=5, LaunchCount=1, WarmupCount=3)
Runtime = .NET 10.0.11 (10.0.1126.37416), X64 RyuJIT AVX2; GC = Concurrent Workstation
Mean = 42.086 ns, StdErr = 0.141 ns (0.33%), N = 5, StdDev = 0.315 ns
Min = 41.788 ns, Q1 = 41.849 ns, Median = 42.058 ns, Q3 = 42.155 ns, Max = 42.581 ns
IQR = 0.306 ns, LowerFence = 41.389 ns, UpperFence = 42.615 ns
ConfidenceInterval = [40.875 ns; 43.298 ns] (CI 99.9%), Margin = 1.212 ns (2.88% of Mean)
Skewness = 0.52, Kurtosis = 1.45, MValue = 2
-------------------- Histogram --------------------
[41.547 ns ; 42.823 ns) | @@@@@
---------------------------------------------------

CollectionResolutionBenchmarks.Needlr_SourceGen_ResolveCollection: ShortRun(IterationCount=5, LaunchCount=1, WarmupCount=3)
Runtime = .NET 10.0.11 (10.0.1126.37416), X64 RyuJIT AVX2; GC = Concurrent Workstation
Mean = 43.010 ns, StdErr = 0.047 ns (0.11%), N = 4, StdDev = 0.095 ns
Min = 42.898 ns, Q1 = 42.967 ns, Median = 43.007 ns, Q3 = 43.050 ns, Max = 43.127 ns
IQR = 0.083 ns, LowerFence = 42.842 ns, UpperFence = 43.175 ns
ConfidenceInterval = [42.399 ns; 43.621 ns] (CI 99.9%), Margin = 0.611 ns (1.42% of Mean)
Skewness = 0.06, Kurtosis = 1.08, MValue = 2
-------------------- Histogram --------------------
[42.820 ns ; 43.205 ns) | @@@@
---------------------------------------------------

// * Summary *

BenchmarkDotNet v0.14.0, Ubuntu 24.04.4 LTS (Noble Numbat)
AMD EPYC 7763, 1 CPU, 4 logical and 2 physical cores
.NET SDK 10.0.302
  [Host]   : .NET 10.0.11 (10.0.1126.37416), X64 RyuJIT AVX2
  ShortRun : .NET 10.0.11 (10.0.1126.37416), X64 RyuJIT AVX2

Job=ShortRun  IterationCount=5  LaunchCount=1  
WarmupCount=3  

| Method                              | Mean     | Error    | StdDev   | Ratio | Rank | Gen0   | Allocated | Alloc Ratio |
|------------------------------------ |---------:|---------:|---------:|------:|-----:|-------:|----------:|------------:|
| ManualDI_ResolveCollection          | 43.61 ns | 0.332 ns | 0.051 ns |  1.00 |    1 | 0.0029 |      48 B |        1.00 |
| Needlr_Reflection_ResolveCollection | 42.09 ns | 1.212 ns | 0.315 ns |  0.97 |    1 | 0.0029 |      48 B |        1.00 |
| Needlr_SourceGen_ResolveCollection  | 43.01 ns | 0.611 ns | 0.095 ns |  0.99 |    1 | 0.0029 |      48 B |        1.00 |

// * Hints *
Outliers
  CollectionResolutionBenchmarks.ManualDI_ResolveCollection: ShortRun         -> 1 outlier  was  removed (47.55 ns)
  CollectionResolutionBenchmarks.Needlr_SourceGen_ResolveCollection: ShortRun -> 1 outlier  was  removed (47.03 ns)
// * Config Issues *

// * Warnings *
Configuration
  Summary -> The exporter HtmlExporter is already present in configuration. There may be unexpected results.

// * Legends *
  Mean        : Arithmetic mean of all measurements
  Error       : Half of 99.9% confidence interval
  StdDev      : Standard deviation of all measurements
  Ratio       : Mean of the ratio distribution ([Current]/[Baseline])
  Rank        : Relative position of current benchmark mean among all benchmarks (Arabic style)
  Gen0        : GC Generation 0 collects per 1000 operations
  Allocated   : Allocated memory per single operation (managed only, inclusive, 1KB = 1024B)
  Alloc Ratio : Allocated memory ratio distribution ([Current]/[Baseline])
  1 ns        : 1 Nanosecond (0.000000001 sec)

// * Diagnostic Output - MemoryDiagnoser *


// ***** BenchmarkRunner: End *****
Run time: 00:00:30 (30.96 sec), executed benchmarks: 3

// Found 4 benchmarks:
//   CreatePluginsFromGenericTypeBenchmarks.Reflection_AssemblyListProvided: ShortRun(IterationCount=5, LaunchCount=1, WarmupCount=3)
//   CreatePluginsFromGenericTypeBenchmarks.SourceGen_AssemblyListProvided: ShortRun(IterationCount=5, LaunchCount=1, WarmupCount=3)
//   CreatePluginsFromGenericTypeBenchmarks.SourceGen_EmptyAssemblyList: ShortRun(IterationCount=5, LaunchCount=1, WarmupCount=3)
//   CreatePluginsFromGenericTypeBenchmarks.SourceGen_ParameterlessOverload: ShortRun(IterationCount=5, LaunchCount=1, WarmupCount=3)

// **************************
// Benchmark: CreatePluginsFromGenericTypeBenchmarks.Reflection_AssemblyListProvided: ShortRun(IterationCount=5, LaunchCount=1, WarmupCount=3)
// *** Execute ***
// Launch: 1 / 1
// Execute: dotnet bd712387-88f3-428d-bc3e-b66bbc2943f7.dll --anonymousPipes 165 166 --benchmarkName NexusLabs.Needlr.Benchmarks.Benchmarks.CreatePluginsFromGenericTypeBenchmarks.Reflection_AssemblyListProvided --job ShortRun --benchmarkId 3 in /home/runner/work/needlr/needlr/src/NexusLabs.Needlr.Benchmarks/bin/Release/net10.0/bd712387-88f3-428d-bc3e-b66bbc2943f7/bin/Release/net10.0
// Failed to set up high priority (Permission denied). In order to run benchmarks with high priority, make sure you have the right permissions.
// BeforeAnythingElse

// Benchmark Process Environment Information:
// BenchmarkDotNet v0.14.0
// Runtime=.NET 10.0.11 (10.0.1126.37416), X64 RyuJIT AVX2
// GC=Concurrent Workstation
// HardwareIntrinsics=AVX2,AES,BMI1,BMI2,FMA,LZCNT,PCLMUL,POPCNT VectorSize=256
// Job: ShortRun(IterationCount=5, LaunchCount=1, WarmupCount=3)

OverheadJitting  1: 1 op, 417059.00 ns, 417.0590 us/op
WorkloadJitting  1: 1 op, 12571606.00 ns, 12.5716 ms/op

OverheadJitting  2: 16 op, 539478.00 ns, 33.7174 us/op
WorkloadJitting  2: 16 op, 1422618.00 ns, 88.9136 us/op

WorkloadPilot    1: 16 op, 770049.00 ns, 48.1281 us/op
WorkloadPilot    2: 32 op, 1371572.00 ns, 42.8616 us/op
WorkloadPilot    3: 64 op, 2411776.00 ns, 37.6840 us/op
WorkloadPilot    4: 128 op, 5121177.00 ns, 40.0092 us/op
WorkloadPilot    5: 256 op, 9079772.00 ns, 35.4679 us/op
WorkloadPilot    6: 512 op, 23884549.00 ns, 46.6495 us/op
WorkloadPilot    7: 1024 op, 36459896.00 ns, 35.6054 us/op
WorkloadPilot    8: 2048 op, 78579588.00 ns, 38.3689 us/op
WorkloadPilot    9: 4096 op, 254023811.00 ns, 62.0175 us/op
WorkloadPilot   10: 8192 op, 462299026.00 ns, 56.4330 us/op
WorkloadPilot   11: 16384 op, 274992640.00 ns, 16.7842 us/op
WorkloadPilot   12: 32768 op, 390476727.00 ns, 11.9164 us/op
WorkloadPilot   13: 65536 op, 783546315.00 ns, 11.9560 us/op

OverheadWarmup   1: 65536 op, 331228.00 ns, 5.0541 ns/op
OverheadWarmup   2: 65536 op, 296514.00 ns, 4.5244 ns/op
OverheadWarmup   3: 65536 op, 276356.00 ns, 4.2169 ns/op
OverheadWarmup   4: 65536 op, 277248.00 ns, 4.2305 ns/op
OverheadWarmup   5: 65536 op, 276627.00 ns, 4.2210 ns/op
OverheadWarmup   6: 65536 op, 279933.00 ns, 4.2714 ns/op
OverheadWarmup   7: 65536 op, 276667.00 ns, 4.2216 ns/op

OverheadActual   1: 65536 op, 277228.00 ns, 4.2302 ns/op
OverheadActual   2: 65536 op, 300601.00 ns, 4.5868 ns/op
OverheadActual   3: 65536 op, 277318.00 ns, 4.2315 ns/op
OverheadActual   4: 65536 op, 276336.00 ns, 4.2166 ns/op
OverheadActual   5: 65536 op, 276887.00 ns, 4.2250 ns/op
OverheadActual   6: 65536 op, 295672.00 ns, 4.5116 ns/op
OverheadActual   7: 65536 op, 295141.00 ns, 4.5035 ns/op
OverheadActual   8: 65536 op, 295051.00 ns, 4.5021 ns/op
OverheadActual   9: 65536 op, 310560.00 ns, 4.7388 ns/op
OverheadActual  10: 65536 op, 307254.00 ns, 4.6883 ns/op
OverheadActual  11: 65536 op, 309307.00 ns, 4.7197 ns/op
OverheadActual  12: 65536 op, 294750.00 ns, 4.4975 ns/op
OverheadActual  13: 65536 op, 295522.00 ns, 4.5093 ns/op
OverheadActual  14: 65536 op, 295232.00 ns, 4.5049 ns/op
OverheadActual  15: 65536 op, 297616.00 ns, 4.5413 ns/op

WorkloadWarmup   1: 65536 op, 798435431.00 ns, 12.1832 us/op
WorkloadWarmup   2: 65536 op, 795989353.00 ns, 12.1458 us/op
WorkloadWarmup   3: 65536 op, 788555932.00 ns, 12.0324 us/op

// BeforeActualRun
WorkloadActual   1: 65536 op, 784277351.00 ns, 11.9671 us/op
WorkloadActual   2: 65536 op, 769821936.00 ns, 11.7466 us/op
WorkloadActual   3: 65536 op, 771077440.00 ns, 11.7657 us/op
WorkloadActual   4: 65536 op, 774577257.00 ns, 11.8191 us/op
WorkloadActual   5: 65536 op, 775628347.00 ns, 11.8351 us/op

// AfterActualRun
WorkloadResult   1: 65536 op, 769526704.00 ns, 11.7420 us/op
WorkloadResult   2: 65536 op, 770782208.00 ns, 11.7612 us/op
WorkloadResult   3: 65536 op, 774282025.00 ns, 11.8146 us/op
WorkloadResult   4: 65536 op, 775333115.00 ns, 11.8306 us/op
// GC:  11 0 0 196963136 65536
// Threading:  0 0 65536

// AfterAll
// Benchmark Process 3504 has exited with code 0.

Mean = 11.787 μs, StdErr = 0.021 μs (0.18%), N = 4, StdDev = 0.042 μs
Min = 11.742 μs, Q1 = 11.756 μs, Median = 11.788 μs, Q3 = 11.819 μs, Max = 11.831 μs
IQR = 0.062 μs, LowerFence = 11.663 μs, UpperFence = 11.912 μs
ConfidenceInterval = [11.514 μs; 12.060 μs] (CI 99.9%), Margin = 0.273 μs (2.32% of Mean)
Skewness = -0.02, Kurtosis = 0.69, MValue = 2

// ** Remained 61 (93.8 %) benchmark(s) to run. Estimated finish 2026-08-30 3:21 (0h 10m from now) **
// **************************
// Benchmark: CreatePluginsFromGenericTypeBenchmarks.SourceGen_AssemblyListProvided: ShortRun(IterationCount=5, LaunchCount=1, WarmupCount=3)
// *** Execute ***
// Launch: 1 / 1
// Execute: dotnet bd712387-88f3-428d-bc3e-b66bbc2943f7.dll --anonymousPipes 165 166 --benchmarkName NexusLabs.Needlr.Benchmarks.Benchmarks.CreatePluginsFromGenericTypeBenchmarks.SourceGen_AssemblyListProvided --job ShortRun --benchmarkId 4 in /home/runner/work/needlr/needlr/src/NexusLabs.Needlr.Benchmarks/bin/Release/net10.0/bd712387-88f3-428d-bc3e-b66bbc2943f7/bin/Release/net10.0
// Failed to set up high priority (Permission denied). In order to run benchmarks with high priority, make sure you have the right permissions.
// BeforeAnythingElse

// Benchmark Process Environment Information:
// BenchmarkDotNet v0.14.0
// Runtime=.NET 10.0.11 (10.0.1126.37416), X64 RyuJIT AVX2
// GC=Concurrent Workstation
// HardwareIntrinsics=AVX2,AES,BMI1,BMI2,FMA,LZCNT,PCLMUL,POPCNT VectorSize=256
// Job: ShortRun(IterationCount=5, LaunchCount=1, WarmupCount=3)

OverheadJitting  1: 1 op, 348999.00 ns, 348.9990 us/op
WorkloadJitting  1: 1 op, 18107565.00 ns, 18.1076 ms/op

OverheadJitting  2: 16 op, 541077.00 ns, 33.8173 us/op
WorkloadJitting  2: 16 op, 1643499.00 ns, 102.7187 us/op

WorkloadPilot    1: 16 op, 885738.00 ns, 55.3586 us/op
WorkloadPilot    2: 32 op, 1679645.00 ns, 52.4889 us/op
WorkloadPilot    3: 64 op, 3612422.00 ns, 56.4441 us/op
WorkloadPilot    4: 128 op, 7187916.00 ns, 56.1556 us/op
WorkloadPilot    5: 256 op, 14193933.00 ns, 55.4451 us/op
WorkloadPilot    6: 512 op, 28104397.00 ns, 54.8914 us/op
WorkloadPilot    7: 1024 op, 48230449.00 ns, 47.1000 us/op
WorkloadPilot    8: 2048 op, 95452461.00 ns, 46.6076 us/op
WorkloadPilot    9: 4096 op, 190299246.00 ns, 46.4598 us/op
WorkloadPilot   10: 8192 op, 266913803.00 ns, 32.5823 us/op
WorkloadPilot   11: 16384 op, 441217234.00 ns, 26.9298 us/op
WorkloadPilot   12: 32768 op, 887126220.00 ns, 27.0729 us/op

OverheadWarmup   1: 32768 op, 139931.00 ns, 4.2704 ns/op
OverheadWarmup   2: 32768 op, 148297.00 ns, 4.5257 ns/op
OverheadWarmup   3: 32768 op, 194263.00 ns, 5.9284 ns/op
OverheadWarmup   4: 32768 op, 147014.00 ns, 4.4865 ns/op
OverheadWarmup   5: 32768 op, 168274.00 ns, 5.1353 ns/op
OverheadWarmup   6: 32768 op, 141153.00 ns, 4.3076 ns/op

OverheadActual   1: 32768 op, 139220.00 ns, 4.2487 ns/op
OverheadActual   2: 32768 op, 128280.00 ns, 3.9148 ns/op
OverheadActual   3: 32768 op, 138909.00 ns, 4.2392 ns/op
OverheadActual   4: 32768 op, 128229.00 ns, 3.9132 ns/op
OverheadActual   5: 32768 op, 159688.00 ns, 4.8733 ns/op
OverheadActual   6: 32768 op, 128260.00 ns, 3.9142 ns/op
OverheadActual   7: 32768 op, 138859.00 ns, 4.2376 ns/op
OverheadActual   8: 32768 op, 128180.00 ns, 3.9117 ns/op
OverheadActual   9: 32768 op, 166611.00 ns, 5.0846 ns/op
OverheadActual  10: 32768 op, 128190.00 ns, 3.9120 ns/op
OverheadActual  11: 32768 op, 138790.00 ns, 4.2355 ns/op
OverheadActual  12: 32768 op, 128359.00 ns, 3.9172 ns/op
OverheadActual  13: 32768 op, 138749.00 ns, 4.2343 ns/op
OverheadActual  14: 32768 op, 128239.00 ns, 3.9135 ns/op
OverheadActual  15: 32768 op, 139310.00 ns, 4.2514 ns/op
OverheadActual  16: 32768 op, 128190.00 ns, 3.9120 ns/op

WorkloadWarmup   1: 32768 op, 900996439.00 ns, 27.4962 us/op
WorkloadWarmup   2: 32768 op, 891048807.00 ns, 27.1927 us/op
WorkloadWarmup   3: 32768 op, 885302402.00 ns, 27.0173 us/op

// BeforeActualRun
WorkloadActual   1: 32768 op, 884324725.00 ns, 26.9874 us/op
WorkloadActual   2: 32768 op, 883034646.00 ns, 26.9481 us/op
WorkloadActual   3: 32768 op, 883086597.00 ns, 26.9497 us/op
WorkloadActual   4: 32768 op, 882527021.00 ns, 26.9326 us/op
WorkloadActual   5: 32768 op, 882333488.00 ns, 26.9267 us/op

// AfterActualRun
WorkloadResult   1: 32768 op, 882901092.00 ns, 26.9440 us/op
WorkloadResult   2: 32768 op, 882953043.00 ns, 26.9456 us/op
WorkloadResult   3: 32768 op, 882393467.00 ns, 26.9285 us/op
WorkloadResult   4: 32768 op, 882199934.00 ns, 26.9226 us/op
// GC:  51 0 0 869270240 32768
// Threading:  0 0 32768

// AfterAll
// Benchmark Process 3515 has exited with code 0.

Mean = 26.935 μs, StdErr = 0.006 μs (0.02%), N = 4, StdDev = 0.011 μs
Min = 26.923 μs, Q1 = 26.927 μs, Median = 26.936 μs, Q3 = 26.944 μs, Max = 26.946 μs
IQR = 0.017 μs, LowerFence = 26.901 μs, UpperFence = 26.970 μs
ConfidenceInterval = [26.862 μs; 27.009 μs] (CI 99.9%), Margin = 0.074 μs (0.27% of Mean)
Skewness = -0.08, Kurtosis = 0.67, MValue = 2

// ** Remained 60 (92.3 %) benchmark(s) to run. Estimated finish 2026-08-30 3:21 (0h 10m from now) **
// **************************
// Benchmark: CreatePluginsFromGenericTypeBenchmarks.SourceGen_EmptyAssemblyList: ShortRun(IterationCount=5, LaunchCount=1, WarmupCount=3)
// *** Execute ***
// Launch: 1 / 1
// Execute: dotnet bd712387-88f3-428d-bc3e-b66bbc2943f7.dll --anonymousPipes 165 166 --benchmarkName NexusLabs.Needlr.Benchmarks.Benchmarks.CreatePluginsFromGenericTypeBenchmarks.SourceGen_EmptyAssemblyList --job ShortRun --benchmarkId 5 in /home/runner/work/needlr/needlr/src/NexusLabs.Needlr.Benchmarks/bin/Release/net10.0/bd712387-88f3-428d-bc3e-b66bbc2943f7/bin/Release/net10.0
// Failed to set up high priority (Permission denied). In order to run benchmarks with high priority, make sure you have the right permissions.
// BeforeAnythingElse

// Benchmark Process Environment Information:
// BenchmarkDotNet v0.14.0
// Runtime=.NET 10.0.11 (10.0.1126.37416), X64 RyuJIT AVX2
// GC=Concurrent Workstation
// HardwareIntrinsics=AVX2,AES,BMI1,BMI2,FMA,LZCNT,PCLMUL,POPCNT VectorSize=256
// Job: ShortRun(IterationCount=5, LaunchCount=1, WarmupCount=3)

OverheadJitting  1: 1 op, 383005.00 ns, 383.0050 us/op
WorkloadJitting  1: 1 op, 17505086.00 ns, 17.5051 ms/op

OverheadJitting  2: 16 op, 562250.00 ns, 35.1406 us/op
WorkloadJitting  2: 16 op, 1419340.00 ns, 88.7088 us/op

WorkloadPilot    1: 16 op, 813379.00 ns, 50.8362 us/op
WorkloadPilot    2: 32 op, 1501495.00 ns, 46.9217 us/op
WorkloadPilot    3: 64 op, 3202251.00 ns, 50.0352 us/op
WorkloadPilot    4: 128 op, 6386108.00 ns, 49.8915 us/op
WorkloadPilot    5: 256 op, 12910053.00 ns, 50.4299 us/op
WorkloadPilot    6: 512 op, 25347394.00 ns, 49.5066 us/op
WorkloadPilot    7: 1024 op, 43485161.00 ns, 42.4660 us/op
WorkloadPilot    8: 2048 op, 82518548.00 ns, 40.2923 us/op
WorkloadPilot    9: 4096 op, 163240871.00 ns, 39.8537 us/op
WorkloadPilot   10: 8192 op, 236341999.00 ns, 28.8503 us/op
WorkloadPilot   11: 16384 op, 437236691.00 ns, 26.6868 us/op
WorkloadPilot   12: 32768 op, 882245868.00 ns, 26.9240 us/op

OverheadWarmup   1: 32768 op, 161572.00 ns, 4.9308 ns/op
OverheadWarmup   2: 32768 op, 145451.00 ns, 4.4388 ns/op
OverheadWarmup   3: 32768 op, 157735.00 ns, 4.8137 ns/op
OverheadWarmup   4: 32768 op, 146563.00 ns, 4.4727 ns/op
OverheadWarmup   5: 32768 op, 159457.00 ns, 4.8662 ns/op
OverheadWarmup   6: 32768 op, 146433.00 ns, 4.4688 ns/op

OverheadActual   1: 32768 op, 159588.00 ns, 4.8702 ns/op
OverheadActual   2: 32768 op, 162514.00 ns, 4.9595 ns/op
OverheadActual   3: 32768 op, 163325.00 ns, 4.9843 ns/op
OverheadActual   4: 32768 op, 147386.00 ns, 4.4979 ns/op
OverheadActual   5: 32768 op, 158476.00 ns, 4.8363 ns/op
OverheadActual   6: 32768 op, 160950.00 ns, 4.9118 ns/op
OverheadActual   7: 32768 op, 157093.00 ns, 4.7941 ns/op
OverheadActual   8: 32768 op, 146484.00 ns, 4.4703 ns/op
OverheadActual   9: 32768 op, 159848.00 ns, 4.8782 ns/op
OverheadActual  10: 32768 op, 147576.00 ns, 4.5037 ns/op
OverheadActual  11: 32768 op, 174075.00 ns, 5.3123 ns/op
OverheadActual  12: 32768 op, 151152.00 ns, 4.6128 ns/op
OverheadActual  13: 32768 op, 138900.00 ns, 4.2389 ns/op
OverheadActual  14: 32768 op, 128200.00 ns, 3.9124 ns/op
OverheadActual  15: 32768 op, 138890.00 ns, 4.2386 ns/op
OverheadActual  16: 32768 op, 128239.00 ns, 3.9135 ns/op
OverheadActual  17: 32768 op, 139090.00 ns, 4.2447 ns/op
OverheadActual  18: 32768 op, 128209.00 ns, 3.9126 ns/op
OverheadActual  19: 32768 op, 139601.00 ns, 4.2603 ns/op
OverheadActual  20: 32768 op, 128410.00 ns, 3.9188 ns/op

WorkloadWarmup   1: 32768 op, 898133264.00 ns, 27.4089 us/op
WorkloadWarmup   2: 32768 op, 874722786.00 ns, 26.6944 us/op
WorkloadWarmup   3: 32768 op, 872234444.00 ns, 26.6185 us/op

// BeforeActualRun
WorkloadActual   1: 32768 op, 880548819.00 ns, 26.8722 us/op
WorkloadActual   2: 32768 op, 875121620.00 ns, 26.7066 us/op
WorkloadActual   3: 32768 op, 874625464.00 ns, 26.6915 us/op
WorkloadActual   4: 32768 op, 871278855.00 ns, 26.5893 us/op
WorkloadActual   5: 32768 op, 871262074.00 ns, 26.5888 us/op

// AfterActualRun
WorkloadResult   1: 32768 op, 880401338.00 ns, 26.8677 us/op
WorkloadResult   2: 32768 op, 874974139.00 ns, 26.7021 us/op
WorkloadResult   3: 32768 op, 874477983.00 ns, 26.6870 us/op
WorkloadResult   4: 32768 op, 871131374.00 ns, 26.5848 us/op
WorkloadResult   5: 32768 op, 871114593.00 ns, 26.5843 us/op
// GC:  50 0 0 836502240 32768
// Threading:  0 0 32768

// AfterAll
// Benchmark Process 3524 has exited with code 0.

Mean = 26.685 μs, StdErr = 0.052 μs (0.19%), N = 5, StdDev = 0.116 μs
Min = 26.584 μs, Q1 = 26.585 μs, Median = 26.687 μs, Q3 = 26.702 μs, Max = 26.868 μs
IQR = 0.117 μs, LowerFence = 26.409 μs, UpperFence = 26.878 μs
ConfidenceInterval = [26.238 μs; 27.132 μs] (CI 99.9%), Margin = 0.447 μs (1.67% of Mean)
Skewness = 0.52, Kurtosis = 1.45, MValue = 2

// ** Remained 59 (90.8 %) benchmark(s) to run. Estimated finish 2026-08-30 3:21 (0h 9m from now) **
// **************************
// Benchmark: CreatePluginsFromGenericTypeBenchmarks.SourceGen_ParameterlessOverload: ShortRun(IterationCount=5, LaunchCount=1, WarmupCount=3)
// *** Execute ***
// Launch: 1 / 1
// Execute: dotnet bd712387-88f3-428d-bc3e-b66bbc2943f7.dll --anonymousPipes 165 166 --benchmarkName NexusLabs.Needlr.Benchmarks.Benchmarks.CreatePluginsFromGenericTypeBenchmarks.SourceGen_ParameterlessOverload --job ShortRun --benchmarkId 6 in /home/runner/work/needlr/needlr/src/NexusLabs.Needlr.Benchmarks/bin/Release/net10.0/bd712387-88f3-428d-bc3e-b66bbc2943f7/bin/Release/net10.0
// Failed to set up high priority (Permission denied). In order to run benchmarks with high priority, make sure you have the right permissions.
// BeforeAnythingElse

// Benchmark Process Environment Information:
// BenchmarkDotNet v0.14.0
// Runtime=.NET 10.0.11 (10.0.1126.37416), X64 RyuJIT AVX2
// GC=Concurrent Workstation
// HardwareIntrinsics=AVX2,AES,BMI1,BMI2,FMA,LZCNT,PCLMUL,POPCNT VectorSize=256
// Job: ShortRun(IterationCount=5, LaunchCount=1, WarmupCount=3)

OverheadJitting  1: 1 op, 396230.00 ns, 396.2300 us/op
WorkloadJitting  1: 1 op, 16458599.00 ns, 16.4586 ms/op

OverheadJitting  2: 16 op, 550047.00 ns, 34.3779 us/op
WorkloadJitting  2: 16 op, 618144.00 ns, 38.6340 us/op

WorkloadPilot    1: 16 op, 76864.00 ns, 4.8040 us/op
WorkloadPilot    2: 32 op, 122779.00 ns, 3.8368 us/op
WorkloadPilot    3: 64 op, 197789.00 ns, 3.0905 us/op
WorkloadPilot    4: 128 op, 406850.00 ns, 3.1785 us/op
WorkloadPilot    5: 256 op, 894480.00 ns, 3.4941 us/op
WorkloadPilot    6: 512 op, 1651443.00 ns, 3.2255 us/op
WorkloadPilot    7: 1024 op, 3070463.00 ns, 2.9985 us/op
WorkloadPilot    8: 2048 op, 6050777.00 ns, 2.9545 us/op
WorkloadPilot    9: 4096 op, 11788220.00 ns, 2.8780 us/op
WorkloadPilot   10: 8192 op, 25348688.00 ns, 3.0943 us/op
WorkloadPilot   11: 16384 op, 46077931.00 ns, 2.8124 us/op
WorkloadPilot   12: 32768 op, 106024025.00 ns, 3.2356 us/op
WorkloadPilot   13: 65536 op, 118047674.00 ns, 1.8013 us/op
WorkloadPilot   14: 131072 op, 84840644.00 ns, 647.2827 ns/op
WorkloadPilot   15: 262144 op, 128495220.00 ns, 490.1704 ns/op
WorkloadPilot   16: 524288 op, 258148033.00 ns, 492.3783 ns/op
WorkloadPilot   17: 1048576 op, 514998823.00 ns, 491.1412 ns/op

OverheadWarmup   1: 1048576 op, 4467571.00 ns, 4.2606 ns/op
OverheadWarmup   2: 1048576 op, 5870731.00 ns, 5.5988 ns/op
OverheadWarmup   3: 1048576 op, 4538434.00 ns, 4.3282 ns/op
OverheadWarmup   4: 1048576 op, 4476137.00 ns, 4.2688 ns/op
OverheadWarmup   5: 1048576 op, 4497116.00 ns, 4.2888 ns/op
OverheadWarmup   6: 1048576 op, 4484132.00 ns, 4.2764 ns/op

OverheadActual   1: 1048576 op, 4462963.00 ns, 4.2562 ns/op
OverheadActual   2: 1048576 op, 4477480.00 ns, 4.2701 ns/op
OverheadActual   3: 1048576 op, 4459807.00 ns, 4.2532 ns/op
OverheadActual   4: 1048576 op, 4479985.00 ns, 4.2724 ns/op
OverheadActual   5: 1048576 op, 4487759.00 ns, 4.2799 ns/op
OverheadActual   6: 1048576 op, 4483371.00 ns, 4.2757 ns/op
OverheadActual   7: 1048576 op, 4470146.00 ns, 4.2631 ns/op
OverheadActual   8: 1048576 op, 4471028.00 ns, 4.2639 ns/op
OverheadActual   9: 1048576 op, 4479413.00 ns, 4.2719 ns/op
OverheadActual  10: 1048576 op, 4488501.00 ns, 4.2806 ns/op
OverheadActual  11: 1048576 op, 4486938.00 ns, 4.2791 ns/op
OverheadActual  12: 1048576 op, 4478201.00 ns, 4.2707 ns/op
OverheadActual  13: 1048576 op, 4481418.00 ns, 4.2738 ns/op
OverheadActual  14: 1048576 op, 4484272.00 ns, 4.2765 ns/op
OverheadActual  15: 1048576 op, 4508498.00 ns, 4.2996 ns/op

WorkloadWarmup   1: 1048576 op, 523372547.00 ns, 499.1270 ns/op
WorkloadWarmup   2: 1048576 op, 525345393.00 ns, 501.0084 ns/op
WorkloadWarmup   3: 1048576 op, 529197812.00 ns, 504.6824 ns/op

// BeforeActualRun
WorkloadActual   1: 1048576 op, 510728174.00 ns, 487.0683 ns/op
WorkloadActual   2: 1048576 op, 510104871.00 ns, 486.4739 ns/op
WorkloadActual   3: 1048576 op, 511420255.00 ns, 487.7284 ns/op
WorkloadActual   4: 1048576 op, 508871419.00 ns, 485.2976 ns/op
WorkloadActual   5: 1048576 op, 509374387.00 ns, 485.7773 ns/op

// AfterActualRun
WorkloadResult   1: 1048576 op, 506248189.00 ns, 482.7959 ns/op
WorkloadResult   2: 1048576 op, 505624886.00 ns, 482.2015 ns/op
WorkloadResult   3: 1048576 op, 506940270.00 ns, 483.4559 ns/op
WorkloadResult   4: 1048576 op, 504391434.00 ns, 481.0252 ns/op
WorkloadResult   5: 1048576 op, 504894402.00 ns, 481.5048 ns/op
// GC:  27 0 0 461374176 1048576
// Threading:  0 0 1048576

// AfterAll
// Benchmark Process 3540 has exited with code 0.

Mean = 482.197 ns, StdErr = 0.436 ns (0.09%), N = 5, StdDev = 0.974 ns
Min = 481.025 ns, Q1 = 481.505 ns, Median = 482.201 ns, Q3 = 482.796 ns, Max = 483.456 ns
IQR = 1.291 ns, LowerFence = 479.568 ns, UpperFence = 484.733 ns
ConfidenceInterval = [478.446 ns; 485.948 ns] (CI 99.9%), Margin = 3.751 ns (0.78% of Mean)
Skewness = 0.06, Kurtosis = 1.06, MValue = 2

// ** Remained 58 (89.2 %) benchmark(s) to run. Estimated finish 2026-08-30 3:21 (0h 9m from now) **
// ***** BenchmarkRunner: Finish  *****

// * Export *
  home/runner/work/needlr/needlr/benchmark-results/results/NexusLabs.Needlr.Benchmarks.Benchmarks.CreatePluginsFromGenericTypeBenchmarks-report.csv
  home/runner/work/needlr/needlr/benchmark-results/results/NexusLabs.Needlr.Benchmarks.Benchmarks.CreatePluginsFromGenericTypeBenchmarks-report-github.md
  home/runner/work/needlr/needlr/benchmark-results/results/NexusLabs.Needlr.Benchmarks.Benchmarks.CreatePluginsFromGenericTypeBenchmarks-report.html
  home/runner/work/needlr/needlr/benchmark-results/results/NexusLabs.Needlr.Benchmarks.Benchmarks.CreatePluginsFromGenericTypeBenchmarks-report-full-compressed.json
  home/runner/work/needlr/needlr/benchmark-results/results/NexusLabs.Needlr.Benchmarks.Benchmarks.CreatePluginsFromGenericTypeBenchmarks-report-default.md

// * Detailed results *
CreatePluginsFromGenericTypeBenchmarks.Reflection_AssemblyListProvided: ShortRun(IterationCount=5, LaunchCount=1, WarmupCount=3)
Runtime = .NET 10.0.11 (10.0.1126.37416), X64 RyuJIT AVX2; GC = Concurrent Workstation
Mean = 11.787 μs, StdErr = 0.021 μs (0.18%), N = 4, StdDev = 0.042 μs
Min = 11.742 μs, Q1 = 11.756 μs, Median = 11.788 μs, Q3 = 11.819 μs, Max = 11.831 μs
IQR = 0.062 μs, LowerFence = 11.663 μs, UpperFence = 11.912 μs
ConfidenceInterval = [11.514 μs; 12.060 μs] (CI 99.9%), Margin = 0.273 μs (2.32% of Mean)
Skewness = -0.02, Kurtosis = 0.69, MValue = 2
-------------------- Histogram --------------------
[11.707 μs ; 11.866 μs) | @@@@
---------------------------------------------------

CreatePluginsFromGenericTypeBenchmarks.SourceGen_AssemblyListProvided: ShortRun(IterationCount=5, LaunchCount=1, WarmupCount=3)
Runtime = .NET 10.0.11 (10.0.1126.37416), X64 RyuJIT AVX2; GC = Concurrent Workstation
Mean = 26.935 μs, StdErr = 0.006 μs (0.02%), N = 4, StdDev = 0.011 μs
Min = 26.923 μs, Q1 = 26.927 μs, Median = 26.936 μs, Q3 = 26.944 μs, Max = 26.946 μs
IQR = 0.017 μs, LowerFence = 26.901 μs, UpperFence = 26.970 μs
ConfidenceInterval = [26.862 μs; 27.009 μs] (CI 99.9%), Margin = 0.074 μs (0.27% of Mean)
Skewness = -0.08, Kurtosis = 0.67, MValue = 2
-------------------- Histogram --------------------
[26.913 μs ; 26.955 μs) | @@@@
---------------------------------------------------

CreatePluginsFromGenericTypeBenchmarks.SourceGen_EmptyAssemblyList: ShortRun(IterationCount=5, LaunchCount=1, WarmupCount=3)
Runtime = .NET 10.0.11 (10.0.1126.37416), X64 RyuJIT AVX2; GC = Concurrent Workstation
Mean = 26.685 μs, StdErr = 0.052 μs (0.19%), N = 5, StdDev = 0.116 μs
Min = 26.584 μs, Q1 = 26.585 μs, Median = 26.687 μs, Q3 = 26.702 μs, Max = 26.868 μs
IQR = 0.117 μs, LowerFence = 26.409 μs, UpperFence = 26.878 μs
ConfidenceInterval = [26.238 μs; 27.132 μs] (CI 99.9%), Margin = 0.447 μs (1.67% of Mean)
Skewness = 0.52, Kurtosis = 1.45, MValue = 2
-------------------- Histogram --------------------
[26.495 μs ; 26.957 μs) | @@@@@
---------------------------------------------------

CreatePluginsFromGenericTypeBenchmarks.SourceGen_ParameterlessOverload: ShortRun(IterationCount=5, LaunchCount=1, WarmupCount=3)
Runtime = .NET 10.0.11 (10.0.1126.37416), X64 RyuJIT AVX2; GC = Concurrent Workstation
Mean = 482.197 ns, StdErr = 0.436 ns (0.09%), N = 5, StdDev = 0.974 ns
Min = 481.025 ns, Q1 = 481.505 ns, Median = 482.201 ns, Q3 = 482.796 ns, Max = 483.456 ns
IQR = 1.291 ns, LowerFence = 479.568 ns, UpperFence = 484.733 ns
ConfidenceInterval = [478.446 ns; 485.948 ns] (CI 99.9%), Margin = 3.751 ns (0.78% of Mean)
Skewness = 0.06, Kurtosis = 1.06, MValue = 2
-------------------- Histogram --------------------
[480.277 ns ; 484.204 ns) | @@@@@
---------------------------------------------------

// * Summary *

BenchmarkDotNet v0.14.0, Ubuntu 24.04.4 LTS (Noble Numbat)
AMD EPYC 7763, 1 CPU, 4 logical and 2 physical cores
.NET SDK 10.0.302
  [Host]   : .NET 10.0.11 (10.0.1126.37416), X64 RyuJIT AVX2
  ShortRun : .NET 10.0.11 (10.0.1126.37416), X64 RyuJIT AVX2

Job=ShortRun  IterationCount=5  LaunchCount=1  
WarmupCount=3  

| Method                          | Mean        | Error     | StdDev    | Ratio | Rank | Gen0   | Allocated | Alloc Ratio |
|-------------------------------- |------------:|----------:|----------:|------:|-----:|-------:|----------:|------------:|
| Reflection_AssemblyListProvided | 11,787.1 ns | 272.97 ns |  42.24 ns |  1.00 |    2 | 0.1678 |    3005 B |        1.00 |
| SourceGen_AssemblyListProvided  | 26,935.2 ns |  73.56 ns |  11.38 ns |  2.29 |    3 | 1.5564 |   26528 B |        8.83 |
| SourceGen_EmptyAssemblyList     | 26,685.2 ns | 446.81 ns | 116.03 ns |  2.26 |    3 | 1.5259 |   25528 B |        8.50 |
| SourceGen_ParameterlessOverload |    482.2 ns |   3.75 ns |   0.97 ns |  0.04 |    1 | 0.0257 |     440 B |        0.15 |

// * Hints *
Outliers
  CreatePluginsFromGenericTypeBenchmarks.Reflection_AssemblyListProvided: ShortRun -> 1 outlier  was  removed (11.97 μs)
  CreatePluginsFromGenericTypeBenchmarks.SourceGen_AssemblyListProvided: ShortRun  -> 1 outlier  was  removed (26.99 μs)
// * Config Issues *

// * Warnings *
Configuration
  Summary -> The exporter HtmlExporter is already present in configuration. There may be unexpected results.

// * Legends *
  Mean        : Arithmetic mean of all measurements
  Error       : Half of 99.9% confidence interval
  StdDev      : Standard deviation of all measurements
  Ratio       : Mean of the ratio distribution ([Current]/[Baseline])
  Rank        : Relative position of current benchmark mean among all benchmarks (Arabic style)
  Gen0        : GC Generation 0 collects per 1000 operations
  Allocated   : Allocated memory per single operation (managed only, inclusive, 1KB = 1024B)
  Alloc Ratio : Allocated memory ratio distribution ([Current]/[Baseline])
  1 ns        : 1 Nanosecond (0.000000001 sec)

// * Diagnostic Output - MemoryDiagnoser *


// ***** BenchmarkRunner: End *****
Run time: 00:00:36 (36.09 sec), executed benchmarks: 4

// Found 3 benchmarks:
//   DecoratorResolutionBenchmarks.ManualDI_ResolveDecorated: ShortRun(IterationCount=5, LaunchCount=1, WarmupCount=3)
//   DecoratorResolutionBenchmarks.Needlr_Reflection_ResolveDecorated: ShortRun(IterationCount=5, LaunchCount=1, WarmupCount=3)
//   DecoratorResolutionBenchmarks.Needlr_SourceGen_ResolveDecorated: ShortRun(IterationCount=5, LaunchCount=1, WarmupCount=3)

// **************************
// Benchmark: DecoratorResolutionBenchmarks.ManualDI_ResolveDecorated: ShortRun(IterationCount=5, LaunchCount=1, WarmupCount=3)
// *** Execute ***
// Launch: 1 / 1
// Execute: dotnet bd712387-88f3-428d-bc3e-b66bbc2943f7.dll --anonymousPipes 163 164 --benchmarkName NexusLabs.Needlr.Benchmarks.Benchmarks.DecoratorResolutionBenchmarks.ManualDI_ResolveDecorated --job ShortRun --benchmarkId 7 in /home/runner/work/needlr/needlr/src/NexusLabs.Needlr.Benchmarks/bin/Release/net10.0/bd712387-88f3-428d-bc3e-b66bbc2943f7/bin/Release/net10.0
// Failed to set up high priority (Permission denied). In order to run benchmarks with high priority, make sure you have the right permissions.
// BeforeAnythingElse

// Benchmark Process Environment Information:
// BenchmarkDotNet v0.14.0
// Runtime=.NET 10.0.11 (10.0.1126.37416), X64 RyuJIT AVX2
// GC=Concurrent Workstation
// HardwareIntrinsics=AVX2,AES,BMI1,BMI2,FMA,LZCNT,PCLMUL,POPCNT VectorSize=256
// Job: ShortRun(IterationCount=5, LaunchCount=1, WarmupCount=3)

OverheadJitting  1: 1 op, 374399.00 ns, 374.3990 us/op
WorkloadJitting  1: 1 op, 3382282.00 ns, 3.3823 ms/op

OverheadJitting  2: 16 op, 504562.00 ns, 31.5351 us/op
WorkloadJitting  2: 16 op, 623112.00 ns, 38.9445 us/op

WorkloadPilot    1: 16 op, 7964.00 ns, 497.7500 ns/op
WorkloadPilot    2: 32 op, 6823.00 ns, 213.2188 ns/op
WorkloadPilot    3: 64 op, 9097.00 ns, 142.1406 ns/op
WorkloadPilot    4: 128 op, 19236.00 ns, 150.2813 ns/op
WorkloadPilot    5: 256 op, 23333.00 ns, 91.1445 ns/op
WorkloadPilot    6: 512 op, 50524.00 ns, 98.6797 ns/op
WorkloadPilot    7: 1024 op, 84076.00 ns, 82.1055 ns/op
WorkloadPilot    8: 2048 op, 187720.00 ns, 91.6602 ns/op
WorkloadPilot    9: 4096 op, 333292.00 ns, 81.3701 ns/op
WorkloadPilot   10: 8192 op, 712760.00 ns, 87.0068 ns/op
WorkloadPilot   11: 16384 op, 1388541.00 ns, 84.7498 ns/op
WorkloadPilot   12: 32768 op, 2695841.00 ns, 82.2705 ns/op
WorkloadPilot   13: 65536 op, 5205814.00 ns, 79.4344 ns/op
WorkloadPilot   14: 131072 op, 10346078.00 ns, 78.9343 ns/op
WorkloadPilot   15: 262144 op, 20741334.00 ns, 79.1219 ns/op
WorkloadPilot   16: 524288 op, 41132951.00 ns, 78.4549 ns/op
WorkloadPilot   17: 1048576 op, 82414399.00 ns, 78.5965 ns/op
WorkloadPilot   18: 2097152 op, 66719901.00 ns, 31.8145 ns/op
WorkloadPilot   19: 4194304 op, 76298656.00 ns, 18.1910 ns/op
WorkloadPilot   20: 8388608 op, 153159200.00 ns, 18.2580 ns/op
WorkloadPilot   21: 16777216 op, 304283787.00 ns, 18.1367 ns/op
WorkloadPilot   22: 33554432 op, 606419350.00 ns, 18.0727 ns/op

OverheadWarmup   1: 33554432 op, 141252290.00 ns, 4.2096 ns/op
OverheadWarmup   2: 33554432 op, 148973429.00 ns, 4.4398 ns/op
OverheadWarmup   3: 33554432 op, 113317109.00 ns, 3.3771 ns/op
OverheadWarmup   4: 33554432 op, 114157547.00 ns, 3.4022 ns/op
OverheadWarmup   5: 33554432 op, 109991212.00 ns, 3.2780 ns/op

OverheadActual   1: 33554432 op, 110090447.00 ns, 3.2810 ns/op
OverheadActual   2: 33554432 op, 110024674.00 ns, 3.2790 ns/op
OverheadActual   3: 33554432 op, 109907065.00 ns, 3.2755 ns/op
OverheadActual   4: 33554432 op, 111089512.00 ns, 3.3107 ns/op
OverheadActual   5: 33554432 op, 109837325.00 ns, 3.2734 ns/op
OverheadActual   6: 33554432 op, 114634763.00 ns, 3.4164 ns/op
OverheadActual   7: 33554432 op, 111633278.00 ns, 3.3269 ns/op
OverheadActual   8: 33554432 op, 111874066.00 ns, 3.3341 ns/op
OverheadActual   9: 33554432 op, 111386076.00 ns, 3.3196 ns/op
OverheadActual  10: 33554432 op, 111098979.00 ns, 3.3110 ns/op
OverheadActual  11: 33554432 op, 109998165.00 ns, 3.2782 ns/op
OverheadActual  12: 33554432 op, 109764398.00 ns, 3.2712 ns/op
OverheadActual  13: 33554432 op, 109808501.00 ns, 3.2725 ns/op
OverheadActual  14: 33554432 op, 109740514.00 ns, 3.2705 ns/op
OverheadActual  15: 33554432 op, 109742418.00 ns, 3.2706 ns/op

WorkloadWarmup   1: 33554432 op, 601837504.00 ns, 17.9362 ns/op
WorkloadWarmup   2: 33554432 op, 602509326.00 ns, 17.9562 ns/op
WorkloadWarmup   3: 33554432 op, 616043506.00 ns, 18.3595 ns/op

// BeforeActualRun
WorkloadActual   1: 33554432 op, 602753258.00 ns, 17.9634 ns/op
WorkloadActual   2: 33554432 op, 600062803.00 ns, 17.8833 ns/op
WorkloadActual   3: 33554432 op, 600900262.00 ns, 17.9082 ns/op
WorkloadActual   4: 33554432 op, 599589957.00 ns, 17.8692 ns/op
WorkloadActual   5: 33554432 op, 608396643.00 ns, 18.1316 ns/op

// AfterActualRun
WorkloadResult   1: 33554432 op, 492728584.00 ns, 14.6845 ns/op
WorkloadResult   2: 33554432 op, 490038129.00 ns, 14.6043 ns/op
WorkloadResult   3: 33554432 op, 490875588.00 ns, 14.6292 ns/op
WorkloadResult   4: 33554432 op, 489565283.00 ns, 14.5902 ns/op
// GC:  0 0 0 784 33554432
// Threading:  0 0 33554432

// AfterAll
// Benchmark Process 3552 has exited with code 0.

Mean = 14.627 ns, StdErr = 0.021 ns (0.14%), N = 4, StdDev = 0.042 ns
Min = 14.590 ns, Q1 = 14.601 ns, Median = 14.617 ns, Q3 = 14.643 ns, Max = 14.684 ns
IQR = 0.042 ns, LowerFence = 14.537 ns, UpperFence = 14.706 ns
ConfidenceInterval = [14.359 ns; 14.896 ns] (CI 99.9%), Margin = 0.268 ns (1.84% of Mean)
Skewness = 0.44, Kurtosis = 1.09, MValue = 2

// ** Remained 57 (87.7 %) benchmark(s) to run. Estimated finish 2026-08-30 3:21 (0h 9m from now) **
// **************************
// Benchmark: DecoratorResolutionBenchmarks.Needlr_Reflection_ResolveDecorated: ShortRun(IterationCount=5, LaunchCount=1, WarmupCount=3)
// *** Execute ***
// Launch: 1 / 1
// Execute: dotnet bd712387-88f3-428d-bc3e-b66bbc2943f7.dll --anonymousPipes 163 164 --benchmarkName NexusLabs.Needlr.Benchmarks.Benchmarks.DecoratorResolutionBenchmarks.Needlr_Reflection_ResolveDecorated --job ShortRun --benchmarkId 8 in /home/runner/work/needlr/needlr/src/NexusLabs.Needlr.Benchmarks/bin/Release/net10.0/bd712387-88f3-428d-bc3e-b66bbc2943f7/bin/Release/net10.0
// Failed to set up high priority (Permission denied). In order to run benchmarks with high priority, make sure you have the right permissions.
// BeforeAnythingElse

// Benchmark Process Environment Information:
// BenchmarkDotNet v0.14.0
// Runtime=.NET 10.0.11 (10.0.1126.37416), X64 RyuJIT AVX2
// GC=Concurrent Workstation
// HardwareIntrinsics=AVX2,AES,BMI1,BMI2,FMA,LZCNT,PCLMUL,POPCNT VectorSize=256
// Job: ShortRun(IterationCount=5, LaunchCount=1, WarmupCount=3)

OverheadJitting  1: 1 op, 357327.00 ns, 357.3270 us/op
WorkloadJitting  1: 1 op, 7201408.00 ns, 7.2014 ms/op

OverheadJitting  2: 16 op, 511515.00 ns, 31.9697 us/op
WorkloadJitting  2: 16 op, 481740.00 ns, 30.1088 us/op

WorkloadPilot    1: 16 op, 6772.00 ns, 423.2500 ns/op
WorkloadPilot    2: 32 op, 8435.00 ns, 263.5938 ns/op
WorkloadPilot    3: 64 op, 13145.00 ns, 205.3906 ns/op
WorkloadPilot    4: 128 op, 28924.00 ns, 225.9688 ns/op
WorkloadPilot    5: 256 op, 36558.00 ns, 142.8047 ns/op
WorkloadPilot    6: 512 op, 58980.00 ns, 115.1953 ns/op
WorkloadPilot    7: 1024 op, 98674.00 ns, 96.3613 ns/op
WorkloadPilot    8: 2048 op, 182691.00 ns, 89.2046 ns/op
WorkloadPilot    9: 4096 op, 347779.00 ns, 84.9070 ns/op
WorkloadPilot   10: 8192 op, 814601.00 ns, 99.4386 ns/op
WorkloadPilot   11: 16384 op, 1524848.00 ns, 93.0693 ns/op
WorkloadPilot   12: 32768 op, 2959987.00 ns, 90.3316 ns/op
WorkloadPilot   13: 65536 op, 8119372.00 ns, 123.8918 ns/op
WorkloadPilot   14: 131072 op, 11898029.00 ns, 90.7748 ns/op
WorkloadPilot   15: 262144 op, 23401260.00 ns, 89.2687 ns/op
WorkloadPilot   16: 524288 op, 46997173.00 ns, 89.6400 ns/op
WorkloadPilot   17: 1048576 op, 92667944.00 ns, 88.3750 ns/op
WorkloadPilot   18: 2097152 op, 37686426.00 ns, 17.9703 ns/op
WorkloadPilot   19: 4194304 op, 76587511.00 ns, 18.2599 ns/op
WorkloadPilot   20: 8388608 op, 150387243.00 ns, 17.9276 ns/op
WorkloadPilot   21: 16777216 op, 300699991.00 ns, 17.9231 ns/op
WorkloadPilot   22: 33554432 op, 602993709.00 ns, 17.9706 ns/op

OverheadWarmup   1: 33554432 op, 143486068.00 ns, 4.2762 ns/op
OverheadWarmup   2: 33554432 op, 149658444.00 ns, 4.4602 ns/op
OverheadWarmup   3: 33554432 op, 114446869.00 ns, 3.4108 ns/op
OverheadWarmup   4: 33554432 op, 111143511.00 ns, 3.3123 ns/op
OverheadWarmup   5: 33554432 op, 111322656.00 ns, 3.3177 ns/op
OverheadWarmup   6: 33554432 op, 111891989.00 ns, 3.3346 ns/op
OverheadWarmup   7: 33554432 op, 110935342.00 ns, 3.3061 ns/op

OverheadActual   1: 33554432 op, 110988521.00 ns, 3.3077 ns/op
OverheadActual   2: 33554432 op, 111196160.00 ns, 3.3139 ns/op
OverheadActual   3: 33554432 op, 111089342.00 ns, 3.3107 ns/op
OverheadActual   4: 33554432 op, 110999927.00 ns, 3.3081 ns/op
OverheadActual   5: 33554432 op, 111198138.00 ns, 3.3140 ns/op
OverheadActual   6: 33554432 op, 115328628.00 ns, 3.4371 ns/op
OverheadActual   7: 33554432 op, 111106436.00 ns, 3.3112 ns/op
OverheadActual   8: 33554432 op, 111117286.00 ns, 3.3116 ns/op
OverheadActual   9: 33554432 op, 111004235.00 ns, 3.3082 ns/op
OverheadActual  10: 33554432 op, 110930237.00 ns, 3.3060 ns/op
OverheadActual  11: 33554432 op, 111263129.00 ns, 3.3159 ns/op
OverheadActual  12: 33554432 op, 111122747.00 ns, 3.3117 ns/op
OverheadActual  13: 33554432 op, 111034562.00 ns, 3.3091 ns/op
OverheadActual  14: 33554432 op, 111808679.00 ns, 3.3322 ns/op
OverheadActual  15: 33554432 op, 113312971.00 ns, 3.3770 ns/op

WorkloadWarmup   1: 33554432 op, 598551268.00 ns, 17.8382 ns/op
WorkloadWarmup   2: 33554432 op, 598981612.00 ns, 17.8510 ns/op
WorkloadWarmup   3: 33554432 op, 601871915.00 ns, 17.9372 ns/op

// BeforeActualRun
WorkloadActual   1: 33554432 op, 600701747.00 ns, 17.9023 ns/op
WorkloadActual   2: 33554432 op, 600295128.00 ns, 17.8902 ns/op
WorkloadActual   3: 33554432 op, 600282734.00 ns, 17.8898 ns/op
WorkloadActual   4: 33554432 op, 601106625.00 ns, 17.9144 ns/op
WorkloadActual   5: 33554432 op, 603280197.00 ns, 17.9792 ns/op

// AfterActualRun
WorkloadResult   1: 33554432 op, 489584461.00 ns, 14.5908 ns/op
WorkloadResult   2: 33554432 op, 489177842.00 ns, 14.5786 ns/op
WorkloadResult   3: 33554432 op, 489165448.00 ns, 14.5783 ns/op
WorkloadResult   4: 33554432 op, 489989339.00 ns, 14.6028 ns/op
// GC:  0 0 0 1360 33554432
// Threading:  0 0 33554432

// AfterAll
// Benchmark Process 3582 has exited with code 0.

Mean = 14.588 ns, StdErr = 0.006 ns (0.04%), N = 4, StdDev = 0.012 ns
Min = 14.578 ns, Q1 = 14.579 ns, Median = 14.585 ns, Q3 = 14.594 ns, Max = 14.603 ns
IQR = 0.015 ns, LowerFence = 14.556 ns, UpperFence = 14.617 ns
ConfidenceInterval = [14.512 ns; 14.663 ns] (CI 99.9%), Margin = 0.075 ns (0.52% of Mean)
Skewness = 0.31, Kurtosis = 0.91, MValue = 2

// ** Remained 56 (86.2 %) benchmark(s) to run. Estimated finish 2026-08-30 3:21 (0h 8m from now) **
// **************************
// Benchmark: DecoratorResolutionBenchmarks.Needlr_SourceGen_ResolveDecorated: ShortRun(IterationCount=5, LaunchCount=1, WarmupCount=3)
// *** Execute ***
// Launch: 1 / 1
// Execute: dotnet bd712387-88f3-428d-bc3e-b66bbc2943f7.dll --anonymousPipes 163 164 --benchmarkName NexusLabs.Needlr.Benchmarks.Benchmarks.DecoratorResolutionBenchmarks.Needlr_SourceGen_ResolveDecorated --job ShortRun --benchmarkId 9 in /home/runner/work/needlr/needlr/src/NexusLabs.Needlr.Benchmarks/bin/Release/net10.0/bd712387-88f3-428d-bc3e-b66bbc2943f7/bin/Release/net10.0
// Failed to set up high priority (Permission denied). In order to run benchmarks with high priority, make sure you have the right permissions.
// BeforeAnythingElse

// Benchmark Process Environment Information:
// BenchmarkDotNet v0.14.0
// Runtime=.NET 10.0.11 (10.0.1126.37416), X64 RyuJIT AVX2
// GC=Concurrent Workstation
// HardwareIntrinsics=AVX2,AES,BMI1,BMI2,FMA,LZCNT,PCLMUL,POPCNT VectorSize=256
// Job: ShortRun(IterationCount=5, LaunchCount=1, WarmupCount=3)

OverheadJitting  1: 1 op, 384999.00 ns, 384.9990 us/op
WorkloadJitting  1: 1 op, 6045690.00 ns, 6.0457 ms/op

OverheadJitting  2: 16 op, 562852.00 ns, 35.1783 us/op
WorkloadJitting  2: 16 op, 488253.00 ns, 30.5158 us/op

WorkloadPilot    1: 16 op, 6251.00 ns, 390.6875 ns/op
WorkloadPilot    2: 32 op, 8446.00 ns, 263.9375 ns/op
WorkloadPilot    3: 64 op, 13325.00 ns, 208.2031 ns/op
WorkloadPilot    4: 128 op, 26921.00 ns, 210.3203 ns/op
WorkloadPilot    5: 256 op, 35777.00 ns, 139.7539 ns/op
WorkloadPilot    6: 512 op, 56606.00 ns, 110.5586 ns/op
WorkloadPilot    7: 1024 op, 97662.00 ns, 95.3730 ns/op
WorkloadPilot    8: 2048 op, 181890.00 ns, 88.8135 ns/op
WorkloadPilot    9: 4096 op, 372836.00 ns, 91.0244 ns/op
WorkloadPilot   10: 8192 op, 747427.00 ns, 91.2386 ns/op
WorkloadPilot   11: 16384 op, 1468314.00 ns, 89.6188 ns/op
WorkloadPilot   12: 32768 op, 2798170.00 ns, 85.3934 ns/op
WorkloadPilot   13: 65536 op, 5540325.00 ns, 84.5387 ns/op
WorkloadPilot   14: 131072 op, 11001052.00 ns, 83.9314 ns/op
WorkloadPilot   15: 262144 op, 21838448.00 ns, 83.3071 ns/op
WorkloadPilot   16: 524288 op, 44113051.00 ns, 84.1390 ns/op
WorkloadPilot   17: 1048576 op, 90791747.00 ns, 86.5858 ns/op
WorkloadPilot   18: 2097152 op, 53617235.00 ns, 25.5667 ns/op
WorkloadPilot   19: 4194304 op, 77602225.00 ns, 18.5018 ns/op
WorkloadPilot   20: 8388608 op, 154904168.00 ns, 18.4660 ns/op
WorkloadPilot   21: 16777216 op, 318896076.00 ns, 19.0077 ns/op
WorkloadPilot   22: 33554432 op, 621160768.00 ns, 18.5120 ns/op

OverheadWarmup   1: 33554432 op, 142477872.00 ns, 4.2462 ns/op
OverheadWarmup   2: 33554432 op, 148764685.00 ns, 4.4335 ns/op
OverheadWarmup   3: 33554432 op, 111179543.00 ns, 3.3134 ns/op
OverheadWarmup   4: 33554432 op, 111014174.00 ns, 3.3085 ns/op
OverheadWarmup   5: 33554432 op, 111085898.00 ns, 3.3106 ns/op
OverheadWarmup   6: 33554432 op, 111079336.00 ns, 3.3104 ns/op

OverheadActual   1: 33554432 op, 110965974.00 ns, 3.3070 ns/op
OverheadActual   2: 33554432 op, 111210641.00 ns, 3.3143 ns/op
OverheadActual   3: 33554432 op, 111063486.00 ns, 3.3099 ns/op
OverheadActual   4: 33554432 op, 111045693.00 ns, 3.3094 ns/op
OverheadActual   5: 33554432 op, 110952990.00 ns, 3.3067 ns/op
OverheadActual   6: 33554432 op, 111292404.00 ns, 3.3168 ns/op
OverheadActual   7: 33554432 op, 111060732.00 ns, 3.3099 ns/op
OverheadActual   8: 33554432 op, 111086239.00 ns, 3.3106 ns/op
OverheadActual   9: 33554432 op, 111237401.00 ns, 3.3151 ns/op
OverheadActual  10: 33554432 op, 111785885.00 ns, 3.3315 ns/op
OverheadActual  11: 33554432 op, 111003895.00 ns, 3.3082 ns/op
OverheadActual  12: 33554432 op, 110996370.00 ns, 3.3079 ns/op
OverheadActual  13: 33554432 op, 111351153.00 ns, 3.3185 ns/op
OverheadActual  14: 33554432 op, 110959843.00 ns, 3.3069 ns/op
OverheadActual  15: 33554432 op, 111523195.00 ns, 3.3237 ns/op

WorkloadWarmup   1: 33554432 op, 627659888.00 ns, 18.7057 ns/op
WorkloadWarmup   2: 33554432 op, 620932397.00 ns, 18.5052 ns/op
WorkloadWarmup   3: 33554432 op, 620794520.00 ns, 18.5011 ns/op

// BeforeActualRun
WorkloadActual   1: 33554432 op, 622317604.00 ns, 18.5465 ns/op
WorkloadActual   2: 33554432 op, 619203458.00 ns, 18.4537 ns/op
WorkloadActual   3: 33554432 op, 619959299.00 ns, 18.4762 ns/op
WorkloadActual   4: 33554432 op, 619515571.00 ns, 18.4630 ns/op
WorkloadActual   5: 33554432 op, 619044801.00 ns, 18.4490 ns/op

// AfterActualRun
WorkloadResult   1: 33554432 op, 508139972.00 ns, 15.1438 ns/op
WorkloadResult   2: 33554432 op, 508895813.00 ns, 15.1663 ns/op
WorkloadResult   3: 33554432 op, 508452085.00 ns, 15.1531 ns/op
WorkloadResult   4: 33554432 op, 507981315.00 ns, 15.1390 ns/op
// GC:  0 0 0 1360 33554432
// Threading:  0 0 33554432

// AfterAll
// Benchmark Process 3600 has exited with code 0.

Mean = 15.151 ns, StdErr = 0.006 ns (0.04%), N = 4, StdDev = 0.012 ns
Min = 15.139 ns, Q1 = 15.143 ns, Median = 15.148 ns, Q3 = 15.156 ns, Max = 15.166 ns
IQR = 0.014 ns, LowerFence = 15.122 ns, UpperFence = 15.177 ns
ConfidenceInterval = [15.073 ns; 15.228 ns] (CI 99.9%), Margin = 0.078 ns (0.51% of Mean)
Skewness = 0.3, Kurtosis = 0.98, MValue = 2

// ** Remained 55 (84.6 %) benchmark(s) to run. Estimated finish 2026-08-30 3:21 (0h 8m from now) **
// ***** BenchmarkRunner: Finish  *****

// * Export *
  home/runner/work/needlr/needlr/benchmark-results/results/NexusLabs.Needlr.Benchmarks.Benchmarks.DecoratorResolutionBenchmarks-report.csv
  home/runner/work/needlr/needlr/benchmark-results/results/NexusLabs.Needlr.Benchmarks.Benchmarks.DecoratorResolutionBenchmarks-report-github.md
  home/runner/work/needlr/needlr/benchmark-results/results/NexusLabs.Needlr.Benchmarks.Benchmarks.DecoratorResolutionBenchmarks-report.html
  home/runner/work/needlr/needlr/benchmark-results/results/NexusLabs.Needlr.Benchmarks.Benchmarks.DecoratorResolutionBenchmarks-report-full-compressed.json
  home/runner/work/needlr/needlr/benchmark-results/results/NexusLabs.Needlr.Benchmarks.Benchmarks.DecoratorResolutionBenchmarks-report-default.md

// * Detailed results *
DecoratorResolutionBenchmarks.ManualDI_ResolveDecorated: ShortRun(IterationCount=5, LaunchCount=1, WarmupCount=3)
Runtime = .NET 10.0.11 (10.0.1126.37416), X64 RyuJIT AVX2; GC = Concurrent Workstation
Mean = 14.627 ns, StdErr = 0.021 ns (0.14%), N = 4, StdDev = 0.042 ns
Min = 14.590 ns, Q1 = 14.601 ns, Median = 14.617 ns, Q3 = 14.643 ns, Max = 14.684 ns
IQR = 0.042 ns, LowerFence = 14.537 ns, UpperFence = 14.706 ns
ConfidenceInterval = [14.359 ns; 14.896 ns] (CI 99.9%), Margin = 0.268 ns (1.84% of Mean)
Skewness = 0.44, Kurtosis = 1.09, MValue = 2
-------------------- Histogram --------------------
[14.556 ns ; 14.719 ns) | @@@@
---------------------------------------------------

DecoratorResolutionBenchmarks.Needlr_Reflection_ResolveDecorated: ShortRun(IterationCount=5, LaunchCount=1, WarmupCount=3)
Runtime = .NET 10.0.11 (10.0.1126.37416), X64 RyuJIT AVX2; GC = Concurrent Workstation
Mean = 14.588 ns, StdErr = 0.006 ns (0.04%), N = 4, StdDev = 0.012 ns
Min = 14.578 ns, Q1 = 14.579 ns, Median = 14.585 ns, Q3 = 14.594 ns, Max = 14.603 ns
IQR = 0.015 ns, LowerFence = 14.556 ns, UpperFence = 14.617 ns
ConfidenceInterval = [14.512 ns; 14.663 ns] (CI 99.9%), Margin = 0.075 ns (0.52% of Mean)
Skewness = 0.31, Kurtosis = 0.91, MValue = 2
-------------------- Histogram --------------------
[14.569 ns ; 14.613 ns) | @@@@
---------------------------------------------------

DecoratorResolutionBenchmarks.Needlr_SourceGen_ResolveDecorated: ShortRun(IterationCount=5, LaunchCount=1, WarmupCount=3)
Runtime = .NET 10.0.11 (10.0.1126.37416), X64 RyuJIT AVX2; GC = Concurrent Workstation
Mean = 15.151 ns, StdErr = 0.006 ns (0.04%), N = 4, StdDev = 0.012 ns
Min = 15.139 ns, Q1 = 15.143 ns, Median = 15.148 ns, Q3 = 15.156 ns, Max = 15.166 ns
IQR = 0.014 ns, LowerFence = 15.122 ns, UpperFence = 15.177 ns
ConfidenceInterval = [15.073 ns; 15.228 ns] (CI 99.9%), Margin = 0.078 ns (0.51% of Mean)
Skewness = 0.3, Kurtosis = 0.98, MValue = 2
-------------------- Histogram --------------------
[15.129 ns ; 15.176 ns) | @@@@
---------------------------------------------------

// * Summary *

BenchmarkDotNet v0.14.0, Ubuntu 24.04.4 LTS (Noble Numbat)
AMD EPYC 7763, 1 CPU, 4 logical and 2 physical cores
.NET SDK 10.0.302
  [Host]   : .NET 10.0.11 (10.0.1126.37416), X64 RyuJIT AVX2
  ShortRun : .NET 10.0.11 (10.0.1126.37416), X64 RyuJIT AVX2

Job=ShortRun  IterationCount=5  LaunchCount=1  
WarmupCount=3  

| Method                             | Mean     | Error    | StdDev   | Ratio | Rank | Allocated | Alloc Ratio |
|----------------------------------- |---------:|---------:|---------:|------:|-----:|----------:|------------:|
| ManualDI_ResolveDecorated          | 14.63 ns | 0.268 ns | 0.042 ns |  1.00 |    1 |         - |          NA |
| Needlr_Reflection_ResolveDecorated | 14.59 ns | 0.075 ns | 0.012 ns |  1.00 |    1 |         - |          NA |
| Needlr_SourceGen_ResolveDecorated  | 15.15 ns | 0.078 ns | 0.012 ns |  1.04 |    1 |         - |          NA |

// * Hints *
Outliers
  DecoratorResolutionBenchmarks.ManualDI_ResolveDecorated: ShortRun          -> 1 outlier  was  removed (18.13 ns)
  DecoratorResolutionBenchmarks.Needlr_Reflection_ResolveDecorated: ShortRun -> 1 outlier  was  removed (17.98 ns)
  DecoratorResolutionBenchmarks.Needlr_SourceGen_ResolveDecorated: ShortRun  -> 1 outlier  was  removed (18.55 ns)
// * Config Issues *

// * Warnings *
Configuration
  Summary -> The exporter HtmlExporter is already present in configuration. There may be unexpected results.

// * Legends *
  Mean        : Arithmetic mean of all measurements
  Error       : Half of 99.9% confidence interval
  StdDev      : Standard deviation of all measurements
  Ratio       : Mean of the ratio distribution ([Current]/[Baseline])
  Rank        : Relative position of current benchmark mean among all benchmarks (Arabic style)
  Allocated   : Allocated memory per single operation (managed only, inclusive, 1KB = 1024B)
  Alloc Ratio : Allocated memory ratio distribution ([Current]/[Baseline])
  1 ns        : 1 Nanosecond (0.000000001 sec)

// * Diagnostic Output - MemoryDiagnoser *


// ***** BenchmarkRunner: End *****
Run time: 00:00:28 (28.8 sec), executed benchmarks: 3

// Found 3 benchmarks:
//   DeepDependencyChainBenchmarks.ManualDI_ResolveDeepChain: ShortRun(IterationCount=5, LaunchCount=1, WarmupCount=3)
//   DeepDependencyChainBenchmarks.Needlr_Reflection_ResolveDeepChain: ShortRun(IterationCount=5, LaunchCount=1, WarmupCount=3)
//   DeepDependencyChainBenchmarks.Needlr_SourceGen_ResolveDeepChain: ShortRun(IterationCount=5, LaunchCount=1, WarmupCount=3)

// **************************
// Benchmark: DeepDependencyChainBenchmarks.ManualDI_ResolveDeepChain: ShortRun(IterationCount=5, LaunchCount=1, WarmupCount=3)
// *** Execute ***
// Launch: 1 / 1
// Execute: dotnet bd712387-88f3-428d-bc3e-b66bbc2943f7.dll --anonymousPipes 163 164 --benchmarkName NexusLabs.Needlr.Benchmarks.Benchmarks.DeepDependencyChainBenchmarks.ManualDI_ResolveDeepChain --job ShortRun --benchmarkId 10 in /home/runner/work/needlr/needlr/src/NexusLabs.Needlr.Benchmarks/bin/Release/net10.0/bd712387-88f3-428d-bc3e-b66bbc2943f7/bin/Release/net10.0
// Failed to set up high priority (Permission denied). In order to run benchmarks with high priority, make sure you have the right permissions.
// BeforeAnythingElse

// Benchmark Process Environment Information:
// BenchmarkDotNet v0.14.0
// Runtime=.NET 10.0.11 (10.0.1126.37416), X64 RyuJIT AVX2
// GC=Concurrent Workstation
// HardwareIntrinsics=AVX2,AES,BMI1,BMI2,FMA,LZCNT,PCLMUL,POPCNT VectorSize=256
// Job: ShortRun(IterationCount=5, LaunchCount=1, WarmupCount=3)

OverheadJitting  1: 1 op, 372556.00 ns, 372.5560 us/op
WorkloadJitting  1: 1 op, 5089921.00 ns, 5.0899 ms/op

OverheadJitting  2: 16 op, 477392.00 ns, 29.8370 us/op
WorkloadJitting  2: 16 op, 585404.00 ns, 36.5878 us/op

WorkloadPilot    1: 16 op, 7053.00 ns, 440.8125 ns/op
WorkloadPilot    2: 32 op, 6823.00 ns, 213.2188 ns/op
WorkloadPilot    3: 64 op, 8476.00 ns, 132.4375 ns/op
WorkloadPilot    4: 128 op, 13395.00 ns, 104.6484 ns/op
WorkloadPilot    5: 256 op, 24005.00 ns, 93.7695 ns/op
WorkloadPilot    6: 512 op, 44062.00 ns, 86.0586 ns/op
WorkloadPilot    7: 1024 op, 84888.00 ns, 82.8984 ns/op
WorkloadPilot    8: 2048 op, 165720.00 ns, 80.9180 ns/op
WorkloadPilot    9: 4096 op, 326981.00 ns, 79.8293 ns/op
WorkloadPilot   10: 8192 op, 774057.00 ns, 94.4894 ns/op
WorkloadPilot   11: 16384 op, 1457433.00 ns, 88.9547 ns/op
WorkloadPilot   12: 32768 op, 2877567.00 ns, 87.8164 ns/op
WorkloadPilot   13: 65536 op, 5637564.00 ns, 86.0224 ns/op
WorkloadPilot   14: 131072 op, 11195270.00 ns, 85.4131 ns/op
WorkloadPilot   15: 262144 op, 22293297.00 ns, 85.0422 ns/op
WorkloadPilot   16: 524288 op, 44613665.00 ns, 85.0938 ns/op
WorkloadPilot   17: 1048576 op, 92573730.00 ns, 88.2852 ns/op
WorkloadPilot   18: 2097152 op, 45807564.00 ns, 21.8427 ns/op
WorkloadPilot   19: 4194304 op, 77846833.00 ns, 18.5601 ns/op
WorkloadPilot   20: 8388608 op, 155882900.00 ns, 18.5827 ns/op
WorkloadPilot   21: 16777216 op, 311620758.00 ns, 18.5740 ns/op
WorkloadPilot   22: 33554432 op, 622283194.00 ns, 18.5455 ns/op

OverheadWarmup   1: 33554432 op, 132037342.00 ns, 3.9350 ns/op
OverheadWarmup   2: 33554432 op, 142137725.00 ns, 4.2360 ns/op
OverheadWarmup   3: 33554432 op, 111032072.00 ns, 3.3090 ns/op
OverheadWarmup   4: 33554432 op, 111089349.00 ns, 3.3107 ns/op
OverheadWarmup   5: 33554432 op, 110894344.00 ns, 3.3049 ns/op

OverheadActual   1: 33554432 op, 111111420.00 ns, 3.3114 ns/op
OverheadActual   2: 33554432 op, 110945411.00 ns, 3.3064 ns/op
OverheadActual   3: 33554432 op, 110978592.00 ns, 3.3074 ns/op
OverheadActual   4: 33554432 op, 111327213.00 ns, 3.3178 ns/op
OverheadActual   5: 33554432 op, 111312525.00 ns, 3.3174 ns/op
OverheadActual   6: 33554432 op, 111098857.00 ns, 3.3110 ns/op
OverheadActual   7: 33554432 op, 111214885.00 ns, 3.3145 ns/op
OverheadActual   8: 33554432 op, 111008368.00 ns, 3.3083 ns/op
OverheadActual   9: 33554432 op, 110880058.00 ns, 3.3045 ns/op
OverheadActual  10: 33554432 op, 111032483.00 ns, 3.3090 ns/op
OverheadActual  11: 33554432 op, 110941643.00 ns, 3.3063 ns/op
OverheadActual  12: 33554432 op, 111187803.00 ns, 3.3137 ns/op
OverheadActual  13: 33554432 op, 111067589.00 ns, 3.3101 ns/op
OverheadActual  14: 33554432 op, 111014900.00 ns, 3.3085 ns/op
OverheadActual  15: 33554432 op, 111066336.00 ns, 3.3100 ns/op

WorkloadWarmup   1: 33554432 op, 620349611.00 ns, 18.4879 ns/op
WorkloadWarmup   2: 33554432 op, 620516583.00 ns, 18.4928 ns/op
WorkloadWarmup   3: 33554432 op, 620320337.00 ns, 18.4870 ns/op

// BeforeActualRun
WorkloadActual   1: 33554432 op, 623686336.00 ns, 18.5873 ns/op
WorkloadActual   2: 33554432 op, 620390528.00 ns, 18.4891 ns/op
WorkloadActual   3: 33554432 op, 624207242.00 ns, 18.6028 ns/op
WorkloadActual   4: 33554432 op, 623473624.00 ns, 18.5810 ns/op
WorkloadActual   5: 33554432 op, 622920311.00 ns, 18.5645 ns/op

// AfterActualRun
WorkloadResult   1: 33554432 op, 512620000.00 ns, 15.2773 ns/op
WorkloadResult   2: 33554432 op, 509324192.00 ns, 15.1790 ns/op
WorkloadResult   3: 33554432 op, 513140906.00 ns, 15.2928 ns/op
WorkloadResult   4: 33554432 op, 512407288.00 ns, 15.2709 ns/op
WorkloadResult   5: 33554432 op, 511853975.00 ns, 15.2544 ns/op
// GC:  0 0 0 1072 33554432
// Threading:  0 0 33554432

// AfterAll
// Benchmark Process 3616 has exited with code 0.

Mean = 15.255 ns, StdErr = 0.020 ns (0.13%), N = 5, StdDev = 0.045 ns
Min = 15.179 ns, Q1 = 15.254 ns, Median = 15.271 ns, Q3 = 15.277 ns, Max = 15.293 ns
IQR = 0.023 ns, LowerFence = 15.220 ns, UpperFence = 15.312 ns
ConfidenceInterval = [15.083 ns; 15.427 ns] (CI 99.9%), Margin = 0.172 ns (1.13% of Mean)
Skewness = -0.83, Kurtosis = 1.8, MValue = 2

// ** Remained 54 (83.1 %) benchmark(s) to run. Estimated finish 2026-08-30 3:21 (0h 8m from now) **
// **************************
// Benchmark: DeepDependencyChainBenchmarks.Needlr_Reflection_ResolveDeepChain: ShortRun(IterationCount=5, LaunchCount=1, WarmupCount=3)
// *** Execute ***
// Launch: 1 / 1
// Execute: dotnet bd712387-88f3-428d-bc3e-b66bbc2943f7.dll --anonymousPipes 163 164 --benchmarkName NexusLabs.Needlr.Benchmarks.Benchmarks.DeepDependencyChainBenchmarks.Needlr_Reflection_ResolveDeepChain --job ShortRun --benchmarkId 11 in /home/runner/work/needlr/needlr/src/NexusLabs.Needlr.Benchmarks/bin/Release/net10.0/bd712387-88f3-428d-bc3e-b66bbc2943f7/bin/Release/net10.0
// Failed to set up high priority (Permission denied). In order to run benchmarks with high priority, make sure you have the right permissions.
// BeforeAnythingElse

// Benchmark Process Environment Information:
// BenchmarkDotNet v0.14.0
// Runtime=.NET 10.0.11 (10.0.1126.37416), X64 RyuJIT AVX2
// GC=Concurrent Workstation
// HardwareIntrinsics=AVX2,AES,BMI1,BMI2,FMA,LZCNT,PCLMUL,POPCNT VectorSize=256
// Job: ShortRun(IterationCount=5, LaunchCount=1, WarmupCount=3)

OverheadJitting  1: 1 op, 422198.00 ns, 422.1980 us/op
WorkloadJitting  1: 1 op, 4860888.00 ns, 4.8609 ms/op

OverheadJitting  2: 16 op, 559565.00 ns, 34.9728 us/op
WorkloadJitting  2: 16 op, 493522.00 ns, 30.8451 us/op

WorkloadPilot    1: 16 op, 8455.00 ns, 528.4375 ns/op
WorkloadPilot    2: 32 op, 6773.00 ns, 211.6563 ns/op
WorkloadPilot    3: 64 op, 8576.00 ns, 134.0000 ns/op
WorkloadPilot    4: 128 op, 19918.00 ns, 155.6094 ns/op
WorkloadPilot    5: 256 op, 24085.00 ns, 94.0820 ns/op
WorkloadPilot    6: 512 op, 43882.00 ns, 85.7070 ns/op
WorkloadPilot    7: 1024 op, 85099.00 ns, 83.1045 ns/op
WorkloadPilot    8: 2048 op, 167513.00 ns, 81.7935 ns/op
WorkloadPilot    9: 4096 op, 333944.00 ns, 81.5293 ns/op
WorkloadPilot   10: 8192 op, 765009.00 ns, 93.3849 ns/op
WorkloadPilot   11: 16384 op, 1426374.00 ns, 87.0590 ns/op
WorkloadPilot   12: 32768 op, 2848570.00 ns, 86.9315 ns/op
WorkloadPilot   13: 65536 op, 5497556.00 ns, 83.8860 ns/op
WorkloadPilot   14: 131072 op, 10831849.00 ns, 82.6404 ns/op
WorkloadPilot   15: 262144 op, 21558632.00 ns, 82.2397 ns/op
WorkloadPilot   16: 524288 op, 43009262.00 ns, 82.0337 ns/op
WorkloadPilot   17: 1048576 op, 85936821.00 ns, 81.9557 ns/op
WorkloadPilot   18: 2097152 op, 56964860.00 ns, 27.1630 ns/op
WorkloadPilot   19: 4194304 op, 79122126.00 ns, 18.8642 ns/op
WorkloadPilot   20: 8388608 op, 155142886.00 ns, 18.4945 ns/op
WorkloadPilot   21: 16777216 op, 310303626.00 ns, 18.4955 ns/op
WorkloadPilot   22: 33554432 op, 620717657.00 ns, 18.4988 ns/op

OverheadWarmup   1: 33554432 op, 132214977.00 ns, 3.9403 ns/op
OverheadWarmup   2: 33554432 op, 142611062.00 ns, 4.2501 ns/op
OverheadWarmup   3: 33554432 op, 152922240.00 ns, 4.5574 ns/op
OverheadWarmup   4: 33554432 op, 111206162.00 ns, 3.3142 ns/op
OverheadWarmup   5: 33554432 op, 111109261.00 ns, 3.3113 ns/op
OverheadWarmup   6: 33554432 op, 111036696.00 ns, 3.3092 ns/op
OverheadWarmup   7: 33554432 op, 110919086.00 ns, 3.3056 ns/op
OverheadWarmup   8: 33554432 op, 111042487.00 ns, 3.3093 ns/op
OverheadWarmup   9: 33554432 op, 111013232.00 ns, 3.3085 ns/op

OverheadActual   1: 33554432 op, 111050221.00 ns, 3.3096 ns/op
OverheadActual   2: 33554432 op, 111069096.00 ns, 3.3101 ns/op
OverheadActual   3: 33554432 op, 111110454.00 ns, 3.3113 ns/op
OverheadActual   4: 33554432 op, 111323131.00 ns, 3.3177 ns/op
OverheadActual   5: 33554432 op, 111166268.00 ns, 3.3130 ns/op
OverheadActual   6: 33554432 op, 111003644.00 ns, 3.3082 ns/op
OverheadActual   7: 33554432 op, 111036505.00 ns, 3.3091 ns/op
OverheadActual   8: 33554432 op, 110988536.00 ns, 3.3077 ns/op
OverheadActual   9: 33554432 op, 111198498.00 ns, 3.3140 ns/op
OverheadActual  10: 33554432 op, 111237832.00 ns, 3.3151 ns/op
OverheadActual  11: 33554432 op, 110918415.00 ns, 3.3056 ns/op
OverheadActual  12: 33554432 op, 111492567.00 ns, 3.3227 ns/op
OverheadActual  13: 33554432 op, 111012280.00 ns, 3.3084 ns/op
OverheadActual  14: 33554432 op, 111225890.00 ns, 3.3148 ns/op
OverheadActual  15: 33554432 op, 115509299.00 ns, 3.4424 ns/op

WorkloadWarmup   1: 33554432 op, 620135941.00 ns, 18.4815 ns/op
WorkloadWarmup   2: 33554432 op, 620653407.00 ns, 18.4969 ns/op
WorkloadWarmup   3: 33554432 op, 623064495.00 ns, 18.5688 ns/op

// BeforeActualRun
WorkloadActual   1: 33554432 op, 621638073.00 ns, 18.5263 ns/op
WorkloadActual   2: 33554432 op, 620584043.00 ns, 18.4948 ns/op
WorkloadActual   3: 33554432 op, 620048153.00 ns, 18.4789 ns/op
WorkloadActual   4: 33554432 op, 620533719.00 ns, 18.4933 ns/op
WorkloadActual   5: 33554432 op, 620074231.00 ns, 18.4797 ns/op

// AfterActualRun
WorkloadResult   1: 33554432 op, 509473589.00 ns, 15.1835 ns/op
WorkloadResult   2: 33554432 op, 508937699.00 ns, 15.1675 ns/op
WorkloadResult   3: 33554432 op, 509423265.00 ns, 15.1820 ns/op
WorkloadResult   4: 33554432 op, 508963777.00 ns, 15.1683 ns/op
// GC:  0 0 0 1072 33554432
// Threading:  0 0 33554432

// AfterAll
// Benchmark Process 3627 has exited with code 0.

Mean = 15.175 ns, StdErr = 0.004 ns (0.03%), N = 4, StdDev = 0.009 ns
Min = 15.168 ns, Q1 = 15.168 ns, Median = 15.175 ns, Q3 = 15.182 ns, Max = 15.183 ns
IQR = 0.014 ns, LowerFence = 15.147 ns, UpperFence = 15.204 ns
ConfidenceInterval = [15.120 ns; 15.231 ns] (CI 99.9%), Margin = 0.056 ns (0.37% of Mean)
Skewness = 0.01, Kurtosis = 0.58, MValue = 2

// ** Remained 53 (81.5 %) benchmark(s) to run. Estimated finish 2026-08-30 3:21 (0h 8m from now) **
// **************************
// Benchmark: DeepDependencyChainBenchmarks.Needlr_SourceGen_ResolveDeepChain: ShortRun(IterationCount=5, LaunchCount=1, WarmupCount=3)
// *** Execute ***
// Launch: 1 / 1
// Execute: dotnet bd712387-88f3-428d-bc3e-b66bbc2943f7.dll --anonymousPipes 163 164 --benchmarkName NexusLabs.Needlr.Benchmarks.Benchmarks.DeepDependencyChainBenchmarks.Needlr_SourceGen_ResolveDeepChain --job ShortRun --benchmarkId 12 in /home/runner/work/needlr/needlr/src/NexusLabs.Needlr.Benchmarks/bin/Release/net10.0/bd712387-88f3-428d-bc3e-b66bbc2943f7/bin/Release/net10.0
// Failed to set up high priority (Permission denied). In order to run benchmarks with high priority, make sure you have the right permissions.
// BeforeAnythingElse

// Benchmark Process Environment Information:
// BenchmarkDotNet v0.14.0
// Runtime=.NET 10.0.11 (10.0.1126.37416), X64 RyuJIT AVX2
// GC=Concurrent Workstation
// HardwareIntrinsics=AVX2,AES,BMI1,BMI2,FMA,LZCNT,PCLMUL,POPCNT VectorSize=256
// Job: ShortRun(IterationCount=5, LaunchCount=1, WarmupCount=3)

OverheadJitting  1: 1 op, 361215.00 ns, 361.2150 us/op
WorkloadJitting  1: 1 op, 3695064.00 ns, 3.6951 ms/op

OverheadJitting  2: 16 op, 478825.00 ns, 29.9266 us/op
WorkloadJitting  2: 16 op, 508920.00 ns, 31.8075 us/op

WorkloadPilot    1: 16 op, 5300.00 ns, 331.2500 ns/op
WorkloadPilot    2: 32 op, 6642.00 ns, 207.5625 ns/op
WorkloadPilot    3: 64 op, 8626.00 ns, 134.7813 ns/op
WorkloadPilot    4: 128 op, 18665.00 ns, 145.8203 ns/op
WorkloadPilot    5: 256 op, 24486.00 ns, 95.6484 ns/op
WorkloadPilot    6: 512 op, 43712.00 ns, 85.3750 ns/op
WorkloadPilot    7: 1024 op, 83226.00 ns, 81.2754 ns/op
WorkloadPilot    8: 2048 op, 163415.00 ns, 79.7925 ns/op
WorkloadPilot    9: 4096 op, 324607.00 ns, 79.2498 ns/op
WorkloadPilot   10: 8192 op, 726828.00 ns, 88.7241 ns/op
WorkloadPilot   11: 16384 op, 1397060.00 ns, 85.2698 ns/op
WorkloadPilot   12: 32768 op, 2702479.00 ns, 82.4731 ns/op
WorkloadPilot   13: 65536 op, 5339216.00 ns, 81.4700 ns/op
WorkloadPilot   14: 131072 op, 10599604.00 ns, 80.8686 ns/op
WorkloadPilot   15: 262144 op, 21186714.00 ns, 80.8209 ns/op
WorkloadPilot   16: 524288 op, 42001394.00 ns, 80.1113 ns/op
WorkloadPilot   17: 1048576 op, 84308028.00 ns, 80.4024 ns/op
WorkloadPilot   18: 2097152 op, 65094440.00 ns, 31.0394 ns/op
WorkloadPilot   19: 4194304 op, 75086148.00 ns, 17.9019 ns/op
WorkloadPilot   20: 8388608 op, 156557190.00 ns, 18.6631 ns/op
WorkloadPilot   21: 16777216 op, 301820118.00 ns, 17.9899 ns/op
WorkloadPilot   22: 33554432 op, 601168549.00 ns, 17.9162 ns/op

OverheadWarmup   1: 33554432 op, 132249509.00 ns, 3.9413 ns/op
OverheadWarmup   2: 33554432 op, 144044496.00 ns, 4.2929 ns/op
OverheadWarmup   3: 33554432 op, 111150579.00 ns, 3.3125 ns/op
OverheadWarmup   4: 33554432 op, 114375886.00 ns, 3.4087 ns/op
OverheadWarmup   5: 33554432 op, 111050753.00 ns, 3.3096 ns/op

OverheadActual   1: 33554432 op, 110932893.00 ns, 3.3061 ns/op
OverheadActual   2: 33554432 op, 110985160.00 ns, 3.3076 ns/op
OverheadActual   3: 33554432 op, 110922663.00 ns, 3.3058 ns/op
OverheadActual   4: 33554432 op, 111126665.00 ns, 3.3118 ns/op
OverheadActual   5: 33554432 op, 110930187.00 ns, 3.3060 ns/op
OverheadActual   6: 33554432 op, 116021344.00 ns, 3.4577 ns/op
OverheadActual   7: 33554432 op, 111419291.00 ns, 3.3206 ns/op
OverheadActual   8: 33554432 op, 111431794.00 ns, 3.3209 ns/op
OverheadActual   9: 33554432 op, 111066653.00 ns, 3.3100 ns/op
OverheadActual  10: 33554432 op, 111149027.00 ns, 3.3125 ns/op
OverheadActual  11: 33554432 op, 110981713.00 ns, 3.3075 ns/op
OverheadActual  12: 33554432 op, 110962888.00 ns, 3.3070 ns/op
OverheadActual  13: 33554432 op, 111236579.00 ns, 3.3151 ns/op
OverheadActual  14: 33554432 op, 111130725.00 ns, 3.3120 ns/op
OverheadActual  15: 33554432 op, 110917749.00 ns, 3.3056 ns/op

WorkloadWarmup   1: 33554432 op, 598912544.00 ns, 17.8490 ns/op
WorkloadWarmup   2: 33554432 op, 599286663.00 ns, 17.8601 ns/op
WorkloadWarmup   3: 33554432 op, 605250591.00 ns, 18.0379 ns/op

// BeforeActualRun
WorkloadActual   1: 33554432 op, 599210571.00 ns, 17.8579 ns/op
WorkloadActual   2: 33554432 op, 599893075.00 ns, 17.8782 ns/op
WorkloadActual   3: 33554432 op, 600296739.00 ns, 17.8902 ns/op
WorkloadActual   4: 33554432 op, 602302856.00 ns, 17.9500 ns/op
WorkloadActual   5: 33554432 op, 600916827.00 ns, 17.9087 ns/op

// AfterActualRun
WorkloadResult   1: 33554432 op, 488143918.00 ns, 14.5478 ns/op
WorkloadResult   2: 33554432 op, 488826422.00 ns, 14.5682 ns/op
WorkloadResult   3: 33554432 op, 489230086.00 ns, 14.5802 ns/op
WorkloadResult   4: 33554432 op, 491236203.00 ns, 14.6400 ns/op
WorkloadResult   5: 33554432 op, 489850174.00 ns, 14.5987 ns/op
// GC:  0 0 0 1072 33554432
// Threading:  0 0 33554432

// AfterAll
// Benchmark Process 3636 has exited with code 0.

Mean = 14.587 ns, StdErr = 0.016 ns (0.11%), N = 5, StdDev = 0.035 ns
Min = 14.548 ns, Q1 = 14.568 ns, Median = 14.580 ns, Q3 = 14.599 ns, Max = 14.640 ns
IQR = 0.031 ns, LowerFence = 14.522 ns, UpperFence = 14.644 ns
ConfidenceInterval = [14.452 ns; 14.721 ns] (CI 99.9%), Margin = 0.134 ns (0.92% of Mean)
Skewness = 0.39, Kurtosis = 1.4, MValue = 2

// ** Remained 52 (80.0 %) benchmark(s) to run. Estimated finish 2026-08-30 3:21 (0h 8m from now) **
// ***** BenchmarkRunner: Finish  *****

// * Export *
  home/runner/work/needlr/needlr/benchmark-results/results/NexusLabs.Needlr.Benchmarks.Benchmarks.DeepDependencyChainBenchmarks-report.csv
  home/runner/work/needlr/needlr/benchmark-results/results/NexusLabs.Needlr.Benchmarks.Benchmarks.DeepDependencyChainBenchmarks-report-github.md
  home/runner/work/needlr/needlr/benchmark-results/results/NexusLabs.Needlr.Benchmarks.Benchmarks.DeepDependencyChainBenchmarks-report.html
  home/runner/work/needlr/needlr/benchmark-results/results/NexusLabs.Needlr.Benchmarks.Benchmarks.DeepDependencyChainBenchmarks-report-full-compressed.json
  home/runner/work/needlr/needlr/benchmark-results/results/NexusLabs.Needlr.Benchmarks.Benchmarks.DeepDependencyChainBenchmarks-report-default.md

// * Detailed results *
DeepDependencyChainBenchmarks.ManualDI_ResolveDeepChain: ShortRun(IterationCount=5, LaunchCount=1, WarmupCount=3)
Runtime = .NET 10.0.11 (10.0.1126.37416), X64 RyuJIT AVX2; GC = Concurrent Workstation
Mean = 15.255 ns, StdErr = 0.020 ns (0.13%), N = 5, StdDev = 0.045 ns
Min = 15.179 ns, Q1 = 15.254 ns, Median = 15.271 ns, Q3 = 15.277 ns, Max = 15.293 ns
IQR = 0.023 ns, LowerFence = 15.220 ns, UpperFence = 15.312 ns
ConfidenceInterval = [15.083 ns; 15.427 ns] (CI 99.9%), Margin = 0.172 ns (1.13% of Mean)
Skewness = -0.83, Kurtosis = 1.8, MValue = 2
-------------------- Histogram --------------------
[15.145 ns ; 15.327 ns) | @@@@@
---------------------------------------------------

DeepDependencyChainBenchmarks.Needlr_Reflection_ResolveDeepChain: ShortRun(IterationCount=5, LaunchCount=1, WarmupCount=3)
Runtime = .NET 10.0.11 (10.0.1126.37416), X64 RyuJIT AVX2; GC = Concurrent Workstation
Mean = 15.175 ns, StdErr = 0.004 ns (0.03%), N = 4, StdDev = 0.009 ns
Min = 15.168 ns, Q1 = 15.168 ns, Median = 15.175 ns, Q3 = 15.182 ns, Max = 15.183 ns
IQR = 0.014 ns, LowerFence = 15.147 ns, UpperFence = 15.204 ns
ConfidenceInterval = [15.120 ns; 15.231 ns] (CI 99.9%), Margin = 0.056 ns (0.37% of Mean)
Skewness = 0.01, Kurtosis = 0.58, MValue = 2
-------------------- Histogram --------------------
[15.160 ns ; 15.191 ns) | @@@@
---------------------------------------------------

DeepDependencyChainBenchmarks.Needlr_SourceGen_ResolveDeepChain: ShortRun(IterationCount=5, LaunchCount=1, WarmupCount=3)
Runtime = .NET 10.0.11 (10.0.1126.37416), X64 RyuJIT AVX2; GC = Concurrent Workstation
Mean = 14.587 ns, StdErr = 0.016 ns (0.11%), N = 5, StdDev = 0.035 ns
Min = 14.548 ns, Q1 = 14.568 ns, Median = 14.580 ns, Q3 = 14.599 ns, Max = 14.640 ns
IQR = 0.031 ns, LowerFence = 14.522 ns, UpperFence = 14.644 ns
ConfidenceInterval = [14.452 ns; 14.721 ns] (CI 99.9%), Margin = 0.134 ns (0.92% of Mean)
Skewness = 0.39, Kurtosis = 1.4, MValue = 2
-------------------- Histogram --------------------
[14.521 ns ; 14.667 ns) | @@@@@
---------------------------------------------------

// * Summary *

BenchmarkDotNet v0.14.0, Ubuntu 24.04.4 LTS (Noble Numbat)
AMD EPYC 7763, 1 CPU, 4 logical and 2 physical cores
.NET SDK 10.0.302
  [Host]   : .NET 10.0.11 (10.0.1126.37416), X64 RyuJIT AVX2
  ShortRun : .NET 10.0.11 (10.0.1126.37416), X64 RyuJIT AVX2

Job=ShortRun  IterationCount=5  LaunchCount=1  
WarmupCount=3  

| Method                             | Mean     | Error    | StdDev   | Ratio | Rank | Allocated | Alloc Ratio |
|----------------------------------- |---------:|---------:|---------:|------:|-----:|----------:|------------:|
| ManualDI_ResolveDeepChain          | 15.25 ns | 0.172 ns | 0.045 ns |  1.00 |    1 |         - |          NA |
| Needlr_Reflection_ResolveDeepChain | 15.18 ns | 0.056 ns | 0.009 ns |  0.99 |    1 |         - |          NA |
| Needlr_SourceGen_ResolveDeepChain  | 14.59 ns | 0.134 ns | 0.035 ns |  0.96 |    1 |         - |          NA |

// * Hints *
Outliers
  DeepDependencyChainBenchmarks.ManualDI_ResolveDeepChain: ShortRun          -> 1 outlier  was  detected (18.49 ns)
  DeepDependencyChainBenchmarks.Needlr_Reflection_ResolveDeepChain: ShortRun -> 1 outlier  was  removed (18.53 ns)
// * Config Issues *

// * Warnings *
Configuration
  Summary -> The exporter HtmlExporter is already present in configuration. There may be unexpected results.

// * Legends *
  Mean        : Arithmetic mean of all measurements
  Error       : Half of 99.9% confidence interval
  StdDev      : Standard deviation of all measurements
  Ratio       : Mean of the ratio distribution ([Current]/[Baseline])
  Rank        : Relative position of current benchmark mean among all benchmarks (Arabic style)
  Allocated   : Allocated memory per single operation (managed only, inclusive, 1KB = 1024B)
  Alloc Ratio : Allocated memory ratio distribution ([Current]/[Baseline])
  1 ns        : 1 Nanosecond (0.000000001 sec)

// * Diagnostic Output - MemoryDiagnoser *


// ***** BenchmarkRunner: End *****
Run time: 00:00:29 (29.07 sec), executed benchmarks: 3

// Found 3 benchmarks:
//   DependentServiceResolutionBenchmarks.ManualDI_ResolveDependent: ShortRun(IterationCount=5, LaunchCount=1, WarmupCount=3)
//   DependentServiceResolutionBenchmarks.Needlr_Reflection_ResolveDependent: ShortRun(IterationCount=5, LaunchCount=1, WarmupCount=3)
//   DependentServiceResolutionBenchmarks.Needlr_SourceGen_ResolveDependent: ShortRun(IterationCount=5, LaunchCount=1, WarmupCount=3)

// **************************
// Benchmark: DependentServiceResolutionBenchmarks.ManualDI_ResolveDependent: ShortRun(IterationCount=5, LaunchCount=1, WarmupCount=3)
// *** Execute ***
// Launch: 1 / 1
// Execute: dotnet bd712387-88f3-428d-bc3e-b66bbc2943f7.dll --anonymousPipes 163 164 --benchmarkName NexusLabs.Needlr.Benchmarks.Benchmarks.DependentServiceResolutionBenchmarks.ManualDI_ResolveDependent --job ShortRun --benchmarkId 13 in /home/runner/work/needlr/needlr/src/NexusLabs.Needlr.Benchmarks/bin/Release/net10.0/bd712387-88f3-428d-bc3e-b66bbc2943f7/bin/Release/net10.0
// Failed to set up high priority (Permission denied). In order to run benchmarks with high priority, make sure you have the right permissions.
// BeforeAnythingElse

// Benchmark Process Environment Information:
// BenchmarkDotNet v0.14.0
// Runtime=.NET 10.0.11 (10.0.1126.37416), X64 RyuJIT AVX2
// GC=Concurrent Workstation
// HardwareIntrinsics=AVX2,AES,BMI1,BMI2,FMA,LZCNT,PCLMUL,POPCNT VectorSize=256
// Job: ShortRun(IterationCount=5, LaunchCount=1, WarmupCount=3)

OverheadJitting  1: 1 op, 364902.00 ns, 364.9020 us/op
WorkloadJitting  1: 1 op, 4468185.00 ns, 4.4682 ms/op

OverheadJitting  2: 16 op, 494734.00 ns, 30.9209 us/op
WorkloadJitting  2: 16 op, 525561.00 ns, 32.8476 us/op

WorkloadPilot    1: 16 op, 33754.00 ns, 2.1096 us/op
WorkloadPilot    2: 32 op, 6402.00 ns, 200.0625 ns/op
WorkloadPilot    3: 64 op, 9126.00 ns, 142.5938 ns/op
WorkloadPilot    4: 128 op, 13506.00 ns, 105.5156 ns/op
WorkloadPilot    5: 256 op, 47098.00 ns, 183.9766 ns/op
WorkloadPilot    6: 512 op, 48520.00 ns, 94.7656 ns/op
WorkloadPilot    7: 1024 op, 99476.00 ns, 97.1445 ns/op
WorkloadPilot    8: 2048 op, 212357.00 ns, 103.6899 ns/op
WorkloadPilot    9: 4096 op, 407481.00 ns, 99.4827 ns/op
WorkloadPilot   10: 8192 op, 878991.00 ns, 107.2987 ns/op
WorkloadPilot   11: 16384 op, 1675289.00 ns, 102.2515 ns/op
WorkloadPilot   12: 32768 op, 3343635.00 ns, 102.0396 ns/op
WorkloadPilot   13: 65536 op, 6633068.00 ns, 101.2126 ns/op
WorkloadPilot   14: 131072 op, 13062696.00 ns, 99.6605 ns/op
WorkloadPilot   15: 262144 op, 25830401.00 ns, 98.5352 ns/op
WorkloadPilot   16: 524288 op, 51646013.00 ns, 98.5070 ns/op
WorkloadPilot   17: 1048576 op, 95256610.00 ns, 90.8438 ns/op
WorkloadPilot   18: 2097152 op, 38770057.00 ns, 18.4870 ns/op
WorkloadPilot   19: 4194304 op, 77565481.00 ns, 18.4931 ns/op
WorkloadPilot   20: 8388608 op, 155375879.00 ns, 18.5222 ns/op
WorkloadPilot   21: 16777216 op, 309886522.00 ns, 18.4707 ns/op
WorkloadPilot   22: 33554432 op, 622279053.00 ns, 18.5454 ns/op

OverheadWarmup   1: 33554432 op, 142584721.00 ns, 4.2494 ns/op
OverheadWarmup   2: 33554432 op, 148434144.00 ns, 4.4237 ns/op
OverheadWarmup   3: 33554432 op, 111166203.00 ns, 3.3130 ns/op
OverheadWarmup   4: 33554432 op, 110997198.00 ns, 3.3080 ns/op
OverheadWarmup   5: 33554432 op, 111139654.00 ns, 3.3122 ns/op
OverheadWarmup   6: 33554432 op, 111014738.00 ns, 3.3085 ns/op

OverheadActual   1: 33554432 op, 112412578.00 ns, 3.3502 ns/op
OverheadActual   2: 33554432 op, 110974253.00 ns, 3.3073 ns/op
OverheadActual   3: 33554432 op, 110962501.00 ns, 3.3069 ns/op
OverheadActual   4: 33554432 op, 111369811.00 ns, 3.3191 ns/op
OverheadActual   5: 33554432 op, 110996755.00 ns, 3.3080 ns/op
OverheadActual   6: 33554432 op, 110912758.00 ns, 3.3055 ns/op
OverheadActual   7: 33554432 op, 110947573.00 ns, 3.3065 ns/op
OverheadActual   8: 33554432 op, 111174407.00 ns, 3.3133 ns/op
OverheadActual   9: 33554432 op, 110984262.00 ns, 3.3076 ns/op
OverheadActual  10: 33554432 op, 111006443.00 ns, 3.3082 ns/op
OverheadActual  11: 33554432 op, 111203551.00 ns, 3.3141 ns/op
OverheadActual  12: 33554432 op, 111302586.00 ns, 3.3171 ns/op
OverheadActual  13: 33554432 op, 111088065.00 ns, 3.3107 ns/op
OverheadActual  14: 33554432 op, 110973963.00 ns, 3.3073 ns/op
OverheadActual  15: 33554432 op, 111004350.00 ns, 3.3082 ns/op

WorkloadWarmup   1: 33554432 op, 622779484.00 ns, 18.5603 ns/op
WorkloadWarmup   2: 33554432 op, 619696990.00 ns, 18.4684 ns/op
WorkloadWarmup   3: 33554432 op, 619878027.00 ns, 18.4738 ns/op

// BeforeActualRun
WorkloadActual   1: 33554432 op, 619747434.00 ns, 18.4699 ns/op
WorkloadActual   2: 33554432 op, 619417275.00 ns, 18.4601 ns/op
WorkloadActual   3: 33554432 op, 622891893.00 ns, 18.5636 ns/op
WorkloadActual   4: 33554432 op, 619416185.00 ns, 18.4600 ns/op
WorkloadActual   5: 33554432 op, 619546984.00 ns, 18.4639 ns/op

// AfterActualRun
WorkloadResult   1: 33554432 op, 508743084.00 ns, 15.1617 ns/op
WorkloadResult   2: 33554432 op, 508412925.00 ns, 15.1519 ns/op
WorkloadResult   3: 33554432 op, 508411835.00 ns, 15.1519 ns/op
WorkloadResult   4: 33554432 op, 508542634.00 ns, 15.1558 ns/op
// GC:  0 0 0 1072 33554432
// Threading:  0 0 33554432

// AfterAll
// Benchmark Process 3653 has exited with code 0.

Mean = 15.155 ns, StdErr = 0.002 ns (0.02%), N = 4, StdDev = 0.005 ns
Min = 15.152 ns, Q1 = 15.152 ns, Median = 15.154 ns, Q3 = 15.157 ns, Max = 15.162 ns
IQR = 0.005 ns, LowerFence = 15.144 ns, UpperFence = 15.165 ns
ConfidenceInterval = [15.125 ns; 15.185 ns] (CI 99.9%), Margin = 0.030 ns (0.20% of Mean)
Skewness = 0.46, Kurtosis = 1.05, MValue = 2

// ** Remained 51 (78.5 %) benchmark(s) to run. Estimated finish 2026-08-30 3:21 (0h 8m from now) **
// **************************
// Benchmark: DependentServiceResolutionBenchmarks.Needlr_Reflection_ResolveDependent: ShortRun(IterationCount=5, LaunchCount=1, WarmupCount=3)
// *** Execute ***
// Launch: 1 / 1
// Execute: dotnet bd712387-88f3-428d-bc3e-b66bbc2943f7.dll --anonymousPipes 163 164 --benchmarkName NexusLabs.Needlr.Benchmarks.Benchmarks.DependentServiceResolutionBenchmarks.Needlr_Reflection_ResolveDependent --job ShortRun --benchmarkId 14 in /home/runner/work/needlr/needlr/src/NexusLabs.Needlr.Benchmarks/bin/Release/net10.0/bd712387-88f3-428d-bc3e-b66bbc2943f7/bin/Release/net10.0
// Failed to set up high priority (Permission denied). In order to run benchmarks with high priority, make sure you have the right permissions.
// BeforeAnythingElse

// Benchmark Process Environment Information:
// BenchmarkDotNet v0.14.0
// Runtime=.NET 10.0.11 (10.0.1126.37416), X64 RyuJIT AVX2
// GC=Concurrent Workstation
// HardwareIntrinsics=AVX2,AES,BMI1,BMI2,FMA,LZCNT,PCLMUL,POPCNT VectorSize=256
// Job: ShortRun(IterationCount=5, LaunchCount=1, WarmupCount=3)

OverheadJitting  1: 1 op, 357909.00 ns, 357.9090 us/op
WorkloadJitting  1: 1 op, 4756053.00 ns, 4.7561 ms/op

OverheadJitting  2: 16 op, 555407.00 ns, 34.7129 us/op
WorkloadJitting  2: 16 op, 596314.00 ns, 37.2696 us/op

WorkloadPilot    1: 16 op, 7995.00 ns, 499.6875 ns/op
WorkloadPilot    2: 32 op, 7785.00 ns, 243.2813 ns/op
WorkloadPilot    3: 64 op, 9047.00 ns, 141.3594 ns/op
WorkloadPilot    4: 128 op, 20668.00 ns, 161.4688 ns/op
WorkloadPilot    5: 256 op, 24866.00 ns, 97.1328 ns/op
WorkloadPilot    6: 512 op, 45084.00 ns, 88.0547 ns/op
WorkloadPilot    7: 1024 op, 85409.00 ns, 83.4072 ns/op
WorkloadPilot    8: 2048 op, 166410.00 ns, 81.2549 ns/op
WorkloadPilot    9: 4096 op, 330167.00 ns, 80.6072 ns/op
WorkloadPilot   10: 8192 op, 746224.00 ns, 91.0918 ns/op
WorkloadPilot   11: 16384 op, 1397891.00 ns, 85.3205 ns/op
WorkloadPilot   12: 32768 op, 2729648.00 ns, 83.3022 ns/op
WorkloadPilot   13: 65536 op, 5389927.00 ns, 82.2438 ns/op
WorkloadPilot   14: 131072 op, 10728378.00 ns, 81.8510 ns/op
WorkloadPilot   15: 262144 op, 21412984.00 ns, 81.6841 ns/op
WorkloadPilot   16: 524288 op, 42796032.00 ns, 81.6270 ns/op
WorkloadPilot   17: 1048576 op, 85372935.00 ns, 81.4180 ns/op
WorkloadPilot   18: 2097152 op, 64705383.00 ns, 30.8539 ns/op
WorkloadPilot   19: 4194304 op, 78090904.00 ns, 18.6183 ns/op
WorkloadPilot   20: 8388608 op, 155454574.00 ns, 18.5316 ns/op
WorkloadPilot   21: 16777216 op, 313483171.00 ns, 18.6851 ns/op
WorkloadPilot   22: 33554432 op, 620510604.00 ns, 18.4927 ns/op

OverheadWarmup   1: 33554432 op, 141145276.00 ns, 4.2065 ns/op
OverheadWarmup   2: 33554432 op, 147687835.00 ns, 4.4014 ns/op
OverheadWarmup   3: 33554432 op, 109999224.00 ns, 3.2782 ns/op
OverheadWarmup   4: 33554432 op, 109826292.00 ns, 3.2731 ns/op
OverheadWarmup   5: 33554432 op, 109663137.00 ns, 3.2682 ns/op
OverheadWarmup   6: 33554432 op, 109678405.00 ns, 3.2687 ns/op
OverheadWarmup   7: 33554432 op, 109731535.00 ns, 3.2703 ns/op
OverheadWarmup   8: 33554432 op, 109641176.00 ns, 3.2676 ns/op

OverheadActual   1: 33554432 op, 109904318.00 ns, 3.2754 ns/op
OverheadActual   2: 33554432 op, 109681862.00 ns, 3.2688 ns/op
OverheadActual   3: 33554432 op, 109970462.00 ns, 3.2774 ns/op
OverheadActual   4: 33554432 op, 110220378.00 ns, 3.2848 ns/op
OverheadActual   5: 33554432 op, 109848093.00 ns, 3.2737 ns/op
OverheadActual   6: 33554432 op, 109648640.00 ns, 3.2678 ns/op
OverheadActual   7: 33554432 op, 109691299.00 ns, 3.2691 ns/op
OverheadActual   8: 33554432 op, 109905349.00 ns, 3.2754 ns/op
OverheadActual   9: 33554432 op, 109734110.00 ns, 3.2703 ns/op
OverheadActual  10: 33554432 op, 109688785.00 ns, 3.2690 ns/op
OverheadActual  11: 33554432 op, 109686360.00 ns, 3.2689 ns/op
OverheadActual  12: 33554432 op, 110092008.00 ns, 3.2810 ns/op
OverheadActual  13: 33554432 op, 109988374.00 ns, 3.2779 ns/op
OverheadActual  14: 33554432 op, 109846560.00 ns, 3.2737 ns/op
OverheadActual  15: 33554432 op, 109715145.00 ns, 3.2698 ns/op

WorkloadWarmup   1: 33554432 op, 623514253.00 ns, 18.5822 ns/op
WorkloadWarmup   2: 33554432 op, 623364725.00 ns, 18.5777 ns/op
WorkloadWarmup   3: 33554432 op, 624120315.00 ns, 18.6002 ns/op

// BeforeActualRun
WorkloadActual   1: 33554432 op, 626549342.00 ns, 18.6726 ns/op
WorkloadActual   2: 33554432 op, 620865546.00 ns, 18.5032 ns/op
WorkloadActual   3: 33554432 op, 621254683.00 ns, 18.5148 ns/op
WorkloadActual   4: 33554432 op, 620185818.00 ns, 18.4830 ns/op
WorkloadActual   5: 33554432 op, 620694912.00 ns, 18.4981 ns/op

// AfterActualRun
WorkloadResult   1: 33554432 op, 511018986.00 ns, 15.2296 ns/op
WorkloadResult   2: 33554432 op, 511408123.00 ns, 15.2411 ns/op
WorkloadResult   3: 33554432 op, 510339258.00 ns, 15.2093 ns/op
WorkloadResult   4: 33554432 op, 510848352.00 ns, 15.2245 ns/op
// GC:  0 0 0 1072 33554432
// Threading:  0 0 33554432

// AfterAll
// Benchmark Process 3662 has exited with code 0.

Mean = 15.226 ns, StdErr = 0.007 ns (0.04%), N = 4, StdDev = 0.013 ns
Min = 15.209 ns, Q1 = 15.221 ns, Median = 15.227 ns, Q3 = 15.232 ns, Max = 15.241 ns
IQR = 0.012 ns, LowerFence = 15.203 ns, UpperFence = 15.250 ns
ConfidenceInterval = [15.141 ns; 15.311 ns] (CI 99.9%), Margin = 0.085 ns (0.56% of Mean)
Skewness = -0.14, Kurtosis = 1.08, MValue = 2

// ** Remained 50 (76.9 %) benchmark(s) to run. Estimated finish 2026-08-30 3:21 (0h 8m from now) **
// **************************
// Benchmark: DependentServiceResolutionBenchmarks.Needlr_SourceGen_ResolveDependent: ShortRun(IterationCount=5, LaunchCount=1, WarmupCount=3)
// *** Execute ***
// Launch: 1 / 1
// Execute: dotnet bd712387-88f3-428d-bc3e-b66bbc2943f7.dll --anonymousPipes 163 164 --benchmarkName NexusLabs.Needlr.Benchmarks.Benchmarks.DependentServiceResolutionBenchmarks.Needlr_SourceGen_ResolveDependent --job ShortRun --benchmarkId 15 in /home/runner/work/needlr/needlr/src/NexusLabs.Needlr.Benchmarks/bin/Release/net10.0/bd712387-88f3-428d-bc3e-b66bbc2943f7/bin/Release/net10.0
// Failed to set up high priority (Permission denied). In order to run benchmarks with high priority, make sure you have the right permissions.
// BeforeAnythingElse

// Benchmark Process Environment Information:
// BenchmarkDotNet v0.14.0
// Runtime=.NET 10.0.11 (10.0.1126.37416), X64 RyuJIT AVX2
// GC=Concurrent Workstation
// HardwareIntrinsics=AVX2,AES,BMI1,BMI2,FMA,LZCNT,PCLMUL,POPCNT VectorSize=256
// Job: ShortRun(IterationCount=5, LaunchCount=1, WarmupCount=3)

OverheadJitting  1: 1 op, 352349.00 ns, 352.3490 us/op
WorkloadJitting  1: 1 op, 3549480.00 ns, 3.5495 ms/op

OverheadJitting  2: 16 op, 534558.00 ns, 33.4099 us/op
WorkloadJitting  2: 16 op, 525963.00 ns, 32.8727 us/op

WorkloadPilot    1: 16 op, 5770.00 ns, 360.6250 ns/op
WorkloadPilot    2: 32 op, 6382.00 ns, 199.4375 ns/op
WorkloadPilot    3: 64 op, 8335.00 ns, 130.2344 ns/op
WorkloadPilot    4: 128 op, 18695.00 ns, 146.0547 ns/op
WorkloadPilot    5: 256 op, 23684.00 ns, 92.5156 ns/op
WorkloadPilot    6: 512 op, 44072.00 ns, 86.0781 ns/op
WorkloadPilot    7: 1024 op, 84168.00 ns, 82.1953 ns/op
WorkloadPilot    8: 2048 op, 165469.00 ns, 80.7954 ns/op
WorkloadPilot    9: 4096 op, 325548.00 ns, 79.4795 ns/op
WorkloadPilot   10: 8192 op, 759038.00 ns, 92.6560 ns/op
WorkloadPilot   11: 16384 op, 1417768.00 ns, 86.5337 ns/op
WorkloadPilot   12: 32768 op, 2762930.00 ns, 84.3179 ns/op
WorkloadPilot   13: 65536 op, 5434220.00 ns, 82.9196 ns/op
WorkloadPilot   14: 131072 op, 10839585.00 ns, 82.6995 ns/op
WorkloadPilot   15: 262144 op, 21711401.00 ns, 82.8224 ns/op
WorkloadPilot   16: 524288 op, 43156585.00 ns, 82.3147 ns/op
WorkloadPilot   17: 1048576 op, 85471847.00 ns, 81.5123 ns/op
WorkloadPilot   18: 2097152 op, 64186022.00 ns, 30.6063 ns/op
WorkloadPilot   19: 4194304 op, 75952818.00 ns, 18.1086 ns/op
WorkloadPilot   20: 8388608 op, 152592690.00 ns, 18.1905 ns/op
WorkloadPilot   21: 16777216 op, 302607675.00 ns, 18.0368 ns/op
WorkloadPilot   22: 33554432 op, 608820193.00 ns, 18.1443 ns/op

OverheadWarmup   1: 33554432 op, 141062455.00 ns, 4.2040 ns/op
OverheadWarmup   2: 33554432 op, 149271807.00 ns, 4.4486 ns/op
OverheadWarmup   3: 33554432 op, 111511552.00 ns, 3.3233 ns/op
OverheadWarmup   4: 33554432 op, 112701665.00 ns, 3.3588 ns/op
OverheadWarmup   5: 33554432 op, 109649143.00 ns, 3.2678 ns/op

OverheadActual   1: 33554432 op, 111486796.00 ns, 3.3226 ns/op
OverheadActual   2: 33554432 op, 109636580.00 ns, 3.2674 ns/op
OverheadActual   3: 33554432 op, 109956797.00 ns, 3.2770 ns/op
OverheadActual   4: 33554432 op, 120077410.00 ns, 3.5786 ns/op
OverheadActual   5: 33554432 op, 109926220.00 ns, 3.2761 ns/op
OverheadActual   6: 33554432 op, 114599760.00 ns, 3.4153 ns/op
OverheadActual   7: 33554432 op, 109992074.00 ns, 3.2780 ns/op
OverheadActual   8: 33554432 op, 109808762.00 ns, 3.2726 ns/op
OverheadActual   9: 33554432 op, 109615009.00 ns, 3.2668 ns/op
OverheadActual  10: 33554432 op, 109653752.00 ns, 3.2679 ns/op
OverheadActual  11: 33554432 op, 109693697.00 ns, 3.2691 ns/op
OverheadActual  12: 33554432 op, 109805315.00 ns, 3.2725 ns/op
OverheadActual  13: 33554432 op, 109630839.00 ns, 3.2673 ns/op
OverheadActual  14: 33554432 op, 109617344.00 ns, 3.2669 ns/op
OverheadActual  15: 33554432 op, 109730095.00 ns, 3.2702 ns/op

WorkloadWarmup   1: 33554432 op, 604275486.00 ns, 18.0088 ns/op
WorkloadWarmup   2: 33554432 op, 603757218.00 ns, 17.9934 ns/op
WorkloadWarmup   3: 33554432 op, 603863847.00 ns, 17.9965 ns/op

// BeforeActualRun
WorkloadActual   1: 33554432 op, 603808255.00 ns, 17.9949 ns/op
WorkloadActual   2: 33554432 op, 603474901.00 ns, 17.9850 ns/op
WorkloadActual   3: 33554432 op, 604507412.00 ns, 18.0157 ns/op
WorkloadActual   4: 33554432 op, 661228493.00 ns, 19.7061 ns/op
WorkloadActual   5: 33554432 op, 659756213.00 ns, 19.6623 ns/op

// AfterActualRun
WorkloadResult   1: 33554432 op, 494002940.00 ns, 14.7224 ns/op
WorkloadResult   2: 33554432 op, 493669586.00 ns, 14.7125 ns/op
WorkloadResult   3: 33554432 op, 494702097.00 ns, 14.7433 ns/op
WorkloadResult   4: 33554432 op, 551423178.00 ns, 16.4337 ns/op
WorkloadResult   5: 33554432 op, 549950898.00 ns, 16.3898 ns/op
// GC:  0 0 0 1072 33554432
// Threading:  0 0 33554432

// AfterAll
// Benchmark Process 3670 has exited with code 0.

Mean = 15.400 ns, StdErr = 0.413 ns (2.68%), N = 5, StdDev = 0.923 ns
Min = 14.713 ns, Q1 = 14.722 ns, Median = 14.743 ns, Q3 = 16.390 ns, Max = 16.434 ns
IQR = 1.667 ns, LowerFence = 12.221 ns, UpperFence = 18.891 ns
ConfidenceInterval = [11.844 ns; 18.956 ns] (CI 99.9%), Margin = 3.556 ns (23.09% of Mean)
Skewness = 0.29, Kurtosis = 0.75, MValue = 2

// ** Remained 49 (75.4 %) benchmark(s) to run. Estimated finish 2026-08-30 3:21 (0h 7m from now) **
// ***** BenchmarkRunner: Finish  *****

// * Export *
  home/runner/work/needlr/needlr/benchmark-results/results/NexusLabs.Needlr.Benchmarks.Benchmarks.DependentServiceResolutionBenchmarks-report.csv
  home/runner/work/needlr/needlr/benchmark-results/results/NexusLabs.Needlr.Benchmarks.Benchmarks.DependentServiceResolutionBenchmarks-report-github.md
  home/runner/work/needlr/needlr/benchmark-results/results/NexusLabs.Needlr.Benchmarks.Benchmarks.DependentServiceResolutionBenchmarks-report.html
  home/runner/work/needlr/needlr/benchmark-results/results/NexusLabs.Needlr.Benchmarks.Benchmarks.DependentServiceResolutionBenchmarks-report-full-compressed.json
  home/runner/work/needlr/needlr/benchmark-results/results/NexusLabs.Needlr.Benchmarks.Benchmarks.DependentServiceResolutionBenchmarks-report-default.md

// * Detailed results *
DependentServiceResolutionBenchmarks.ManualDI_ResolveDependent: ShortRun(IterationCount=5, LaunchCount=1, WarmupCount=3)
Runtime = .NET 10.0.11 (10.0.1126.37416), X64 RyuJIT AVX2; GC = Concurrent Workstation
Mean = 15.155 ns, StdErr = 0.002 ns (0.02%), N = 4, StdDev = 0.005 ns
Min = 15.152 ns, Q1 = 15.152 ns, Median = 15.154 ns, Q3 = 15.157 ns, Max = 15.162 ns
IQR = 0.005 ns, LowerFence = 15.144 ns, UpperFence = 15.165 ns
ConfidenceInterval = [15.125 ns; 15.185 ns] (CI 99.9%), Margin = 0.030 ns (0.20% of Mean)
Skewness = 0.46, Kurtosis = 1.05, MValue = 2
-------------------- Histogram --------------------
[15.148 ns ; 15.166 ns) | @@@@
---------------------------------------------------

DependentServiceResolutionBenchmarks.Needlr_Reflection_ResolveDependent: ShortRun(IterationCount=5, LaunchCount=1, WarmupCount=3)
Runtime = .NET 10.0.11 (10.0.1126.37416), X64 RyuJIT AVX2; GC = Concurrent Workstation
Mean = 15.226 ns, StdErr = 0.007 ns (0.04%), N = 4, StdDev = 0.013 ns
Min = 15.209 ns, Q1 = 15.221 ns, Median = 15.227 ns, Q3 = 15.232 ns, Max = 15.241 ns
IQR = 0.012 ns, LowerFence = 15.203 ns, UpperFence = 15.250 ns
ConfidenceInterval = [15.141 ns; 15.311 ns] (CI 99.9%), Margin = 0.085 ns (0.56% of Mean)
Skewness = -0.14, Kurtosis = 1.08, MValue = 2
-------------------- Histogram --------------------
[15.198 ns ; 15.252 ns) | @@@@
---------------------------------------------------

DependentServiceResolutionBenchmarks.Needlr_SourceGen_ResolveDependent: ShortRun(IterationCount=5, LaunchCount=1, WarmupCount=3)
Runtime = .NET 10.0.11 (10.0.1126.37416), X64 RyuJIT AVX2; GC = Concurrent Workstation
Mean = 15.400 ns, StdErr = 0.413 ns (2.68%), N = 5, StdDev = 0.923 ns
Min = 14.713 ns, Q1 = 14.722 ns, Median = 14.743 ns, Q3 = 16.390 ns, Max = 16.434 ns
IQR = 1.667 ns, LowerFence = 12.221 ns, UpperFence = 18.891 ns
ConfidenceInterval = [11.844 ns; 18.956 ns] (CI 99.9%), Margin = 3.556 ns (23.09% of Mean)
Skewness = 0.29, Kurtosis = 0.75, MValue = 2
-------------------- Histogram --------------------
[14.004 ns ; 15.703 ns) | @@@
[15.703 ns ; 17.143 ns) | @@
---------------------------------------------------

// * Summary *

BenchmarkDotNet v0.14.0, Ubuntu 24.04.4 LTS (Noble Numbat)
AMD EPYC 7763, 1 CPU, 4 logical and 2 physical cores
.NET SDK 10.0.302
  [Host]   : .NET 10.0.11 (10.0.1126.37416), X64 RyuJIT AVX2
  ShortRun : .NET 10.0.11 (10.0.1126.37416), X64 RyuJIT AVX2

Job=ShortRun  IterationCount=5  LaunchCount=1  
WarmupCount=3  

| Method                             | Mean     | Error    | StdDev   | Ratio | RatioSD | Rank | Allocated | Alloc Ratio |
|----------------------------------- |---------:|---------:|---------:|------:|--------:|-----:|----------:|------------:|
| ManualDI_ResolveDependent          | 15.16 ns | 0.030 ns | 0.005 ns |  1.00 |    0.00 |    1 |         - |          NA |
| Needlr_Reflection_ResolveDependent | 15.23 ns | 0.085 ns | 0.013 ns |  1.00 |    0.00 |    1 |         - |          NA |
| Needlr_SourceGen_ResolveDependent  | 15.40 ns | 3.556 ns | 0.923 ns |  1.02 |    0.06 |    1 |         - |          NA |

// * Hints *
Outliers
  DependentServiceResolutionBenchmarks.ManualDI_ResolveDependent: ShortRun          -> 1 outlier  was  removed (18.56 ns)
  DependentServiceResolutionBenchmarks.Needlr_Reflection_ResolveDependent: ShortRun -> 1 outlier  was  removed (18.67 ns)
// * Config Issues *

// * Warnings *
Configuration
  Summary -> The exporter HtmlExporter is already present in configuration. There may be unexpected results.

// * Legends *
  Mean        : Arithmetic mean of all measurements
  Error       : Half of 99.9% confidence interval
  StdDev      : Standard deviation of all measurements
  Ratio       : Mean of the ratio distribution ([Current]/[Baseline])
  RatioSD     : Standard deviation of the ratio distribution ([Current]/[Baseline])
  Rank        : Relative position of current benchmark mean among all benchmarks (Arabic style)
  Allocated   : Allocated memory per single operation (managed only, inclusive, 1KB = 1024B)
  Alloc Ratio : Allocated memory ratio distribution ([Current]/[Baseline])
  1 ns        : 1 Nanosecond (0.000000001 sec)

// * Diagnostic Output - MemoryDiagnoser *


// ***** BenchmarkRunner: End *****
Run time: 00:00:29 (29.24 sec), executed benchmarks: 3

// Found 3 benchmarks:
//   FirstResolutionBenchmarks.ManualDI_BuildAndResolveFirst: ShortRun(InvocationCount=1, IterationCount=5, LaunchCount=1, UnrollFactor=1, WarmupCount=3)
//   FirstResolutionBenchmarks.Needlr_Reflection_BuildAndResolveFirst: ShortRun(InvocationCount=1, IterationCount=5, LaunchCount=1, UnrollFactor=1, WarmupCount=3)
//   FirstResolutionBenchmarks.Needlr_SourceGen_BuildAndResolveFirst: ShortRun(InvocationCount=1, IterationCount=5, LaunchCount=1, UnrollFactor=1, WarmupCount=3)

// **************************
// Benchmark: FirstResolutionBenchmarks.ManualDI_BuildAndResolveFirst: ShortRun(InvocationCount=1, IterationCount=5, LaunchCount=1, UnrollFactor=1, WarmupCount=3)
// *** Execute ***
// Launch: 1 / 1
// Execute: dotnet bd712387-88f3-428d-bc3e-b66bbc2943f7.dll --anonymousPipes 163 164 --benchmarkName NexusLabs.Needlr.Benchmarks.Benchmarks.FirstResolutionBenchmarks.ManualDI_BuildAndResolveFirst --job ShortRun --benchmarkId 16 in /home/runner/work/needlr/needlr/src/NexusLabs.Needlr.Benchmarks/bin/Release/net10.0/bd712387-88f3-428d-bc3e-b66bbc2943f7/bin/Release/net10.0
// Failed to set up high priority (Permission denied). In order to run benchmarks with high priority, make sure you have the right permissions.
// BeforeAnythingElse

// Benchmark Process Environment Information:
// BenchmarkDotNet v0.14.0
// Runtime=.NET 10.0.11 (10.0.1126.37416), X64 RyuJIT AVX2
// GC=Concurrent Workstation
// HardwareIntrinsics=AVX2,AES,BMI1,BMI2,FMA,LZCNT,PCLMUL,POPCNT VectorSize=256
// Job: ShortRun(InvocationCount=1, IterationCount=5, LaunchCount=1, UnrollFactor=1, WarmupCount=3)

OverheadJitting  1: 1 op, 359110.00 ns, 359.1100 us/op
WorkloadJitting  1: 1 op, 10947658.00 ns, 10.9477 ms/op

OverheadWarmup   1: 1 op, 451.00 ns, 451.0000 ns/op
OverheadWarmup   2: 1 op, 321.00 ns, 321.0000 ns/op
OverheadWarmup   3: 1 op, 340.00 ns, 340.0000 ns/op
OverheadWarmup   4: 1 op, 290.00 ns, 290.0000 ns/op
OverheadWarmup   5: 1 op, 351.00 ns, 351.0000 ns/op
OverheadWarmup   6: 1 op, 340.00 ns, 340.0000 ns/op

OverheadActual   1: 1 op, 331.00 ns, 331.0000 ns/op
OverheadActual   2: 1 op, 341.00 ns, 341.0000 ns/op
OverheadActual   3: 1 op, 311.00 ns, 311.0000 ns/op
OverheadActual   4: 1 op, 340.00 ns, 340.0000 ns/op
OverheadActual   5: 1 op, 341.00 ns, 341.0000 ns/op
OverheadActual   6: 1 op, 310.00 ns, 310.0000 ns/op
OverheadActual   7: 1 op, 341.00 ns, 341.0000 ns/op
OverheadActual   8: 1 op, 361.00 ns, 361.0000 ns/op
OverheadActual   9: 1 op, 311.00 ns, 311.0000 ns/op
OverheadActual  10: 1 op, 301.00 ns, 301.0000 ns/op
OverheadActual  11: 1 op, 291.00 ns, 291.0000 ns/op
OverheadActual  12: 1 op, 310.00 ns, 310.0000 ns/op
OverheadActual  13: 1 op, 361.00 ns, 361.0000 ns/op
OverheadActual  14: 1 op, 301.00 ns, 301.0000 ns/op
OverheadActual  15: 1 op, 320.00 ns, 320.0000 ns/op
OverheadActual  16: 1 op, 321.00 ns, 321.0000 ns/op
OverheadActual  17: 1 op, 320.00 ns, 320.0000 ns/op
OverheadActual  18: 1 op, 331.00 ns, 331.0000 ns/op
OverheadActual  19: 1 op, 311.00 ns, 311.0000 ns/op
OverheadActual  20: 1 op, 310.00 ns, 310.0000 ns/op

WorkloadWarmup   1: 1 op, 211044.00 ns, 211.0440 us/op
WorkloadWarmup   2: 1 op, 28292.00 ns, 28.2920 us/op
WorkloadWarmup   3: 1 op, 26690.00 ns, 26.6900 us/op

// BeforeActualRun
WorkloadActual   1: 1 op, 48962.00 ns, 48.9620 us/op
WorkloadActual   2: 1 op, 26039.00 ns, 26.0390 us/op
WorkloadActual   3: 1 op, 29526.00 ns, 29.5260 us/op
WorkloadActual   4: 1 op, 26078.00 ns, 26.0780 us/op
WorkloadActual   5: 1 op, 25768.00 ns, 25.7680 us/op

// AfterActualRun
WorkloadResult   1: 1 op, 25719.00 ns, 25.7190 us/op
WorkloadResult   2: 1 op, 29206.00 ns, 29.2060 us/op
WorkloadResult   3: 1 op, 25758.00 ns, 25.7580 us/op
WorkloadResult   4: 1 op, 25448.00 ns, 25.4480 us/op
// GC:  0 0 0 6064 1
// Threading:  0 0 1

// AfterAll
// Benchmark Process 3683 has exited with code 0.

Mean = 26.533 μs, StdErr = 0.894 μs (3.37%), N = 4, StdDev = 1.787 μs
Min = 25.448 μs, Q1 = 25.651 μs, Median = 25.738 μs, Q3 = 26.620 μs, Max = 29.206 μs
IQR = 0.969 μs, LowerFence = 24.198 μs, UpperFence = 28.073 μs
ConfidenceInterval = [14.982 μs; 38.083 μs] (CI 99.9%), Margin = 11.551 μs (43.53% of Mean)
Skewness = 0.74, Kurtosis = 1.3, MValue = 2

// ** Remained 48 (73.8 %) benchmark(s) to run. Estimated finish 2026-08-30 3:20 (0h 7m from now) **
// **************************
// Benchmark: FirstResolutionBenchmarks.Needlr_Reflection_BuildAndResolveFirst: ShortRun(InvocationCount=1, IterationCount=5, LaunchCount=1, UnrollFactor=1, WarmupCount=3)
// *** Execute ***
// Launch: 1 / 1
// Execute: dotnet bd712387-88f3-428d-bc3e-b66bbc2943f7.dll --anonymousPipes 163 164 --benchmarkName NexusLabs.Needlr.Benchmarks.Benchmarks.FirstResolutionBenchmarks.Needlr_Reflection_BuildAndResolveFirst --job ShortRun --benchmarkId 17 in /home/runner/work/needlr/needlr/src/NexusLabs.Needlr.Benchmarks/bin/Release/net10.0/bd712387-88f3-428d-bc3e-b66bbc2943f7/bin/Release/net10.0
// Failed to set up high priority (Permission denied). In order to run benchmarks with high priority, make sure you have the right permissions.
// BeforeAnythingElse

// Benchmark Process Environment Information:
// BenchmarkDotNet v0.14.0
// Runtime=.NET 10.0.11 (10.0.1126.37416), X64 RyuJIT AVX2
// GC=Concurrent Workstation
// HardwareIntrinsics=AVX2,AES,BMI1,BMI2,FMA,LZCNT,PCLMUL,POPCNT VectorSize=256
// Job: ShortRun(InvocationCount=1, IterationCount=5, LaunchCount=1, UnrollFactor=1, WarmupCount=3)

OverheadJitting  1: 1 op, 344594.00 ns, 344.5940 us/op
WorkloadJitting  1: 1 op, 66949585.00 ns, 66.9496 ms/op

OverheadWarmup   1: 1 op, 531.00 ns, 531.0000 ns/op
OverheadWarmup   2: 1 op, 932.00 ns, 932.0000 ns/op
OverheadWarmup   3: 1 op, 381.00 ns, 381.0000 ns/op
OverheadWarmup   4: 1 op, 431.00 ns, 431.0000 ns/op
OverheadWarmup   5: 1 op, 351.00 ns, 351.0000 ns/op

OverheadActual   1: 1 op, 822.00 ns, 822.0000 ns/op
OverheadActual   2: 1 op, 902.00 ns, 902.0000 ns/op
OverheadActual   3: 1 op, 370.00 ns, 370.0000 ns/op
OverheadActual   4: 1 op, 340.00 ns, 340.0000 ns/op
OverheadActual   5: 1 op, 411.00 ns, 411.0000 ns/op
OverheadActual   6: 1 op, 391.00 ns, 391.0000 ns/op
OverheadActual   7: 1 op, 320.00 ns, 320.0000 ns/op
OverheadActual   8: 1 op, 370.00 ns, 370.0000 ns/op
OverheadActual   9: 1 op, 360.00 ns, 360.0000 ns/op
OverheadActual  10: 1 op, 711.00 ns, 711.0000 ns/op
OverheadActual  11: 1 op, 761.00 ns, 761.0000 ns/op
OverheadActual  12: 1 op, 330.00 ns, 330.0000 ns/op
OverheadActual  13: 1 op, 321.00 ns, 321.0000 ns/op
OverheadActual  14: 1 op, 341.00 ns, 341.0000 ns/op
OverheadActual  15: 1 op, 381.00 ns, 381.0000 ns/op
OverheadActual  16: 1 op, 661.00 ns, 661.0000 ns/op
OverheadActual  17: 1 op, 311.00 ns, 311.0000 ns/op
OverheadActual  18: 1 op, 320.00 ns, 320.0000 ns/op
OverheadActual  19: 1 op, 340.00 ns, 340.0000 ns/op
OverheadActual  20: 1 op, 311.00 ns, 311.0000 ns/op

WorkloadWarmup   1: 1 op, 8123914.00 ns, 8.1239 ms/op
WorkloadWarmup   2: 1 op, 6273327.00 ns, 6.2733 ms/op
WorkloadWarmup   3: 1 op, 6119149.00 ns, 6.1191 ms/op

// BeforeActualRun
WorkloadActual   1: 1 op, 6190332.00 ns, 6.1903 ms/op
WorkloadActual   2: 1 op, 6114130.00 ns, 6.1141 ms/op
WorkloadActual   3: 1 op, 6054097.00 ns, 6.0541 ms/op
WorkloadActual   4: 1 op, 6158372.00 ns, 6.1584 ms/op
WorkloadActual   5: 1 op, 6125240.00 ns, 6.1252 ms/op

// AfterActualRun
WorkloadResult   1: 1 op, 6189967.00 ns, 6.1900 ms/op
WorkloadResult   2: 1 op, 6113765.00 ns, 6.1138 ms/op
WorkloadResult   3: 1 op, 6053732.00 ns, 6.0537 ms/op
WorkloadResult   4: 1 op, 6158007.00 ns, 6.1580 ms/op
WorkloadResult   5: 1 op, 6124875.00 ns, 6.1249 ms/op
// GC:  0 0 0 1319664 1
// Threading:  0 0 1

// AfterAll
// Benchmark Process 3690 has exited with code 0.

Mean = 6.128 ms, StdErr = 0.023 ms (0.37%), N = 5, StdDev = 0.051 ms
Min = 6.054 ms, Q1 = 6.114 ms, Median = 6.125 ms, Q3 = 6.158 ms, Max = 6.190 ms
IQR = 0.044 ms, LowerFence = 6.047 ms, UpperFence = 6.224 ms
ConfidenceInterval = [5.931 ms; 6.325 ms] (CI 99.9%), Margin = 0.197 ms (3.21% of Mean)
Skewness = -0.22, Kurtosis = 1.34, MValue = 2

// ** Remained 47 (72.3 %) benchmark(s) to run. Estimated finish 2026-08-30 3:20 (0h 6m from now) **
// **************************
// Benchmark: FirstResolutionBenchmarks.Needlr_SourceGen_BuildAndResolveFirst: ShortRun(InvocationCount=1, IterationCount=5, LaunchCount=1, UnrollFactor=1, WarmupCount=3)
// *** Execute ***
// Launch: 1 / 1
// Execute: dotnet bd712387-88f3-428d-bc3e-b66bbc2943f7.dll --anonymousPipes 163 164 --benchmarkName NexusLabs.Needlr.Benchmarks.Benchmarks.FirstResolutionBenchmarks.Needlr_SourceGen_BuildAndResolveFirst --job ShortRun --benchmarkId 18 in /home/runner/work/needlr/needlr/src/NexusLabs.Needlr.Benchmarks/bin/Release/net10.0/bd712387-88f3-428d-bc3e-b66bbc2943f7/bin/Release/net10.0
// Failed to set up high priority (Permission denied). In order to run benchmarks with high priority, make sure you have the right permissions.
// BeforeAnythingElse

// Benchmark Process Environment Information:
// BenchmarkDotNet v0.14.0
// Runtime=.NET 10.0.11 (10.0.1126.37416), X64 RyuJIT AVX2
// GC=Concurrent Workstation
// HardwareIntrinsics=AVX2,AES,BMI1,BMI2,FMA,LZCNT,PCLMUL,POPCNT VectorSize=256
// Job: ShortRun(InvocationCount=1, IterationCount=5, LaunchCount=1, UnrollFactor=1, WarmupCount=3)

OverheadJitting  1: 1 op, 458546.00 ns, 458.5460 us/op
WorkloadJitting  1: 1 op, 52948986.00 ns, 52.9490 ms/op

OverheadWarmup   1: 1 op, 561.00 ns, 561.0000 ns/op
OverheadWarmup   2: 1 op, 1042.00 ns, 1.0420 us/op
OverheadWarmup   3: 1 op, 361.00 ns, 361.0000 ns/op
OverheadWarmup   4: 1 op, 781.00 ns, 781.0000 ns/op
OverheadWarmup   5: 1 op, 361.00 ns, 361.0000 ns/op

OverheadActual   1: 1 op, 370.00 ns, 370.0000 ns/op
OverheadActual   2: 1 op, 822.00 ns, 822.0000 ns/op
OverheadActual   3: 1 op, 791.00 ns, 791.0000 ns/op
OverheadActual   4: 1 op, 361.00 ns, 361.0000 ns/op
OverheadActual   5: 1 op, 401.00 ns, 401.0000 ns/op
OverheadActual   6: 1 op, 821.00 ns, 821.0000 ns/op
OverheadActual   7: 1 op, 381.00 ns, 381.0000 ns/op
OverheadActual   8: 1 op, 331.00 ns, 331.0000 ns/op
OverheadActual   9: 1 op, 331.00 ns, 331.0000 ns/op
OverheadActual  10: 1 op, 301.00 ns, 301.0000 ns/op
OverheadActual  11: 1 op, 341.00 ns, 341.0000 ns/op
OverheadActual  12: 1 op, 330.00 ns, 330.0000 ns/op
OverheadActual  13: 1 op, 301.00 ns, 301.0000 ns/op
OverheadActual  14: 1 op, 291.00 ns, 291.0000 ns/op
OverheadActual  15: 1 op, 321.00 ns, 321.0000 ns/op
OverheadActual  16: 1 op, 331.00 ns, 331.0000 ns/op
OverheadActual  17: 1 op, 311.00 ns, 311.0000 ns/op
OverheadActual  18: 1 op, 320.00 ns, 320.0000 ns/op
OverheadActual  19: 1 op, 390.00 ns, 390.0000 ns/op
OverheadActual  20: 1 op, 311.00 ns, 311.0000 ns/op

WorkloadWarmup   1: 1 op, 1035464.00 ns, 1.0355 ms/op
WorkloadWarmup   2: 1 op, 548916.00 ns, 548.9160 us/op
WorkloadWarmup   3: 1 op, 488883.00 ns, 488.8830 us/op

// BeforeActualRun
WorkloadActual   1: 1 op, 528187.00 ns, 528.1870 us/op
WorkloadActual   2: 1 op, 482171.00 ns, 482.1710 us/op
WorkloadActual   3: 1 op, 475508.00 ns, 475.5080 us/op
WorkloadActual   4: 1 op, 474817.00 ns, 474.8170 us/op
WorkloadActual   5: 1 op, 497690.00 ns, 497.6900 us/op

// AfterActualRun
WorkloadResult   1: 1 op, 527856.00 ns, 527.8560 us/op
WorkloadResult   2: 1 op, 481840.00 ns, 481.8400 us/op
WorkloadResult   3: 1 op, 475177.00 ns, 475.1770 us/op
WorkloadResult   4: 1 op, 474486.00 ns, 474.4860 us/op
WorkloadResult   5: 1 op, 497359.00 ns, 497.3590 us/op
// GC:  0 0 0 217480 1
// Threading:  0 0 1

// AfterAll
// Benchmark Process 3697 has exited with code 0.

Mean = 491.344 μs, StdErr = 10.013 μs (2.04%), N = 5, StdDev = 22.390 μs
Min = 474.486 μs, Q1 = 475.177 μs, Median = 481.840 μs, Q3 = 497.359 μs, Max = 527.856 μs
IQR = 22.182 μs, LowerFence = 441.904 μs, UpperFence = 530.632 μs
ConfidenceInterval = [405.129 μs; 577.558 μs] (CI 99.9%), Margin = 86.215 μs (17.55% of Mean)
Skewness = 0.7, Kurtosis = 1.54, MValue = 2

// ** Remained 46 (70.8 %) benchmark(s) to run. Estimated finish 2026-08-30 3:19 (0h 6m from now) **
// ***** BenchmarkRunner: Finish  *****

// * Export *
  home/runner/work/needlr/needlr/benchmark-results/results/NexusLabs.Needlr.Benchmarks.Benchmarks.FirstResolutionBenchmarks-report.csv
  home/runner/work/needlr/needlr/benchmark-results/results/NexusLabs.Needlr.Benchmarks.Benchmarks.FirstResolutionBenchmarks-report-github.md
  home/runner/work/needlr/needlr/benchmark-results/results/NexusLabs.Needlr.Benchmarks.Benchmarks.FirstResolutionBenchmarks-report.html
  home/runner/work/needlr/needlr/benchmark-results/results/NexusLabs.Needlr.Benchmarks.Benchmarks.FirstResolutionBenchmarks-report-full-compressed.json
  home/runner/work/needlr/needlr/benchmark-results/results/NexusLabs.Needlr.Benchmarks.Benchmarks.FirstResolutionBenchmarks-report-default.md

// * Detailed results *
FirstResolutionBenchmarks.ManualDI_BuildAndResolveFirst: ShortRun(InvocationCount=1, IterationCount=5, LaunchCount=1, UnrollFactor=1, WarmupCount=3)
Runtime = .NET 10.0.11 (10.0.1126.37416), X64 RyuJIT AVX2; GC = Concurrent Workstation
Mean = 26.533 μs, StdErr = 0.894 μs (3.37%), N = 4, StdDev = 1.787 μs
Min = 25.448 μs, Q1 = 25.651 μs, Median = 25.738 μs, Q3 = 26.620 μs, Max = 29.206 μs
IQR = 0.969 μs, LowerFence = 24.198 μs, UpperFence = 28.073 μs
ConfidenceInterval = [14.982 μs; 38.083 μs] (CI 99.9%), Margin = 11.551 μs (43.53% of Mean)
Skewness = 0.74, Kurtosis = 1.3, MValue = 2
-------------------- Histogram --------------------
[23.970 μs ; 27.081 μs) | @@@
[27.081 μs ; 30.684 μs) | @
---------------------------------------------------

FirstResolutionBenchmarks.Needlr_Reflection_BuildAndResolveFirst: ShortRun(InvocationCount=1, IterationCount=5, LaunchCount=1, UnrollFactor=1, WarmupCount=3)
Runtime = .NET 10.0.11 (10.0.1126.37416), X64 RyuJIT AVX2; GC = Concurrent Workstation
Mean = 6.128 ms, StdErr = 0.023 ms (0.37%), N = 5, StdDev = 0.051 ms
Min = 6.054 ms, Q1 = 6.114 ms, Median = 6.125 ms, Q3 = 6.158 ms, Max = 6.190 ms
IQR = 0.044 ms, LowerFence = 6.047 ms, UpperFence = 6.224 ms
ConfidenceInterval = [5.931 ms; 6.325 ms] (CI 99.9%), Margin = 0.197 ms (3.21% of Mean)
Skewness = -0.22, Kurtosis = 1.34, MValue = 2
-------------------- Histogram --------------------
[6.014 ms ; 6.213 ms) | @@@@@
---------------------------------------------------

FirstResolutionBenchmarks.Needlr_SourceGen_BuildAndResolveFirst: ShortRun(InvocationCount=1, IterationCount=5, LaunchCount=1, UnrollFactor=1, WarmupCount=3)
Runtime = .NET 10.0.11 (10.0.1126.37416), X64 RyuJIT AVX2; GC = Concurrent Workstation
Mean = 491.344 μs, StdErr = 10.013 μs (2.04%), N = 5, StdDev = 22.390 μs
Min = 474.486 μs, Q1 = 475.177 μs, Median = 481.840 μs, Q3 = 497.359 μs, Max = 527.856 μs
IQR = 22.182 μs, LowerFence = 441.904 μs, UpperFence = 530.632 μs
ConfidenceInterval = [405.129 μs; 577.558 μs] (CI 99.9%), Margin = 86.215 μs (17.55% of Mean)
Skewness = 0.7, Kurtosis = 1.54, MValue = 2
-------------------- Histogram --------------------
[468.737 μs ; 503.108 μs) | @@@@
[503.108 μs ; 545.041 μs) | @
---------------------------------------------------

// * Summary *

BenchmarkDotNet v0.14.0, Ubuntu 24.04.4 LTS (Noble Numbat)
AMD EPYC 7763, 1 CPU, 4 logical and 2 physical cores
.NET SDK 10.0.302
  [Host]   : .NET 10.0.11 (10.0.1126.37416), X64 RyuJIT AVX2
  ShortRun : .NET 10.0.11 (10.0.1126.37416), X64 RyuJIT AVX2

Job=ShortRun  InvocationCount=1  IterationCount=5  
LaunchCount=1  UnrollFactor=1  WarmupCount=3  

| Method                                 | Mean        | Error     | StdDev    | Ratio  | RatioSD | Rank | Allocated | Alloc Ratio |
|--------------------------------------- |------------:|----------:|----------:|-------:|--------:|-----:|----------:|------------:|
| ManualDI_BuildAndResolveFirst          |    26.53 μs |  11.55 μs |  1.787 μs |   1.00 |    0.08 |    1 |         - |          NA |
| Needlr_Reflection_BuildAndResolveFirst | 6,128.07 μs | 196.99 μs | 51.158 μs | 231.70 |   13.13 |    3 | 1319664 B |          NA |
| Needlr_SourceGen_BuildAndResolveFirst  |   491.34 μs |  86.21 μs | 22.390 μs |  18.58 |    1.30 |    2 |  217480 B |          NA |

// * Warnings *
MinIterationTime
  FirstResolutionBenchmarks.ManualDI_BuildAndResolveFirst: ShortRun          -> The minimum observed iteration time is 25.768μs which is very small. It's recommended to increase it to at least 100ms using more operations.
  FirstResolutionBenchmarks.Needlr_Reflection_BuildAndResolveFirst: ShortRun -> The minimum observed iteration time is 6.054ms which is very small. It's recommended to increase it to at least 100ms using more operations.
  FirstResolutionBenchmarks.Needlr_SourceGen_BuildAndResolveFirst: ShortRun  -> The minimum observed iteration time is 474.817μs which is very small. It's recommended to increase it to at least 100ms using more operations.

// * Hints *
Outliers
  FirstResolutionBenchmarks.ManualDI_BuildAndResolveFirst: ShortRun -> 1 outlier  was  removed (48.96 μs)
// * Config Issues *

// * Warnings *
Configuration
  Summary -> The exporter HtmlExporter is already present in configuration. There may be unexpected results.

// * Legends *
  Mean        : Arithmetic mean of all measurements
  Error       : Half of 99.9% confidence interval
  StdDev      : Standard deviation of all measurements
  Ratio       : Mean of the ratio distribution ([Current]/[Baseline])
  RatioSD     : Standard deviation of the ratio distribution ([Current]/[Baseline])
  Rank        : Relative position of current benchmark mean among all benchmarks (Arabic style)
  Allocated   : Allocated memory per single operation (managed only, inclusive, 1KB = 1024B)
  Alloc Ratio : Allocated memory ratio distribution ([Current]/[Baseline])
  1 μs        : 1 Microsecond (0.000001 sec)

// * Diagnostic Output - MemoryDiagnoser *


// ***** BenchmarkRunner: End *****
Run time: 00:00:00 (0.77 sec), executed benchmarks: 3

// Found 4 benchmarks:
//   HostBuildBenchmarks.ManualDI_BuildHost: ShortRun(InvocationCount=1, IterationCount=5, LaunchCount=1, UnrollFactor=1, WarmupCount=3)
//   HostBuildBenchmarks.Needlr_Reflection_BuildHost: ShortRun(InvocationCount=1, IterationCount=5, LaunchCount=1, UnrollFactor=1, WarmupCount=3)
//   HostBuildBenchmarks.Needlr_SourceGen_BuildHost: ShortRun(InvocationCount=1, IterationCount=5, LaunchCount=1, UnrollFactor=1, WarmupCount=3)
//   HostBuildBenchmarks.Needlr_SourceGenExplicit_BuildHost: ShortRun(InvocationCount=1, IterationCount=5, LaunchCount=1, UnrollFactor=1, WarmupCount=3)

// **************************
// Benchmark: HostBuildBenchmarks.ManualDI_BuildHost: ShortRun(InvocationCount=1, IterationCount=5, LaunchCount=1, UnrollFactor=1, WarmupCount=3)
// *** Execute ***
// Launch: 1 / 1
// Execute: dotnet bd712387-88f3-428d-bc3e-b66bbc2943f7.dll --anonymousPipes 163 164 --benchmarkName NexusLabs.Needlr.Benchmarks.Benchmarks.HostBuildBenchmarks.ManualDI_BuildHost --job ShortRun --benchmarkId 19 in /home/runner/work/needlr/needlr/src/NexusLabs.Needlr.Benchmarks/bin/Release/net10.0/bd712387-88f3-428d-bc3e-b66bbc2943f7/bin/Release/net10.0
// Failed to set up high priority (Permission denied). In order to run benchmarks with high priority, make sure you have the right permissions.
// BeforeAnythingElse

// Benchmark Process Environment Information:
// BenchmarkDotNet v0.14.0
// Runtime=.NET 10.0.11 (10.0.1126.37416), X64 RyuJIT AVX2
// GC=Concurrent Workstation
// HardwareIntrinsics=AVX2,AES,BMI1,BMI2,FMA,LZCNT,PCLMUL,POPCNT VectorSize=256
// Job: ShortRun(InvocationCount=1, IterationCount=5, LaunchCount=1, UnrollFactor=1, WarmupCount=3)

OverheadJitting  1: 1 op, 342891.00 ns, 342.8910 us/op
WorkloadJitting  1: 1 op, 46023130.00 ns, 46.0231 ms/op

OverheadWarmup   1: 1 op, 621.00 ns, 621.0000 ns/op
OverheadWarmup   2: 1 op, 370.00 ns, 370.0000 ns/op
OverheadWarmup   3: 1 op, 371.00 ns, 371.0000 ns/op
OverheadWarmup   4: 1 op, 431.00 ns, 431.0000 ns/op
OverheadWarmup   5: 1 op, 391.00 ns, 391.0000 ns/op
OverheadWarmup   6: 1 op, 330.00 ns, 330.0000 ns/op
OverheadWarmup   7: 1 op, 360.00 ns, 360.0000 ns/op
OverheadWarmup   8: 1 op, 341.00 ns, 341.0000 ns/op

OverheadActual   1: 1 op, 341.00 ns, 341.0000 ns/op
OverheadActual   2: 1 op, 401.00 ns, 401.0000 ns/op
OverheadActual   3: 1 op, 341.00 ns, 341.0000 ns/op
OverheadActual   4: 1 op, 341.00 ns, 341.0000 ns/op
OverheadActual   5: 1 op, 341.00 ns, 341.0000 ns/op
OverheadActual   6: 1 op, 361.00 ns, 361.0000 ns/op
OverheadActual   7: 1 op, 341.00 ns, 341.0000 ns/op
OverheadActual   8: 1 op, 301.00 ns, 301.0000 ns/op
OverheadActual   9: 1 op, 330.00 ns, 330.0000 ns/op
OverheadActual  10: 1 op, 350.00 ns, 350.0000 ns/op
OverheadActual  11: 1 op, 341.00 ns, 341.0000 ns/op
OverheadActual  12: 1 op, 321.00 ns, 321.0000 ns/op
OverheadActual  13: 1 op, 341.00 ns, 341.0000 ns/op
OverheadActual  14: 1 op, 381.00 ns, 381.0000 ns/op
OverheadActual  15: 1 op, 371.00 ns, 371.0000 ns/op
OverheadActual  16: 1 op, 371.00 ns, 371.0000 ns/op
OverheadActual  17: 1 op, 361.00 ns, 361.0000 ns/op
OverheadActual  18: 1 op, 531.00 ns, 531.0000 ns/op
OverheadActual  19: 1 op, 471.00 ns, 471.0000 ns/op
OverheadActual  20: 1 op, 391.00 ns, 391.0000 ns/op

WorkloadWarmup   1: 1 op, 3644757.00 ns, 3.6448 ms/op
WorkloadWarmup   2: 1 op, 3689050.00 ns, 3.6891 ms/op
WorkloadWarmup   3: 1 op, 3924459.00 ns, 3.9245 ms/op

// BeforeActualRun
WorkloadActual   1: 1 op, 4088897.00 ns, 4.0889 ms/op
WorkloadActual   2: 1 op, 3561031.00 ns, 3.5610 ms/op
WorkloadActual   3: 1 op, 3403607.00 ns, 3.4036 ms/op
WorkloadActual   4: 1 op, 3590155.00 ns, 3.5902 ms/op
WorkloadActual   5: 1 op, 3544400.00 ns, 3.5444 ms/op

// AfterActualRun
WorkloadResult   1: 1 op, 3560685.50 ns, 3.5607 ms/op
WorkloadResult   2: 1 op, 3403261.50 ns, 3.4033 ms/op
WorkloadResult   3: 1 op, 3589809.50 ns, 3.5898 ms/op
WorkloadResult   4: 1 op, 3544054.50 ns, 3.5441 ms/op
// GC:  0 0 0 326608 1
// Threading:  0 0 1

// AfterAll
// Benchmark Process 3705 has exited with code 0.

Mean = 3.524 ms, StdErr = 0.041 ms (1.18%), N = 4, StdDev = 0.083 ms
Min = 3.403 ms, Q1 = 3.509 ms, Median = 3.552 ms, Q3 = 3.568 ms, Max = 3.590 ms
IQR = 0.059 ms, LowerFence = 3.420 ms, UpperFence = 3.657 ms
ConfidenceInterval = [2.988 ms; 4.061 ms] (CI 99.9%), Margin = 0.536 ms (15.21% of Mean)
Skewness = -0.63, Kurtosis = 1.24, MValue = 2

// ** Remained 45 (69.2 %) benchmark(s) to run. Estimated finish 2026-08-30 3:19 (0h 5m from now) **
// **************************
// Benchmark: HostBuildBenchmarks.Needlr_Reflection_BuildHost: ShortRun(InvocationCount=1, IterationCount=5, LaunchCount=1, UnrollFactor=1, WarmupCount=3)
// *** Execute ***
// Launch: 1 / 1
// Execute: dotnet bd712387-88f3-428d-bc3e-b66bbc2943f7.dll --anonymousPipes 163 164 --benchmarkName NexusLabs.Needlr.Benchmarks.Benchmarks.HostBuildBenchmarks.Needlr_Reflection_BuildHost --job ShortRun --benchmarkId 20 in /home/runner/work/needlr/needlr/src/NexusLabs.Needlr.Benchmarks/bin/Release/net10.0/bd712387-88f3-428d-bc3e-b66bbc2943f7/bin/Release/net10.0
// Failed to set up high priority (Permission denied). In order to run benchmarks with high priority, make sure you have the right permissions.
// BeforeAnythingElse

// Benchmark Process Environment Information:
// BenchmarkDotNet v0.14.0
// Runtime=.NET 10.0.11 (10.0.1126.37416), X64 RyuJIT AVX2
// GC=Concurrent Workstation
// HardwareIntrinsics=AVX2,AES,BMI1,BMI2,FMA,LZCNT,PCLMUL,POPCNT VectorSize=256
// Job: ShortRun(InvocationCount=1, IterationCount=5, LaunchCount=1, UnrollFactor=1, WarmupCount=3)

OverheadJitting  1: 1 op, 342169.00 ns, 342.1690 us/op
WorkloadJitting  1: 1 op, 97991083.00 ns, 97.9911 ms/op

OverheadWarmup   1: 1 op, 541.00 ns, 541.0000 ns/op
OverheadWarmup   2: 1 op, 341.00 ns, 341.0000 ns/op
OverheadWarmup   3: 1 op, 501.00 ns, 501.0000 ns/op
OverheadWarmup   4: 1 op, 351.00 ns, 351.0000 ns/op
OverheadWarmup   5: 1 op, 371.00 ns, 371.0000 ns/op
OverheadWarmup   6: 1 op, 341.00 ns, 341.0000 ns/op

OverheadActual   1: 1 op, 351.00 ns, 351.0000 ns/op
OverheadActual   2: 1 op, 450.00 ns, 450.0000 ns/op
OverheadActual   3: 1 op, 621.00 ns, 621.0000 ns/op
OverheadActual   4: 1 op, 321.00 ns, 321.0000 ns/op
OverheadActual   5: 1 op, 411.00 ns, 411.0000 ns/op
OverheadActual   6: 1 op, 330.00 ns, 330.0000 ns/op
OverheadActual   7: 1 op, 391.00 ns, 391.0000 ns/op
OverheadActual   8: 1 op, 360.00 ns, 360.0000 ns/op
OverheadActual   9: 1 op, 361.00 ns, 361.0000 ns/op
OverheadActual  10: 1 op, 350.00 ns, 350.0000 ns/op
OverheadActual  11: 1 op, 361.00 ns, 361.0000 ns/op
OverheadActual  12: 1 op, 380.00 ns, 380.0000 ns/op
OverheadActual  13: 1 op, 351.00 ns, 351.0000 ns/op
OverheadActual  14: 1 op, 340.00 ns, 340.0000 ns/op
OverheadActual  15: 1 op, 391.00 ns, 391.0000 ns/op
OverheadActual  16: 1 op, 351.00 ns, 351.0000 ns/op
OverheadActual  17: 1 op, 340.00 ns, 340.0000 ns/op
OverheadActual  18: 1 op, 361.00 ns, 361.0000 ns/op
OverheadActual  19: 1 op, 351.00 ns, 351.0000 ns/op
OverheadActual  20: 1 op, 360.00 ns, 360.0000 ns/op

WorkloadWarmup   1: 1 op, 11474802.00 ns, 11.4748 ms/op
WorkloadWarmup   2: 1 op, 8874295.00 ns, 8.8743 ms/op
WorkloadWarmup   3: 1 op, 8654314.00 ns, 8.6543 ms/op

// BeforeActualRun
WorkloadActual   1: 1 op, 9165519.00 ns, 9.1655 ms/op
WorkloadActual   2: 1 op, 9313395.00 ns, 9.3134 ms/op
WorkloadActual   3: 1 op, 9441524.00 ns, 9.4415 ms/op
WorkloadActual   4: 1 op, 9206696.00 ns, 9.2067 ms/op
WorkloadActual   5: 1 op, 9465410.00 ns, 9.4654 ms/op

// AfterActualRun
WorkloadResult   1: 1 op, 9165159.00 ns, 9.1652 ms/op
WorkloadResult   2: 1 op, 9313035.00 ns, 9.3130 ms/op
WorkloadResult   3: 1 op, 9441164.00 ns, 9.4412 ms/op
WorkloadResult   4: 1 op, 9206336.00 ns, 9.2063 ms/op
WorkloadResult   5: 1 op, 9465050.00 ns, 9.4651 ms/op
// GC:  0 0 0 1642976 1
// Threading:  0 0 1

// AfterAll
// Benchmark Process 3733 has exited with code 0.

Mean = 9.318 ms, StdErr = 0.060 ms (0.65%), N = 5, StdDev = 0.135 ms
Min = 9.165 ms, Q1 = 9.206 ms, Median = 9.313 ms, Q3 = 9.441 ms, Max = 9.465 ms
IQR = 0.235 ms, LowerFence = 8.854 ms, UpperFence = 9.793 ms
ConfidenceInterval = [8.799 ms; 9.837 ms] (CI 99.9%), Margin = 0.519 ms (5.57% of Mean)
Skewness = 0, Kurtosis = 0.85, MValue = 2

// ** Remained 44 (67.7 %) benchmark(s) to run. Estimated finish 2026-08-30 3:18 (0h 5m from now) **
// **************************
// Benchmark: HostBuildBenchmarks.Needlr_SourceGen_BuildHost: ShortRun(InvocationCount=1, IterationCount=5, LaunchCount=1, UnrollFactor=1, WarmupCount=3)
// *** Execute ***
// Launch: 1 / 1
// Execute: dotnet bd712387-88f3-428d-bc3e-b66bbc2943f7.dll --anonymousPipes 163 164 --benchmarkName NexusLabs.Needlr.Benchmarks.Benchmarks.HostBuildBenchmarks.Needlr_SourceGen_BuildHost --job ShortRun --benchmarkId 21 in /home/runner/work/needlr/needlr/src/NexusLabs.Needlr.Benchmarks/bin/Release/net10.0/bd712387-88f3-428d-bc3e-b66bbc2943f7/bin/Release/net10.0
// Failed to set up high priority (Permission denied). In order to run benchmarks with high priority, make sure you have the right permissions.
// BeforeAnythingElse

// Benchmark Process Environment Information:
// BenchmarkDotNet v0.14.0
// Runtime=.NET 10.0.11 (10.0.1126.37416), X64 RyuJIT AVX2
// GC=Concurrent Workstation
// HardwareIntrinsics=AVX2,AES,BMI1,BMI2,FMA,LZCNT,PCLMUL,POPCNT VectorSize=256
// Job: ShortRun(InvocationCount=1, IterationCount=5, LaunchCount=1, UnrollFactor=1, WarmupCount=3)

OverheadJitting  1: 1 op, 349773.00 ns, 349.7730 us/op
WorkloadJitting  1: 1 op, 85759628.00 ns, 85.7596 ms/op

OverheadWarmup   1: 1 op, 531.00 ns, 531.0000 ns/op
OverheadWarmup   2: 1 op, 391.00 ns, 391.0000 ns/op
OverheadWarmup   3: 1 op, 291.00 ns, 291.0000 ns/op
OverheadWarmup   4: 1 op, 300.00 ns, 300.0000 ns/op
OverheadWarmup   5: 1 op, 310.00 ns, 310.0000 ns/op
OverheadWarmup   6: 1 op, 411.00 ns, 411.0000 ns/op
OverheadWarmup   7: 1 op, 311.00 ns, 311.0000 ns/op
OverheadWarmup   8: 1 op, 370.00 ns, 370.0000 ns/op
OverheadWarmup   9: 1 op, 300.00 ns, 300.0000 ns/op

OverheadActual   1: 1 op, 310.00 ns, 310.0000 ns/op
OverheadActual   2: 1 op, 310.00 ns, 310.0000 ns/op
OverheadActual   3: 1 op, 341.00 ns, 341.0000 ns/op
OverheadActual   4: 1 op, 300.00 ns, 300.0000 ns/op
OverheadActual   5: 1 op, 321.00 ns, 321.0000 ns/op
OverheadActual   6: 1 op, 341.00 ns, 341.0000 ns/op
OverheadActual   7: 1 op, 300.00 ns, 300.0000 ns/op
OverheadActual   8: 1 op, 320.00 ns, 320.0000 ns/op
OverheadActual   9: 1 op, 310.00 ns, 310.0000 ns/op
OverheadActual  10: 1 op, 321.00 ns, 321.0000 ns/op
OverheadActual  11: 1 op, 301.00 ns, 301.0000 ns/op
OverheadActual  12: 1 op, 310.00 ns, 310.0000 ns/op
OverheadActual  13: 1 op, 321.00 ns, 321.0000 ns/op
OverheadActual  14: 1 op, 300.00 ns, 300.0000 ns/op
OverheadActual  15: 1 op, 301.00 ns, 301.0000 ns/op

WorkloadWarmup   1: 1 op, 4948984.00 ns, 4.9490 ms/op
WorkloadWarmup   2: 1 op, 3412203.00 ns, 3.4122 ms/op
WorkloadWarmup   3: 1 op, 3295185.00 ns, 3.2952 ms/op

// BeforeActualRun
WorkloadActual   1: 1 op, 3302459.00 ns, 3.3025 ms/op
WorkloadActual   2: 1 op, 3153791.00 ns, 3.1538 ms/op
WorkloadActual   3: 1 op, 3126769.00 ns, 3.1268 ms/op
WorkloadActual   4: 1 op, 3252365.00 ns, 3.2524 ms/op
WorkloadActual   5: 1 op, 3169600.00 ns, 3.1696 ms/op

// AfterActualRun
WorkloadResult   1: 1 op, 3302149.00 ns, 3.3021 ms/op
WorkloadResult   2: 1 op, 3153481.00 ns, 3.1535 ms/op
WorkloadResult   3: 1 op, 3126459.00 ns, 3.1265 ms/op
WorkloadResult   4: 1 op, 3252055.00 ns, 3.2521 ms/op
WorkloadResult   5: 1 op, 3169290.00 ns, 3.1693 ms/op
// GC:  0 0 0 639592 1
// Threading:  0 0 1

// AfterAll
// Benchmark Process 3762 has exited with code 0.

Mean = 3.201 ms, StdErr = 0.033 ms (1.03%), N = 5, StdDev = 0.074 ms
Min = 3.126 ms, Q1 = 3.153 ms, Median = 3.169 ms, Q3 = 3.252 ms, Max = 3.302 ms
IQR = 0.099 ms, LowerFence = 3.006 ms, UpperFence = 3.400 ms
ConfidenceInterval = [2.917 ms; 3.484 ms] (CI 99.9%), Margin = 0.283 ms (8.85% of Mean)
Skewness = 0.32, Kurtosis = 1.02, MValue = 2

// ** Remained 43 (66.2 %) benchmark(s) to run. Estimated finish 2026-08-30 3:18 (0h 5m from now) **
// **************************
// Benchmark: HostBuildBenchmarks.Needlr_SourceGenExplicit_BuildHost: ShortRun(InvocationCount=1, IterationCount=5, LaunchCount=1, UnrollFactor=1, WarmupCount=3)
// *** Execute ***
// Launch: 1 / 1
// Execute: dotnet bd712387-88f3-428d-bc3e-b66bbc2943f7.dll --anonymousPipes 163 164 --benchmarkName NexusLabs.Needlr.Benchmarks.Benchmarks.HostBuildBenchmarks.Needlr_SourceGenExplicit_BuildHost --job ShortRun --benchmarkId 22 in /home/runner/work/needlr/needlr/src/NexusLabs.Needlr.Benchmarks/bin/Release/net10.0/bd712387-88f3-428d-bc3e-b66bbc2943f7/bin/Release/net10.0
// Failed to set up high priority (Permission denied). In order to run benchmarks with high priority, make sure you have the right permissions.
// BeforeAnythingElse

// Benchmark Process Environment Information:
// BenchmarkDotNet v0.14.0
// Runtime=.NET 10.0.11 (10.0.1126.37416), X64 RyuJIT AVX2
// GC=Concurrent Workstation
// HardwareIntrinsics=AVX2,AES,BMI1,BMI2,FMA,LZCNT,PCLMUL,POPCNT VectorSize=256
// Job: ShortRun(InvocationCount=1, IterationCount=5, LaunchCount=1, UnrollFactor=1, WarmupCount=3)

OverheadJitting  1: 1 op, 376052.00 ns, 376.0520 us/op
WorkloadJitting  1: 1 op, 81019424.00 ns, 81.0194 ms/op

OverheadWarmup   1: 1 op, 751.00 ns, 751.0000 ns/op
OverheadWarmup   2: 1 op, 451.00 ns, 451.0000 ns/op
OverheadWarmup   3: 1 op, 461.00 ns, 461.0000 ns/op
OverheadWarmup   4: 1 op, 762.00 ns, 762.0000 ns/op
OverheadWarmup   5: 1 op, 461.00 ns, 461.0000 ns/op
OverheadWarmup   6: 1 op, 792.00 ns, 792.0000 ns/op
OverheadWarmup   7: 1 op, 731.00 ns, 731.0000 ns/op

OverheadActual   1: 1 op, 791.00 ns, 791.0000 ns/op
OverheadActual   2: 1 op, 361.00 ns, 361.0000 ns/op
OverheadActual   3: 1 op, 380.00 ns, 380.0000 ns/op
OverheadActual   4: 1 op, 381.00 ns, 381.0000 ns/op
OverheadActual   5: 1 op, 731.00 ns, 731.0000 ns/op
OverheadActual   6: 1 op, 321.00 ns, 321.0000 ns/op
OverheadActual   7: 1 op, 290.00 ns, 290.0000 ns/op
OverheadActual   8: 1 op, 290.00 ns, 290.0000 ns/op
OverheadActual   9: 1 op, 321.00 ns, 321.0000 ns/op
OverheadActual  10: 1 op, 291.00 ns, 291.0000 ns/op
OverheadActual  11: 1 op, 300.00 ns, 300.0000 ns/op
OverheadActual  12: 1 op, 291.00 ns, 291.0000 ns/op
OverheadActual  13: 1 op, 270.00 ns, 270.0000 ns/op
OverheadActual  14: 1 op, 320.00 ns, 320.0000 ns/op
OverheadActual  15: 1 op, 321.00 ns, 321.0000 ns/op
OverheadActual  16: 1 op, 311.00 ns, 311.0000 ns/op
OverheadActual  17: 1 op, 330.00 ns, 330.0000 ns/op
OverheadActual  18: 1 op, 311.00 ns, 311.0000 ns/op
OverheadActual  19: 1 op, 291.00 ns, 291.0000 ns/op
OverheadActual  20: 1 op, 290.00 ns, 290.0000 ns/op

WorkloadWarmup   1: 1 op, 4683238.00 ns, 4.6832 ms/op
WorkloadWarmup   2: 1 op, 3131178.00 ns, 3.1312 ms/op
WorkloadWarmup   3: 1 op, 2917920.00 ns, 2.9179 ms/op

// BeforeActualRun
WorkloadActual   1: 1 op, 3041541.00 ns, 3.0415 ms/op
WorkloadActual   2: 1 op, 3001085.00 ns, 3.0011 ms/op
WorkloadActual   3: 1 op, 3228330.00 ns, 3.2283 ms/op
WorkloadActual   4: 1 op, 2914092.00 ns, 2.9141 ms/op
WorkloadActual   5: 1 op, 2926757.00 ns, 2.9268 ms/op

// AfterActualRun
WorkloadResult   1: 1 op, 3041225.50 ns, 3.0412 ms/op
WorkloadResult   2: 1 op, 3000769.50 ns, 3.0008 ms/op
WorkloadResult   3: 1 op, 2913776.50 ns, 2.9138 ms/op
WorkloadResult   4: 1 op, 2926441.50 ns, 2.9264 ms/op
// GC:  0 0 0 565568 1
// Threading:  0 0 1

// AfterAll
// Benchmark Process 3789 has exited with code 0.

Mean = 2.971 ms, StdErr = 0.030 ms (1.02%), N = 4, StdDev = 0.061 ms
Min = 2.914 ms, Q1 = 2.923 ms, Median = 2.964 ms, Q3 = 3.011 ms, Max = 3.041 ms
IQR = 0.088 ms, LowerFence = 2.792 ms, UpperFence = 3.142 ms
ConfidenceInterval = [2.578 ms; 3.363 ms] (CI 99.9%), Margin = 0.393 ms (13.22% of Mean)
Skewness = 0.12, Kurtosis = 0.73, MValue = 2

// ** Remained 42 (64.6 %) benchmark(s) to run. Estimated finish 2026-08-30 3:18 (0h 4m from now) **
// ***** BenchmarkRunner: Finish  *****

// * Export *
  home/runner/work/needlr/needlr/benchmark-results/results/NexusLabs.Needlr.Benchmarks.Benchmarks.HostBuildBenchmarks-report.csv
  home/runner/work/needlr/needlr/benchmark-results/results/NexusLabs.Needlr.Benchmarks.Benchmarks.HostBuildBenchmarks-report-github.md
  home/runner/work/needlr/needlr/benchmark-results/results/NexusLabs.Needlr.Benchmarks.Benchmarks.HostBuildBenchmarks-report.html
  home/runner/work/needlr/needlr/benchmark-results/results/NexusLabs.Needlr.Benchmarks.Benchmarks.HostBuildBenchmarks-report-full-compressed.json
  home/runner/work/needlr/needlr/benchmark-results/results/NexusLabs.Needlr.Benchmarks.Benchmarks.HostBuildBenchmarks-report-default.md

// * Detailed results *
HostBuildBenchmarks.ManualDI_BuildHost: ShortRun(InvocationCount=1, IterationCount=5, LaunchCount=1, UnrollFactor=1, WarmupCount=3)
Runtime = .NET 10.0.11 (10.0.1126.37416), X64 RyuJIT AVX2; GC = Concurrent Workstation
Mean = 3.524 ms, StdErr = 0.041 ms (1.18%), N = 4, StdDev = 0.083 ms
Min = 3.403 ms, Q1 = 3.509 ms, Median = 3.552 ms, Q3 = 3.568 ms, Max = 3.590 ms
IQR = 0.059 ms, LowerFence = 3.420 ms, UpperFence = 3.657 ms
ConfidenceInterval = [2.988 ms; 4.061 ms] (CI 99.9%), Margin = 0.536 ms (15.21% of Mean)
Skewness = -0.63, Kurtosis = 1.24, MValue = 2
-------------------- Histogram --------------------
[3.335 ms ; 3.498 ms) | @
[3.498 ms ; 3.658 ms) | @@@
---------------------------------------------------

HostBuildBenchmarks.Needlr_Reflection_BuildHost: ShortRun(InvocationCount=1, IterationCount=5, LaunchCount=1, UnrollFactor=1, WarmupCount=3)
Runtime = .NET 10.0.11 (10.0.1126.37416), X64 RyuJIT AVX2; GC = Concurrent Workstation
Mean = 9.318 ms, StdErr = 0.060 ms (0.65%), N = 5, StdDev = 0.135 ms
Min = 9.165 ms, Q1 = 9.206 ms, Median = 9.313 ms, Q3 = 9.441 ms, Max = 9.465 ms
IQR = 0.235 ms, LowerFence = 8.854 ms, UpperFence = 9.793 ms
ConfidenceInterval = [8.799 ms; 9.837 ms] (CI 99.9%), Margin = 0.519 ms (5.57% of Mean)
Skewness = 0, Kurtosis = 0.85, MValue = 2
-------------------- Histogram --------------------
[9.136 ms ; 9.343 ms) | @@@
[9.343 ms ; 9.568 ms) | @@
---------------------------------------------------

HostBuildBenchmarks.Needlr_SourceGen_BuildHost: ShortRun(InvocationCount=1, IterationCount=5, LaunchCount=1, UnrollFactor=1, WarmupCount=3)
Runtime = .NET 10.0.11 (10.0.1126.37416), X64 RyuJIT AVX2; GC = Concurrent Workstation
Mean = 3.201 ms, StdErr = 0.033 ms (1.03%), N = 5, StdDev = 0.074 ms
Min = 3.126 ms, Q1 = 3.153 ms, Median = 3.169 ms, Q3 = 3.252 ms, Max = 3.302 ms
IQR = 0.099 ms, LowerFence = 3.006 ms, UpperFence = 3.400 ms
ConfidenceInterval = [2.917 ms; 3.484 ms] (CI 99.9%), Margin = 0.283 ms (8.85% of Mean)
Skewness = 0.32, Kurtosis = 1.02, MValue = 2
-------------------- Histogram --------------------
[3.091 ms ; 3.204 ms) | @@@
[3.204 ms ; 3.334 ms) | @@
---------------------------------------------------

HostBuildBenchmarks.Needlr_SourceGenExplicit_BuildHost: ShortRun(InvocationCount=1, IterationCount=5, LaunchCount=1, UnrollFactor=1, WarmupCount=3)
Runtime = .NET 10.0.11 (10.0.1126.37416), X64 RyuJIT AVX2; GC = Concurrent Workstation
Mean = 2.971 ms, StdErr = 0.030 ms (1.02%), N = 4, StdDev = 0.061 ms
Min = 2.914 ms, Q1 = 2.923 ms, Median = 2.964 ms, Q3 = 3.011 ms, Max = 3.041 ms
IQR = 0.088 ms, LowerFence = 2.792 ms, UpperFence = 3.142 ms
ConfidenceInterval = [2.578 ms; 3.363 ms] (CI 99.9%), Margin = 0.393 ms (13.22% of Mean)
Skewness = 0.12, Kurtosis = 0.73, MValue = 2
-------------------- Histogram --------------------
[2.907 ms ; 3.008 ms) | @@@
[3.008 ms ; 3.091 ms) | @
---------------------------------------------------

// * Summary *

BenchmarkDotNet v0.14.0, Ubuntu 24.04.4 LTS (Noble Numbat)
AMD EPYC 7763, 1 CPU, 4 logical and 2 physical cores
.NET SDK 10.0.302
  [Host]   : .NET 10.0.11 (10.0.1126.37416), X64 RyuJIT AVX2
  ShortRun : .NET 10.0.11 (10.0.1126.37416), X64 RyuJIT AVX2

Job=ShortRun  InvocationCount=1  IterationCount=5  
LaunchCount=1  UnrollFactor=1  WarmupCount=3  

| Method                             | Mean     | Error     | StdDev    | Ratio | RatioSD | Rank | Allocated  | Alloc Ratio |
|----------------------------------- |---------:|----------:|----------:|------:|--------:|-----:|-----------:|------------:|
| ManualDI_BuildHost                 | 3.524 ms | 0.5362 ms | 0.0830 ms |  1.00 |    0.03 |    1 |  318.95 KB |        1.00 |
| Needlr_Reflection_BuildHost        | 9.318 ms | 0.5189 ms | 0.1348 ms |  2.64 |    0.07 |    2 | 1604.47 KB |        5.03 |
| Needlr_SourceGen_BuildHost         | 3.201 ms | 0.2833 ms | 0.0736 ms |  0.91 |    0.03 |    1 |   624.6 KB |        1.96 |
| Needlr_SourceGenExplicit_BuildHost | 2.971 ms | 0.3927 ms | 0.0608 ms |  0.84 |    0.02 |    1 |  552.31 KB |        1.73 |

// * Warnings *
MinIterationTime
  HostBuildBenchmarks.ManualDI_BuildHost: ShortRun                 -> The minimum observed iteration time is 3.404ms which is very small. It's recommended to increase it to at least 100ms using more operations.
  HostBuildBenchmarks.Needlr_Reflection_BuildHost: ShortRun        -> The minimum observed iteration time is 9.166ms which is very small. It's recommended to increase it to at least 100ms using more operations.
  HostBuildBenchmarks.Needlr_SourceGen_BuildHost: ShortRun         -> The minimum observed iteration time is 3.127ms which is very small. It's recommended to increase it to at least 100ms using more operations.
  HostBuildBenchmarks.Needlr_SourceGenExplicit_BuildHost: ShortRun -> The minimum observed iteration time is 2.914ms which is very small. It's recommended to increase it to at least 100ms using more operations.

// * Hints *
Outliers
  HostBuildBenchmarks.ManualDI_BuildHost: ShortRun                 -> 1 outlier  was  removed, 2 outliers were detected (3.40 ms, 4.09 ms)
  HostBuildBenchmarks.Needlr_SourceGenExplicit_BuildHost: ShortRun -> 1 outlier  was  removed (3.23 ms)
// * Config Issues *

// * Warnings *
Configuration
  Summary -> The exporter HtmlExporter is already present in configuration. There may be unexpected results.

// * Legends *
  Mean        : Arithmetic mean of all measurements
  Error       : Half of 99.9% confidence interval
  StdDev      : Standard deviation of all measurements
  Ratio       : Mean of the ratio distribution ([Current]/[Baseline])
  RatioSD     : Standard deviation of the ratio distribution ([Current]/[Baseline])
  Rank        : Relative position of current benchmark mean among all benchmarks (Arabic style)
  Allocated   : Allocated memory per single operation (managed only, inclusive, 1KB = 1024B)
  Alloc Ratio : Allocated memory ratio distribution ([Current]/[Baseline])
  1 ms        : 1 Millisecond (0.001 sec)

// * Diagnostic Output - MemoryDiagnoser *


// ***** BenchmarkRunner: End *****
Run time: 00:00:01 (1.29 sec), executed benchmarks: 4

// Found 3 benchmarks:
//   KeyedServiceResolutionBenchmarks.ManualDI_ResolveKeyed: ShortRun(IterationCount=5, LaunchCount=1, WarmupCount=3)
//   KeyedServiceResolutionBenchmarks.Needlr_Reflection_ResolveKeyed: ShortRun(IterationCount=5, LaunchCount=1, WarmupCount=3)
//   KeyedServiceResolutionBenchmarks.Needlr_SourceGen_ResolveKeyed: ShortRun(IterationCount=5, LaunchCount=1, WarmupCount=3)

// **************************
// Benchmark: KeyedServiceResolutionBenchmarks.ManualDI_ResolveKeyed: ShortRun(IterationCount=5, LaunchCount=1, WarmupCount=3)
// *** Execute ***
// Launch: 1 / 1
// Execute: dotnet bd712387-88f3-428d-bc3e-b66bbc2943f7.dll --anonymousPipes 163 164 --benchmarkName NexusLabs.Needlr.Benchmarks.Benchmarks.KeyedServiceResolutionBenchmarks.ManualDI_ResolveKeyed --job ShortRun --benchmarkId 23 in /home/runner/work/needlr/needlr/src/NexusLabs.Needlr.Benchmarks/bin/Release/net10.0/bd712387-88f3-428d-bc3e-b66bbc2943f7/bin/Release/net10.0
// Failed to set up high priority (Permission denied). In order to run benchmarks with high priority, make sure you have the right permissions.
// BeforeAnythingElse

// Benchmark Process Environment Information:
// BenchmarkDotNet v0.14.0
// Runtime=.NET 10.0.11 (10.0.1126.37416), X64 RyuJIT AVX2
// GC=Concurrent Workstation
// HardwareIntrinsics=AVX2,AES,BMI1,BMI2,FMA,LZCNT,PCLMUL,POPCNT VectorSize=256
// Job: ShortRun(IterationCount=5, LaunchCount=1, WarmupCount=3)

OverheadJitting  1: 1 op, 370021.00 ns, 370.0210 us/op
WorkloadJitting  1: 1 op, 4266699.00 ns, 4.2667 ms/op

OverheadJitting  2: 16 op, 490055.00 ns, 30.6284 us/op
WorkloadJitting  2: 16 op, 525231.00 ns, 32.8269 us/op

WorkloadPilot    1: 16 op, 7444.00 ns, 465.2500 ns/op
WorkloadPilot    2: 32 op, 7955.00 ns, 248.5938 ns/op
WorkloadPilot    3: 64 op, 12713.00 ns, 198.6406 ns/op
WorkloadPilot    4: 128 op, 21541.00 ns, 168.2891 ns/op
WorkloadPilot    5: 256 op, 30236.00 ns, 118.1094 ns/op
WorkloadPilot    6: 512 op, 53921.00 ns, 105.3145 ns/op
WorkloadPilot    7: 1024 op, 111067.00 ns, 108.4639 ns/op
WorkloadPilot    8: 2048 op, 222956.00 ns, 108.8652 ns/op
WorkloadPilot    9: 4096 op, 427949.00 ns, 104.4797 ns/op
WorkloadPilot   10: 8192 op, 901584.00 ns, 110.0566 ns/op
WorkloadPilot   11: 16384 op, 1719292.00 ns, 104.9373 ns/op
WorkloadPilot   12: 32768 op, 3654466.00 ns, 111.5255 ns/op
WorkloadPilot   13: 65536 op, 6581963.00 ns, 100.4328 ns/op
WorkloadPilot   14: 131072 op, 13061436.00 ns, 99.6508 ns/op
WorkloadPilot   15: 262144 op, 26181529.00 ns, 99.8746 ns/op
WorkloadPilot   16: 524288 op, 51963816.00 ns, 99.1131 ns/op
WorkloadPilot   17: 1048576 op, 95421624.00 ns, 91.0012 ns/op
WorkloadPilot   18: 2097152 op, 70225119.00 ns, 33.4859 ns/op
WorkloadPilot   19: 4194304 op, 110814354.00 ns, 26.4202 ns/op
WorkloadPilot   20: 8388608 op, 218170178.00 ns, 26.0079 ns/op
WorkloadPilot   21: 16777216 op, 436562822.00 ns, 26.0212 ns/op
WorkloadPilot   22: 33554432 op, 872436137.00 ns, 26.0006 ns/op

OverheadWarmup   1: 33554432 op, 130578338.00 ns, 3.8915 ns/op
OverheadWarmup   2: 33554432 op, 142230913.00 ns, 4.2388 ns/op
OverheadWarmup   3: 33554432 op, 112906813.00 ns, 3.3649 ns/op
OverheadWarmup   4: 33554432 op, 110372769.00 ns, 3.2894 ns/op
OverheadWarmup   5: 33554432 op, 109754334.00 ns, 3.2709 ns/op
OverheadWarmup   6: 33554432 op, 110564477.00 ns, 3.2951 ns/op
OverheadWarmup   7: 33554432 op, 110265168.00 ns, 3.2862 ns/op

OverheadActual   1: 33554432 op, 109698522.00 ns, 3.2693 ns/op
OverheadActual   2: 33554432 op, 109918991.00 ns, 3.2758 ns/op
OverheadActual   3: 33554432 op, 111587958.00 ns, 3.3256 ns/op
OverheadActual   4: 33554432 op, 114551975.00 ns, 3.4139 ns/op
OverheadActual   5: 33554432 op, 109870470.00 ns, 3.2744 ns/op
OverheadActual   6: 33554432 op, 109758451.00 ns, 3.2711 ns/op
OverheadActual   7: 33554432 op, 109695894.00 ns, 3.2692 ns/op
OverheadActual   8: 33554432 op, 109844391.00 ns, 3.2736 ns/op
OverheadActual   9: 33554432 op, 109936785.00 ns, 3.2764 ns/op
OverheadActual  10: 33554432 op, 109837799.00 ns, 3.2734 ns/op
OverheadActual  11: 33554432 op, 109571181.00 ns, 3.2655 ns/op
OverheadActual  12: 33554432 op, 109883966.00 ns, 3.2748 ns/op
OverheadActual  13: 33554432 op, 109561563.00 ns, 3.2652 ns/op
OverheadActual  14: 33554432 op, 109885628.00 ns, 3.2748 ns/op
OverheadActual  15: 33554432 op, 109678001.00 ns, 3.2687 ns/op

WorkloadWarmup   1: 33554432 op, 872494429.00 ns, 26.0024 ns/op
WorkloadWarmup   2: 33554432 op, 875237682.00 ns, 26.0841 ns/op
WorkloadWarmup   3: 33554432 op, 872467829.00 ns, 26.0016 ns/op

// BeforeActualRun
WorkloadActual   1: 33554432 op, 872560662.00 ns, 26.0043 ns/op
WorkloadActual   2: 33554432 op, 871632338.00 ns, 25.9767 ns/op
WorkloadActual   3: 33554432 op, 871889529.00 ns, 25.9843 ns/op
WorkloadActual   4: 33554432 op, 871993323.00 ns, 25.9874 ns/op
WorkloadActual   5: 33554432 op, 874659035.00 ns, 26.0669 ns/op

// AfterActualRun
WorkloadResult   1: 33554432 op, 762716271.00 ns, 22.7307 ns/op
WorkloadResult   2: 33554432 op, 761787947.00 ns, 22.7030 ns/op
WorkloadResult   3: 33554432 op, 762045138.00 ns, 22.7107 ns/op
WorkloadResult   4: 33554432 op, 762148932.00 ns, 22.7138 ns/op
// GC:  0 0 0 1072 33554432
// Threading:  0 0 33554432

// AfterAll
// Benchmark Process 3816 has exited with code 0.

Mean = 22.715 ns, StdErr = 0.006 ns (0.03%), N = 4, StdDev = 0.012 ns
Min = 22.703 ns, Q1 = 22.709 ns, Median = 22.712 ns, Q3 = 22.718 ns, Max = 22.731 ns
IQR = 0.009 ns, LowerFence = 22.695 ns, UpperFence = 22.732 ns
ConfidenceInterval = [22.639 ns; 22.790 ns] (CI 99.9%), Margin = 0.075 ns (0.33% of Mean)
Skewness = 0.41, Kurtosis = 1.15, MValue = 2

// ** Remained 41 (63.1 %) benchmark(s) to run. Estimated finish 2026-08-30 3:18 (0h 4m from now) **
// **************************
// Benchmark: KeyedServiceResolutionBenchmarks.Needlr_Reflection_ResolveKeyed: ShortRun(IterationCount=5, LaunchCount=1, WarmupCount=3)
// *** Execute ***
// Launch: 1 / 1
// Execute: dotnet bd712387-88f3-428d-bc3e-b66bbc2943f7.dll --anonymousPipes 163 164 --benchmarkName NexusLabs.Needlr.Benchmarks.Benchmarks.KeyedServiceResolutionBenchmarks.Needlr_Reflection_ResolveKeyed --job ShortRun --benchmarkId 24 in /home/runner/work/needlr/needlr/src/NexusLabs.Needlr.Benchmarks/bin/Release/net10.0/bd712387-88f3-428d-bc3e-b66bbc2943f7/bin/Release/net10.0
// Failed to set up high priority (Permission denied). In order to run benchmarks with high priority, make sure you have the right permissions.
// BeforeAnythingElse

// Benchmark Process Environment Information:
// BenchmarkDotNet v0.14.0
// Runtime=.NET 10.0.11 (10.0.1126.37416), X64 RyuJIT AVX2
// GC=Concurrent Workstation
// HardwareIntrinsics=AVX2,AES,BMI1,BMI2,FMA,LZCNT,PCLMUL,POPCNT VectorSize=256
// Job: ShortRun(IterationCount=5, LaunchCount=1, WarmupCount=3)

OverheadJitting  1: 1 op, 388576.00 ns, 388.5760 us/op

System.Reflection.TargetInvocationException: Exception has been thrown by the target of an invocation.
 ---> System.InvalidOperationException: No keyed service for type 'NexusLabs.Needlr.Benchmarks.TestTypes.IKeyedService' using key type 'System.String' has been registered.
   at Microsoft.Extensions.DependencyInjection.ServiceLookup.ThrowHelper.ThrowInvalidOperationException_NoKeyedServiceRegistered(Type serviceType, Type keyType)
   at Microsoft.Extensions.DependencyInjection.ServiceProvider.GetRequiredKeyedService(Type serviceType, Object serviceKey, ServiceProviderEngineScope serviceProviderEngineScope)
   at Microsoft.Extensions.DependencyInjection.ServiceProviderKeyedServiceExtensions.GetRequiredKeyedService[T](IServiceProvider provider, Object serviceKey)
   at NexusLabs.Needlr.Benchmarks.Benchmarks.KeyedServiceResolutionBenchmarks.Needlr_Reflection_ResolveKeyed() in /_/src/NexusLabs.Needlr.Benchmarks/Benchmarks/KeyedServiceResolutionBenchmarks.cs:line 70
   at BenchmarkDotNet.Autogenerated.Runnable_24.WorkloadActionNoUnroll(Int64 invokeCount) in /_/src/NexusLabs.Needlr.Benchmarks/bin/Release/net10.0/bd712387-88f3-428d-bc3e-b66bbc2943f7/bd712387-88f3-428d-bc3e-b66bbc2943f7.notcs:line 4920
   at BenchmarkDotNet.Engines.Engine.Measure(Action`1 action, Int64 invokeCount)
   at BenchmarkDotNet.Engines.Engine.RunIteration(IterationData data)
   at BenchmarkDotNet.Engines.EngineFactory.Jit(Engine engine, Int32 jitIndex, Int32 invokeCount, Int32 unrollFactor)
   at BenchmarkDotNet.Engines.EngineFactory.CreateReadyToRun(EngineParameters engineParameters)
   at BenchmarkDotNet.Autogenerated.Runnable_24.Run(IHost host, String benchmarkName) in /_/src/NexusLabs.Needlr.Benchmarks/bin/Release/net10.0/bd712387-88f3-428d-bc3e-b66bbc2943f7/bd712387-88f3-428d-bc3e-b66bbc2943f7.notcs:line 4783
   at System.Reflection.MethodBaseInvoker.InterpretedInvoke_Method(Object obj, IntPtr* args)
   at System.Reflection.MethodBaseInvoker.InvokeDirectByRefWithFewArgs(Object obj, Span`1 copyOfArgs, BindingFlags invokeAttr)
   --- End of inner exception stack trace ---
   at System.Reflection.MethodBaseInvoker.InvokeDirectByRefWithFewArgs(Object obj, Span`1 copyOfArgs, BindingFlags invokeAttr)
   at System.Reflection.MethodBaseInvoker.InvokeWithFewArgs(Object obj, BindingFlags invokeAttr, Binder binder, Object[] parameters, CultureInfo culture)
   at System.Reflection.RuntimeMethodInfo.Invoke(Object obj, BindingFlags invokeAttr, Binder binder, Object[] parameters, CultureInfo culture)
   at BenchmarkDotNet.Autogenerated.UniqueProgramName.AfterAssemblyLoadingAttached(String[] args) in /_/src/NexusLabs.Needlr.Benchmarks/bin/Release/net10.0/bd712387-88f3-428d-bc3e-b66bbc2943f7/bd712387-88f3-428d-bc3e-b66bbc2943f7.notcs:line 57
// AfterAll
No Workload Results were obtained from the run.
// Benchmark Process 3825 has exited with code 255.

// ** Remained 40 (61.5 %) benchmark(s) to run. Estimated finish 2026-08-30 3:18 (0h 4m from now) **
// **************************
// Benchmark: KeyedServiceResolutionBenchmarks.Needlr_SourceGen_ResolveKeyed: ShortRun(IterationCount=5, LaunchCount=1, WarmupCount=3)
// *** Execute ***
// Launch: 1 / 1
// Execute: dotnet bd712387-88f3-428d-bc3e-b66bbc2943f7.dll --anonymousPipes 163 164 --benchmarkName NexusLabs.Needlr.Benchmarks.Benchmarks.KeyedServiceResolutionBenchmarks.Needlr_SourceGen_ResolveKeyed --job ShortRun --benchmarkId 25 in /home/runner/work/needlr/needlr/src/NexusLabs.Needlr.Benchmarks/bin/Release/net10.0/bd712387-88f3-428d-bc3e-b66bbc2943f7/bin/Release/net10.0
// Failed to set up high priority (Permission denied). In order to run benchmarks with high priority, make sure you have the right permissions.
// BeforeAnythingElse

// Benchmark Process Environment Information:
// BenchmarkDotNet v0.14.0
// Runtime=.NET 10.0.11 (10.0.1126.37416), X64 RyuJIT AVX2
// GC=Concurrent Workstation
// HardwareIntrinsics=AVX2,AES,BMI1,BMI2,FMA,LZCNT,PCLMUL,POPCNT VectorSize=256
// Job: ShortRun(IterationCount=5, LaunchCount=1, WarmupCount=3)

OverheadJitting  1: 1 op, 460369.00 ns, 460.3690 us/op
WorkloadJitting  1: 1 op, 3211849.00 ns, 3.2118 ms/op

OverheadJitting  2: 16 op, 490035.00 ns, 30.6272 us/op
WorkloadJitting  2: 16 op, 498391.00 ns, 31.1494 us/op

WorkloadPilot    1: 16 op, 5971.00 ns, 373.1875 ns/op
WorkloadPilot    2: 32 op, 7334.00 ns, 229.1875 ns/op
WorkloadPilot    3: 64 op, 9938.00 ns, 155.2813 ns/op
WorkloadPilot    4: 128 op, 16481.00 ns, 128.7578 ns/op
WorkloadPilot    5: 256 op, 28834.00 ns, 112.6328 ns/op
WorkloadPilot    6: 512 op, 71764.00 ns, 140.1641 ns/op
WorkloadPilot    7: 1024 op, 154408.00 ns, 150.7891 ns/op
WorkloadPilot    8: 2048 op, 229288.00 ns, 111.9570 ns/op
WorkloadPilot    9: 4096 op, 429171.00 ns, 104.7781 ns/op
WorkloadPilot   10: 8192 op, 908407.00 ns, 110.8895 ns/op
WorkloadPilot   11: 16384 op, 1762993.00 ns, 107.6046 ns/op
WorkloadPilot   12: 32768 op, 3412514.00 ns, 104.1417 ns/op
WorkloadPilot   13: 65536 op, 6792317.00 ns, 103.6425 ns/op
WorkloadPilot   14: 131072 op, 13483375.00 ns, 102.8700 ns/op
WorkloadPilot   15: 262144 op, 26922157.00 ns, 102.6999 ns/op
WorkloadPilot   16: 524288 op, 53996430.00 ns, 102.9900 ns/op
WorkloadPilot   17: 1048576 op, 94795027.00 ns, 90.4036 ns/op
WorkloadPilot   18: 2097152 op, 55305044.00 ns, 26.3715 ns/op
WorkloadPilot   19: 4194304 op, 109985851.00 ns, 26.2227 ns/op
WorkloadPilot   20: 8388608 op, 220211021.00 ns, 26.2512 ns/op
WorkloadPilot   21: 16777216 op, 435620624.00 ns, 25.9650 ns/op
WorkloadPilot   22: 33554432 op, 870971123.00 ns, 25.9570 ns/op

OverheadWarmup   1: 33554432 op, 130755968.00 ns, 3.8968 ns/op
OverheadWarmup   2: 33554432 op, 136055478.00 ns, 4.0548 ns/op
OverheadWarmup   3: 33554432 op, 109745864.00 ns, 3.2707 ns/op
OverheadWarmup   4: 33554432 op, 110600901.00 ns, 3.2962 ns/op
OverheadWarmup   5: 33554432 op, 109953311.00 ns, 3.2769 ns/op

OverheadActual   1: 33554432 op, 110044652.00 ns, 3.2796 ns/op
OverheadActual   2: 33554432 op, 109637912.00 ns, 3.2675 ns/op
OverheadActual   3: 33554432 op, 109644885.00 ns, 3.2677 ns/op
OverheadActual   4: 33554432 op, 109747838.00 ns, 3.2707 ns/op
OverheadActual   5: 33554432 op, 111095795.00 ns, 3.3109 ns/op
OverheadActual   6: 33554432 op, 109587608.00 ns, 3.2660 ns/op
OverheadActual   7: 33554432 op, 109650827.00 ns, 3.2678 ns/op
OverheadActual   8: 33554432 op, 110413761.00 ns, 3.2906 ns/op
OverheadActual   9: 33554432 op, 109858574.00 ns, 3.2740 ns/op
OverheadActual  10: 33554432 op, 109691242.00 ns, 3.2691 ns/op
OverheadActual  11: 33554432 op, 109661656.00 ns, 3.2682 ns/op
OverheadActual  12: 33554432 op, 109607786.00 ns, 3.2666 ns/op
OverheadActual  13: 33554432 op, 109713323.00 ns, 3.2697 ns/op
OverheadActual  14: 33554432 op, 109935979.00 ns, 3.2763 ns/op
OverheadActual  15: 33554432 op, 109586896.00 ns, 3.2659 ns/op

WorkloadWarmup   1: 33554432 op, 872148563.00 ns, 25.9921 ns/op
WorkloadWarmup   2: 33554432 op, 875145921.00 ns, 26.0814 ns/op
WorkloadWarmup   3: 33554432 op, 872729269.00 ns, 26.0094 ns/op

// BeforeActualRun
WorkloadActual   1: 33554432 op, 875714163.00 ns, 26.0983 ns/op
WorkloadActual   2: 33554432 op, 884373899.00 ns, 26.3564 ns/op
WorkloadActual   3: 33554432 op, 880840940.00 ns, 26.2511 ns/op
WorkloadActual   4: 33554432 op, 871539264.00 ns, 25.9739 ns/op
WorkloadActual   5: 33554432 op, 871197085.00 ns, 25.9637 ns/op

// AfterActualRun
WorkloadResult   1: 33554432 op, 766022921.00 ns, 22.8293 ns/op
WorkloadResult   2: 33554432 op, 774682657.00 ns, 23.0873 ns/op
WorkloadResult   3: 33554432 op, 771149698.00 ns, 22.9821 ns/op
WorkloadResult   4: 33554432 op, 761848022.00 ns, 22.7048 ns/op
WorkloadResult   5: 33554432 op, 761505843.00 ns, 22.6946 ns/op
// GC:  0 0 0 1072 33554432
// Threading:  0 0 33554432

// AfterAll
// Benchmark Process 3832 has exited with code 0.

Mean = 22.860 ns, StdErr = 0.077 ns (0.34%), N = 5, StdDev = 0.172 ns
Min = 22.695 ns, Q1 = 22.705 ns, Median = 22.829 ns, Q3 = 22.982 ns, Max = 23.087 ns
IQR = 0.277 ns, LowerFence = 22.289 ns, UpperFence = 23.398 ns
ConfidenceInterval = [22.196 ns; 23.524 ns] (CI 99.9%), Margin = 0.664 ns (2.90% of Mean)
Skewness = 0.21, Kurtosis = 0.96, MValue = 2

// ** Remained 39 (60.0 %) benchmark(s) to run. Estimated finish 2026-08-30 3:18 (0h 4m from now) **
// ***** BenchmarkRunner: Finish  *****

// * Export *
  home/runner/work/needlr/needlr/benchmark-results/results/NexusLabs.Needlr.Benchmarks.Benchmarks.KeyedServiceResolutionBenchmarks-report.csv
  home/runner/work/needlr/needlr/benchmark-results/results/NexusLabs.Needlr.Benchmarks.Benchmarks.KeyedServiceResolutionBenchmarks-report-github.md
  home/runner/work/needlr/needlr/benchmark-results/results/NexusLabs.Needlr.Benchmarks.Benchmarks.KeyedServiceResolutionBenchmarks-report.html
  home/runner/work/needlr/needlr/benchmark-results/results/NexusLabs.Needlr.Benchmarks.Benchmarks.KeyedServiceResolutionBenchmarks-report-full-compressed.json
  home/runner/work/needlr/needlr/benchmark-results/results/NexusLabs.Needlr.Benchmarks.Benchmarks.KeyedServiceResolutionBenchmarks-report-default.md

// * Detailed results *
KeyedServiceResolutionBenchmarks.ManualDI_ResolveKeyed: ShortRun(IterationCount=5, LaunchCount=1, WarmupCount=3)
Runtime = .NET 10.0.11 (10.0.1126.37416), X64 RyuJIT AVX2; GC = Concurrent Workstation
Mean = 22.715 ns, StdErr = 0.006 ns (0.03%), N = 4, StdDev = 0.012 ns
Min = 22.703 ns, Q1 = 22.709 ns, Median = 22.712 ns, Q3 = 22.718 ns, Max = 22.731 ns
IQR = 0.009 ns, LowerFence = 22.695 ns, UpperFence = 22.732 ns
ConfidenceInterval = [22.639 ns; 22.790 ns] (CI 99.9%), Margin = 0.075 ns (0.33% of Mean)
Skewness = 0.41, Kurtosis = 1.15, MValue = 2
-------------------- Histogram --------------------
[22.693 ns ; 22.741 ns) | @@@@
---------------------------------------------------

KeyedServiceResolutionBenchmarks.Needlr_Reflection_ResolveKeyed: ShortRun(IterationCount=5, LaunchCount=1, WarmupCount=3)
Runtime = .NET 10.0.11 (10.0.1126.37416), X64 RyuJIT AVX2; GC = Concurrent Workstation
There are not any results runs

KeyedServiceResolutionBenchmarks.Needlr_SourceGen_ResolveKeyed: ShortRun(IterationCount=5, LaunchCount=1, WarmupCount=3)
Runtime = .NET 10.0.11 (10.0.1126.37416), X64 RyuJIT AVX2; GC = Concurrent Workstation
Mean = 22.860 ns, StdErr = 0.077 ns (0.34%), N = 5, StdDev = 0.172 ns
Min = 22.695 ns, Q1 = 22.705 ns, Median = 22.829 ns, Q3 = 22.982 ns, Max = 23.087 ns
IQR = 0.277 ns, LowerFence = 22.289 ns, UpperFence = 23.398 ns
ConfidenceInterval = [22.196 ns; 23.524 ns] (CI 99.9%), Margin = 0.664 ns (2.90% of Mean)
Skewness = 0.21, Kurtosis = 0.96, MValue = 2
-------------------- Histogram --------------------
[22.562 ns ; 23.220 ns) | @@@@@
---------------------------------------------------

// * Summary *

BenchmarkDotNet v0.14.0, Ubuntu 24.04.4 LTS (Noble Numbat)
AMD EPYC 7763, 1 CPU, 4 logical and 2 physical cores
.NET SDK 10.0.302
  [Host]   : .NET 10.0.11 (10.0.1126.37416), X64 RyuJIT AVX2
  ShortRun : .NET 10.0.11 (10.0.1126.37416), X64 RyuJIT AVX2

Job=ShortRun  IterationCount=5  LaunchCount=1  
WarmupCount=3  

| Method                         | Mean     | Error    | StdDev   | Ratio | RatioSD | Rank | Allocated | Alloc Ratio |
|------------------------------- |---------:|---------:|---------:|------:|--------:|-----:|----------:|------------:|
| ManualDI_ResolveKeyed          | 22.71 ns | 0.075 ns | 0.012 ns |  1.00 |    0.00 |    1 |         - |          NA |
| Needlr_Reflection_ResolveKeyed |       NA |       NA |       NA |     ? |       ? |    ? |        NA |           ? |
| Needlr_SourceGen_ResolveKeyed  | 22.86 ns | 0.664 ns | 0.172 ns |  1.01 |    0.01 |    1 |         - |          NA |

Benchmarks with issues:
  KeyedServiceResolutionBenchmarks.Needlr_Reflection_ResolveKeyed: ShortRun(IterationCount=5, LaunchCount=1, WarmupCount=3)

// * Warnings *
BaselineCustomAnalyzer
  Summary -> A question mark '?' symbol indicates that it was not possible to compute the (Ratio, RatioSD, Alloc Ratio) column(s) because the baseline value is too close to zero.

// * Hints *
Outliers
  KeyedServiceResolutionBenchmarks.ManualDI_ResolveKeyed: ShortRun -> 1 outlier  was  removed (26.07 ns)
// * Config Issues *

// * Warnings *
Configuration
  Summary -> The exporter HtmlExporter is already present in configuration. There may be unexpected results.

// * Legends *
  Mean        : Arithmetic mean of all measurements
  Error       : Half of 99.9% confidence interval
  StdDev      : Standard deviation of all measurements
  Ratio       : Mean of the ratio distribution ([Current]/[Baseline])
  RatioSD     : Standard deviation of the ratio distribution ([Current]/[Baseline])
  Rank        : Relative position of current benchmark mean among all benchmarks (Arabic style)
  Allocated   : Allocated memory per single operation (managed only, inclusive, 1KB = 1024B)
  Alloc Ratio : Allocated memory ratio distribution ([Current]/[Baseline])
  1 ns        : 1 Nanosecond (0.000000001 sec)

// * Diagnostic Output - MemoryDiagnoser *


// ***** BenchmarkRunner: End *****
Run time: 00:00:25 (25.14 sec), executed benchmarks: 3

// Found 3 benchmarks:
//   OpenGenericBenchmarks.ManualDI_ResolveOpenGeneric: ShortRun(IterationCount=5, LaunchCount=1, WarmupCount=3)
//   OpenGenericBenchmarks.Needlr_Reflection_ResolveOpenGeneric: ShortRun(IterationCount=5, LaunchCount=1, WarmupCount=3)
//   OpenGenericBenchmarks.Needlr_SourceGen_ResolveOpenGeneric: ShortRun(IterationCount=5, LaunchCount=1, WarmupCount=3)

// **************************
// Benchmark: OpenGenericBenchmarks.ManualDI_ResolveOpenGeneric: ShortRun(IterationCount=5, LaunchCount=1, WarmupCount=3)
// *** Execute ***
// Launch: 1 / 1
// Execute: dotnet bd712387-88f3-428d-bc3e-b66bbc2943f7.dll --anonymousPipes 163 164 --benchmarkName NexusLabs.Needlr.Benchmarks.Benchmarks.OpenGenericBenchmarks.ManualDI_ResolveOpenGeneric --job ShortRun --benchmarkId 26 in /home/runner/work/needlr/needlr/src/NexusLabs.Needlr.Benchmarks/bin/Release/net10.0/bd712387-88f3-428d-bc3e-b66bbc2943f7/bin/Release/net10.0
// Failed to set up high priority (Permission denied). In order to run benchmarks with high priority, make sure you have the right permissions.
// BeforeAnythingElse

// Benchmark Process Environment Information:
// BenchmarkDotNet v0.14.0
// Runtime=.NET 10.0.11 (10.0.1126.37416), X64 RyuJIT AVX2
// GC=Concurrent Workstation
// HardwareIntrinsics=AVX2,AES,BMI1,BMI2,FMA,LZCNT,PCLMUL,POPCNT VectorSize=256
// Job: ShortRun(IterationCount=5, LaunchCount=1, WarmupCount=3)

OverheadJitting  1: 1 op, 396140.00 ns, 396.1400 us/op
WorkloadJitting  1: 1 op, 4552935.00 ns, 4.5529 ms/op

OverheadJitting  2: 16 op, 488883.00 ns, 30.5552 us/op
WorkloadJitting  2: 16 op, 2220658.00 ns, 138.7911 us/op

WorkloadPilot    1: 16 op, 119904.00 ns, 7.4940 us/op
WorkloadPilot    2: 32 op, 7945.00 ns, 248.2813 ns/op
WorkloadPilot    3: 64 op, 15269.00 ns, 238.5781 ns/op
WorkloadPilot    4: 128 op, 24245.00 ns, 189.4141 ns/op
WorkloadPilot    5: 256 op, 54642.00 ns, 213.4453 ns/op
WorkloadPilot    6: 512 op, 67766.00 ns, 132.3555 ns/op
WorkloadPilot    7: 1024 op, 125685.00 ns, 122.7393 ns/op
WorkloadPilot    8: 2048 op, 232955.00 ns, 113.7476 ns/op
WorkloadPilot    9: 4096 op, 435824.00 ns, 106.4023 ns/op
WorkloadPilot   10: 8192 op, 862892.00 ns, 105.3335 ns/op
WorkloadPilot   11: 16384 op, 1641616.00 ns, 100.1963 ns/op
WorkloadPilot   12: 32768 op, 3280849.00 ns, 100.1236 ns/op
WorkloadPilot   13: 65536 op, 6544324.00 ns, 99.8585 ns/op
WorkloadPilot   14: 131072 op, 12985656.00 ns, 99.0727 ns/op
WorkloadPilot   15: 262144 op, 25760450.00 ns, 98.2683 ns/op
WorkloadPilot   16: 524288 op, 51834685.00 ns, 98.8668 ns/op
WorkloadPilot   17: 1048576 op, 87140486.00 ns, 83.1036 ns/op
WorkloadPilot   18: 2097152 op, 52368122.00 ns, 24.9711 ns/op
WorkloadPilot   19: 4194304 op, 102541515.00 ns, 24.4478 ns/op
WorkloadPilot   20: 8388608 op, 200505860.00 ns, 23.9022 ns/op
WorkloadPilot   21: 16777216 op, 403702196.00 ns, 24.0625 ns/op
WorkloadPilot   22: 33554432 op, 806516266.00 ns, 24.0361 ns/op

OverheadWarmup   1: 33554432 op, 130487567.00 ns, 3.8888 ns/op
OverheadWarmup   2: 33554432 op, 141148379.00 ns, 4.2065 ns/op
OverheadWarmup   3: 33554432 op, 109950789.00 ns, 3.2768 ns/op
OverheadWarmup   4: 33554432 op, 109634617.00 ns, 3.2674 ns/op
OverheadWarmup   5: 33554432 op, 109598820.00 ns, 3.2663 ns/op
OverheadWarmup   6: 33554432 op, 109661808.00 ns, 3.2682 ns/op
OverheadWarmup   7: 33554432 op, 109675925.00 ns, 3.2686 ns/op
OverheadWarmup   8: 33554432 op, 109688449.00 ns, 3.2690 ns/op
OverheadWarmup   9: 33554432 op, 109818832.00 ns, 3.2729 ns/op
OverheadWarmup  10: 33554432 op, 114013934.00 ns, 3.3979 ns/op

OverheadActual   1: 33554432 op, 109826376.00 ns, 3.2731 ns/op
OverheadActual   2: 33554432 op, 110023615.00 ns, 3.2790 ns/op
OverheadActual   3: 33554432 op, 110348721.00 ns, 3.2886 ns/op
OverheadActual   4: 33554432 op, 110042980.00 ns, 3.2795 ns/op
OverheadActual   5: 33554432 op, 109827218.00 ns, 3.2731 ns/op
OverheadActual   6: 33554432 op, 109792553.00 ns, 3.2721 ns/op
OverheadActual   7: 33554432 op, 109822639.00 ns, 3.2730 ns/op
OverheadActual   8: 33554432 op, 109833960.00 ns, 3.2733 ns/op
OverheadActual   9: 33554432 op, 109654916.00 ns, 3.2680 ns/op
OverheadActual  10: 33554432 op, 110080831.00 ns, 3.2807 ns/op
OverheadActual  11: 33554432 op, 109962490.00 ns, 3.2771 ns/op
OverheadActual  12: 33554432 op, 109764991.00 ns, 3.2713 ns/op
OverheadActual  13: 33554432 op, 109717863.00 ns, 3.2698 ns/op
OverheadActual  14: 33554432 op, 109721129.00 ns, 3.2699 ns/op
OverheadActual  15: 33554432 op, 110025868.00 ns, 3.2790 ns/op

WorkloadWarmup   1: 33554432 op, 809310616.00 ns, 24.1193 ns/op
WorkloadWarmup   2: 33554432 op, 809057724.00 ns, 24.1118 ns/op
WorkloadWarmup   3: 33554432 op, 803588289.00 ns, 23.9488 ns/op

// BeforeActualRun
WorkloadActual   1: 33554432 op, 809227472.00 ns, 24.1169 ns/op
WorkloadActual   2: 33554432 op, 801071106.00 ns, 23.8738 ns/op
WorkloadActual   3: 33554432 op, 801331954.00 ns, 23.8816 ns/op
WorkloadActual   4: 33554432 op, 800769972.00 ns, 23.8648 ns/op
WorkloadActual   5: 33554432 op, 800721441.00 ns, 23.8634 ns/op

// AfterActualRun
WorkloadResult   1: 33554432 op, 691243888.00 ns, 20.6007 ns/op
WorkloadResult   2: 33554432 op, 691504736.00 ns, 20.6084 ns/op
WorkloadResult   3: 33554432 op, 690942754.00 ns, 20.5917 ns/op
WorkloadResult   4: 33554432 op, 690894223.00 ns, 20.5903 ns/op
// GC:  48 0 0 805307728 33554432
// Threading:  0 0 33554432

// AfterAll
// Benchmark Process 3847 has exited with code 0.

Mean = 20.598 ns, StdErr = 0.004 ns (0.02%), N = 4, StdDev = 0.008 ns
Min = 20.590 ns, Q1 = 20.591 ns, Median = 20.596 ns, Q3 = 20.603 ns, Max = 20.608 ns
IQR = 0.011 ns, LowerFence = 20.574 ns, UpperFence = 20.620 ns
ConfidenceInterval = [20.543 ns; 20.653 ns] (CI 99.9%), Margin = 0.055 ns (0.27% of Mean)
Skewness = 0.24, Kurtosis = 0.85, MValue = 2

// ** Remained 38 (58.5 %) benchmark(s) to run. Estimated finish 2026-08-30 3:18 (0h 4m from now) **
// **************************
// Benchmark: OpenGenericBenchmarks.Needlr_Reflection_ResolveOpenGeneric: ShortRun(IterationCount=5, LaunchCount=1, WarmupCount=3)
// *** Execute ***
// Launch: 1 / 1
// Execute: dotnet bd712387-88f3-428d-bc3e-b66bbc2943f7.dll --anonymousPipes 163 164 --benchmarkName NexusLabs.Needlr.Benchmarks.Benchmarks.OpenGenericBenchmarks.Needlr_Reflection_ResolveOpenGeneric --job ShortRun --benchmarkId 27 in /home/runner/work/needlr/needlr/src/NexusLabs.Needlr.Benchmarks/bin/Release/net10.0/bd712387-88f3-428d-bc3e-b66bbc2943f7/bin/Release/net10.0
// Failed to set up high priority (Permission denied). In order to run benchmarks with high priority, make sure you have the right permissions.
// BeforeAnythingElse

// Benchmark Process Environment Information:
// BenchmarkDotNet v0.14.0
// Runtime=.NET 10.0.11 (10.0.1126.37416), X64 RyuJIT AVX2
// GC=Concurrent Workstation
// HardwareIntrinsics=AVX2,AES,BMI1,BMI2,FMA,LZCNT,PCLMUL,POPCNT VectorSize=256
// Job: ShortRun(IterationCount=5, LaunchCount=1, WarmupCount=3)

OverheadJitting  1: 1 op, 400367.00 ns, 400.3670 us/op
WorkloadJitting  1: 1 op, 4508902.00 ns, 4.5089 ms/op

OverheadJitting  2: 16 op, 506156.00 ns, 31.6348 us/op
WorkloadJitting  2: 16 op, 2124739.00 ns, 132.7962 us/op

WorkloadPilot    1: 16 op, 140863.00 ns, 8.8039 us/op
WorkloadPilot    2: 32 op, 10179.00 ns, 318.0938 ns/op
WorkloadPilot    3: 64 op, 14597.00 ns, 228.0781 ns/op
WorkloadPilot    4: 128 op, 24045.00 ns, 187.8516 ns/op
WorkloadPilot    5: 256 op, 36809.00 ns, 143.7852 ns/op
WorkloadPilot    6: 512 op, 57458.00 ns, 112.2227 ns/op
WorkloadPilot    7: 1024 op, 112550.00 ns, 109.9121 ns/op
WorkloadPilot    8: 2048 op, 220091.00 ns, 107.4663 ns/op
WorkloadPilot    9: 4096 op, 457555.00 ns, 111.7078 ns/op
WorkloadPilot   10: 8192 op, 882388.00 ns, 107.7134 ns/op
WorkloadPilot   11: 16384 op, 1692462.00 ns, 103.2997 ns/op
WorkloadPilot   12: 32768 op, 3365877.00 ns, 102.7184 ns/op
WorkloadPilot   13: 65536 op, 6675940.00 ns, 101.8668 ns/op
WorkloadPilot   14: 131072 op, 13427641.00 ns, 102.4448 ns/op
WorkloadPilot   15: 262144 op, 26642795.00 ns, 101.6342 ns/op
WorkloadPilot   16: 524288 op, 53023159.00 ns, 101.1336 ns/op
WorkloadPilot   17: 1048576 op, 85822063.00 ns, 81.8463 ns/op
WorkloadPilot   18: 2097152 op, 52145240.00 ns, 24.8648 ns/op
WorkloadPilot   19: 4194304 op, 102555028.00 ns, 24.4510 ns/op
WorkloadPilot   20: 8388608 op, 200320470.00 ns, 23.8801 ns/op
WorkloadPilot   21: 16777216 op, 400615241.00 ns, 23.8785 ns/op
WorkloadPilot   22: 33554432 op, 802286313.00 ns, 23.9100 ns/op

OverheadWarmup   1: 33554432 op, 131133078.00 ns, 3.9081 ns/op
OverheadWarmup   2: 33554432 op, 140723331.00 ns, 4.1939 ns/op
OverheadWarmup   3: 33554432 op, 109680547.00 ns, 3.2687 ns/op
OverheadWarmup   4: 33554432 op, 109629232.00 ns, 3.2672 ns/op
OverheadWarmup   5: 33554432 op, 109632428.00 ns, 3.2673 ns/op
OverheadWarmup   6: 33554432 op, 109824676.00 ns, 3.2730 ns/op
OverheadWarmup   7: 33554432 op, 109627579.00 ns, 3.2672 ns/op

OverheadActual   1: 33554432 op, 109672482.00 ns, 3.2685 ns/op
OverheadActual   2: 33554432 op, 109658826.00 ns, 3.2681 ns/op
OverheadActual   3: 33554432 op, 109816000.00 ns, 3.2728 ns/op
OverheadActual   4: 33554432 op, 110173858.00 ns, 3.2834 ns/op
OverheadActual   5: 33554432 op, 109703179.00 ns, 3.2694 ns/op
OverheadActual   6: 33554432 op, 109626947.00 ns, 3.2671 ns/op
OverheadActual   7: 33554432 op, 109529405.00 ns, 3.2642 ns/op
OverheadActual   8: 33554432 op, 110032314.00 ns, 3.2792 ns/op
OverheadActual   9: 33554432 op, 110557766.00 ns, 3.2949 ns/op
OverheadActual  10: 33554432 op, 109841618.00 ns, 3.2735 ns/op
OverheadActual  11: 33554432 op, 109794130.00 ns, 3.2721 ns/op
OverheadActual  12: 33554432 op, 110296688.00 ns, 3.2871 ns/op
OverheadActual  13: 33554432 op, 109842280.00 ns, 3.2736 ns/op
OverheadActual  14: 33554432 op, 110058303.00 ns, 3.2800 ns/op
OverheadActual  15: 33554432 op, 110485401.00 ns, 3.2927 ns/op

WorkloadWarmup   1: 33554432 op, 814757098.00 ns, 24.2817 ns/op
WorkloadWarmup   2: 33554432 op, 805275651.00 ns, 23.9991 ns/op
WorkloadWarmup   3: 33554432 op, 805576794.00 ns, 24.0081 ns/op

// BeforeActualRun
WorkloadActual   1: 33554432 op, 802269094.00 ns, 23.9095 ns/op
WorkloadActual   2: 33554432 op, 796096342.00 ns, 23.7255 ns/op
WorkloadActual   3: 33554432 op, 795562174.00 ns, 23.7096 ns/op
WorkloadActual   4: 33554432 op, 796644336.00 ns, 23.7419 ns/op
WorkloadActual   5: 33554432 op, 795089230.00 ns, 23.6955 ns/op

// AfterActualRun
WorkloadResult   1: 33554432 op, 686254724.00 ns, 20.4520 ns/op
WorkloadResult   2: 33554432 op, 685720556.00 ns, 20.4361 ns/op
WorkloadResult   3: 33554432 op, 686802718.00 ns, 20.4683 ns/op
WorkloadResult   4: 33554432 op, 685247612.00 ns, 20.4220 ns/op
// GC:  48 0 0 805307728 33554432
// Threading:  0 0 33554432

// AfterAll
// Benchmark Process 3860 has exited with code 0.

Mean = 20.445 ns, StdErr = 0.010 ns (0.05%), N = 4, StdDev = 0.020 ns
Min = 20.422 ns, Q1 = 20.433 ns, Median = 20.444 ns, Q3 = 20.456 ns, Max = 20.468 ns
IQR = 0.024 ns, LowerFence = 20.397 ns, UpperFence = 20.491 ns
ConfidenceInterval = [20.315 ns; 20.574 ns] (CI 99.9%), Margin = 0.129 ns (0.63% of Mean)
Skewness = 0.05, Kurtosis = 0.91, MValue = 2

// ** Remained 37 (56.9 %) benchmark(s) to run. Estimated finish 2026-08-30 3:18 (0h 4m from now) **
// **************************
// Benchmark: OpenGenericBenchmarks.Needlr_SourceGen_ResolveOpenGeneric: ShortRun(IterationCount=5, LaunchCount=1, WarmupCount=3)
// *** Execute ***
// Launch: 1 / 1
// Execute: dotnet bd712387-88f3-428d-bc3e-b66bbc2943f7.dll --anonymousPipes 163 164 --benchmarkName NexusLabs.Needlr.Benchmarks.Benchmarks.OpenGenericBenchmarks.Needlr_SourceGen_ResolveOpenGeneric --job ShortRun --benchmarkId 28 in /home/runner/work/needlr/needlr/src/NexusLabs.Needlr.Benchmarks/bin/Release/net10.0/bd712387-88f3-428d-bc3e-b66bbc2943f7/bin/Release/net10.0
// Failed to set up high priority (Permission denied). In order to run benchmarks with high priority, make sure you have the right permissions.
// BeforeAnythingElse

// Benchmark Process Environment Information:
// BenchmarkDotNet v0.14.0
// Runtime=.NET 10.0.11 (10.0.1126.37416), X64 RyuJIT AVX2
// GC=Concurrent Workstation
// HardwareIntrinsics=AVX2,AES,BMI1,BMI2,FMA,LZCNT,PCLMUL,POPCNT VectorSize=256
// Job: ShortRun(IterationCount=5, LaunchCount=1, WarmupCount=3)

OverheadJitting  1: 1 op, 407081.00 ns, 407.0810 us/op
WorkloadJitting  1: 1 op, 4557374.00 ns, 4.5574 ms/op

OverheadJitting  2: 16 op, 552091.00 ns, 34.5057 us/op
WorkloadJitting  2: 16 op, 2138535.00 ns, 133.6584 us/op

WorkloadPilot    1: 16 op, 130243.00 ns, 8.1402 us/op
WorkloadPilot    2: 32 op, 9578.00 ns, 299.3125 ns/op
WorkloadPilot    3: 64 op, 14667.00 ns, 229.1719 ns/op
WorkloadPilot    4: 128 op, 23424.00 ns, 183.0000 ns/op
WorkloadPilot    5: 256 op, 50345.00 ns, 196.6602 ns/op
WorkloadPilot    6: 512 op, 66745.00 ns, 130.3613 ns/op
WorkloadPilot    7: 1024 op, 128480.00 ns, 125.4688 ns/op
WorkloadPilot    8: 2048 op, 223628.00 ns, 109.1934 ns/op
WorkloadPilot    9: 4096 op, 431626.00 ns, 105.3774 ns/op
WorkloadPilot   10: 8192 op, 873181.00 ns, 106.5895 ns/op
WorkloadPilot   11: 16384 op, 1670391.00 ns, 101.9526 ns/op
WorkloadPilot   12: 32768 op, 3332776.00 ns, 101.7083 ns/op
WorkloadPilot   13: 65536 op, 6502439.00 ns, 99.2193 ns/op
WorkloadPilot   14: 131072 op, 12879882.00 ns, 98.2657 ns/op
WorkloadPilot   15: 262144 op, 25849654.00 ns, 98.6086 ns/op
WorkloadPilot   16: 524288 op, 51687715.00 ns, 98.5865 ns/op
WorkloadPilot   17: 1048576 op, 89238443.00 ns, 85.1044 ns/op
WorkloadPilot   18: 2097152 op, 52327119.00 ns, 24.9515 ns/op
WorkloadPilot   19: 4194304 op, 102199452.00 ns, 24.3662 ns/op
WorkloadPilot   20: 8388608 op, 205584096.00 ns, 24.5075 ns/op
WorkloadPilot   21: 16777216 op, 400480218.00 ns, 23.8705 ns/op
WorkloadPilot   22: 33554432 op, 803437475.00 ns, 23.9443 ns/op

OverheadWarmup   1: 33554432 op, 130536453.00 ns, 3.8903 ns/op
OverheadWarmup   2: 33554432 op, 142559439.00 ns, 4.2486 ns/op
OverheadWarmup   3: 33554432 op, 112671203.00 ns, 3.3579 ns/op
OverheadWarmup   4: 33554432 op, 110261752.00 ns, 3.2861 ns/op
OverheadWarmup   5: 33554432 op, 109672952.00 ns, 3.2685 ns/op
OverheadWarmup   6: 33554432 op, 110381506.00 ns, 3.2896 ns/op
OverheadWarmup   7: 33554432 op, 109971189.00 ns, 3.2774 ns/op

OverheadActual   1: 33554432 op, 109765244.00 ns, 3.2713 ns/op
OverheadActual   2: 33554432 op, 109664366.00 ns, 3.2683 ns/op
OverheadActual   3: 33554432 op, 109937516.00 ns, 3.2764 ns/op
OverheadActual   4: 33554432 op, 119339863.00 ns, 3.5566 ns/op
OverheadActual   5: 33554432 op, 109913261.00 ns, 3.2757 ns/op
OverheadActual   6: 33554432 op, 109829564.00 ns, 3.2732 ns/op
OverheadActual   7: 33554432 op, 109695355.00 ns, 3.2692 ns/op
OverheadActual   8: 33554432 op, 109819225.00 ns, 3.2729 ns/op
OverheadActual   9: 33554432 op, 109834454.00 ns, 3.2733 ns/op
OverheadActual  10: 33554432 op, 109790382.00 ns, 3.2720 ns/op
OverheadActual  11: 33554432 op, 109914734.00 ns, 3.2757 ns/op
OverheadActual  12: 33554432 op, 109996257.00 ns, 3.2781 ns/op
OverheadActual  13: 33554432 op, 109722846.00 ns, 3.2700 ns/op
OverheadActual  14: 33554432 op, 109833735.00 ns, 3.2733 ns/op
OverheadActual  15: 33554432 op, 109813906.00 ns, 3.2727 ns/op

WorkloadWarmup   1: 33554432 op, 804997569.00 ns, 23.9908 ns/op
WorkloadWarmup   2: 33554432 op, 801711564.00 ns, 23.8929 ns/op
WorkloadWarmup   3: 33554432 op, 799513957.00 ns, 23.8274 ns/op

// BeforeActualRun
WorkloadActual   1: 33554432 op, 802943355.00 ns, 23.9296 ns/op
WorkloadActual   2: 33554432 op, 799340576.00 ns, 23.8222 ns/op
WorkloadActual   3: 33554432 op, 796198147.00 ns, 23.7286 ns/op
WorkloadActual   4: 33554432 op, 795289928.00 ns, 23.7015 ns/op
WorkloadActual   5: 33554432 op, 796151532.00 ns, 23.7272 ns/op

// AfterActualRun
WorkloadResult   1: 33554432 op, 693113791.00 ns, 20.6564 ns/op
WorkloadResult   2: 33554432 op, 689511012.00 ns, 20.5490 ns/op
WorkloadResult   3: 33554432 op, 686368583.00 ns, 20.4554 ns/op
WorkloadResult   4: 33554432 op, 685460364.00 ns, 20.4283 ns/op
WorkloadResult   5: 33554432 op, 686321968.00 ns, 20.4540 ns/op
// GC:  48 0 0 805307728 33554432
// Threading:  0 0 33554432

// AfterAll
// Benchmark Process 3876 has exited with code 0.

Mean = 20.509 ns, StdErr = 0.042 ns (0.21%), N = 5, StdDev = 0.095 ns
Min = 20.428 ns, Q1 = 20.454 ns, Median = 20.455 ns, Q3 = 20.549 ns, Max = 20.656 ns
IQR = 0.095 ns, LowerFence = 20.311 ns, UpperFence = 20.692 ns
ConfidenceInterval = [20.145 ns; 20.873 ns] (CI 99.9%), Margin = 0.364 ns (1.77% of Mean)
Skewness = 0.58, Kurtosis = 1.35, MValue = 2

// ** Remained 36 (55.4 %) benchmark(s) to run. Estimated finish 2026-08-30 3:19 (0h 4m from now) **
// ***** BenchmarkRunner: Finish  *****

// * Export *
  home/runner/work/needlr/needlr/benchmark-results/results/NexusLabs.Needlr.Benchmarks.Benchmarks.OpenGenericBenchmarks-report.csv
  home/runner/work/needlr/needlr/benchmark-results/results/NexusLabs.Needlr.Benchmarks.Benchmarks.OpenGenericBenchmarks-report-github.md
  home/runner/work/needlr/needlr/benchmark-results/results/NexusLabs.Needlr.Benchmarks.Benchmarks.OpenGenericBenchmarks-report.html
  home/runner/work/needlr/needlr/benchmark-results/results/NexusLabs.Needlr.Benchmarks.Benchmarks.OpenGenericBenchmarks-report-full-compressed.json
  home/runner/work/needlr/needlr/benchmark-results/results/NexusLabs.Needlr.Benchmarks.Benchmarks.OpenGenericBenchmarks-report-default.md

// * Detailed results *
OpenGenericBenchmarks.ManualDI_ResolveOpenGeneric: ShortRun(IterationCount=5, LaunchCount=1, WarmupCount=3)
Runtime = .NET 10.0.11 (10.0.1126.37416), X64 RyuJIT AVX2; GC = Concurrent Workstation
Mean = 20.598 ns, StdErr = 0.004 ns (0.02%), N = 4, StdDev = 0.008 ns
Min = 20.590 ns, Q1 = 20.591 ns, Median = 20.596 ns, Q3 = 20.603 ns, Max = 20.608 ns
IQR = 0.011 ns, LowerFence = 20.574 ns, UpperFence = 20.620 ns
ConfidenceInterval = [20.543 ns; 20.653 ns] (CI 99.9%), Margin = 0.055 ns (0.27% of Mean)
Skewness = 0.24, Kurtosis = 0.85, MValue = 2
-------------------- Histogram --------------------
[20.583 ns ; 20.616 ns) | @@@@
---------------------------------------------------

OpenGenericBenchmarks.Needlr_Reflection_ResolveOpenGeneric: ShortRun(IterationCount=5, LaunchCount=1, WarmupCount=3)
Runtime = .NET 10.0.11 (10.0.1126.37416), X64 RyuJIT AVX2; GC = Concurrent Workstation
Mean = 20.445 ns, StdErr = 0.010 ns (0.05%), N = 4, StdDev = 0.020 ns
Min = 20.422 ns, Q1 = 20.433 ns, Median = 20.444 ns, Q3 = 20.456 ns, Max = 20.468 ns
IQR = 0.024 ns, LowerFence = 20.397 ns, UpperFence = 20.491 ns
ConfidenceInterval = [20.315 ns; 20.574 ns] (CI 99.9%), Margin = 0.129 ns (0.63% of Mean)
Skewness = 0.05, Kurtosis = 0.91, MValue = 2
-------------------- Histogram --------------------
[20.405 ns ; 20.485 ns) | @@@@
---------------------------------------------------

OpenGenericBenchmarks.Needlr_SourceGen_ResolveOpenGeneric: ShortRun(IterationCount=5, LaunchCount=1, WarmupCount=3)
Runtime = .NET 10.0.11 (10.0.1126.37416), X64 RyuJIT AVX2; GC = Concurrent Workstation
Mean = 20.509 ns, StdErr = 0.042 ns (0.21%), N = 5, StdDev = 0.095 ns
Min = 20.428 ns, Q1 = 20.454 ns, Median = 20.455 ns, Q3 = 20.549 ns, Max = 20.656 ns
IQR = 0.095 ns, LowerFence = 20.311 ns, UpperFence = 20.692 ns
ConfidenceInterval = [20.145 ns; 20.873 ns] (CI 99.9%), Margin = 0.364 ns (1.77% of Mean)
Skewness = 0.58, Kurtosis = 1.35, MValue = 2
-------------------- Histogram --------------------
[20.356 ns ; 20.729 ns) | @@@@@
---------------------------------------------------

// * Summary *

BenchmarkDotNet v0.14.0, Ubuntu 24.04.4 LTS (Noble Numbat)
AMD EPYC 7763, 1 CPU, 4 logical and 2 physical cores
.NET SDK 10.0.302
  [Host]   : .NET 10.0.11 (10.0.1126.37416), X64 RyuJIT AVX2
  ShortRun : .NET 10.0.11 (10.0.1126.37416), X64 RyuJIT AVX2

Job=ShortRun  IterationCount=5  LaunchCount=1  
WarmupCount=3  

| Method                               | Mean     | Error    | StdDev   | Ratio | Rank | Gen0   | Allocated | Alloc Ratio |
|------------------------------------- |---------:|---------:|---------:|------:|-----:|-------:|----------:|------------:|
| ManualDI_ResolveOpenGeneric          | 20.60 ns | 0.055 ns | 0.008 ns |  1.00 |    1 | 0.0014 |      24 B |        1.00 |
| Needlr_Reflection_ResolveOpenGeneric | 20.44 ns | 0.129 ns | 0.020 ns |  0.99 |    1 | 0.0014 |      24 B |        1.00 |
| Needlr_SourceGen_ResolveOpenGeneric  | 20.51 ns | 0.364 ns | 0.095 ns |  1.00 |    1 | 0.0014 |      24 B |        1.00 |

// * Hints *
Outliers
  OpenGenericBenchmarks.ManualDI_ResolveOpenGeneric: ShortRun          -> 1 outlier  was  removed (24.12 ns)
  OpenGenericBenchmarks.Needlr_Reflection_ResolveOpenGeneric: ShortRun -> 1 outlier  was  removed (23.91 ns)
// * Config Issues *

// * Warnings *
Configuration
  Summary -> The exporter HtmlExporter is already present in configuration. There may be unexpected results.

// * Legends *
  Mean        : Arithmetic mean of all measurements
  Error       : Half of 99.9% confidence interval
  StdDev      : Standard deviation of all measurements
  Ratio       : Mean of the ratio distribution ([Current]/[Baseline])
  Rank        : Relative position of current benchmark mean among all benchmarks (Arabic style)
  Gen0        : GC Generation 0 collects per 1000 operations
  Allocated   : Allocated memory per single operation (managed only, inclusive, 1KB = 1024B)
  Alloc Ratio : Allocated memory ratio distribution ([Current]/[Baseline])
  1 ns        : 1 Nanosecond (0.000000001 sec)

// * Diagnostic Output - MemoryDiagnoser *


// ***** BenchmarkRunner: End *****
Run time: 00:00:35 (35.85 sec), executed benchmarks: 3

// Found 3 benchmarks:
//   OptionsResolutionBenchmarks.ManualDI_ResolveOptions: ShortRun(IterationCount=5, LaunchCount=1, WarmupCount=3)
//   OptionsResolutionBenchmarks.Needlr_Reflection_ResolveOptions: ShortRun(IterationCount=5, LaunchCount=1, WarmupCount=3)
//   OptionsResolutionBenchmarks.Needlr_SourceGen_ResolveOptions: ShortRun(IterationCount=5, LaunchCount=1, WarmupCount=3)

// **************************
// Benchmark: OptionsResolutionBenchmarks.ManualDI_ResolveOptions: ShortRun(IterationCount=5, LaunchCount=1, WarmupCount=3)
// *** Execute ***
// Launch: 1 / 1
// Execute: dotnet bd712387-88f3-428d-bc3e-b66bbc2943f7.dll --anonymousPipes 163 164 --benchmarkName NexusLabs.Needlr.Benchmarks.Benchmarks.OptionsResolutionBenchmarks.ManualDI_ResolveOptions --job ShortRun --benchmarkId 29 in /home/runner/work/needlr/needlr/src/NexusLabs.Needlr.Benchmarks/bin/Release/net10.0/bd712387-88f3-428d-bc3e-b66bbc2943f7/bin/Release/net10.0
// Failed to set up high priority (Permission denied). In order to run benchmarks with high priority, make sure you have the right permissions.
// BeforeAnythingElse

// Benchmark Process Environment Information:
// BenchmarkDotNet v0.14.0
// Runtime=.NET 10.0.11 (10.0.1126.37416), X64 RyuJIT AVX2
// GC=Concurrent Workstation
// HardwareIntrinsics=AVX2,AES,BMI1,BMI2,FMA,LZCNT,PCLMUL,POPCNT VectorSize=256
// Job: ShortRun(IterationCount=5, LaunchCount=1, WarmupCount=3)

OverheadJitting  1: 1 op, 399586.00 ns, 399.5860 us/op
WorkloadJitting  1: 1 op, 10392832.00 ns, 10.3928 ms/op

OverheadJitting  2: 16 op, 508630.00 ns, 31.7894 us/op
WorkloadJitting  2: 16 op, 546842.00 ns, 34.1776 us/op

WorkloadPilot    1: 16 op, 6092.00 ns, 380.7500 ns/op
WorkloadPilot    2: 32 op, 6903.00 ns, 215.7188 ns/op
WorkloadPilot    3: 64 op, 9988.00 ns, 156.0625 ns/op
WorkloadPilot    4: 128 op, 14547.00 ns, 113.6484 ns/op
WorkloadPilot    5: 256 op, 24426.00 ns, 95.4141 ns/op
WorkloadPilot    6: 512 op, 45034.00 ns, 87.9570 ns/op
WorkloadPilot    7: 1024 op, 86341.00 ns, 84.3174 ns/op
WorkloadPilot    8: 2048 op, 172362.00 ns, 84.1611 ns/op
WorkloadPilot    9: 4096 op, 336108.00 ns, 82.0576 ns/op
WorkloadPilot   10: 8192 op, 744791.00 ns, 90.9169 ns/op
WorkloadPilot   11: 16384 op, 1417808.00 ns, 86.5361 ns/op
WorkloadPilot   12: 32768 op, 2781666.00 ns, 84.8897 ns/op
WorkloadPilot   13: 65536 op, 5453676.00 ns, 83.2165 ns/op
WorkloadPilot   14: 131072 op, 10816103.00 ns, 82.5203 ns/op
WorkloadPilot   15: 262144 op, 21561694.00 ns, 82.2513 ns/op
WorkloadPilot   16: 524288 op, 43075538.00 ns, 82.1601 ns/op
WorkloadPilot   17: 1048576 op, 86354126.00 ns, 82.3537 ns/op
WorkloadPilot   18: 2097152 op, 61444589.00 ns, 29.2991 ns/op
WorkloadPilot   19: 4194304 op, 84237042.00 ns, 20.0837 ns/op
WorkloadPilot   20: 8388608 op, 168308813.00 ns, 20.0640 ns/op
WorkloadPilot   21: 16777216 op, 336039939.00 ns, 20.0295 ns/op
WorkloadPilot   22: 33554432 op, 672864904.00 ns, 20.0529 ns/op

OverheadWarmup   1: 33554432 op, 141117575.00 ns, 4.2056 ns/op
OverheadWarmup   2: 33554432 op, 147426008.00 ns, 4.3936 ns/op
OverheadWarmup   3: 33554432 op, 109690414.00 ns, 3.2690 ns/op
OverheadWarmup   4: 33554432 op, 109756728.00 ns, 3.2710 ns/op
OverheadWarmup   5: 33554432 op, 109683030.00 ns, 3.2688 ns/op

OverheadActual   1: 33554432 op, 109902720.00 ns, 3.2754 ns/op
OverheadActual   2: 33554432 op, 109803335.00 ns, 3.2724 ns/op
OverheadActual   3: 33554432 op, 109682860.00 ns, 3.2688 ns/op
OverheadActual   4: 33554432 op, 109816920.00 ns, 3.2728 ns/op
OverheadActual   5: 33554432 op, 109659195.00 ns, 3.2681 ns/op
OverheadActual   6: 33554432 op, 109947875.00 ns, 3.2767 ns/op
OverheadActual   7: 33554432 op, 109847878.00 ns, 3.2737 ns/op
OverheadActual   8: 33554432 op, 109602290.00 ns, 3.2664 ns/op
OverheadActual   9: 33554432 op, 109687819.00 ns, 3.2690 ns/op
OverheadActual  10: 33554432 op, 109798747.00 ns, 3.2723 ns/op
OverheadActual  11: 33554432 op, 109855542.00 ns, 3.2740 ns/op
OverheadActual  12: 33554432 op, 109579507.00 ns, 3.2657 ns/op
OverheadActual  13: 33554432 op, 109648776.00 ns, 3.2678 ns/op
OverheadActual  14: 33554432 op, 109693630.00 ns, 3.2691 ns/op
OverheadActual  15: 33554432 op, 109813394.00 ns, 3.2727 ns/op

WorkloadWarmup   1: 33554432 op, 683686767.00 ns, 20.3755 ns/op
WorkloadWarmup   2: 33554432 op, 684808001.00 ns, 20.4089 ns/op
WorkloadWarmup   3: 33554432 op, 690703153.00 ns, 20.5846 ns/op

// BeforeActualRun
WorkloadActual   1: 33554432 op, 696656710.00 ns, 20.7620 ns/op
WorkloadActual   2: 33554432 op, 698268149.00 ns, 20.8100 ns/op
WorkloadActual   3: 33554432 op, 702298233.00 ns, 20.9301 ns/op
WorkloadActual   4: 33554432 op, 671891506.00 ns, 20.0239 ns/op
WorkloadActual   5: 33554432 op, 671997465.00 ns, 20.0271 ns/op

// AfterActualRun
WorkloadResult   1: 33554432 op, 586857963.00 ns, 17.4897 ns/op
WorkloadResult   2: 33554432 op, 588469402.00 ns, 17.5378 ns/op
WorkloadResult   3: 33554432 op, 592499486.00 ns, 17.6579 ns/op
WorkloadResult   4: 33554432 op, 562092759.00 ns, 16.7517 ns/op
WorkloadResult   5: 33554432 op, 562198718.00 ns, 16.7548 ns/op
// GC:  0 0 0 1072 33554432
// Threading:  0 0 33554432

// AfterAll
// Benchmark Process 3893 has exited with code 0.

Mean = 17.238 ns, StdErr = 0.200 ns (1.16%), N = 5, StdDev = 0.447 ns
Min = 16.752 ns, Q1 = 16.755 ns, Median = 17.490 ns, Q3 = 17.538 ns, Max = 17.658 ns
IQR = 0.783 ns, LowerFence = 15.580 ns, UpperFence = 18.712 ns
ConfidenceInterval = [15.517 ns; 18.960 ns] (CI 99.9%), Margin = 1.721 ns (9.99% of Mean)
Skewness = -0.25, Kurtosis = 0.77, MValue = 2

// ** Remained 35 (53.8 %) benchmark(s) to run. Estimated finish 2026-08-30 3:19 (0h 4m from now) **
// **************************
// Benchmark: OptionsResolutionBenchmarks.Needlr_Reflection_ResolveOptions: ShortRun(IterationCount=5, LaunchCount=1, WarmupCount=3)
// *** Execute ***
// Launch: 1 / 1
// Execute: dotnet bd712387-88f3-428d-bc3e-b66bbc2943f7.dll --anonymousPipes 163 164 --benchmarkName NexusLabs.Needlr.Benchmarks.Benchmarks.OptionsResolutionBenchmarks.Needlr_Reflection_ResolveOptions --job ShortRun --benchmarkId 30 in /home/runner/work/needlr/needlr/src/NexusLabs.Needlr.Benchmarks/bin/Release/net10.0/bd712387-88f3-428d-bc3e-b66bbc2943f7/bin/Release/net10.0
// Failed to set up high priority (Permission denied). In order to run benchmarks with high priority, make sure you have the right permissions.
// BeforeAnythingElse

// Benchmark Process Environment Information:
// BenchmarkDotNet v0.14.0
// Runtime=.NET 10.0.11 (10.0.1126.37416), X64 RyuJIT AVX2
// GC=Concurrent Workstation
// HardwareIntrinsics=AVX2,AES,BMI1,BMI2,FMA,LZCNT,PCLMUL,POPCNT VectorSize=256
// Job: ShortRun(IterationCount=5, LaunchCount=1, WarmupCount=3)

OverheadJitting  1: 1 op, 414133.00 ns, 414.1330 us/op
WorkloadJitting  1: 1 op, 10399386.00 ns, 10.3994 ms/op

OverheadJitting  2: 16 op, 501787.00 ns, 31.3617 us/op
WorkloadJitting  2: 16 op, 621501.00 ns, 38.8438 us/op

WorkloadPilot    1: 16 op, 5230.00 ns, 326.8750 ns/op
WorkloadPilot    2: 32 op, 7775.00 ns, 242.9688 ns/op
WorkloadPilot    3: 64 op, 8776.00 ns, 137.1250 ns/op
WorkloadPilot    4: 128 op, 13805.00 ns, 107.8516 ns/op
WorkloadPilot    5: 256 op, 24225.00 ns, 94.6289 ns/op
WorkloadPilot    6: 512 op, 44744.00 ns, 87.3906 ns/op
WorkloadPilot    7: 1024 op, 86181.00 ns, 84.1611 ns/op
WorkloadPilot    8: 2048 op, 168776.00 ns, 82.4102 ns/op
WorkloadPilot    9: 4096 op, 354723.00 ns, 86.6023 ns/op
WorkloadPilot   10: 8192 op, 724653.00 ns, 88.4586 ns/op
WorkloadPilot   11: 16384 op, 1425162.00 ns, 86.9850 ns/op
WorkloadPilot   12: 32768 op, 2761950.00 ns, 84.2880 ns/op
WorkloadPilot   13: 65536 op, 5464617.00 ns, 83.3834 ns/op
WorkloadPilot   14: 131072 op, 10875145.00 ns, 82.9708 ns/op
WorkloadPilot   15: 262144 op, 21518267.00 ns, 82.0857 ns/op
WorkloadPilot   16: 524288 op, 42859411.00 ns, 81.7478 ns/op
WorkloadPilot   17: 1048576 op, 85543826.00 ns, 81.5809 ns/op
WorkloadPilot   18: 2097152 op, 69041976.00 ns, 32.9218 ns/op
WorkloadPilot   19: 4194304 op, 93341472.00 ns, 22.2543 ns/op
WorkloadPilot   20: 8388608 op, 186677715.00 ns, 22.2537 ns/op
WorkloadPilot   21: 16777216 op, 372747154.00 ns, 22.2175 ns/op
WorkloadPilot   22: 33554432 op, 746714316.00 ns, 22.2538 ns/op

OverheadWarmup   1: 33554432 op, 141010458.00 ns, 4.2024 ns/op
OverheadWarmup   2: 33554432 op, 153005866.00 ns, 4.5599 ns/op
OverheadWarmup   3: 33554432 op, 109719497.00 ns, 3.2699 ns/op
OverheadWarmup   4: 33554432 op, 122548471.00 ns, 3.6522 ns/op
OverheadWarmup   5: 33554432 op, 109657311.00 ns, 3.2680 ns/op

OverheadActual   1: 33554432 op, 109608009.00 ns, 3.2666 ns/op
OverheadActual   2: 33554432 op, 109795709.00 ns, 3.2722 ns/op
OverheadActual   3: 33554432 op, 109679151.00 ns, 3.2687 ns/op
OverheadActual   4: 33554432 op, 109709518.00 ns, 3.2696 ns/op
OverheadActual   5: 33554432 op, 109630280.00 ns, 3.2672 ns/op
OverheadActual   6: 33554432 op, 124063105.00 ns, 3.6974 ns/op
OverheadActual   7: 33554432 op, 114311741.00 ns, 3.4068 ns/op
OverheadActual   8: 33554432 op, 109955690.00 ns, 3.2769 ns/op
OverheadActual   9: 33554432 op, 109545642.00 ns, 3.2647 ns/op
OverheadActual  10: 33554432 op, 109581870.00 ns, 3.2658 ns/op
OverheadActual  11: 33554432 op, 109637784.00 ns, 3.2675 ns/op
OverheadActual  12: 33554432 op, 109712076.00 ns, 3.2697 ns/op
OverheadActual  13: 33554432 op, 109589202.00 ns, 3.2660 ns/op
OverheadActual  14: 33554432 op, 109644896.00 ns, 3.2677 ns/op
OverheadActual  15: 33554432 op, 110357497.00 ns, 3.2889 ns/op

WorkloadWarmup   1: 33554432 op, 721401519.00 ns, 21.4994 ns/op
WorkloadWarmup   2: 33554432 op, 719948415.00 ns, 21.4561 ns/op
WorkloadWarmup   3: 33554432 op, 726089247.00 ns, 21.6391 ns/op

// BeforeActualRun
WorkloadActual   1: 33554432 op, 707613391.00 ns, 21.0885 ns/op
WorkloadActual   2: 33554432 op, 709398115.00 ns, 21.1417 ns/op
WorkloadActual   3: 33554432 op, 716237732.00 ns, 21.3455 ns/op
WorkloadActual   4: 33554432 op, 749129300.00 ns, 22.3258 ns/op
WorkloadActual   5: 33554432 op, 751046281.00 ns, 22.3829 ns/op

// AfterActualRun
WorkloadResult   1: 33554432 op, 597934240.00 ns, 17.8198 ns/op
WorkloadResult   2: 33554432 op, 599718964.00 ns, 17.8730 ns/op
WorkloadResult   3: 33554432 op, 606558581.00 ns, 18.0769 ns/op
WorkloadResult   4: 33554432 op, 639450149.00 ns, 19.0571 ns/op
WorkloadResult   5: 33554432 op, 641367130.00 ns, 19.1142 ns/op
// GC:  0 0 0 1072 33554432
// Threading:  0 0 33554432

// AfterAll
// Benchmark Process 3907 has exited with code 0.

Mean = 18.388 ns, StdErr = 0.288 ns (1.57%), N = 5, StdDev = 0.644 ns
Min = 17.820 ns, Q1 = 17.873 ns, Median = 18.077 ns, Q3 = 19.057 ns, Max = 19.114 ns
IQR = 1.184 ns, LowerFence = 16.097 ns, UpperFence = 20.833 ns
ConfidenceInterval = [15.908 ns; 20.869 ns] (CI 99.9%), Margin = 2.481 ns (13.49% of Mean)
Skewness = 0.25, Kurtosis = 0.77, MValue = 2

// ** Remained 34 (52.3 %) benchmark(s) to run. Estimated finish 2026-08-30 3:19 (0h 4m from now) **
// **************************
// Benchmark: OptionsResolutionBenchmarks.Needlr_SourceGen_ResolveOptions: ShortRun(IterationCount=5, LaunchCount=1, WarmupCount=3)
// *** Execute ***
// Launch: 1 / 1
// Execute: dotnet bd712387-88f3-428d-bc3e-b66bbc2943f7.dll --anonymousPipes 163 164 --benchmarkName NexusLabs.Needlr.Benchmarks.Benchmarks.OptionsResolutionBenchmarks.Needlr_SourceGen_ResolveOptions --job ShortRun --benchmarkId 31 in /home/runner/work/needlr/needlr/src/NexusLabs.Needlr.Benchmarks/bin/Release/net10.0/bd712387-88f3-428d-bc3e-b66bbc2943f7/bin/Release/net10.0
// Failed to set up high priority (Permission denied). In order to run benchmarks with high priority, make sure you have the right permissions.
// BeforeAnythingElse

// Benchmark Process Environment Information:
// BenchmarkDotNet v0.14.0
// Runtime=.NET 10.0.11 (10.0.1126.37416), X64 RyuJIT AVX2
// GC=Concurrent Workstation
// HardwareIntrinsics=AVX2,AES,BMI1,BMI2,FMA,LZCNT,PCLMUL,POPCNT VectorSize=256
// Job: ShortRun(IterationCount=5, LaunchCount=1, WarmupCount=3)

OverheadJitting  1: 1 op, 417490.00 ns, 417.4900 us/op
WorkloadJitting  1: 1 op, 10322134.00 ns, 10.3221 ms/op

OverheadJitting  2: 16 op, 533877.00 ns, 33.3673 us/op
WorkloadJitting  2: 16 op, 530501.00 ns, 33.1563 us/op

WorkloadPilot    1: 16 op, 6211.00 ns, 388.1875 ns/op
WorkloadPilot    2: 32 op, 8586.00 ns, 268.3125 ns/op
WorkloadPilot    3: 64 op, 13155.00 ns, 205.5469 ns/op
WorkloadPilot    4: 128 op, 21941.00 ns, 171.4141 ns/op
WorkloadPilot    5: 256 op, 36157.00 ns, 141.2383 ns/op
WorkloadPilot    6: 512 op, 57327.00 ns, 111.9668 ns/op
WorkloadPilot    7: 1024 op, 99966.00 ns, 97.6230 ns/op
WorkloadPilot    8: 2048 op, 211676.00 ns, 103.3574 ns/op
WorkloadPilot    9: 4096 op, 376854.00 ns, 92.0054 ns/op
WorkloadPilot   10: 8192 op, 747596.00 ns, 91.2593 ns/op
WorkloadPilot   11: 16384 op, 1462783.00 ns, 89.2812 ns/op
WorkloadPilot   12: 32768 op, 2830609.00 ns, 86.3833 ns/op
WorkloadPilot   13: 65536 op, 5676064.00 ns, 86.6099 ns/op
WorkloadPilot   14: 131072 op, 11030147.00 ns, 84.1533 ns/op
WorkloadPilot   15: 262144 op, 21933806.00 ns, 83.6708 ns/op
WorkloadPilot   16: 524288 op, 43716400.00 ns, 83.3824 ns/op
WorkloadPilot   17: 1048576 op, 92357761.00 ns, 88.0792 ns/op
WorkloadPilot   18: 2097152 op, 54037452.00 ns, 25.7671 ns/op
WorkloadPilot   19: 4194304 op, 87240962.00 ns, 20.7999 ns/op
WorkloadPilot   20: 8388608 op, 176895926.00 ns, 21.0876 ns/op
WorkloadPilot   21: 16777216 op, 348063421.00 ns, 20.7462 ns/op
WorkloadPilot   22: 33554432 op, 695842886.00 ns, 20.7377 ns/op

OverheadWarmup   1: 33554432 op, 141540397.00 ns, 4.2182 ns/op
OverheadWarmup   2: 33554432 op, 147221009.00 ns, 4.3875 ns/op
OverheadWarmup   3: 33554432 op, 109675694.00 ns, 3.2686 ns/op
OverheadWarmup   4: 33554432 op, 109961258.00 ns, 3.2771 ns/op
OverheadWarmup   5: 33554432 op, 110020288.00 ns, 3.2789 ns/op
OverheadWarmup   6: 33554432 op, 109635860.00 ns, 3.2674 ns/op

OverheadActual   1: 33554432 op, 109646449.00 ns, 3.2677 ns/op
OverheadActual   2: 33554432 op, 109598760.00 ns, 3.2663 ns/op
OverheadActual   3: 33554432 op, 109649766.00 ns, 3.2678 ns/op
OverheadActual   4: 33554432 op, 109907427.00 ns, 3.2755 ns/op
OverheadActual   5: 33554432 op, 109704838.00 ns, 3.2695 ns/op
OverheadActual   6: 33554432 op, 109686195.00 ns, 3.2689 ns/op
OverheadActual   7: 33554432 op, 109691484.00 ns, 3.2691 ns/op
OverheadActual   8: 33554432 op, 109743240.00 ns, 3.2706 ns/op
OverheadActual   9: 33554432 op, 109645678.00 ns, 3.2677 ns/op
OverheadActual  10: 33554432 op, 109645919.00 ns, 3.2677 ns/op
OverheadActual  11: 33554432 op, 109641060.00 ns, 3.2676 ns/op
OverheadActual  12: 33554432 op, 109618477.00 ns, 3.2669 ns/op
OverheadActual  13: 33554432 op, 109632954.00 ns, 3.2673 ns/op
OverheadActual  14: 33554432 op, 112492016.00 ns, 3.3525 ns/op
OverheadActual  15: 33554432 op, 109593291.00 ns, 3.2661 ns/op

WorkloadWarmup   1: 33554432 op, 691949352.00 ns, 20.6217 ns/op
WorkloadWarmup   2: 33554432 op, 692233353.00 ns, 20.6302 ns/op
WorkloadWarmup   3: 33554432 op, 691224739.00 ns, 20.6001 ns/op

// BeforeActualRun
WorkloadActual   1: 33554432 op, 679655650.00 ns, 20.2553 ns/op
WorkloadActual   2: 33554432 op, 692082351.00 ns, 20.6257 ns/op
WorkloadActual   3: 33554432 op, 691580173.00 ns, 20.6107 ns/op
WorkloadActual   4: 33554432 op, 691964030.00 ns, 20.6221 ns/op
WorkloadActual   5: 33554432 op, 693830264.00 ns, 20.6778 ns/op

// AfterActualRun
WorkloadResult   1: 33554432 op, 570009201.00 ns, 16.9876 ns/op
WorkloadResult   2: 33554432 op, 582435902.00 ns, 17.3579 ns/op
WorkloadResult   3: 33554432 op, 581933724.00 ns, 17.3430 ns/op
WorkloadResult   4: 33554432 op, 582317581.00 ns, 17.3544 ns/op
// GC:  0 0 0 1072 33554432
// Threading:  0 0 33554432

// AfterAll
// Benchmark Process 3919 has exited with code 0.

Mean = 17.261 ns, StdErr = 0.091 ns (0.53%), N = 4, StdDev = 0.182 ns
Min = 16.988 ns, Q1 = 17.254 ns, Median = 17.349 ns, Q3 = 17.355 ns, Max = 17.358 ns
IQR = 0.101 ns, LowerFence = 17.102 ns, UpperFence = 17.507 ns
ConfidenceInterval = [16.083 ns; 18.438 ns] (CI 99.9%), Margin = 1.177 ns (6.82% of Mean)
Skewness = -0.75, Kurtosis = 1.31, MValue = 2

// ** Remained 33 (50.8 %) benchmark(s) to run. Estimated finish 2026-08-30 3:19 (0h 4m from now) **
// ***** BenchmarkRunner: Finish  *****

// * Export *
  home/runner/work/needlr/needlr/benchmark-results/results/NexusLabs.Needlr.Benchmarks.Benchmarks.OptionsResolutionBenchmarks-report.csv
  home/runner/work/needlr/needlr/benchmark-results/results/NexusLabs.Needlr.Benchmarks.Benchmarks.OptionsResolutionBenchmarks-report-github.md
  home/runner/work/needlr/needlr/benchmark-results/results/NexusLabs.Needlr.Benchmarks.Benchmarks.OptionsResolutionBenchmarks-report.html
  home/runner/work/needlr/needlr/benchmark-results/results/NexusLabs.Needlr.Benchmarks.Benchmarks.OptionsResolutionBenchmarks-report-full-compressed.json
  home/runner/work/needlr/needlr/benchmark-results/results/NexusLabs.Needlr.Benchmarks.Benchmarks.OptionsResolutionBenchmarks-report-default.md

// * Detailed results *
OptionsResolutionBenchmarks.ManualDI_ResolveOptions: ShortRun(IterationCount=5, LaunchCount=1, WarmupCount=3)
Runtime = .NET 10.0.11 (10.0.1126.37416), X64 RyuJIT AVX2; GC = Concurrent Workstation
Mean = 17.238 ns, StdErr = 0.200 ns (1.16%), N = 5, StdDev = 0.447 ns
Min = 16.752 ns, Q1 = 16.755 ns, Median = 17.490 ns, Q3 = 17.538 ns, Max = 17.658 ns
IQR = 0.783 ns, LowerFence = 15.580 ns, UpperFence = 18.712 ns
ConfidenceInterval = [15.517 ns; 18.960 ns] (CI 99.9%), Margin = 1.721 ns (9.99% of Mean)
Skewness = -0.25, Kurtosis = 0.77, MValue = 2
-------------------- Histogram --------------------
[16.409 ns ; 17.231 ns) | @@
[17.231 ns ; 18.001 ns) | @@@
---------------------------------------------------

OptionsResolutionBenchmarks.Needlr_Reflection_ResolveOptions: ShortRun(IterationCount=5, LaunchCount=1, WarmupCount=3)
Runtime = .NET 10.0.11 (10.0.1126.37416), X64 RyuJIT AVX2; GC = Concurrent Workstation
Mean = 18.388 ns, StdErr = 0.288 ns (1.57%), N = 5, StdDev = 0.644 ns
Min = 17.820 ns, Q1 = 17.873 ns, Median = 18.077 ns, Q3 = 19.057 ns, Max = 19.114 ns
IQR = 1.184 ns, LowerFence = 16.097 ns, UpperFence = 20.833 ns
ConfidenceInterval = [15.908 ns; 20.869 ns] (CI 99.9%), Margin = 2.481 ns (13.49% of Mean)
Skewness = 0.25, Kurtosis = 0.77, MValue = 2
-------------------- Histogram --------------------
[17.454 ns ; 18.443 ns) | @@@
[18.443 ns ; 19.609 ns) | @@
---------------------------------------------------

OptionsResolutionBenchmarks.Needlr_SourceGen_ResolveOptions: ShortRun(IterationCount=5, LaunchCount=1, WarmupCount=3)
Runtime = .NET 10.0.11 (10.0.1126.37416), X64 RyuJIT AVX2; GC = Concurrent Workstation
Mean = 17.261 ns, StdErr = 0.091 ns (0.53%), N = 4, StdDev = 0.182 ns
Min = 16.988 ns, Q1 = 17.254 ns, Median = 17.349 ns, Q3 = 17.355 ns, Max = 17.358 ns
IQR = 0.101 ns, LowerFence = 17.102 ns, UpperFence = 17.507 ns
ConfidenceInterval = [16.083 ns; 18.438 ns] (CI 99.9%), Margin = 1.177 ns (6.82% of Mean)
Skewness = -0.75, Kurtosis = 1.31, MValue = 2
-------------------- Histogram --------------------
[16.837 ns ; 17.509 ns) | @@@@
---------------------------------------------------

// * Summary *

BenchmarkDotNet v0.14.0, Ubuntu 24.04.4 LTS (Noble Numbat)
AMD EPYC 7763, 1 CPU, 4 logical and 2 physical cores
.NET SDK 10.0.302
  [Host]   : .NET 10.0.11 (10.0.1126.37416), X64 RyuJIT AVX2
  ShortRun : .NET 10.0.11 (10.0.1126.37416), X64 RyuJIT AVX2

Job=ShortRun  IterationCount=5  LaunchCount=1  
WarmupCount=3  

| Method                           | Mean     | Error    | StdDev   | Ratio | RatioSD | Rank | Allocated | Alloc Ratio |
|--------------------------------- |---------:|---------:|---------:|------:|--------:|-----:|----------:|------------:|
| ManualDI_ResolveOptions          | 17.24 ns | 1.721 ns | 0.447 ns |  1.00 |    0.03 |    1 |         - |          NA |
| Needlr_Reflection_ResolveOptions | 18.39 ns | 2.481 ns | 0.644 ns |  1.07 |    0.04 |    1 |         - |          NA |
| Needlr_SourceGen_ResolveOptions  | 17.26 ns | 1.177 ns | 0.182 ns |  1.00 |    0.03 |    1 |         - |          NA |

// * Hints *
Outliers
  OptionsResolutionBenchmarks.Needlr_SourceGen_ResolveOptions: ShortRun -> 1 outlier  was  removed, 2 outliers were detected (20.26 ns, 20.68 ns)
// * Config Issues *

// * Warnings *
Configuration
  Summary -> The exporter HtmlExporter is already present in configuration. There may be unexpected results.

// * Legends *
  Mean        : Arithmetic mean of all measurements
  Error       : Half of 99.9% confidence interval
  StdDev      : Standard deviation of all measurements
  Ratio       : Mean of the ratio distribution ([Current]/[Baseline])
  RatioSD     : Standard deviation of the ratio distribution ([Current]/[Baseline])
  Rank        : Relative position of current benchmark mean among all benchmarks (Arabic style)
  Allocated   : Allocated memory per single operation (managed only, inclusive, 1KB = 1024B)
  Alloc Ratio : Allocated memory ratio distribution ([Current]/[Baseline])
  1 ns        : 1 Nanosecond (0.000000001 sec)

// * Diagnostic Output - MemoryDiagnoser *


// ***** BenchmarkRunner: End *****
Run time: 00:00:31 (31.61 sec), executed benchmarks: 3

// Found 4 benchmarks:
//   ProviderBuildBenchmarks.ManualDI_ToServiceProvider: ShortRun(IterationCount=5, LaunchCount=1, WarmupCount=3)
//   ProviderBuildBenchmarks.Needlr_Reflection_ToServiceProvider: ShortRun(IterationCount=5, LaunchCount=1, WarmupCount=3)
//   ProviderBuildBenchmarks.Needlr_SourceGen_ToServiceProvider: ShortRun(IterationCount=5, LaunchCount=1, WarmupCount=3)
//   ProviderBuildBenchmarks.Needlr_SourceGen_ToProvider: ShortRun(IterationCount=5, LaunchCount=1, WarmupCount=3)

// **************************
// Benchmark: ProviderBuildBenchmarks.ManualDI_ToServiceProvider: ShortRun(IterationCount=5, LaunchCount=1, WarmupCount=3)
// *** Execute ***
// Launch: 1 / 1
// Execute: dotnet bd712387-88f3-428d-bc3e-b66bbc2943f7.dll --anonymousPipes 163 164 --benchmarkName NexusLabs.Needlr.Benchmarks.Benchmarks.ProviderBuildBenchmarks.ManualDI_ToServiceProvider --job ShortRun --benchmarkId 32 in /home/runner/work/needlr/needlr/src/NexusLabs.Needlr.Benchmarks/bin/Release/net10.0/bd712387-88f3-428d-bc3e-b66bbc2943f7/bin/Release/net10.0
// Failed to set up high priority (Permission denied). In order to run benchmarks with high priority, make sure you have the right permissions.
// BeforeAnythingElse

// Benchmark Process Environment Information:
// BenchmarkDotNet v0.14.0
// Runtime=.NET 10.0.11 (10.0.1126.37416), X64 RyuJIT AVX2
// GC=Concurrent Workstation
// HardwareIntrinsics=AVX2,AES,BMI1,BMI2,FMA,LZCNT,PCLMUL,POPCNT VectorSize=256
// Job: ShortRun(IterationCount=5, LaunchCount=1, WarmupCount=3)

OverheadJitting  1: 1 op, 384558.00 ns, 384.5580 us/op
WorkloadJitting  1: 1 op, 7307812.00 ns, 7.3078 ms/op

OverheadJitting  2: 16 op, 528457.00 ns, 33.0286 us/op
WorkloadJitting  2: 16 op, 809863.00 ns, 50.6164 us/op

WorkloadPilot    1: 16 op, 125905.00 ns, 7.8691 us/op
WorkloadPilot    2: 32 op, 160590.00 ns, 5.0184 us/op
WorkloadPilot    3: 64 op, 388014.00 ns, 6.0627 us/op
WorkloadPilot    4: 128 op, 603507.00 ns, 4.7149 us/op
WorkloadPilot    5: 256 op, 1183230.00 ns, 4.6220 us/op
WorkloadPilot    6: 512 op, 2386358.00 ns, 4.6609 us/op
WorkloadPilot    7: 1024 op, 4773958.00 ns, 4.6621 us/op
WorkloadPilot    8: 2048 op, 10534048.00 ns, 5.1436 us/op
WorkloadPilot    9: 4096 op, 20144841.00 ns, 4.9182 us/op
WorkloadPilot   10: 8192 op, 26843294.00 ns, 3.2768 us/op
WorkloadPilot   11: 16384 op, 52583919.00 ns, 3.2095 us/op
WorkloadPilot   12: 32768 op, 120655340.00 ns, 3.6821 us/op
WorkloadPilot   13: 65536 op, 142516998.00 ns, 2.1746 us/op
WorkloadPilot   14: 131072 op, 187959767.00 ns, 1.4340 us/op
WorkloadPilot   15: 262144 op, 354118038.00 ns, 1.3509 us/op
WorkloadPilot   16: 524288 op, 717574511.00 ns, 1.3687 us/op

OverheadWarmup   1: 524288 op, 2092489.00 ns, 3.9911 ns/op
OverheadWarmup   2: 524288 op, 2067662.00 ns, 3.9438 ns/op
OverheadWarmup   3: 524288 op, 2048036.00 ns, 3.9063 ns/op
OverheadWarmup   4: 524288 op, 2397459.00 ns, 4.5728 ns/op
OverheadWarmup   5: 524288 op, 2056752.00 ns, 3.9229 ns/op
OverheadWarmup   6: 524288 op, 2051662.00 ns, 3.9132 ns/op
OverheadWarmup   7: 524288 op, 2052665.00 ns, 3.9151 ns/op
OverheadWarmup   8: 524288 op, 2055009.00 ns, 3.9196 ns/op
OverheadWarmup   9: 524288 op, 2049399.00 ns, 3.9089 ns/op

OverheadActual   1: 524288 op, 2043036.00 ns, 3.8968 ns/op
OverheadActual   2: 524288 op, 2074344.00 ns, 3.9565 ns/op
OverheadActual   3: 524288 op, 2050671.00 ns, 3.9113 ns/op
OverheadActual   4: 524288 op, 2071680.00 ns, 3.9514 ns/op
OverheadActual   5: 524288 op, 2073152.00 ns, 3.9542 ns/op
OverheadActual   6: 524288 op, 2063625.00 ns, 3.9361 ns/op
OverheadActual   7: 524288 op, 2064176.00 ns, 3.9371 ns/op
OverheadActual   8: 524288 op, 2080276.00 ns, 3.9678 ns/op
OverheadActual   9: 524288 op, 2078122.00 ns, 3.9637 ns/op
OverheadActual  10: 524288 op, 2062643.00 ns, 3.9342 ns/op
OverheadActual  11: 524288 op, 2097649.00 ns, 4.0009 ns/op
OverheadActual  12: 524288 op, 2065639.00 ns, 3.9399 ns/op
OverheadActual  13: 524288 op, 2064587.00 ns, 3.9379 ns/op
OverheadActual  14: 524288 op, 2063324.00 ns, 3.9355 ns/op
OverheadActual  15: 524288 op, 2061742.00 ns, 3.9325 ns/op

WorkloadWarmup   1: 524288 op, 715494676.00 ns, 1.3647 us/op
WorkloadWarmup   2: 524288 op, 716987304.00 ns, 1.3675 us/op
WorkloadWarmup   3: 524288 op, 717294378.00 ns, 1.3681 us/op

// BeforeActualRun
WorkloadActual   1: 524288 op, 708827251.00 ns, 1.3520 us/op
WorkloadActual   2: 524288 op, 729248599.00 ns, 1.3909 us/op
WorkloadActual   3: 524288 op, 718758532.00 ns, 1.3709 us/op
WorkloadActual   4: 524288 op, 729980576.00 ns, 1.3923 us/op
WorkloadActual   5: 524288 op, 718125352.00 ns, 1.3697 us/op

// AfterActualRun
WorkloadResult   1: 524288 op, 706762664.00 ns, 1.3480 us/op
WorkloadResult   2: 524288 op, 727184012.00 ns, 1.3870 us/op
WorkloadResult   3: 524288 op, 716693945.00 ns, 1.3670 us/op
WorkloadResult   4: 524288 op, 727915989.00 ns, 1.3884 us/op
WorkloadResult   5: 524288 op, 716060765.00 ns, 1.3658 us/op
// GC:  141 46 0 2365588192 524288
// Threading:  0 0 524288

// AfterAll
// Benchmark Process 3930 has exited with code 0.

Mean = 1.371 μs, StdErr = 0.008 μs (0.55%), N = 5, StdDev = 0.017 μs
Min = 1.348 μs, Q1 = 1.366 μs, Median = 1.367 μs, Q3 = 1.387 μs, Max = 1.388 μs
IQR = 0.021 μs, LowerFence = 1.334 μs, UpperFence = 1.419 μs
ConfidenceInterval = [1.307 μs; 1.436 μs] (CI 99.9%), Margin = 0.065 μs (4.72% of Mean)
Skewness = -0.16, Kurtosis = 1.1, MValue = 2

// ** Remained 32 (49.2 %) benchmark(s) to run. Estimated finish 2026-08-30 3:19 (0h 4m from now) **
// **************************
// Benchmark: ProviderBuildBenchmarks.Needlr_Reflection_ToServiceProvider: ShortRun(IterationCount=5, LaunchCount=1, WarmupCount=3)
// *** Execute ***
// Launch: 1 / 1
// Execute: dotnet bd712387-88f3-428d-bc3e-b66bbc2943f7.dll --anonymousPipes 163 164 --benchmarkName NexusLabs.Needlr.Benchmarks.Benchmarks.ProviderBuildBenchmarks.Needlr_Reflection_ToServiceProvider --job ShortRun --benchmarkId 33 in /home/runner/work/needlr/needlr/src/NexusLabs.Needlr.Benchmarks/bin/Release/net10.0/bd712387-88f3-428d-bc3e-b66bbc2943f7/bin/Release/net10.0
// Failed to set up high priority (Permission denied). In order to run benchmarks with high priority, make sure you have the right permissions.
// BeforeAnythingElse

// Benchmark Process Environment Information:
// BenchmarkDotNet v0.14.0
// Runtime=.NET 10.0.11 (10.0.1126.37416), X64 RyuJIT AVX2
// GC=Concurrent Workstation
// HardwareIntrinsics=AVX2,AES,BMI1,BMI2,FMA,LZCNT,PCLMUL,POPCNT VectorSize=256
// Job: ShortRun(IterationCount=5, LaunchCount=1, WarmupCount=3)

OverheadJitting  1: 1 op, 362248.00 ns, 362.2480 us/op
WorkloadJitting  1: 1 op, 41688508.00 ns, 41.6885 ms/op

WorkloadPilot    1: 2 op, 3849903.00 ns, 1.9250 ms/op
WorkloadPilot    2: 3 op, 5198166.00 ns, 1.7327 ms/op
WorkloadPilot    3: 4 op, 5941326.00 ns, 1.4853 ms/op
WorkloadPilot    4: 5 op, 7548172.00 ns, 1.5096 ms/op
WorkloadPilot    5: 6 op, 8514711.00 ns, 1.4191 ms/op
WorkloadPilot    6: 7 op, 10304720.00 ns, 1.4721 ms/op
WorkloadPilot    7: 8 op, 11474689.00 ns, 1.4343 ms/op
WorkloadPilot    8: 9 op, 12900316.00 ns, 1.4334 ms/op
WorkloadPilot    9: 10 op, 14097145.00 ns, 1.4097 ms/op
WorkloadPilot   10: 11 op, 15515339.00 ns, 1.4105 ms/op
WorkloadPilot   11: 12 op, 16778843.00 ns, 1.3982 ms/op
WorkloadPilot   12: 13 op, 18098091.00 ns, 1.3922 ms/op
WorkloadPilot   13: 14 op, 27121594.00 ns, 1.9373 ms/op
WorkloadPilot   14: 15 op, 24972643.00 ns, 1.6648 ms/op
WorkloadPilot   15: 16 op, 26457982.00 ns, 1.6536 ms/op
WorkloadPilot   16: 32 op, 60578280.00 ns, 1.8931 ms/op
WorkloadPilot   17: 64 op, 119596201.00 ns, 1.8687 ms/op
WorkloadPilot   18: 128 op, 240270860.00 ns, 1.8771 ms/op
WorkloadPilot   19: 256 op, 560472923.00 ns, 2.1893 ms/op

WorkloadWarmup   1: 256 op, 547089787.00 ns, 2.1371 ms/op
WorkloadWarmup   2: 256 op, 530624665.00 ns, 2.0728 ms/op
WorkloadWarmup   3: 256 op, 424769187.00 ns, 1.6593 ms/op

// BeforeActualRun
WorkloadActual   1: 256 op, 271061807.00 ns, 1.0588 ms/op
WorkloadActual   2: 256 op, 219185575.00 ns, 856.1937 us/op
WorkloadActual   3: 256 op, 205047929.00 ns, 800.9685 us/op
WorkloadActual   4: 256 op, 200126487.00 ns, 781.7441 us/op
WorkloadActual   5: 256 op, 199638575.00 ns, 779.8382 us/op

// AfterActualRun
WorkloadResult   1: 256 op, 219185575.00 ns, 856.1937 us/op
WorkloadResult   2: 256 op, 205047929.00 ns, 800.9685 us/op
WorkloadResult   3: 256 op, 200126487.00 ns, 781.7441 us/op
WorkloadResult   4: 256 op, 199638575.00 ns, 779.8382 us/op
// GC:  3 0 0 66166480 256
// Threading:  0 0 256

// AfterAll
// Benchmark Process 3942 has exited with code 0.

Mean = 804.686 μs, StdErr = 17.820 μs (2.21%), N = 4, StdDev = 35.640 μs
Min = 779.838 μs, Q1 = 781.268 μs, Median = 791.356 μs, Q3 = 814.775 μs, Max = 856.194 μs
IQR = 33.507 μs, LowerFence = 731.007 μs, UpperFence = 865.035 μs
ConfidenceInterval = [574.382 μs; 1,034.991 μs] (CI 99.9%), Margin = 230.305 μs (28.62% of Mean)
Skewness = 0.6, Kurtosis = 1.19, MValue = 2

// ** Remained 31 (47.7 %) benchmark(s) to run. Estimated finish 2026-08-30 3:19 (0h 3m from now) **
// **************************
// Benchmark: ProviderBuildBenchmarks.Needlr_SourceGen_ToServiceProvider: ShortRun(IterationCount=5, LaunchCount=1, WarmupCount=3)
// *** Execute ***
// Launch: 1 / 1
// Execute: dotnet bd712387-88f3-428d-bc3e-b66bbc2943f7.dll --anonymousPipes 163 164 --benchmarkName NexusLabs.Needlr.Benchmarks.Benchmarks.ProviderBuildBenchmarks.Needlr_SourceGen_ToServiceProvider --job ShortRun --benchmarkId 34 in /home/runner/work/needlr/needlr/src/NexusLabs.Needlr.Benchmarks/bin/Release/net10.0/bd712387-88f3-428d-bc3e-b66bbc2943f7/bin/Release/net10.0
// Failed to set up high priority (Permission denied). In order to run benchmarks with high priority, make sure you have the right permissions.
// BeforeAnythingElse

// Benchmark Process Environment Information:
// BenchmarkDotNet v0.14.0
// Runtime=.NET 10.0.11 (10.0.1126.37416), X64 RyuJIT AVX2
// GC=Concurrent Workstation
// HardwareIntrinsics=AVX2,AES,BMI1,BMI2,FMA,LZCNT,PCLMUL,POPCNT VectorSize=256
// Job: ShortRun(IterationCount=5, LaunchCount=1, WarmupCount=3)

OverheadJitting  1: 1 op, 363169.00 ns, 363.1690 us/op
WorkloadJitting  1: 1 op, 51442529.00 ns, 51.4425 ms/op

WorkloadPilot    1: 2 op, 1249694.00 ns, 624.8470 us/op
WorkloadPilot    2: 3 op, 1857239.00 ns, 619.0797 us/op
WorkloadPilot    3: 4 op, 1802557.00 ns, 450.6393 us/op
WorkloadPilot    4: 5 op, 2407958.00 ns, 481.5916 us/op
WorkloadPilot    5: 6 op, 2580050.00 ns, 430.0083 us/op
WorkloadPilot    6: 7 op, 3169070.00 ns, 452.7243 us/op
WorkloadPilot    7: 8 op, 3518542.00 ns, 439.8178 us/op
WorkloadPilot    8: 9 op, 4144592.00 ns, 460.5102 us/op
WorkloadPilot    9: 10 op, 4470691.00 ns, 447.0691 us/op
WorkloadPilot   10: 11 op, 5020798.00 ns, 456.4362 us/op
WorkloadPilot   11: 12 op, 5504642.00 ns, 458.7202 us/op
WorkloadPilot   12: 13 op, 5817126.00 ns, 447.4712 us/op
WorkloadPilot   13: 14 op, 6221000.00 ns, 444.3571 us/op
WorkloadPilot   14: 15 op, 6650863.00 ns, 443.3909 us/op
WorkloadPilot   15: 16 op, 7099992.00 ns, 443.7495 us/op
WorkloadPilot   16: 32 op, 15784244.00 ns, 493.2576 us/op
WorkloadPilot   17: 64 op, 32150765.00 ns, 502.3557 us/op
WorkloadPilot   18: 128 op, 69935292.00 ns, 546.3695 us/op
WorkloadPilot   19: 256 op, 131267334.00 ns, 512.7630 us/op
WorkloadPilot   20: 512 op, 262441936.00 ns, 512.5819 us/op
WorkloadPilot   21: 1024 op, 520402000.00 ns, 508.2051 us/op

WorkloadWarmup   1: 1024 op, 404740195.00 ns, 395.2541 us/op
WorkloadWarmup   2: 1024 op, 195673188.00 ns, 191.0871 us/op
WorkloadWarmup   3: 1024 op, 134674310.00 ns, 131.5179 us/op

// BeforeActualRun
WorkloadActual   1: 1024 op, 124404959.00 ns, 121.4892 us/op
WorkloadActual   2: 1024 op, 126139960.00 ns, 123.1836 us/op
WorkloadActual   3: 1024 op, 125326601.00 ns, 122.3893 us/op
WorkloadActual   4: 1024 op, 122208155.00 ns, 119.3439 us/op
WorkloadActual   5: 1024 op, 123178768.00 ns, 120.2918 us/op

// AfterActualRun
WorkloadResult   1: 1024 op, 124404959.00 ns, 121.4892 us/op
WorkloadResult   2: 1024 op, 126139960.00 ns, 123.1836 us/op
WorkloadResult   3: 1024 op, 125326601.00 ns, 122.3893 us/op
WorkloadResult   4: 1024 op, 122208155.00 ns, 119.3439 us/op
WorkloadResult   5: 1024 op, 123178768.00 ns, 120.2918 us/op
// GC:  11 1 0 196460832 1024
// Threading:  0 0 1024

// AfterAll
// Benchmark Process 3951 has exited with code 0.

Mean = 121.340 μs, StdErr = 0.693 μs (0.57%), N = 5, StdDev = 1.550 μs
Min = 119.344 μs, Q1 = 120.292 μs, Median = 121.489 μs, Q3 = 122.389 μs, Max = 123.184 μs
IQR = 2.097 μs, LowerFence = 117.146 μs, UpperFence = 125.535 μs
ConfidenceInterval = [115.373 μs; 127.307 μs] (CI 99.9%), Margin = 5.967 μs (4.92% of Mean)
Skewness = -0.09, Kurtosis = 1.04, MValue = 2

// ** Remained 30 (46.2 %) benchmark(s) to run. Estimated finish 2026-08-30 3:19 (0h 3m from now) **
// **************************
// Benchmark: ProviderBuildBenchmarks.Needlr_SourceGen_ToProvider: ShortRun(IterationCount=5, LaunchCount=1, WarmupCount=3)
// *** Execute ***
// Launch: 1 / 1
// Execute: dotnet bd712387-88f3-428d-bc3e-b66bbc2943f7.dll --anonymousPipes 163 164 --benchmarkName NexusLabs.Needlr.Benchmarks.Benchmarks.ProviderBuildBenchmarks.Needlr_SourceGen_ToProvider --job ShortRun --benchmarkId 35 in /home/runner/work/needlr/needlr/src/NexusLabs.Needlr.Benchmarks/bin/Release/net10.0/bd712387-88f3-428d-bc3e-b66bbc2943f7/bin/Release/net10.0
// Failed to set up high priority (Permission denied). In order to run benchmarks with high priority, make sure you have the right permissions.
// BeforeAnythingElse

// Benchmark Process Environment Information:
// BenchmarkDotNet v0.14.0
// Runtime=.NET 10.0.11 (10.0.1126.37416), X64 RyuJIT AVX2
// GC=Concurrent Workstation
// HardwareIntrinsics=AVX2,AES,BMI1,BMI2,FMA,LZCNT,PCLMUL,POPCNT VectorSize=256
// Job: ShortRun(IterationCount=5, LaunchCount=1, WarmupCount=3)

OverheadJitting  1: 1 op, 375090.00 ns, 375.0900 us/op
WorkloadJitting  1: 1 op, 54335579.00 ns, 54.3356 ms/op

WorkloadPilot    1: 2 op, 1616189.00 ns, 808.0945 us/op
WorkloadPilot    2: 3 op, 1724882.00 ns, 574.9607 us/op
WorkloadPilot    3: 4 op, 2076679.00 ns, 519.1698 us/op
WorkloadPilot    4: 5 op, 2451950.00 ns, 490.3900 us/op
WorkloadPilot    5: 6 op, 2884759.00 ns, 480.7932 us/op
WorkloadPilot    6: 7 op, 3303461.00 ns, 471.9230 us/op
WorkloadPilot    7: 8 op, 3798546.00 ns, 474.8183 us/op
WorkloadPilot    8: 9 op, 4245451.00 ns, 471.7168 us/op
WorkloadPilot    9: 10 op, 4768988.00 ns, 476.8988 us/op
WorkloadPilot   10: 11 op, 5245569.00 ns, 476.8699 us/op
WorkloadPilot   11: 12 op, 5754960.00 ns, 479.5800 us/op
WorkloadPilot   12: 13 op, 6175576.00 ns, 475.0443 us/op
WorkloadPilot   13: 14 op, 6764537.00 ns, 483.1812 us/op
WorkloadPilot   14: 15 op, 7183890.00 ns, 478.9260 us/op
WorkloadPilot   15: 16 op, 7548511.00 ns, 471.7819 us/op
WorkloadPilot   16: 32 op, 16464565.00 ns, 514.5177 us/op
WorkloadPilot   17: 64 op, 33969005.00 ns, 530.7657 us/op
WorkloadPilot   18: 128 op, 72987051.00 ns, 570.2113 us/op
WorkloadPilot   19: 256 op, 137877265.00 ns, 538.5831 us/op
WorkloadPilot   20: 512 op, 258135758.00 ns, 504.1714 us/op
WorkloadPilot   21: 1024 op, 505641729.00 ns, 493.7908 us/op

WorkloadWarmup   1: 1024 op, 502080598.00 ns, 490.3131 us/op
WorkloadWarmup   2: 1024 op, 390508922.00 ns, 381.3564 us/op
WorkloadWarmup   3: 1024 op, 197588406.00 ns, 192.9574 us/op

// BeforeActualRun
WorkloadActual   1: 1024 op, 154491992.00 ns, 150.8711 us/op
WorkloadActual   2: 1024 op, 147632420.00 ns, 144.1723 us/op
WorkloadActual   3: 1024 op, 129187192.00 ns, 126.1594 us/op
WorkloadActual   4: 1024 op, 128408297.00 ns, 125.3987 us/op
WorkloadActual   5: 1024 op, 130428952.00 ns, 127.3720 us/op

// AfterActualRun
WorkloadResult   1: 1024 op, 154491992.00 ns, 150.8711 us/op
WorkloadResult   2: 1024 op, 147632420.00 ns, 144.1723 us/op
WorkloadResult   3: 1024 op, 129187192.00 ns, 126.1594 us/op
WorkloadResult   4: 1024 op, 128408297.00 ns, 125.3987 us/op
WorkloadResult   5: 1024 op, 130428952.00 ns, 127.3720 us/op
// GC:  11 1 0 197917312 1024
// Threading:  0 0 1024

// AfterAll
// Benchmark Process 3958 has exited with code 0.

Mean = 134.795 μs, StdErr = 5.312 μs (3.94%), N = 5, StdDev = 11.878 μs
Min = 125.399 μs, Q1 = 126.159 μs, Median = 127.372 μs, Q3 = 144.172 μs, Max = 150.871 μs
IQR = 18.013 μs, LowerFence = 99.140 μs, UpperFence = 171.192 μs
ConfidenceInterval = [89.057 μs; 180.532 μs] (CI 99.9%), Margin = 45.738 μs (33.93% of Mean)
Skewness = 0.37, Kurtosis = 0.91, MValue = 2

// ** Remained 29 (44.6 %) benchmark(s) to run. Estimated finish 2026-08-30 3:19 (0h 3m from now) **
// ***** BenchmarkRunner: Finish  *****

// * Export *
  home/runner/work/needlr/needlr/benchmark-results/results/NexusLabs.Needlr.Benchmarks.Benchmarks.ProviderBuildBenchmarks-report.csv
  home/runner/work/needlr/needlr/benchmark-results/results/NexusLabs.Needlr.Benchmarks.Benchmarks.ProviderBuildBenchmarks-report-github.md
  home/runner/work/needlr/needlr/benchmark-results/results/NexusLabs.Needlr.Benchmarks.Benchmarks.ProviderBuildBenchmarks-report.html
  home/runner/work/needlr/needlr/benchmark-results/results/NexusLabs.Needlr.Benchmarks.Benchmarks.ProviderBuildBenchmarks-report-full-compressed.json
  home/runner/work/needlr/needlr/benchmark-results/results/NexusLabs.Needlr.Benchmarks.Benchmarks.ProviderBuildBenchmarks-report-default.md

// * Detailed results *
ProviderBuildBenchmarks.ManualDI_ToServiceProvider: ShortRun(IterationCount=5, LaunchCount=1, WarmupCount=3)
Runtime = .NET 10.0.11 (10.0.1126.37416), X64 RyuJIT AVX2; GC = Concurrent Workstation
Mean = 1.371 μs, StdErr = 0.008 μs (0.55%), N = 5, StdDev = 0.017 μs
Min = 1.348 μs, Q1 = 1.366 μs, Median = 1.367 μs, Q3 = 1.387 μs, Max = 1.388 μs
IQR = 0.021 μs, LowerFence = 1.334 μs, UpperFence = 1.419 μs
ConfidenceInterval = [1.307 μs; 1.436 μs] (CI 99.9%), Margin = 0.065 μs (4.72% of Mean)
Skewness = -0.16, Kurtosis = 1.1, MValue = 2
-------------------- Histogram --------------------
[1.335 μs ; 1.391 μs) | @@@@@
---------------------------------------------------

ProviderBuildBenchmarks.Needlr_Reflection_ToServiceProvider: ShortRun(IterationCount=5, LaunchCount=1, WarmupCount=3)
Runtime = .NET 10.0.11 (10.0.1126.37416), X64 RyuJIT AVX2; GC = Concurrent Workstation
Mean = 804.686 μs, StdErr = 17.820 μs (2.21%), N = 4, StdDev = 35.640 μs
Min = 779.838 μs, Q1 = 781.268 μs, Median = 791.356 μs, Q3 = 814.775 μs, Max = 856.194 μs
IQR = 33.507 μs, LowerFence = 731.007 μs, UpperFence = 865.035 μs
ConfidenceInterval = [574.382 μs; 1,034.991 μs] (CI 99.9%), Margin = 230.305 μs (28.62% of Mean)
Skewness = 0.6, Kurtosis = 1.19, MValue = 2
-------------------- Histogram --------------------
[760.935 μs ; 819.871 μs) | @@@
[819.871 μs ; 885.662 μs) | @
---------------------------------------------------

ProviderBuildBenchmarks.Needlr_SourceGen_ToServiceProvider: ShortRun(IterationCount=5, LaunchCount=1, WarmupCount=3)
Runtime = .NET 10.0.11 (10.0.1126.37416), X64 RyuJIT AVX2; GC = Concurrent Workstation
Mean = 121.340 μs, StdErr = 0.693 μs (0.57%), N = 5, StdDev = 1.550 μs
Min = 119.344 μs, Q1 = 120.292 μs, Median = 121.489 μs, Q3 = 122.389 μs, Max = 123.184 μs
IQR = 2.097 μs, LowerFence = 117.146 μs, UpperFence = 125.535 μs
ConfidenceInterval = [115.373 μs; 127.307 μs] (CI 99.9%), Margin = 5.967 μs (4.92% of Mean)
Skewness = -0.09, Kurtosis = 1.04, MValue = 2
-------------------- Histogram --------------------
[118.620 μs ; 123.560 μs) | @@@@@
---------------------------------------------------

ProviderBuildBenchmarks.Needlr_SourceGen_ToProvider: ShortRun(IterationCount=5, LaunchCount=1, WarmupCount=3)
Runtime = .NET 10.0.11 (10.0.1126.37416), X64 RyuJIT AVX2; GC = Concurrent Workstation
Mean = 134.795 μs, StdErr = 5.312 μs (3.94%), N = 5, StdDev = 11.878 μs
Min = 125.399 μs, Q1 = 126.159 μs, Median = 127.372 μs, Q3 = 144.172 μs, Max = 150.871 μs
IQR = 18.013 μs, LowerFence = 99.140 μs, UpperFence = 171.192 μs
ConfidenceInterval = [89.057 μs; 180.532 μs] (CI 99.9%), Margin = 45.738 μs (33.93% of Mean)
Skewness = 0.37, Kurtosis = 0.91, MValue = 2
-------------------- Histogram --------------------
[116.282 μs ; 138.405 μs) | @@@
[138.405 μs ; 159.988 μs) | @@
---------------------------------------------------

// * Summary *

BenchmarkDotNet v0.14.0, Ubuntu 24.04.4 LTS (Noble Numbat)
AMD EPYC 7763, 1 CPU, 4 logical and 2 physical cores
.NET SDK 10.0.302
  [Host]   : .NET 10.0.11 (10.0.1126.37416), X64 RyuJIT AVX2
  ShortRun : .NET 10.0.11 (10.0.1126.37416), X64 RyuJIT AVX2

Job=ShortRun  IterationCount=5  LaunchCount=1  
WarmupCount=3  

| Method                              | Mean       | Error       | StdDev     | Ratio  | RatioSD | Rank | Gen0    | Gen1   | Allocated | Alloc Ratio |
|------------------------------------ |-----------:|------------:|-----------:|-------:|--------:|-----:|--------:|-------:|----------:|------------:|
| ManualDI_ToServiceProvider          |   1.371 μs |   0.0647 μs |  0.0168 μs |   1.00 |    0.02 |    1 |  0.2689 | 0.0877 |   4.41 KB |        1.00 |
| Needlr_Reflection_ToServiceProvider | 804.686 μs | 230.3045 μs | 35.6399 μs | 586.90 |   24.03 |    3 | 11.7188 |      - | 252.41 KB |       57.28 |
| Needlr_SourceGen_ToServiceProvider  | 121.340 μs |   5.9670 μs |  1.5496 μs |  88.50 |    1.43 |    2 | 10.7422 | 0.9766 | 187.36 KB |       42.52 |
| Needlr_SourceGen_ToProvider         | 134.795 μs |  45.7376 μs | 11.8779 μs |  98.31 |    7.99 |    2 | 10.7422 | 0.9766 | 188.75 KB |       42.84 |

// * Hints *
Outliers
  ProviderBuildBenchmarks.Needlr_Reflection_ToServiceProvider: ShortRun -> 1 outlier  was  removed (1.06 ms)
// * Config Issues *

// * Warnings *
Configuration
  Summary -> The exporter HtmlExporter is already present in configuration. There may be unexpected results.

// * Legends *
  Mean        : Arithmetic mean of all measurements
  Error       : Half of 99.9% confidence interval
  StdDev      : Standard deviation of all measurements
  Ratio       : Mean of the ratio distribution ([Current]/[Baseline])
  RatioSD     : Standard deviation of the ratio distribution ([Current]/[Baseline])
  Rank        : Relative position of current benchmark mean among all benchmarks (Arabic style)
  Gen0        : GC Generation 0 collects per 1000 operations
  Gen1        : GC Generation 1 collects per 1000 operations
  Allocated   : Allocated memory per single operation (managed only, inclusive, 1KB = 1024B)
  Alloc Ratio : Allocated memory ratio distribution ([Current]/[Baseline])
  1 μs        : 1 Microsecond (0.000001 sec)

// * Diagnostic Output - MemoryDiagnoser *


// ***** BenchmarkRunner: End *****
Run time: 00:00:18 (18.78 sec), executed benchmarks: 4

// Found 7 benchmarks:
//   ProviderFactoryResolutionBenchmarks.ManualDI_FuncFactory_PreResolved: ShortRun(IterationCount=5, LaunchCount=1, WarmupCount=3)
//   ProviderFactoryResolutionBenchmarks.ManualDI_FuncFactory_WithResolution: ShortRun(IterationCount=5, LaunchCount=1, WarmupCount=3)
//   ProviderFactoryResolutionBenchmarks.DirectFactory_PreResolved: ShortRun(IterationCount=5, LaunchCount=1, WarmupCount=3)
//   ProviderFactoryResolutionBenchmarks.DirectFactory_WithResolution: ShortRun(IterationCount=5, LaunchCount=1, WarmupCount=3)
//   ProviderFactoryResolutionBenchmarks.Provider_FactoryShorthand: ShortRun(IterationCount=5, LaunchCount=1, WarmupCount=3)
//   ProviderFactoryResolutionBenchmarks.Provider_FactoryInterface: ShortRun(IterationCount=5, LaunchCount=1, WarmupCount=3)
//   ProviderFactoryResolutionBenchmarks.Provider_MixedShorthand: ShortRun(IterationCount=5, LaunchCount=1, WarmupCount=3)

// **************************
// Benchmark: ProviderFactoryResolutionBenchmarks.ManualDI_FuncFactory_PreResolved: ShortRun(IterationCount=5, LaunchCount=1, WarmupCount=3)
// *** Execute ***
// Launch: 1 / 1
// Execute: dotnet bd712387-88f3-428d-bc3e-b66bbc2943f7.dll --anonymousPipes 163 164 --benchmarkName NexusLabs.Needlr.Benchmarks.Benchmarks.ProviderFactoryResolutionBenchmarks.ManualDI_FuncFactory_PreResolved --job ShortRun --benchmarkId 36 in /home/runner/work/needlr/needlr/src/NexusLabs.Needlr.Benchmarks/bin/Release/net10.0/bd712387-88f3-428d-bc3e-b66bbc2943f7/bin/Release/net10.0
// Failed to set up high priority (Permission denied). In order to run benchmarks with high priority, make sure you have the right permissions.
// BeforeAnythingElse

// Benchmark Process Environment Information:
// BenchmarkDotNet v0.14.0
// Runtime=.NET 10.0.11 (10.0.1126.37416), X64 RyuJIT AVX2
// GC=Concurrent Workstation
// HardwareIntrinsics=AVX2,AES,BMI1,BMI2,FMA,LZCNT,PCLMUL,POPCNT VectorSize=256
// Job: ShortRun(IterationCount=5, LaunchCount=1, WarmupCount=3)

OverheadJitting  1: 1 op, 343682.00 ns, 343.6820 us/op
WorkloadJitting  1: 1 op, 384579.00 ns, 384.5790 us/op

OverheadJitting  2: 16 op, 509471.00 ns, 31.8419 us/op
WorkloadJitting  2: 16 op, 493702.00 ns, 30.8564 us/op

WorkloadPilot    1: 16 op, 3136.00 ns, 196.0000 ns/op
WorkloadPilot    2: 32 op, 3547.00 ns, 110.8438 ns/op
WorkloadPilot    3: 64 op, 4428.00 ns, 69.1875 ns/op
WorkloadPilot    4: 128 op, 19187.00 ns, 149.8984 ns/op
WorkloadPilot    5: 256 op, 23113.00 ns, 90.2852 ns/op
WorkloadPilot    6: 512 op, 17152.00 ns, 33.5000 ns/op
WorkloadPilot    7: 1024 op, 45084.00 ns, 44.0273 ns/op
WorkloadPilot    8: 2048 op, 82715.00 ns, 40.3882 ns/op
WorkloadPilot    9: 4096 op, 146524.00 ns, 35.7725 ns/op
WorkloadPilot   10: 8192 op, 310951.00 ns, 37.9579 ns/op
WorkloadPilot   11: 16384 op, 483884.00 ns, 29.5339 ns/op
WorkloadPilot   12: 32768 op, 976835.00 ns, 29.8106 ns/op
WorkloadPilot   13: 65536 op, 1996981.00 ns, 30.4715 ns/op
WorkloadPilot   14: 131072 op, 4002347.00 ns, 30.5355 ns/op
WorkloadPilot   15: 262144 op, 7998331.00 ns, 30.5112 ns/op
WorkloadPilot   16: 524288 op, 15675141.00 ns, 29.8980 ns/op
WorkloadPilot   17: 1048576 op, 19188334.00 ns, 18.2994 ns/op
WorkloadPilot   18: 2097152 op, 42048818.00 ns, 20.0504 ns/op
WorkloadPilot   19: 4194304 op, 66660422.00 ns, 15.8931 ns/op
WorkloadPilot   20: 8388608 op, 110004258.00 ns, 13.1135 ns/op
WorkloadPilot   21: 16777216 op, 220984319.00 ns, 13.1717 ns/op
WorkloadPilot   22: 33554432 op, 441243083.00 ns, 13.1501 ns/op
WorkloadPilot   23: 67108864 op, 911937271.00 ns, 13.5889 ns/op

OverheadWarmup   1: 67108864 op, 305915330.00 ns, 4.5585 ns/op
OverheadWarmup   2: 67108864 op, 221945555.00 ns, 3.3072 ns/op
OverheadWarmup   3: 67108864 op, 222086518.00 ns, 3.3093 ns/op
OverheadWarmup   4: 67108864 op, 222179351.00 ns, 3.3107 ns/op
OverheadWarmup   5: 67108864 op, 222342837.00 ns, 3.3132 ns/op
OverheadWarmup   6: 67108864 op, 222067222.00 ns, 3.3091 ns/op
OverheadWarmup   7: 67108864 op, 222118889.00 ns, 3.3098 ns/op
OverheadWarmup   8: 67108864 op, 222179943.00 ns, 3.3107 ns/op
OverheadWarmup   9: 67108864 op, 222385995.00 ns, 3.3138 ns/op
OverheadWarmup  10: 67108864 op, 222232498.00 ns, 3.3115 ns/op

OverheadActual   1: 67108864 op, 221923882.00 ns, 3.3069 ns/op
OverheadActual   2: 67108864 op, 223661819.00 ns, 3.3328 ns/op
OverheadActual   3: 67108864 op, 222047904.00 ns, 3.3088 ns/op
OverheadActual   4: 67108864 op, 222305745.00 ns, 3.3126 ns/op
OverheadActual   5: 67108864 op, 221871163.00 ns, 3.3061 ns/op
OverheadActual   6: 67108864 op, 221928760.00 ns, 3.3070 ns/op
OverheadActual   7: 67108864 op, 221800691.00 ns, 3.3051 ns/op
OverheadActual   8: 67108864 op, 222548840.00 ns, 3.3162 ns/op
OverheadActual   9: 67108864 op, 221978744.00 ns, 3.3077 ns/op
OverheadActual  10: 67108864 op, 221858890.00 ns, 3.3060 ns/op
OverheadActual  11: 67108864 op, 221925214.00 ns, 3.3069 ns/op
OverheadActual  12: 67108864 op, 221787467.00 ns, 3.3049 ns/op
OverheadActual  13: 67108864 op, 222197653.00 ns, 3.3110 ns/op
OverheadActual  14: 67108864 op, 222002569.00 ns, 3.3081 ns/op
OverheadActual  15: 67108864 op, 221982290.00 ns, 3.3078 ns/op

WorkloadWarmup   1: 67108864 op, 984769519.00 ns, 14.6742 ns/op
WorkloadWarmup   2: 67108864 op, 989401428.00 ns, 14.7432 ns/op
WorkloadWarmup   3: 67108864 op, 884353893.00 ns, 13.1779 ns/op

// BeforeActualRun
WorkloadActual   1: 67108864 op, 1121732099.00 ns, 16.7151 ns/op
WorkloadActual   2: 67108864 op, 1202126677.00 ns, 17.9131 ns/op
WorkloadActual   3: 67108864 op, 1124911489.00 ns, 16.7625 ns/op
WorkloadActual   4: 67108864 op, 1129608696.00 ns, 16.8325 ns/op
WorkloadActual   5: 67108864 op, 1227424756.00 ns, 18.2901 ns/op

// AfterActualRun
WorkloadResult   1: 67108864 op, 899753355.00 ns, 13.4074 ns/op
WorkloadResult   2: 67108864 op, 980147933.00 ns, 14.6053 ns/op
WorkloadResult   3: 67108864 op, 902932745.00 ns, 13.4547 ns/op
WorkloadResult   4: 67108864 op, 907629952.00 ns, 13.5247 ns/op
WorkloadResult   5: 67108864 op, 1005446012.00 ns, 14.9823 ns/op
// GC:  128 0 0 2147484384 67108864
// Threading:  0 0 67108864

// AfterAll
// Benchmark Process 3970 has exited with code 0.

Mean = 13.995 ns, StdErr = 0.332 ns (2.37%), N = 5, StdDev = 0.743 ns
Min = 13.407 ns, Q1 = 13.455 ns, Median = 13.525 ns, Q3 = 14.605 ns, Max = 14.982 ns
IQR = 1.151 ns, LowerFence = 11.729 ns, UpperFence = 16.331 ns
ConfidenceInterval = [11.136 ns; 16.854 ns] (CI 99.9%), Margin = 2.859 ns (20.43% of Mean)
Skewness = 0.35, Kurtosis = 0.88, MValue = 2

// ** Remained 28 (43.1 %) benchmark(s) to run. Estimated finish 2026-08-30 3:19 (0h 3m from now) **
// **************************
// Benchmark: ProviderFactoryResolutionBenchmarks.ManualDI_FuncFactory_WithResolution: ShortRun(IterationCount=5, LaunchCount=1, WarmupCount=3)
// *** Execute ***
// Launch: 1 / 1
// Execute: dotnet bd712387-88f3-428d-bc3e-b66bbc2943f7.dll --anonymousPipes 165 166 --benchmarkName NexusLabs.Needlr.Benchmarks.Benchmarks.ProviderFactoryResolutionBenchmarks.ManualDI_FuncFactory_WithResolution --job ShortRun --benchmarkId 37 in /home/runner/work/needlr/needlr/src/NexusLabs.Needlr.Benchmarks/bin/Release/net10.0/bd712387-88f3-428d-bc3e-b66bbc2943f7/bin/Release/net10.0
// Failed to set up high priority (Permission denied). In order to run benchmarks with high priority, make sure you have the right permissions.
// BeforeAnythingElse

// Benchmark Process Environment Information:
// BenchmarkDotNet v0.14.0
// Runtime=.NET 10.0.11 (10.0.1126.37416), X64 RyuJIT AVX2
// GC=Concurrent Workstation
// HardwareIntrinsics=AVX2,AES,BMI1,BMI2,FMA,LZCNT,PCLMUL,POPCNT VectorSize=256
// Job: ShortRun(IterationCount=5, LaunchCount=1, WarmupCount=3)

OverheadJitting  1: 1 op, 346417.00 ns, 346.4170 us/op
WorkloadJitting  1: 1 op, 372706.00 ns, 372.7060 us/op

OverheadJitting  2: 16 op, 482341.00 ns, 30.1463 us/op
WorkloadJitting  2: 16 op, 519381.00 ns, 32.4613 us/op

WorkloadPilot    1: 16 op, 27742.00 ns, 1.7339 us/op
WorkloadPilot    2: 32 op, 8967.00 ns, 280.2188 ns/op
WorkloadPilot    3: 64 op, 10600.00 ns, 165.6250 ns/op
WorkloadPilot    4: 128 op, 24486.00 ns, 191.2969 ns/op
WorkloadPilot    5: 256 op, 41477.00 ns, 162.0195 ns/op
WorkloadPilot    6: 512 op, 60202.00 ns, 117.5820 ns/op
WorkloadPilot    7: 1024 op, 145341.00 ns, 141.9346 ns/op
WorkloadPilot    8: 2048 op, 249807.00 ns, 121.9761 ns/op
WorkloadPilot    9: 4096 op, 505484.00 ns, 123.4092 ns/op
WorkloadPilot   10: 8192 op, 939305.00 ns, 114.6613 ns/op
WorkloadPilot   11: 16384 op, 1874512.00 ns, 114.4111 ns/op
WorkloadPilot   12: 32768 op, 3676459.00 ns, 112.1966 ns/op
WorkloadPilot   13: 65536 op, 7250517.00 ns, 110.6341 ns/op
WorkloadPilot   14: 131072 op, 14445440.00 ns, 110.2100 ns/op
WorkloadPilot   15: 262144 op, 28786345.00 ns, 109.8112 ns/op
WorkloadPilot   16: 524288 op, 57775408.00 ns, 110.1978 ns/op
WorkloadPilot   17: 1048576 op, 44979830.00 ns, 42.8961 ns/op
WorkloadPilot   18: 2097152 op, 52309025.00 ns, 24.9429 ns/op
WorkloadPilot   19: 4194304 op, 98929961.00 ns, 23.5867 ns/op
WorkloadPilot   20: 8388608 op, 194938805.00 ns, 23.2385 ns/op
WorkloadPilot   21: 16777216 op, 380917839.00 ns, 22.7045 ns/op
WorkloadPilot   22: 33554432 op, 763159874.00 ns, 22.7439 ns/op

OverheadWarmup   1: 33554432 op, 151579962.00 ns, 4.5174 ns/op
OverheadWarmup   2: 33554432 op, 151949433.00 ns, 4.5284 ns/op
OverheadWarmup   3: 33554432 op, 109836714.00 ns, 3.2734 ns/op
OverheadWarmup   4: 33554432 op, 109774917.00 ns, 3.2715 ns/op
OverheadWarmup   5: 33554432 op, 109889160.00 ns, 3.2750 ns/op
OverheadWarmup   6: 33554432 op, 109959922.00 ns, 3.2771 ns/op
OverheadWarmup   7: 33554432 op, 109778483.00 ns, 3.2717 ns/op

OverheadActual   1: 33554432 op, 109675482.00 ns, 3.2686 ns/op
OverheadActual   2: 33554432 op, 109765439.00 ns, 3.2713 ns/op
OverheadActual   3: 33554432 op, 109726006.00 ns, 3.2701 ns/op
OverheadActual   4: 33554432 op, 109771611.00 ns, 3.2714 ns/op
OverheadActual   5: 33554432 op, 109652909.00 ns, 3.2679 ns/op
OverheadActual   6: 33554432 op, 110152683.00 ns, 3.2828 ns/op
OverheadActual   7: 33554432 op, 109891294.00 ns, 3.2750 ns/op
OverheadActual   8: 33554432 op, 109826694.00 ns, 3.2731 ns/op
OverheadActual   9: 33554432 op, 109750422.00 ns, 3.2708 ns/op
OverheadActual  10: 33554432 op, 109725114.00 ns, 3.2701 ns/op
OverheadActual  11: 33554432 op, 109759318.00 ns, 3.2711 ns/op
OverheadActual  12: 33554432 op, 109939455.00 ns, 3.2765 ns/op
OverheadActual  13: 33554432 op, 109775038.00 ns, 3.2716 ns/op
OverheadActual  14: 33554432 op, 109602235.00 ns, 3.2664 ns/op
OverheadActual  15: 33554432 op, 109771521.00 ns, 3.2714 ns/op

WorkloadWarmup   1: 33554432 op, 773263128.00 ns, 23.0450 ns/op
WorkloadWarmup   2: 33554432 op, 769312438.00 ns, 22.9273 ns/op
WorkloadWarmup   3: 33554432 op, 761185166.00 ns, 22.6851 ns/op

// BeforeActualRun
WorkloadActual   1: 33554432 op, 769872394.00 ns, 22.9440 ns/op
WorkloadActual   2: 33554432 op, 761851630.00 ns, 22.7049 ns/op
WorkloadActual   3: 33554432 op, 763459084.00 ns, 22.7529 ns/op
WorkloadActual   4: 33554432 op, 762153154.00 ns, 22.7139 ns/op
WorkloadActual   5: 33554432 op, 762595771.00 ns, 22.7271 ns/op

// AfterActualRun
WorkloadResult   1: 33554432 op, 652086191.00 ns, 19.4337 ns/op
WorkloadResult   2: 33554432 op, 653693645.00 ns, 19.4816 ns/op
WorkloadResult   3: 33554432 op, 652387715.00 ns, 19.4427 ns/op
WorkloadResult   4: 33554432 op, 652830332.00 ns, 19.4559 ns/op
// GC:  64 0 0 1073742560 33554432
// Threading:  0 0 33554432

// AfterAll
// Benchmark Process 3981 has exited with code 0.

Mean = 19.453 ns, StdErr = 0.010 ns (0.05%), N = 4, StdDev = 0.021 ns
Min = 19.434 ns, Q1 = 19.440 ns, Median = 19.449 ns, Q3 = 19.462 ns, Max = 19.482 ns
IQR = 0.022 ns, LowerFence = 19.408 ns, UpperFence = 19.495 ns
ConfidenceInterval = [19.319 ns; 19.588 ns] (CI 99.9%), Margin = 0.135 ns (0.69% of Mean)
Skewness = 0.37, Kurtosis = 1.05, MValue = 2

// ** Remained 27 (41.5 %) benchmark(s) to run. Estimated finish 2026-08-30 3:19 (0h 3m from now) **
// **************************
// Benchmark: ProviderFactoryResolutionBenchmarks.DirectFactory_PreResolved: ShortRun(IterationCount=5, LaunchCount=1, WarmupCount=3)
// *** Execute ***
// Launch: 1 / 1
// Execute: dotnet bd712387-88f3-428d-bc3e-b66bbc2943f7.dll --anonymousPipes 163 164 --benchmarkName NexusLabs.Needlr.Benchmarks.Benchmarks.ProviderFactoryResolutionBenchmarks.DirectFactory_PreResolved --job ShortRun --benchmarkId 38 in /home/runner/work/needlr/needlr/src/NexusLabs.Needlr.Benchmarks/bin/Release/net10.0/bd712387-88f3-428d-bc3e-b66bbc2943f7/bin/Release/net10.0
// Failed to set up high priority (Permission denied). In order to run benchmarks with high priority, make sure you have the right permissions.
// BeforeAnythingElse

// Benchmark Process Environment Information:
// BenchmarkDotNet v0.14.0
// Runtime=.NET 10.0.11 (10.0.1126.37416), X64 RyuJIT AVX2
// GC=Concurrent Workstation
// HardwareIntrinsics=AVX2,AES,BMI1,BMI2,FMA,LZCNT,PCLMUL,POPCNT VectorSize=256
// Job: ShortRun(IterationCount=5, LaunchCount=1, WarmupCount=3)

OverheadJitting  1: 1 op, 351837.00 ns, 351.8370 us/op
WorkloadJitting  1: 1 op, 380852.00 ns, 380.8520 us/op

OverheadJitting  2: 16 op, 525031.00 ns, 32.8144 us/op
WorkloadJitting  2: 16 op, 517296.00 ns, 32.3310 us/op

WorkloadPilot    1: 16 op, 2464.00 ns, 154.0000 ns/op
WorkloadPilot    2: 32 op, 2705.00 ns, 84.5313 ns/op
WorkloadPilot    3: 64 op, 3056.00 ns, 47.7500 ns/op
WorkloadPilot    4: 128 op, 19516.00 ns, 152.4688 ns/op
WorkloadPilot    5: 256 op, 28473.00 ns, 111.2227 ns/op
WorkloadPilot    6: 512 op, 25177.00 ns, 49.1738 ns/op
WorkloadPilot    7: 1024 op, 61485.00 ns, 60.0439 ns/op
WorkloadPilot    8: 2048 op, 95528.00 ns, 46.6445 ns/op
WorkloadPilot    9: 4096 op, 167653.00 ns, 40.9309 ns/op
WorkloadPilot   10: 8192 op, 307474.00 ns, 37.5334 ns/op
WorkloadPilot   11: 16384 op, 546291.00 ns, 33.3430 ns/op
WorkloadPilot   12: 32768 op, 1014415.00 ns, 30.9575 ns/op
WorkloadPilot   13: 65536 op, 2028700.00 ns, 30.9555 ns/op
WorkloadPilot   14: 131072 op, 3968534.00 ns, 30.2775 ns/op
WorkloadPilot   15: 262144 op, 7846428.00 ns, 29.9317 ns/op
WorkloadPilot   16: 524288 op, 15539490.00 ns, 29.6392 ns/op
WorkloadPilot   17: 1048576 op, 19139985.00 ns, 18.2533 ns/op
WorkloadPilot   18: 2097152 op, 42344494.00 ns, 20.1914 ns/op
WorkloadPilot   19: 4194304 op, 67092526.00 ns, 15.9961 ns/op
WorkloadPilot   20: 8388608 op, 107613061.00 ns, 12.8285 ns/op
WorkloadPilot   21: 16777216 op, 211050173.00 ns, 12.5796 ns/op
WorkloadPilot   22: 33554432 op, 418955110.00 ns, 12.4858 ns/op
WorkloadPilot   23: 67108864 op, 848586726.00 ns, 12.6449 ns/op

OverheadWarmup   1: 67108864 op, 305964523.00 ns, 4.5592 ns/op
OverheadWarmup   2: 67108864 op, 222035214.00 ns, 3.3086 ns/op
OverheadWarmup   3: 67108864 op, 222173492.00 ns, 3.3106 ns/op
OverheadWarmup   4: 67108864 op, 222182119.00 ns, 3.3108 ns/op
OverheadWarmup   5: 67108864 op, 222241880.00 ns, 3.3117 ns/op
OverheadWarmup   6: 67108864 op, 222124220.00 ns, 3.3099 ns/op
OverheadWarmup   7: 67108864 op, 222067193.00 ns, 3.3091 ns/op
OverheadWarmup   8: 67108864 op, 222084877.00 ns, 3.3093 ns/op
OverheadWarmup   9: 67108864 op, 222605719.00 ns, 3.3171 ns/op
OverheadWarmup  10: 67108864 op, 222551569.00 ns, 3.3163 ns/op

OverheadActual   1: 67108864 op, 222165969.00 ns, 3.3105 ns/op
OverheadActual   2: 67108864 op, 222233024.00 ns, 3.3115 ns/op
OverheadActual   3: 67108864 op, 222142365.00 ns, 3.3102 ns/op
OverheadActual   4: 67108864 op, 222295962.00 ns, 3.3125 ns/op
OverheadActual   5: 67108864 op, 222223416.00 ns, 3.3114 ns/op
OverheadActual   6: 67108864 op, 222075650.00 ns, 3.3092 ns/op
OverheadActual   7: 67108864 op, 224773359.00 ns, 3.3494 ns/op
OverheadActual   8: 67108864 op, 222042838.00 ns, 3.3087 ns/op
OverheadActual   9: 67108864 op, 222572447.00 ns, 3.3166 ns/op
OverheadActual  10: 67108864 op, 222108401.00 ns, 3.3097 ns/op
OverheadActual  11: 67108864 op, 222120233.00 ns, 3.3098 ns/op
OverheadActual  12: 67108864 op, 222153793.00 ns, 3.3103 ns/op
OverheadActual  13: 67108864 op, 222426921.00 ns, 3.3144 ns/op
OverheadActual  14: 67108864 op, 222681616.00 ns, 3.3182 ns/op
OverheadActual  15: 67108864 op, 222019379.00 ns, 3.3083 ns/op

WorkloadWarmup   1: 67108864 op, 855760430.00 ns, 12.7518 ns/op
WorkloadWarmup   2: 67108864 op, 866877270.00 ns, 12.9175 ns/op
WorkloadWarmup   3: 67108864 op, 851162960.00 ns, 12.6833 ns/op

// BeforeActualRun
WorkloadActual   1: 67108864 op, 853783947.00 ns, 12.7224 ns/op
WorkloadActual   2: 67108864 op, 846144664.00 ns, 12.6085 ns/op
WorkloadActual   3: 67108864 op, 855596903.00 ns, 12.7494 ns/op
WorkloadActual   4: 67108864 op, 852853709.00 ns, 12.7085 ns/op
WorkloadActual   5: 67108864 op, 852822050.00 ns, 12.7080 ns/op

// AfterActualRun
WorkloadResult   1: 67108864 op, 631617978.00 ns, 9.4118 ns/op
WorkloadResult   2: 67108864 op, 623978695.00 ns, 9.2980 ns/op
WorkloadResult   3: 67108864 op, 630687740.00 ns, 9.3980 ns/op
WorkloadResult   4: 67108864 op, 630656081.00 ns, 9.3975 ns/op
// GC:  128 0 0 2147484384 67108864
// Threading:  0 0 67108864

// AfterAll
// Benchmark Process 3993 has exited with code 0.

Mean = 9.376 ns, StdErr = 0.026 ns (0.28%), N = 4, StdDev = 0.053 ns
Min = 9.298 ns, Q1 = 9.373 ns, Median = 9.398 ns, Q3 = 9.401 ns, Max = 9.412 ns
IQR = 0.029 ns, LowerFence = 9.329 ns, UpperFence = 9.445 ns
ConfidenceInterval = [9.036 ns; 9.716 ns] (CI 99.9%), Margin = 0.340 ns (3.63% of Mean)
Skewness = -0.71, Kurtosis = 1.29, MValue = 2

// ** Remained 26 (40.0 %) benchmark(s) to run. Estimated finish 2026-08-30 3:19 (0h 3m from now) **
// **************************
// Benchmark: ProviderFactoryResolutionBenchmarks.DirectFactory_WithResolution: ShortRun(IterationCount=5, LaunchCount=1, WarmupCount=3)
// *** Execute ***
// Launch: 1 / 1
// Execute: dotnet bd712387-88f3-428d-bc3e-b66bbc2943f7.dll --anonymousPipes 163 164 --benchmarkName NexusLabs.Needlr.Benchmarks.Benchmarks.ProviderFactoryResolutionBenchmarks.DirectFactory_WithResolution --job ShortRun --benchmarkId 39 in /home/runner/work/needlr/needlr/src/NexusLabs.Needlr.Benchmarks/bin/Release/net10.0/bd712387-88f3-428d-bc3e-b66bbc2943f7/bin/Release/net10.0
// Failed to set up high priority (Permission denied). In order to run benchmarks with high priority, make sure you have the right permissions.
// BeforeAnythingElse

// Benchmark Process Environment Information:
// BenchmarkDotNet v0.14.0
// Runtime=.NET 10.0.11 (10.0.1126.37416), X64 RyuJIT AVX2
// GC=Concurrent Workstation
// HardwareIntrinsics=AVX2,AES,BMI1,BMI2,FMA,LZCNT,PCLMUL,POPCNT VectorSize=256
// Job: ShortRun(IterationCount=5, LaunchCount=1, WarmupCount=3)

OverheadJitting  1: 1 op, 352368.00 ns, 352.3680 us/op
WorkloadJitting  1: 1 op, 400939.00 ns, 400.9390 us/op

OverheadJitting  2: 16 op, 470359.00 ns, 29.3974 us/op
WorkloadJitting  2: 16 op, 543905.00 ns, 33.9941 us/op

WorkloadPilot    1: 16 op, 27341.00 ns, 1.7088 us/op
WorkloadPilot    2: 32 op, 8986.00 ns, 280.8125 ns/op
WorkloadPilot    3: 64 op, 11522.00 ns, 180.0313 ns/op
WorkloadPilot    4: 128 op, 27562.00 ns, 215.3281 ns/op
WorkloadPilot    5: 256 op, 41056.00 ns, 160.3750 ns/op
WorkloadPilot    6: 512 op, 63519.00 ns, 124.0605 ns/op
WorkloadPilot    7: 1024 op, 154900.00 ns, 151.2695 ns/op
WorkloadPilot    8: 2048 op, 269714.00 ns, 131.6963 ns/op
WorkloadPilot    9: 4096 op, 520092.00 ns, 126.9756 ns/op
WorkloadPilot   10: 8192 op, 1090597.00 ns, 133.1295 ns/op
WorkloadPilot   11: 16384 op, 2140439.00 ns, 130.6420 ns/op
WorkloadPilot   12: 32768 op, 4194175.00 ns, 127.9961 ns/op
WorkloadPilot   13: 65536 op, 8264249.00 ns, 126.1024 ns/op
WorkloadPilot   14: 131072 op, 16320729.00 ns, 124.5173 ns/op
WorkloadPilot   15: 262144 op, 32849446.00 ns, 125.3107 ns/op
WorkloadPilot   16: 524288 op, 69596654.00 ns, 132.7451 ns/op
WorkloadPilot   17: 1048576 op, 30563185.00 ns, 29.1473 ns/op
WorkloadPilot   18: 2097152 op, 61217090.00 ns, 29.1906 ns/op
WorkloadPilot   19: 4194304 op, 107703330.00 ns, 25.6785 ns/op
WorkloadPilot   20: 8388608 op, 217103582.00 ns, 25.8808 ns/op
WorkloadPilot   21: 16777216 op, 429590008.00 ns, 25.6056 ns/op
WorkloadPilot   22: 33554432 op, 858400600.00 ns, 25.5823 ns/op

OverheadWarmup   1: 33554432 op, 151468849.00 ns, 4.5141 ns/op
OverheadWarmup   2: 33554432 op, 152228638.00 ns, 4.5368 ns/op
OverheadWarmup   3: 33554432 op, 109709569.00 ns, 3.2696 ns/op
OverheadWarmup   4: 33554432 op, 109686245.00 ns, 3.2689 ns/op
OverheadWarmup   5: 33554432 op, 109603651.00 ns, 3.2664 ns/op
OverheadWarmup   6: 33554432 op, 110004760.00 ns, 3.2784 ns/op
OverheadWarmup   7: 33554432 op, 109795128.00 ns, 3.2721 ns/op

OverheadActual   1: 33554432 op, 109787775.00 ns, 3.2719 ns/op
OverheadActual   2: 33554432 op, 109615763.00 ns, 3.2668 ns/op
OverheadActual   3: 33554432 op, 109820556.00 ns, 3.2729 ns/op
OverheadActual   4: 33554432 op, 110142247.00 ns, 3.2825 ns/op
OverheadActual   5: 33554432 op, 109792774.00 ns, 3.2721 ns/op
OverheadActual   6: 33554432 op, 109779949.00 ns, 3.2717 ns/op
OverheadActual   7: 33554432 op, 109910153.00 ns, 3.2756 ns/op
OverheadActual   8: 33554432 op, 109958343.00 ns, 3.2770 ns/op
OverheadActual   9: 33554432 op, 109968422.00 ns, 3.2773 ns/op
OverheadActual  10: 33554432 op, 109742190.00 ns, 3.2706 ns/op
OverheadActual  11: 33554432 op, 109615333.00 ns, 3.2668 ns/op
OverheadActual  12: 33554432 op, 110096411.00 ns, 3.2811 ns/op
OverheadActual  13: 33554432 op, 109814835.00 ns, 3.2727 ns/op
OverheadActual  14: 33554432 op, 109745115.00 ns, 3.2707 ns/op
OverheadActual  15: 33554432 op, 109942484.00 ns, 3.2765 ns/op

WorkloadWarmup   1: 33554432 op, 922754089.00 ns, 27.5002 ns/op
WorkloadWarmup   2: 33554432 op, 922448567.00 ns, 27.4911 ns/op
WorkloadWarmup   3: 33554432 op, 856917980.00 ns, 25.5381 ns/op

// BeforeActualRun
WorkloadActual   1: 33554432 op, 877502854.00 ns, 26.1516 ns/op
WorkloadActual   2: 33554432 op, 874439581.00 ns, 26.0603 ns/op
WorkloadActual   3: 33554432 op, 874291896.00 ns, 26.0559 ns/op
WorkloadActual   4: 33554432 op, 876644180.00 ns, 26.1260 ns/op
WorkloadActual   5: 33554432 op, 873848126.00 ns, 26.0427 ns/op

// AfterActualRun
WorkloadResult   1: 33554432 op, 767688019.00 ns, 22.8789 ns/op
WorkloadResult   2: 33554432 op, 764624746.00 ns, 22.7876 ns/op
WorkloadResult   3: 33554432 op, 764477061.00 ns, 22.7832 ns/op
WorkloadResult   4: 33554432 op, 766829345.00 ns, 22.8533 ns/op
WorkloadResult   5: 33554432 op, 764033291.00 ns, 22.7700 ns/op
// GC:  64 0 0 1073742560 33554432
// Threading:  0 0 33554432

// AfterAll
// Benchmark Process 4004 has exited with code 0.

Mean = 22.815 ns, StdErr = 0.022 ns (0.09%), N = 5, StdDev = 0.048 ns
Min = 22.770 ns, Q1 = 22.783 ns, Median = 22.788 ns, Q3 = 22.853 ns, Max = 22.879 ns
IQR = 0.070 ns, LowerFence = 22.678 ns, UpperFence = 22.958 ns
ConfidenceInterval = [22.629 ns; 23.001 ns] (CI 99.9%), Margin = 0.186 ns (0.82% of Mean)
Skewness = 0.33, Kurtosis = 0.91, MValue = 2

// ** Remained 25 (38.5 %) benchmark(s) to run. Estimated finish 2026-08-30 3:19 (0h 3m from now) **
// **************************
// Benchmark: ProviderFactoryResolutionBenchmarks.Provider_FactoryShorthand: ShortRun(IterationCount=5, LaunchCount=1, WarmupCount=3)
// *** Execute ***
// Launch: 1 / 1
// Execute: dotnet bd712387-88f3-428d-bc3e-b66bbc2943f7.dll --anonymousPipes 163 164 --benchmarkName NexusLabs.Needlr.Benchmarks.Benchmarks.ProviderFactoryResolutionBenchmarks.Provider_FactoryShorthand --job ShortRun --benchmarkId 40 in /home/runner/work/needlr/needlr/src/NexusLabs.Needlr.Benchmarks/bin/Release/net10.0/bd712387-88f3-428d-bc3e-b66bbc2943f7/bin/Release/net10.0
// Failed to set up high priority (Permission denied). In order to run benchmarks with high priority, make sure you have the right permissions.
// BeforeAnythingElse

// Benchmark Process Environment Information:
// BenchmarkDotNet v0.14.0
// Runtime=.NET 10.0.11 (10.0.1126.37416), X64 RyuJIT AVX2
// GC=Concurrent Workstation
// HardwareIntrinsics=AVX2,AES,BMI1,BMI2,FMA,LZCNT,PCLMUL,POPCNT VectorSize=256
// Job: ShortRun(IterationCount=5, LaunchCount=1, WarmupCount=3)

OverheadJitting  1: 1 op, 343381.00 ns, 343.3810 us/op
WorkloadJitting  1: 1 op, 407852.00 ns, 407.8520 us/op

OverheadJitting  2: 16 op, 475849.00 ns, 29.7406 us/op
WorkloadJitting  2: 16 op, 543695.00 ns, 33.9809 us/op

WorkloadPilot    1: 16 op, 3156.00 ns, 197.2500 ns/op
WorkloadPilot    2: 32 op, 2965.00 ns, 92.6563 ns/op
WorkloadPilot    3: 64 op, 3727.00 ns, 58.2344 ns/op
WorkloadPilot    4: 128 op, 24986.00 ns, 195.2031 ns/op
WorkloadPilot    5: 256 op, 32200.00 ns, 125.7813 ns/op
WorkloadPilot    6: 512 op, 31058.00 ns, 60.6602 ns/op
WorkloadPilot    7: 1024 op, 98324.00 ns, 96.0195 ns/op
WorkloadPilot    8: 2048 op, 145152.00 ns, 70.8750 ns/op
WorkloadPilot    9: 4096 op, 274753.00 ns, 67.0784 ns/op
WorkloadPilot   10: 8192 op, 546751.00 ns, 66.7421 ns/op
WorkloadPilot   11: 16384 op, 571317.00 ns, 34.8704 ns/op
WorkloadPilot   12: 32768 op, 1102069.00 ns, 33.6325 ns/op
WorkloadPilot   13: 65536 op, 2243982.00 ns, 34.2404 ns/op
WorkloadPilot   14: 131072 op, 4436237.00 ns, 33.8458 ns/op
WorkloadPilot   15: 262144 op, 8807985.00 ns, 33.5998 ns/op
WorkloadPilot   16: 524288 op, 17463533.00 ns, 33.3090 ns/op
WorkloadPilot   17: 1048576 op, 22830079.00 ns, 21.7725 ns/op
WorkloadPilot   18: 2097152 op, 50408148.00 ns, 24.0365 ns/op
WorkloadPilot   19: 4194304 op, 80408652.00 ns, 19.1709 ns/op
WorkloadPilot   20: 8388608 op, 145832229.00 ns, 17.3846 ns/op
WorkloadPilot   21: 16777216 op, 313232831.00 ns, 18.6701 ns/op
WorkloadPilot   22: 33554432 op, 592593985.00 ns, 17.6607 ns/op

OverheadWarmup   1: 33554432 op, 152937463.00 ns, 4.5579 ns/op
OverheadWarmup   2: 33554432 op, 141062382.00 ns, 4.2040 ns/op
OverheadWarmup   3: 33554432 op, 111068848.00 ns, 3.3101 ns/op
OverheadWarmup   4: 33554432 op, 111093644.00 ns, 3.3108 ns/op
OverheadWarmup   5: 33554432 op, 110932433.00 ns, 3.3060 ns/op
OverheadWarmup   6: 33554432 op, 111090739.00 ns, 3.3108 ns/op
OverheadWarmup   7: 33554432 op, 111293107.00 ns, 3.3168 ns/op
OverheadWarmup   8: 33554432 op, 111072254.00 ns, 3.3102 ns/op

OverheadActual   1: 33554432 op, 111056985.00 ns, 3.3098 ns/op
OverheadActual   2: 33554432 op, 111070892.00 ns, 3.3102 ns/op
OverheadActual   3: 33554432 op, 110976225.00 ns, 3.3073 ns/op
OverheadActual   4: 33554432 op, 111573360.00 ns, 3.3251 ns/op
OverheadActual   5: 33554432 op, 114883424.00 ns, 3.4238 ns/op
OverheadActual   6: 33554432 op, 111194541.00 ns, 3.3139 ns/op
OverheadActual   7: 33554432 op, 110987223.00 ns, 3.3077 ns/op
OverheadActual   8: 33554432 op, 111352706.00 ns, 3.3186 ns/op
OverheadActual   9: 33554432 op, 120281346.00 ns, 3.5847 ns/op
OverheadActual  10: 33554432 op, 111000959.00 ns, 3.3081 ns/op
OverheadActual  11: 33554432 op, 110945565.00 ns, 3.3064 ns/op
OverheadActual  12: 33554432 op, 110961075.00 ns, 3.3069 ns/op
OverheadActual  13: 33554432 op, 111012821.00 ns, 3.3084 ns/op
OverheadActual  14: 33554432 op, 110918665.00 ns, 3.3056 ns/op
OverheadActual  15: 33554432 op, 110967066.00 ns, 3.3071 ns/op

WorkloadWarmup   1: 33554432 op, 639769342.00 ns, 19.0666 ns/op
WorkloadWarmup   2: 33554432 op, 660764403.00 ns, 19.6923 ns/op
WorkloadWarmup   3: 33554432 op, 662080592.00 ns, 19.7315 ns/op

// BeforeActualRun
WorkloadActual   1: 33554432 op, 550069789.00 ns, 16.3934 ns/op
WorkloadActual   2: 33554432 op, 628214998.00 ns, 18.7223 ns/op
WorkloadActual   3: 33554432 op, 637304437.00 ns, 18.9932 ns/op
WorkloadActual   4: 33554432 op, 709994549.00 ns, 21.1595 ns/op
WorkloadActual   5: 33554432 op, 687487453.00 ns, 20.4887 ns/op

// AfterActualRun
WorkloadResult   1: 33554432 op, 439056968.00 ns, 13.0849 ns/op
WorkloadResult   2: 33554432 op, 517202177.00 ns, 15.4138 ns/op
WorkloadResult   3: 33554432 op, 526291616.00 ns, 15.6847 ns/op
WorkloadResult   4: 33554432 op, 598981728.00 ns, 17.8510 ns/op
WorkloadResult   5: 33554432 op, 576474632.00 ns, 17.1803 ns/op
// GC:  64 0 0 1073742560 33554432
// Threading:  0 0 33554432

// AfterAll
// Benchmark Process 4014 has exited with code 0.

Mean = 15.843 ns, StdErr = 0.826 ns (5.21%), N = 5, StdDev = 1.846 ns
Min = 13.085 ns, Q1 = 15.414 ns, Median = 15.685 ns, Q3 = 17.180 ns, Max = 17.851 ns
IQR = 1.766 ns, LowerFence = 12.764 ns, UpperFence = 19.830 ns
ConfidenceInterval = [8.733 ns; 22.953 ns] (CI 99.9%), Margin = 7.110 ns (44.88% of Mean)
Skewness = -0.34, Kurtosis = 1.33, MValue = 2

// ** Remained 24 (36.9 %) benchmark(s) to run. Estimated finish 2026-08-30 3:19 (0h 3m from now) **
// **************************
// Benchmark: ProviderFactoryResolutionBenchmarks.Provider_FactoryInterface: ShortRun(IterationCount=5, LaunchCount=1, WarmupCount=3)
// *** Execute ***
// Launch: 1 / 1
// Execute: dotnet bd712387-88f3-428d-bc3e-b66bbc2943f7.dll --anonymousPipes 163 164 --benchmarkName NexusLabs.Needlr.Benchmarks.Benchmarks.ProviderFactoryResolutionBenchmarks.Provider_FactoryInterface --job ShortRun --benchmarkId 41 in /home/runner/work/needlr/needlr/src/NexusLabs.Needlr.Benchmarks/bin/Release/net10.0/bd712387-88f3-428d-bc3e-b66bbc2943f7/bin/Release/net10.0
// Failed to set up high priority (Permission denied). In order to run benchmarks with high priority, make sure you have the right permissions.
// BeforeAnythingElse

// Benchmark Process Environment Information:
// BenchmarkDotNet v0.14.0
// Runtime=.NET 10.0.11 (10.0.1126.37416), X64 RyuJIT AVX2
// GC=Concurrent Workstation
// HardwareIntrinsics=AVX2,AES,BMI1,BMI2,FMA,LZCNT,PCLMUL,POPCNT VectorSize=256
// Job: ShortRun(IterationCount=5, LaunchCount=1, WarmupCount=3)

OverheadJitting  1: 1 op, 348371.00 ns, 348.3710 us/op
WorkloadJitting  1: 1 op, 416078.00 ns, 416.0780 us/op

OverheadJitting  2: 16 op, 477312.00 ns, 29.8320 us/op
WorkloadJitting  2: 16 op, 573201.00 ns, 35.8251 us/op

WorkloadPilot    1: 16 op, 2926.00 ns, 182.8750 ns/op
WorkloadPilot    2: 32 op, 3276.00 ns, 102.3750 ns/op
WorkloadPilot    3: 64 op, 4108.00 ns, 64.1875 ns/op
WorkloadPilot    4: 128 op, 28964.00 ns, 226.2813 ns/op
WorkloadPilot    5: 256 op, 28784.00 ns, 112.4375 ns/op
WorkloadPilot    6: 512 op, 23123.00 ns, 45.1621 ns/op
WorkloadPilot    7: 1024 op, 72856.00 ns, 71.1484 ns/op
WorkloadPilot    8: 2048 op, 99196.00 ns, 48.4355 ns/op
WorkloadPilot    9: 4096 op, 151663.00 ns, 37.0271 ns/op
WorkloadPilot   10: 8192 op, 293008.00 ns, 35.7676 ns/op
WorkloadPilot   11: 16384 op, 506686.00 ns, 30.9257 ns/op
WorkloadPilot   12: 32768 op, 1019815.00 ns, 31.1223 ns/op
WorkloadPilot   13: 65536 op, 2018140.00 ns, 30.7944 ns/op
WorkloadPilot   14: 131072 op, 4161293.00 ns, 31.7481 ns/op
WorkloadPilot   15: 262144 op, 8119488.00 ns, 30.9734 ns/op
WorkloadPilot   16: 524288 op, 16643612.00 ns, 31.7452 ns/op
WorkloadPilot   17: 1048576 op, 21084788.00 ns, 20.1080 ns/op
WorkloadPilot   18: 2097152 op, 47149960.00 ns, 22.4829 ns/op
WorkloadPilot   19: 4194304 op, 66768620.00 ns, 15.9189 ns/op
WorkloadPilot   20: 8388608 op, 161324939.00 ns, 19.2314 ns/op
WorkloadPilot   21: 16777216 op, 336603423.00 ns, 20.0631 ns/op
WorkloadPilot   22: 33554432 op, 683731200.00 ns, 20.3768 ns/op

OverheadWarmup   1: 33554432 op, 152819212.00 ns, 4.5544 ns/op
OverheadWarmup   2: 33554432 op, 155750107.00 ns, 4.6417 ns/op
OverheadWarmup   3: 33554432 op, 110892601.00 ns, 3.3049 ns/op
OverheadWarmup   4: 33554432 op, 110866753.00 ns, 3.3041 ns/op
OverheadWarmup   5: 33554432 op, 113936989.00 ns, 3.3956 ns/op
OverheadWarmup   6: 33554432 op, 111468856.00 ns, 3.3220 ns/op

OverheadActual   1: 33554432 op, 111053412.00 ns, 3.3096 ns/op
OverheadActual   2: 33554432 op, 111083317.00 ns, 3.3105 ns/op
OverheadActual   3: 33554432 op, 110916396.00 ns, 3.3056 ns/op
OverheadActual   4: 33554432 op, 111189907.00 ns, 3.3137 ns/op
OverheadActual   5: 33554432 op, 111122481.00 ns, 3.3117 ns/op
OverheadActual   6: 33554432 op, 111101372.00 ns, 3.3111 ns/op
OverheadActual   7: 33554432 op, 110964145.00 ns, 3.3070 ns/op
OverheadActual   8: 33554432 op, 115121882.00 ns, 3.4309 ns/op
OverheadActual   9: 33554432 op, 111229180.00 ns, 3.3149 ns/op
OverheadActual  10: 33554432 op, 111312295.00 ns, 3.3174 ns/op
OverheadActual  11: 33554432 op, 111107513.00 ns, 3.3113 ns/op
OverheadActual  12: 33554432 op, 111070363.00 ns, 3.3102 ns/op
OverheadActual  13: 33554432 op, 111324779.00 ns, 3.3177 ns/op
OverheadActual  14: 33554432 op, 110936564.00 ns, 3.3062 ns/op
OverheadActual  15: 33554432 op, 111255139.00 ns, 3.3157 ns/op

WorkloadWarmup   1: 33554432 op, 632612233.00 ns, 18.8533 ns/op
WorkloadWarmup   2: 33554432 op, 673276114.00 ns, 20.0652 ns/op
WorkloadWarmup   3: 33554432 op, 610382748.00 ns, 18.1908 ns/op

// BeforeActualRun
WorkloadActual   1: 33554432 op, 645951100.00 ns, 19.2508 ns/op
WorkloadActual   2: 33554432 op, 616914178.00 ns, 18.3855 ns/op
WorkloadActual   3: 33554432 op, 555122142.00 ns, 16.5439 ns/op
WorkloadActual   4: 33554432 op, 545584011.00 ns, 16.2597 ns/op
WorkloadActual   5: 33554432 op, 541014535.00 ns, 16.1235 ns/op

// AfterActualRun
WorkloadResult   1: 33554432 op, 534843587.00 ns, 15.9396 ns/op
WorkloadResult   2: 33554432 op, 505806665.00 ns, 15.0742 ns/op
WorkloadResult   3: 33554432 op, 444014629.00 ns, 13.2327 ns/op
WorkloadResult   4: 33554432 op, 434476498.00 ns, 12.9484 ns/op
WorkloadResult   5: 33554432 op, 429907022.00 ns, 12.8122 ns/op
// GC:  64 0 0 1073742560 33554432
// Threading:  0 0 33554432

// AfterAll
// Benchmark Process 4027 has exited with code 0.

Mean = 14.001 ns, StdErr = 0.633 ns (4.52%), N = 5, StdDev = 1.416 ns
Min = 12.812 ns, Q1 = 12.948 ns, Median = 13.233 ns, Q3 = 15.074 ns, Max = 15.940 ns
IQR = 2.126 ns, LowerFence = 9.760 ns, UpperFence = 18.263 ns
ConfidenceInterval = [8.549 ns; 19.454 ns] (CI 99.9%), Margin = 5.453 ns (38.95% of Mean)
Skewness = 0.37, Kurtosis = 0.95, MValue = 2

// ** Remained 23 (35.4 %) benchmark(s) to run. Estimated finish 2026-08-30 3:19 (0h 3m from now) **
// **************************
// Benchmark: ProviderFactoryResolutionBenchmarks.Provider_MixedShorthand: ShortRun(IterationCount=5, LaunchCount=1, WarmupCount=3)
// *** Execute ***
// Launch: 1 / 1
// Execute: dotnet bd712387-88f3-428d-bc3e-b66bbc2943f7.dll --anonymousPipes 163 164 --benchmarkName NexusLabs.Needlr.Benchmarks.Benchmarks.ProviderFactoryResolutionBenchmarks.Provider_MixedShorthand --job ShortRun --benchmarkId 42 in /home/runner/work/needlr/needlr/src/NexusLabs.Needlr.Benchmarks/bin/Release/net10.0/bd712387-88f3-428d-bc3e-b66bbc2943f7/bin/Release/net10.0
// Failed to set up high priority (Permission denied). In order to run benchmarks with high priority, make sure you have the right permissions.
// BeforeAnythingElse

// Benchmark Process Environment Information:
// BenchmarkDotNet v0.14.0
// Runtime=.NET 10.0.11 (10.0.1126.37416), X64 RyuJIT AVX2
// GC=Concurrent Workstation
// HardwareIntrinsics=AVX2,AES,BMI1,BMI2,FMA,LZCNT,PCLMUL,POPCNT VectorSize=256
// Job: ShortRun(IterationCount=5, LaunchCount=1, WarmupCount=3)

OverheadJitting  1: 1 op, 342730.00 ns, 342.7300 us/op
WorkloadJitting  1: 1 op, 399256.00 ns, 399.2560 us/op

OverheadJitting  2: 16 op, 467944.00 ns, 29.2465 us/op
WorkloadJitting  2: 16 op, 530390.00 ns, 33.1494 us/op

WorkloadPilot    1: 16 op, 2444.00 ns, 152.7500 ns/op
WorkloadPilot    2: 32 op, 3025.00 ns, 94.5313 ns/op
WorkloadPilot    3: 64 op, 3096.00 ns, 48.3750 ns/op
WorkloadPilot    4: 128 op, 18946.00 ns, 148.0156 ns/op
WorkloadPilot    5: 256 op, 21349.00 ns, 83.3945 ns/op
WorkloadPilot    6: 512 op, 23874.00 ns, 46.6289 ns/op
WorkloadPilot    7: 1024 op, 46116.00 ns, 45.0352 ns/op
WorkloadPilot    8: 2048 op, 81592.00 ns, 39.8398 ns/op
WorkloadPilot    9: 4096 op, 151884.00 ns, 37.0811 ns/op
WorkloadPilot   10: 8192 op, 224199.00 ns, 27.3680 ns/op
WorkloadPilot   11: 16384 op, 529650.00 ns, 32.3273 ns/op
WorkloadPilot   12: 32768 op, 1017570.00 ns, 31.0538 ns/op
WorkloadPilot   13: 65536 op, 2074655.00 ns, 31.6567 ns/op
WorkloadPilot   14: 131072 op, 4201487.00 ns, 32.0548 ns/op
WorkloadPilot   15: 262144 op, 8197661.00 ns, 31.2716 ns/op
WorkloadPilot   16: 524288 op, 16304672.00 ns, 31.0987 ns/op
WorkloadPilot   17: 1048576 op, 22768645.00 ns, 21.7139 ns/op
WorkloadPilot   18: 2097152 op, 48356214.00 ns, 23.0580 ns/op
WorkloadPilot   19: 4194304 op, 86652952.00 ns, 20.6597 ns/op
WorkloadPilot   20: 8388608 op, 163756547.00 ns, 19.5213 ns/op
WorkloadPilot   21: 16777216 op, 359577520.00 ns, 21.4325 ns/op
WorkloadPilot   22: 33554432 op, 695700645.00 ns, 20.7335 ns/op

OverheadWarmup   1: 33554432 op, 153065419.00 ns, 4.5617 ns/op
OverheadWarmup   2: 33554432 op, 153085196.00 ns, 4.5623 ns/op
OverheadWarmup   3: 33554432 op, 111222530.00 ns, 3.3147 ns/op
OverheadWarmup   4: 33554432 op, 111016605.00 ns, 3.3086 ns/op
OverheadWarmup   5: 33554432 op, 111010102.00 ns, 3.3084 ns/op
OverheadWarmup   6: 33554432 op, 111194197.00 ns, 3.3138 ns/op
OverheadWarmup   7: 33554432 op, 111100763.00 ns, 3.3111 ns/op

OverheadActual   1: 33554432 op, 111172346.00 ns, 3.3132 ns/op
OverheadActual   2: 33554432 op, 111364725.00 ns, 3.3189 ns/op
OverheadActual   3: 33554432 op, 111135317.00 ns, 3.3121 ns/op
OverheadActual   4: 33554432 op, 111217811.00 ns, 3.3145 ns/op
OverheadActual   5: 33554432 op, 111053394.00 ns, 3.3096 ns/op
OverheadActual   6: 33554432 op, 120343099.00 ns, 3.5865 ns/op
OverheadActual   7: 33554432 op, 111142310.00 ns, 3.3123 ns/op
OverheadActual   8: 33554432 op, 111245062.00 ns, 3.3154 ns/op
OverheadActual   9: 33554432 op, 111038515.00 ns, 3.3092 ns/op
OverheadActual  10: 33554432 op, 110936365.00 ns, 3.3062 ns/op
OverheadActual  11: 33554432 op, 111273915.00 ns, 3.3162 ns/op
OverheadActual  12: 33554432 op, 111089341.00 ns, 3.3107 ns/op
OverheadActual  13: 33554432 op, 111194487.00 ns, 3.3139 ns/op
OverheadActual  14: 33554432 op, 111010654.00 ns, 3.3084 ns/op
OverheadActual  15: 33554432 op, 110950702.00 ns, 3.3066 ns/op

WorkloadWarmup   1: 33554432 op, 673708631.00 ns, 20.0781 ns/op
WorkloadWarmup   2: 33554432 op, 711757792.00 ns, 21.2120 ns/op
WorkloadWarmup   3: 33554432 op, 711222075.00 ns, 21.1961 ns/op

// BeforeActualRun
WorkloadActual   1: 33554432 op, 788651687.00 ns, 23.5037 ns/op
WorkloadActual   2: 33554432 op, 715136917.00 ns, 21.3127 ns/op
WorkloadActual   3: 33554432 op, 751317640.00 ns, 22.3910 ns/op
WorkloadActual   4: 33554432 op, 792677166.00 ns, 23.6236 ns/op
WorkloadActual   5: 33554432 op, 786826462.00 ns, 23.4493 ns/op

// AfterActualRun
WorkloadResult   1: 33554432 op, 677509377.00 ns, 20.1914 ns/op
WorkloadResult   2: 33554432 op, 603994607.00 ns, 18.0004 ns/op
WorkloadResult   3: 33554432 op, 640175330.00 ns, 19.0787 ns/op
WorkloadResult   4: 33554432 op, 681534856.00 ns, 20.3113 ns/op
WorkloadResult   5: 33554432 op, 675684152.00 ns, 20.1370 ns/op
// GC:  64 0 0 1073742560 33554432
// Threading:  0 0 33554432

// AfterAll
// Benchmark Process 4037 has exited with code 0.

Mean = 19.544 ns, StdErr = 0.445 ns (2.28%), N = 5, StdDev = 0.995 ns
Min = 18.000 ns, Q1 = 19.079 ns, Median = 20.137 ns, Q3 = 20.191 ns, Max = 20.311 ns
IQR = 1.113 ns, LowerFence = 17.410 ns, UpperFence = 21.860 ns
ConfidenceInterval = [15.713 ns; 23.374 ns] (CI 99.9%), Margin = 3.831 ns (19.60% of Mean)
Skewness = -0.58, Kurtosis = 1.3, MValue = 2

// ** Remained 22 (33.8 %) benchmark(s) to run. Estimated finish 2026-08-30 3:19 (0h 3m from now) **
// ***** BenchmarkRunner: Finish  *****

// * Export *
  home/runner/work/needlr/needlr/benchmark-results/results/NexusLabs.Needlr.Benchmarks.Benchmarks.ProviderFactoryResolutionBenchmarks-report.csv
  home/runner/work/needlr/needlr/benchmark-results/results/NexusLabs.Needlr.Benchmarks.Benchmarks.ProviderFactoryResolutionBenchmarks-report-github.md
  home/runner/work/needlr/needlr/benchmark-results/results/NexusLabs.Needlr.Benchmarks.Benchmarks.ProviderFactoryResolutionBenchmarks-report.html
  home/runner/work/needlr/needlr/benchmark-results/results/NexusLabs.Needlr.Benchmarks.Benchmarks.ProviderFactoryResolutionBenchmarks-report-full-compressed.json
  home/runner/work/needlr/needlr/benchmark-results/results/NexusLabs.Needlr.Benchmarks.Benchmarks.ProviderFactoryResolutionBenchmarks-report-default.md

// * Detailed results *
ProviderFactoryResolutionBenchmarks.ManualDI_FuncFactory_PreResolved: ShortRun(IterationCount=5, LaunchCount=1, WarmupCount=3)
Runtime = .NET 10.0.11 (10.0.1126.37416), X64 RyuJIT AVX2; GC = Concurrent Workstation
Mean = 13.995 ns, StdErr = 0.332 ns (2.37%), N = 5, StdDev = 0.743 ns
Min = 13.407 ns, Q1 = 13.455 ns, Median = 13.525 ns, Q3 = 14.605 ns, Max = 14.982 ns
IQR = 1.151 ns, LowerFence = 11.729 ns, UpperFence = 16.331 ns
ConfidenceInterval = [11.136 ns; 16.854 ns] (CI 99.9%), Margin = 2.859 ns (20.43% of Mean)
Skewness = 0.35, Kurtosis = 0.88, MValue = 2
-------------------- Histogram --------------------
[12.837 ns ; 14.224 ns) | @@@
[14.224 ns ; 15.552 ns) | @@
---------------------------------------------------

ProviderFactoryResolutionBenchmarks.ManualDI_FuncFactory_WithResolution: ShortRun(IterationCount=5, LaunchCount=1, WarmupCount=3)
Runtime = .NET 10.0.11 (10.0.1126.37416), X64 RyuJIT AVX2; GC = Concurrent Workstation
Mean = 19.453 ns, StdErr = 0.010 ns (0.05%), N = 4, StdDev = 0.021 ns
Min = 19.434 ns, Q1 = 19.440 ns, Median = 19.449 ns, Q3 = 19.462 ns, Max = 19.482 ns
IQR = 0.022 ns, LowerFence = 19.408 ns, UpperFence = 19.495 ns
ConfidenceInterval = [19.319 ns; 19.588 ns] (CI 99.9%), Margin = 0.135 ns (0.69% of Mean)
Skewness = 0.37, Kurtosis = 1.05, MValue = 2
-------------------- Histogram --------------------
[19.416 ns ; 19.499 ns) | @@@@
---------------------------------------------------

ProviderFactoryResolutionBenchmarks.DirectFactory_PreResolved: ShortRun(IterationCount=5, LaunchCount=1, WarmupCount=3)
Runtime = .NET 10.0.11 (10.0.1126.37416), X64 RyuJIT AVX2; GC = Concurrent Workstation
Mean = 9.376 ns, StdErr = 0.026 ns (0.28%), N = 4, StdDev = 0.053 ns
Min = 9.298 ns, Q1 = 9.373 ns, Median = 9.398 ns, Q3 = 9.401 ns, Max = 9.412 ns
IQR = 0.029 ns, LowerFence = 9.329 ns, UpperFence = 9.445 ns
ConfidenceInterval = [9.036 ns; 9.716 ns] (CI 99.9%), Margin = 0.340 ns (3.63% of Mean)
Skewness = -0.71, Kurtosis = 1.29, MValue = 2
-------------------- Histogram --------------------
[9.254 ns ; 9.455 ns) | @@@@
---------------------------------------------------

ProviderFactoryResolutionBenchmarks.DirectFactory_WithResolution: ShortRun(IterationCount=5, LaunchCount=1, WarmupCount=3)
Runtime = .NET 10.0.11 (10.0.1126.37416), X64 RyuJIT AVX2; GC = Concurrent Workstation
Mean = 22.815 ns, StdErr = 0.022 ns (0.09%), N = 5, StdDev = 0.048 ns
Min = 22.770 ns, Q1 = 22.783 ns, Median = 22.788 ns, Q3 = 22.853 ns, Max = 22.879 ns
IQR = 0.070 ns, LowerFence = 22.678 ns, UpperFence = 22.958 ns
ConfidenceInterval = [22.629 ns; 23.001 ns] (CI 99.9%), Margin = 0.186 ns (0.82% of Mean)
Skewness = 0.33, Kurtosis = 0.91, MValue = 2
-------------------- Histogram --------------------
[22.733 ns ; 22.916 ns) | @@@@@
---------------------------------------------------

ProviderFactoryResolutionBenchmarks.Provider_FactoryShorthand: ShortRun(IterationCount=5, LaunchCount=1, WarmupCount=3)
Runtime = .NET 10.0.11 (10.0.1126.37416), X64 RyuJIT AVX2; GC = Concurrent Workstation
Mean = 15.843 ns, StdErr = 0.826 ns (5.21%), N = 5, StdDev = 1.846 ns
Min = 13.085 ns, Q1 = 15.414 ns, Median = 15.685 ns, Q3 = 17.180 ns, Max = 17.851 ns
IQR = 1.766 ns, LowerFence = 12.764 ns, UpperFence = 19.830 ns
ConfidenceInterval = [8.733 ns; 22.953 ns] (CI 99.9%), Margin = 7.110 ns (44.88% of Mean)
Skewness = -0.34, Kurtosis = 1.33, MValue = 2
-------------------- Histogram --------------------
[11.668 ns ; 14.502 ns) | @
[14.502 ns ; 18.050 ns) | @@@@
---------------------------------------------------

ProviderFactoryResolutionBenchmarks.Provider_FactoryInterface: ShortRun(IterationCount=5, LaunchCount=1, WarmupCount=3)
Runtime = .NET 10.0.11 (10.0.1126.37416), X64 RyuJIT AVX2; GC = Concurrent Workstation
Mean = 14.001 ns, StdErr = 0.633 ns (4.52%), N = 5, StdDev = 1.416 ns
Min = 12.812 ns, Q1 = 12.948 ns, Median = 13.233 ns, Q3 = 15.074 ns, Max = 15.940 ns
IQR = 2.126 ns, LowerFence = 9.760 ns, UpperFence = 18.263 ns
ConfidenceInterval = [8.549 ns; 19.454 ns] (CI 99.9%), Margin = 5.453 ns (38.95% of Mean)
Skewness = 0.37, Kurtosis = 0.95, MValue = 2
-------------------- Histogram --------------------
[11.725 ns ; 14.420 ns) | @@@
[14.420 ns ; 17.027 ns) | @@
---------------------------------------------------

ProviderFactoryResolutionBenchmarks.Provider_MixedShorthand: ShortRun(IterationCount=5, LaunchCount=1, WarmupCount=3)
Runtime = .NET 10.0.11 (10.0.1126.37416), X64 RyuJIT AVX2; GC = Concurrent Workstation
Mean = 19.544 ns, StdErr = 0.445 ns (2.28%), N = 5, StdDev = 0.995 ns
Min = 18.000 ns, Q1 = 19.079 ns, Median = 20.137 ns, Q3 = 20.191 ns, Max = 20.311 ns
IQR = 1.113 ns, LowerFence = 17.410 ns, UpperFence = 21.860 ns
ConfidenceInterval = [15.713 ns; 23.374 ns] (CI 99.9%), Margin = 3.831 ns (19.60% of Mean)
Skewness = -0.58, Kurtosis = 1.3, MValue = 2
-------------------- Histogram --------------------
[17.237 ns ; 18.931 ns) | @
[18.931 ns ; 20.459 ns) | @@@@
---------------------------------------------------

// * Summary *

BenchmarkDotNet v0.14.0, Ubuntu 24.04.4 LTS (Noble Numbat)
AMD EPYC 7763, 1 CPU, 4 logical and 2 physical cores
.NET SDK 10.0.302
  [Host]   : .NET 10.0.11 (10.0.1126.37416), X64 RyuJIT AVX2
  ShortRun : .NET 10.0.11 (10.0.1126.37416), X64 RyuJIT AVX2

Job=ShortRun  IterationCount=5  LaunchCount=1  
WarmupCount=3  

| Method                              | Mean      | Error     | StdDev    | Ratio | RatioSD | Rank | Gen0   | Allocated | Alloc Ratio |
|------------------------------------ |----------:|----------:|----------:|------:|--------:|-----:|-------:|----------:|------------:|
| ManualDI_FuncFactory_PreResolved    | 13.995 ns | 2.8594 ns | 0.7426 ns |  1.00 |    0.07 |    2 | 0.0019 |      32 B |        1.00 |
| ManualDI_FuncFactory_WithResolution | 19.453 ns | 0.1348 ns | 0.0209 ns |  1.39 |    0.07 |    2 | 0.0019 |      32 B |        1.00 |
| DirectFactory_PreResolved           |  9.376 ns | 0.3402 ns | 0.0526 ns |  0.67 |    0.03 |    1 | 0.0019 |      32 B |        1.00 |
| DirectFactory_WithResolution        | 22.815 ns | 0.1861 ns | 0.0483 ns |  1.63 |    0.08 |    2 | 0.0019 |      32 B |        1.00 |
| Provider_FactoryShorthand           | 15.843 ns | 7.1098 ns | 1.8464 ns |  1.13 |    0.13 |    2 | 0.0019 |      32 B |        1.00 |
| Provider_FactoryInterface           | 14.001 ns | 5.4529 ns | 1.4161 ns |  1.00 |    0.10 |    2 | 0.0019 |      32 B |        1.00 |
| Provider_MixedShorthand             | 19.544 ns | 3.8306 ns | 0.9948 ns |  1.40 |    0.09 |    2 | 0.0019 |      32 B |        1.00 |

// * Hints *
Outliers
  ProviderFactoryResolutionBenchmarks.ManualDI_FuncFactory_WithResolution: ShortRun -> 1 outlier  was  removed (22.94 ns)
  ProviderFactoryResolutionBenchmarks.DirectFactory_PreResolved: ShortRun           -> 1 outlier  was  removed, 2 outliers were detected (12.61 ns, 12.75 ns)
// * Config Issues *

// * Warnings *
Configuration
  Summary -> The exporter HtmlExporter is already present in configuration. There may be unexpected results.

// * Legends *
  Mean        : Arithmetic mean of all measurements
  Error       : Half of 99.9% confidence interval
  StdDev      : Standard deviation of all measurements
  Ratio       : Mean of the ratio distribution ([Current]/[Baseline])
  RatioSD     : Standard deviation of the ratio distribution ([Current]/[Baseline])
  Rank        : Relative position of current benchmark mean among all benchmarks (Arabic style)
  Gen0        : GC Generation 0 collects per 1000 operations
  Allocated   : Allocated memory per single operation (managed only, inclusive, 1KB = 1024B)
  Alloc Ratio : Allocated memory ratio distribution ([Current]/[Baseline])
  1 ns        : 1 Nanosecond (0.000000001 sec)

// * Diagnostic Output - MemoryDiagnoser *


// ***** BenchmarkRunner: End *****
Run time: 00:01:27 (87.33 sec), executed benchmarks: 7

// Found 5 benchmarks:
//   ProviderResolutionBenchmarks.ManualDI_ServiceProvider_GetService: ShortRun(IterationCount=5, LaunchCount=1, WarmupCount=3)
//   ProviderResolutionBenchmarks.Needlr_Reflection_GetService: ShortRun(IterationCount=5, LaunchCount=1, WarmupCount=3)
//   ProviderResolutionBenchmarks.Needlr_SourceGen_GetService: ShortRun(IterationCount=5, LaunchCount=1, WarmupCount=3)
//   ProviderResolutionBenchmarks.Provider_Interface_PropertyAccess: ShortRun(IterationCount=5, LaunchCount=1, WarmupCount=3)
//   ProviderResolutionBenchmarks.Provider_Shorthand_PropertyAccess: ShortRun(IterationCount=5, LaunchCount=1, WarmupCount=3)

// **************************
// Benchmark: ProviderResolutionBenchmarks.ManualDI_ServiceProvider_GetService: ShortRun(IterationCount=5, LaunchCount=1, WarmupCount=3)
// *** Execute ***
// Launch: 1 / 1
// Execute: dotnet bd712387-88f3-428d-bc3e-b66bbc2943f7.dll --anonymousPipes 163 164 --benchmarkName NexusLabs.Needlr.Benchmarks.Benchmarks.ProviderResolutionBenchmarks.ManualDI_ServiceProvider_GetService --job ShortRun --benchmarkId 43 in /home/runner/work/needlr/needlr/src/NexusLabs.Needlr.Benchmarks/bin/Release/net10.0/bd712387-88f3-428d-bc3e-b66bbc2943f7/bin/Release/net10.0
// Failed to set up high priority (Permission denied). In order to run benchmarks with high priority, make sure you have the right permissions.
// BeforeAnythingElse

// Benchmark Process Environment Information:
// BenchmarkDotNet v0.14.0
// Runtime=.NET 10.0.11 (10.0.1126.37416), X64 RyuJIT AVX2
// GC=Concurrent Workstation
// HardwareIntrinsics=AVX2,AES,BMI1,BMI2,FMA,LZCNT,PCLMUL,POPCNT VectorSize=256
// Job: ShortRun(IterationCount=5, LaunchCount=1, WarmupCount=3)

OverheadJitting  1: 1 op, 343332.00 ns, 343.3320 us/op
WorkloadJitting  1: 1 op, 361476.00 ns, 361.4760 us/op

OverheadJitting  2: 16 op, 500024.00 ns, 31.2515 us/op
WorkloadJitting  2: 16 op, 494124.00 ns, 30.8828 us/op

WorkloadPilot    1: 16 op, 5761.00 ns, 360.0625 ns/op
WorkloadPilot    2: 32 op, 6332.00 ns, 197.8750 ns/op
WorkloadPilot    3: 64 op, 12874.00 ns, 201.1563 ns/op
WorkloadPilot    4: 128 op, 19917.00 ns, 155.6016 ns/op
WorkloadPilot    5: 256 op, 30347.00 ns, 118.5430 ns/op
WorkloadPilot    6: 512 op, 74599.00 ns, 145.7012 ns/op
WorkloadPilot    7: 1024 op, 93454.00 ns, 91.2637 ns/op
WorkloadPilot    8: 2048 op, 186870.00 ns, 91.2451 ns/op
WorkloadPilot    9: 4096 op, 338322.00 ns, 82.5981 ns/op
WorkloadPilot   10: 8192 op, 746024.00 ns, 91.0674 ns/op
WorkloadPilot   11: 16384 op, 1377795.00 ns, 84.0939 ns/op
WorkloadPilot   12: 32768 op, 2666152.00 ns, 81.3645 ns/op
WorkloadPilot   13: 65536 op, 5311415.00 ns, 81.0458 ns/op
WorkloadPilot   14: 131072 op, 10537129.00 ns, 80.3919 ns/op
WorkloadPilot   15: 262144 op, 20951510.00 ns, 79.9237 ns/op
WorkloadPilot   16: 524288 op, 41950069.00 ns, 80.0134 ns/op
WorkloadPilot   17: 1048576 op, 43174476.00 ns, 41.1744 ns/op
WorkloadPilot   18: 2097152 op, 39026395.00 ns, 18.6092 ns/op
WorkloadPilot   19: 4194304 op, 78424535.00 ns, 18.6979 ns/op
WorkloadPilot   20: 8388608 op, 156992107.00 ns, 18.7149 ns/op
WorkloadPilot   21: 16777216 op, 311049811.00 ns, 18.5400 ns/op
WorkloadPilot   22: 33554432 op, 626816201.00 ns, 18.6806 ns/op

OverheadWarmup   1: 33554432 op, 130804222.00 ns, 3.8983 ns/op
OverheadWarmup   2: 33554432 op, 142198775.00 ns, 4.2379 ns/op
OverheadWarmup   3: 33554432 op, 112672612.00 ns, 3.3579 ns/op
OverheadWarmup   4: 33554432 op, 110003584.00 ns, 3.2784 ns/op
OverheadWarmup   5: 33554432 op, 109779766.00 ns, 3.2717 ns/op
OverheadWarmup   6: 33554432 op, 110639322.00 ns, 3.2973 ns/op
OverheadWarmup   7: 33554432 op, 109842333.00 ns, 3.2736 ns/op

OverheadActual   1: 33554432 op, 109849396.00 ns, 3.2738 ns/op
OverheadActual   2: 33554432 op, 109698845.00 ns, 3.2693 ns/op
OverheadActual   3: 33554432 op, 109688685.00 ns, 3.2690 ns/op
OverheadActual   4: 33554432 op, 115267841.00 ns, 3.4352 ns/op
OverheadActual   5: 33554432 op, 111117264.00 ns, 3.3116 ns/op
OverheadActual   6: 33554432 op, 109709093.00 ns, 3.2696 ns/op
OverheadActual   7: 33554432 op, 109728089.00 ns, 3.2702 ns/op
OverheadActual   8: 33554432 op, 109700117.00 ns, 3.2693 ns/op
OverheadActual   9: 33554432 op, 109899029.00 ns, 3.2752 ns/op
OverheadActual  10: 33554432 op, 109722469.00 ns, 3.2700 ns/op
OverheadActual  11: 33554432 op, 109747896.00 ns, 3.2707 ns/op
OverheadActual  12: 33554432 op, 109675019.00 ns, 3.2686 ns/op
OverheadActual  13: 33554432 op, 110088232.00 ns, 3.2809 ns/op
OverheadActual  14: 33554432 op, 109844484.00 ns, 3.2736 ns/op
OverheadActual  15: 33554432 op, 109717212.00 ns, 3.2698 ns/op

WorkloadWarmup   1: 33554432 op, 620692592.00 ns, 18.4981 ns/op
WorkloadWarmup   2: 33554432 op, 620719423.00 ns, 18.4989 ns/op
WorkloadWarmup   3: 33554432 op, 620950633.00 ns, 18.5058 ns/op

// BeforeActualRun
WorkloadActual   1: 33554432 op, 620868702.00 ns, 18.5033 ns/op
WorkloadActual   2: 33554432 op, 621319474.00 ns, 18.5168 ns/op
WorkloadActual   3: 33554432 op, 621888737.00 ns, 18.5337 ns/op
WorkloadActual   4: 33554432 op, 620741885.00 ns, 18.4995 ns/op
WorkloadActual   5: 33554432 op, 621591872.00 ns, 18.5249 ns/op

// AfterActualRun
WorkloadResult   1: 33554432 op, 511140613.00 ns, 15.2332 ns/op
WorkloadResult   2: 33554432 op, 511591385.00 ns, 15.2466 ns/op
WorkloadResult   3: 33554432 op, 512160648.00 ns, 15.2636 ns/op
WorkloadResult   4: 33554432 op, 511013796.00 ns, 15.2294 ns/op
WorkloadResult   5: 33554432 op, 511863783.00 ns, 15.2547 ns/op
// GC:  0 0 0 1072 33554432
// Threading:  0 0 33554432

// AfterAll
// Benchmark Process 4045 has exited with code 0.

Mean = 15.245 ns, StdErr = 0.006 ns (0.04%), N = 5, StdDev = 0.014 ns
Min = 15.229 ns, Q1 = 15.233 ns, Median = 15.247 ns, Q3 = 15.255 ns, Max = 15.264 ns
IQR = 0.022 ns, LowerFence = 15.201 ns, UpperFence = 15.287 ns
ConfidenceInterval = [15.190 ns; 15.301 ns] (CI 99.9%), Margin = 0.055 ns (0.36% of Mean)
Skewness = 0.04, Kurtosis = 0.96, MValue = 2

// ** Remained 21 (32.3 %) benchmark(s) to run. Estimated finish 2026-08-30 3:19 (0h 2m from now) **
// **************************
// Benchmark: ProviderResolutionBenchmarks.Needlr_Reflection_GetService: ShortRun(IterationCount=5, LaunchCount=1, WarmupCount=3)
// *** Execute ***
// Launch: 1 / 1
// Execute: dotnet bd712387-88f3-428d-bc3e-b66bbc2943f7.dll --anonymousPipes 163 164 --benchmarkName NexusLabs.Needlr.Benchmarks.Benchmarks.ProviderResolutionBenchmarks.Needlr_Reflection_GetService --job ShortRun --benchmarkId 44 in /home/runner/work/needlr/needlr/src/NexusLabs.Needlr.Benchmarks/bin/Release/net10.0/bd712387-88f3-428d-bc3e-b66bbc2943f7/bin/Release/net10.0
// Failed to set up high priority (Permission denied). In order to run benchmarks with high priority, make sure you have the right permissions.
// BeforeAnythingElse

// Benchmark Process Environment Information:
// BenchmarkDotNet v0.14.0
// Runtime=.NET 10.0.11 (10.0.1126.37416), X64 RyuJIT AVX2
// GC=Concurrent Workstation
// HardwareIntrinsics=AVX2,AES,BMI1,BMI2,FMA,LZCNT,PCLMUL,POPCNT VectorSize=256
// Job: ShortRun(IterationCount=5, LaunchCount=1, WarmupCount=3)

OverheadJitting  1: 1 op, 361265.00 ns, 361.2650 us/op

System.Reflection.TargetInvocationException: Exception has been thrown by the target of an invocation.
 ---> System.InvalidOperationException: No service for type 'NexusLabs.Needlr.Benchmarks.TestTypes.IProviderTargetService' has been registered.
   at Microsoft.Extensions.DependencyInjection.ServiceProviderServiceExtensions.GetRequiredService(IServiceProvider provider, Type serviceType)
   at Microsoft.Extensions.DependencyInjection.ServiceProviderServiceExtensions.GetRequiredService[T](IServiceProvider provider)
   at NexusLabs.Needlr.Benchmarks.Benchmarks.ProviderResolutionBenchmarks.Needlr_Reflection_GetService() in /_/src/NexusLabs.Needlr.Benchmarks/Benchmarks/ProviderResolutionBenchmarks.cs:line 79
   at BenchmarkDotNet.Autogenerated.Runnable_44.WorkloadActionNoUnroll(Int64 invokeCount) in /_/src/NexusLabs.Needlr.Benchmarks/bin/Release/net10.0/bd712387-88f3-428d-bc3e-b66bbc2943f7/bd712387-88f3-428d-bc3e-b66bbc2943f7.notcs:line 8920
   at BenchmarkDotNet.Engines.Engine.Measure(Action`1 action, Int64 invokeCount)
   at BenchmarkDotNet.Engines.Engine.RunIteration(IterationData data)
   at BenchmarkDotNet.Engines.EngineFactory.Jit(Engine engine, Int32 jitIndex, Int32 invokeCount, Int32 unrollFactor)
   at BenchmarkDotNet.Engines.EngineFactory.CreateReadyToRun(EngineParameters engineParameters)
   at BenchmarkDotNet.Autogenerated.Runnable_44.Run(IHost host, String benchmarkName) in /_/src/NexusLabs.Needlr.Benchmarks/bin/Release/net10.0/bd712387-88f3-428d-bc3e-b66bbc2943f7/bd712387-88f3-428d-bc3e-b66bbc2943f7.notcs:line 8783
   at System.Reflection.MethodBaseInvoker.InterpretedInvoke_Method(Object obj, IntPtr* args)
   at System.Reflection.MethodBaseInvoker.InvokeDirectByRefWithFewArgs(Object obj, Span`1 copyOfArgs, BindingFlags invokeAttr)
   --- End of inner exception stack trace ---
   at System.Reflection.MethodBaseInvoker.InvokeDirectByRefWithFewArgs(Object obj, Span`1 copyOfArgs, BindingFlags invokeAttr)
   at System.Reflection.MethodBaseInvoker.InvokeWithFewArgs(Object obj, BindingFlags invokeAttr, Binder binder, Object[] parameters, CultureInfo culture)
   at System.Reflection.RuntimeMethodInfo.Invoke(Object obj, BindingFlags invokeAttr, Binder binder, Object[] parameters, CultureInfo culture)
   at BenchmarkDotNet.Autogenerated.UniqueProgramName.AfterAssemblyLoadingAttached(String[] args) in /_/src/NexusLabs.Needlr.Benchmarks/bin/Release/net10.0/bd712387-88f3-428d-bc3e-b66bbc2943f7/bd712387-88f3-428d-bc3e-b66bbc2943f7.notcs:line 57
// AfterAll
No Workload Results were obtained from the run.
// Benchmark Process 4059 has exited with code 255.

// ** Remained 20 (30.8 %) benchmark(s) to run. Estimated finish 2026-08-30 3:19 (0h 2m from now) **
// **************************
// Benchmark: ProviderResolutionBenchmarks.Needlr_SourceGen_GetService: ShortRun(IterationCount=5, LaunchCount=1, WarmupCount=3)
// *** Execute ***
// Launch: 1 / 1
// Execute: dotnet bd712387-88f3-428d-bc3e-b66bbc2943f7.dll --anonymousPipes 163 164 --benchmarkName NexusLabs.Needlr.Benchmarks.Benchmarks.ProviderResolutionBenchmarks.Needlr_SourceGen_GetService --job ShortRun --benchmarkId 45 in /home/runner/work/needlr/needlr/src/NexusLabs.Needlr.Benchmarks/bin/Release/net10.0/bd712387-88f3-428d-bc3e-b66bbc2943f7/bin/Release/net10.0
// Failed to set up high priority (Permission denied). In order to run benchmarks with high priority, make sure you have the right permissions.
// BeforeAnythingElse

// Benchmark Process Environment Information:
// BenchmarkDotNet v0.14.0
// Runtime=.NET 10.0.11 (10.0.1126.37416), X64 RyuJIT AVX2
// GC=Concurrent Workstation
// HardwareIntrinsics=AVX2,AES,BMI1,BMI2,FMA,LZCNT,PCLMUL,POPCNT VectorSize=256
// Job: ShortRun(IterationCount=5, LaunchCount=1, WarmupCount=3)

OverheadJitting  1: 1 op, 348221.00 ns, 348.2210 us/op
WorkloadJitting  1: 1 op, 286977.00 ns, 286.9770 us/op

OverheadJitting  2: 16 op, 504814.00 ns, 31.5509 us/op
WorkloadJitting  2: 16 op, 471040.00 ns, 29.4400 us/op

WorkloadPilot    1: 16 op, 9337.00 ns, 583.5625 ns/op
WorkloadPilot    2: 32 op, 6081.00 ns, 190.0313 ns/op
WorkloadPilot    3: 64 op, 10109.00 ns, 157.9531 ns/op
WorkloadPilot    4: 128 op, 17793.00 ns, 139.0078 ns/op
WorkloadPilot    5: 256 op, 23754.00 ns, 92.7891 ns/op
WorkloadPilot    6: 512 op, 43612.00 ns, 85.1797 ns/op
WorkloadPilot    7: 1024 op, 84748.00 ns, 82.7617 ns/op
WorkloadPilot    8: 2048 op, 165338.00 ns, 80.7314 ns/op
WorkloadPilot    9: 4096 op, 328093.00 ns, 80.1008 ns/op
WorkloadPilot   10: 8192 op, 744170.00 ns, 90.8411 ns/op
WorkloadPilot   11: 16384 op, 1405715.00 ns, 85.7980 ns/op
WorkloadPilot   12: 32768 op, 2737844.00 ns, 83.5524 ns/op
WorkloadPilot   13: 65536 op, 5361295.00 ns, 81.8069 ns/op
WorkloadPilot   14: 131072 op, 10730415.00 ns, 81.8666 ns/op
WorkloadPilot   15: 262144 op, 21210183.00 ns, 80.9104 ns/op
WorkloadPilot   16: 524288 op, 42436366.00 ns, 80.9409 ns/op
WorkloadPilot   17: 1048576 op, 84501839.00 ns, 80.5872 ns/op
WorkloadPilot   18: 2097152 op, 78205347.00 ns, 37.2912 ns/op
WorkloadPilot   19: 4194304 op, 75867318.00 ns, 18.0882 ns/op
WorkloadPilot   20: 8388608 op, 152316354.00 ns, 18.1575 ns/op
WorkloadPilot   21: 16777216 op, 303039100.00 ns, 18.0625 ns/op
WorkloadPilot   22: 33554432 op, 605480034.00 ns, 18.0447 ns/op

OverheadWarmup   1: 33554432 op, 130577273.00 ns, 3.8915 ns/op
OverheadWarmup   2: 33554432 op, 141349166.00 ns, 4.2125 ns/op
OverheadWarmup   3: 33554432 op, 109859871.00 ns, 3.2741 ns/op
OverheadWarmup   4: 33554432 op, 110002467.00 ns, 3.2783 ns/op
OverheadWarmup   5: 33554432 op, 109670808.00 ns, 3.2684 ns/op

OverheadActual   1: 33554432 op, 109744075.00 ns, 3.2706 ns/op
OverheadActual   2: 33554432 op, 109733785.00 ns, 3.2703 ns/op
OverheadActual   3: 33554432 op, 110293921.00 ns, 3.2870 ns/op
OverheadActual   4: 33554432 op, 109705372.00 ns, 3.2695 ns/op
OverheadActual   5: 33554432 op, 109715339.00 ns, 3.2698 ns/op
OverheadActual   6: 33554432 op, 110051861.00 ns, 3.2798 ns/op
OverheadActual   7: 33554432 op, 109945802.00 ns, 3.2766 ns/op
OverheadActual   8: 33554432 op, 109798989.00 ns, 3.2723 ns/op
OverheadActual   9: 33554432 op, 109755557.00 ns, 3.2710 ns/op
OverheadActual  10: 33554432 op, 109712597.00 ns, 3.2697 ns/op
OverheadActual  11: 33554432 op, 109667173.00 ns, 3.2683 ns/op
OverheadActual  12: 33554432 op, 109898895.00 ns, 3.2752 ns/op
OverheadActual  13: 33554432 op, 109725360.00 ns, 3.2701 ns/op
OverheadActual  14: 33554432 op, 109676650.00 ns, 3.2686 ns/op
OverheadActual  15: 33554432 op, 110611026.00 ns, 3.2965 ns/op

WorkloadWarmup   1: 33554432 op, 605432866.00 ns, 18.0433 ns/op
WorkloadWarmup   2: 33554432 op, 603937993.00 ns, 17.9988 ns/op
WorkloadWarmup   3: 33554432 op, 609785157.00 ns, 18.1730 ns/op

// BeforeActualRun
WorkloadActual   1: 33554432 op, 603361886.00 ns, 17.9816 ns/op
WorkloadActual   2: 33554432 op, 604662716.00 ns, 18.0204 ns/op
WorkloadActual   3: 33554432 op, 610084306.00 ns, 18.1819 ns/op
WorkloadActual   4: 33554432 op, 661707644.00 ns, 19.7204 ns/op
WorkloadActual   5: 33554432 op, 660344127.00 ns, 19.6798 ns/op

// AfterActualRun
WorkloadResult   1: 33554432 op, 493617811.00 ns, 14.7110 ns/op
WorkloadResult   2: 33554432 op, 494918641.00 ns, 14.7497 ns/op
WorkloadResult   3: 33554432 op, 500340231.00 ns, 14.9113 ns/op
WorkloadResult   4: 33554432 op, 551963569.00 ns, 16.4498 ns/op
WorkloadResult   5: 33554432 op, 550600052.00 ns, 16.4092 ns/op
// GC:  0 0 0 1072 33554432
// Threading:  0 0 33554432

// AfterAll
// Benchmark Process 4070 has exited with code 0.

Mean = 15.446 ns, StdErr = 0.403 ns (2.61%), N = 5, StdDev = 0.901 ns
Min = 14.711 ns, Q1 = 14.750 ns, Median = 14.911 ns, Q3 = 16.409 ns, Max = 16.450 ns
IQR = 1.659 ns, LowerFence = 12.261 ns, UpperFence = 18.898 ns
ConfidenceInterval = [11.977 ns; 18.915 ns] (CI 99.9%), Margin = 3.469 ns (22.46% of Mean)
Skewness = 0.28, Kurtosis = 0.75, MValue = 2

// ** Remained 19 (29.2 %) benchmark(s) to run. Estimated finish 2026-08-30 3:19 (0h 2m from now) **
// **************************
// Benchmark: ProviderResolutionBenchmarks.Provider_Interface_PropertyAccess: ShortRun(IterationCount=5, LaunchCount=1, WarmupCount=3)
// *** Execute ***
// Launch: 1 / 1
// Execute: dotnet bd712387-88f3-428d-bc3e-b66bbc2943f7.dll --anonymousPipes 163 164 --benchmarkName NexusLabs.Needlr.Benchmarks.Benchmarks.ProviderResolutionBenchmarks.Provider_Interface_PropertyAccess --job ShortRun --benchmarkId 46 in /home/runner/work/needlr/needlr/src/NexusLabs.Needlr.Benchmarks/bin/Release/net10.0/bd712387-88f3-428d-bc3e-b66bbc2943f7/bin/Release/net10.0
// Failed to set up high priority (Permission denied). In order to run benchmarks with high priority, make sure you have the right permissions.
// BeforeAnythingElse

// Benchmark Process Environment Information:
// BenchmarkDotNet v0.14.0
// Runtime=.NET 10.0.11 (10.0.1126.37416), X64 RyuJIT AVX2
// GC=Concurrent Workstation
// HardwareIntrinsics=AVX2,AES,BMI1,BMI2,FMA,LZCNT,PCLMUL,POPCNT VectorSize=256
// Job: ShortRun(IterationCount=5, LaunchCount=1, WarmupCount=3)

OverheadJitting  1: 1 op, 347088.00 ns, 347.0880 us/op
WorkloadJitting  1: 1 op, 286997.00 ns, 286.9970 us/op

OverheadJitting  2: 16 op, 468045.00 ns, 29.2528 us/op
WorkloadJitting  2: 16 op, 517236.00 ns, 32.3273 us/op

WorkloadPilot    1: 16 op, 761.00 ns, 47.5625 ns/op
WorkloadPilot    2: 32 op, 882.00 ns, 27.5625 ns/op
WorkloadPilot    3: 64 op, 1052.00 ns, 16.4375 ns/op
WorkloadPilot    4: 128 op, 1462.00 ns, 11.4219 ns/op
WorkloadPilot    5: 256 op, 3056.00 ns, 11.9375 ns/op
WorkloadPilot    6: 512 op, 3597.00 ns, 7.0254 ns/op
WorkloadPilot    7: 1024 op, 6633.00 ns, 6.4775 ns/op
WorkloadPilot    8: 2048 op, 12414.00 ns, 6.0615 ns/op
WorkloadPilot    9: 4096 op, 24145.00 ns, 5.8948 ns/op
WorkloadPilot   10: 8192 op, 47479.00 ns, 5.7958 ns/op
WorkloadPilot   11: 16384 op, 94186.00 ns, 5.7487 ns/op
WorkloadPilot   12: 32768 op, 188402.00 ns, 5.7496 ns/op
WorkloadPilot   13: 65536 op, 374520.00 ns, 5.7147 ns/op
WorkloadPilot   14: 131072 op, 765320.00 ns, 5.8389 ns/op
WorkloadPilot   15: 262144 op, 1519229.00 ns, 5.7954 ns/op
WorkloadPilot   16: 524288 op, 3030212.00 ns, 5.7797 ns/op
WorkloadPilot   17: 1048576 op, 6062086.00 ns, 5.7813 ns/op
WorkloadPilot   18: 2097152 op, 12090408.00 ns, 5.7652 ns/op
WorkloadPilot   19: 4194304 op, 24141193.00 ns, 5.7557 ns/op
WorkloadPilot   20: 8388608 op, 48283378.00 ns, 5.7558 ns/op
WorkloadPilot   21: 16777216 op, 92064144.00 ns, 5.4875 ns/op
WorkloadPilot   22: 33554432 op, 141349965.00 ns, 4.2126 ns/op
WorkloadPilot   23: 67108864 op, 281908222.00 ns, 4.2008 ns/op
WorkloadPilot   24: 134217728 op, 564433612.00 ns, 4.2054 ns/op

OverheadWarmup   1: 134217728 op, 582077399.00 ns, 4.3368 ns/op
OverheadWarmup   2: 134217728 op, 443893378.00 ns, 3.3073 ns/op
OverheadWarmup   3: 134217728 op, 443882878.00 ns, 3.3072 ns/op
OverheadWarmup   4: 134217728 op, 443919846.00 ns, 3.3075 ns/op
OverheadWarmup   5: 134217728 op, 444176907.00 ns, 3.3094 ns/op
OverheadWarmup   6: 134217728 op, 444172579.00 ns, 3.3093 ns/op
OverheadWarmup   7: 134217728 op, 444327198.00 ns, 3.3105 ns/op
OverheadWarmup   8: 134217728 op, 444045141.00 ns, 3.3084 ns/op

OverheadActual   1: 134217728 op, 444069076.00 ns, 3.3086 ns/op
OverheadActual   2: 134217728 op, 444094784.00 ns, 3.3088 ns/op
OverheadActual   3: 134217728 op, 444168472.00 ns, 3.3093 ns/op
OverheadActual   4: 134217728 op, 444060279.00 ns, 3.3085 ns/op
OverheadActual   5: 134217728 op, 443965221.00 ns, 3.3078 ns/op
OverheadActual   6: 134217728 op, 445794068.00 ns, 3.3214 ns/op
OverheadActual   7: 134217728 op, 447003176.00 ns, 3.3304 ns/op
OverheadActual   8: 134217728 op, 444273527.00 ns, 3.3101 ns/op
OverheadActual   9: 134217728 op, 444004755.00 ns, 3.3081 ns/op
OverheadActual  10: 134217728 op, 444036093.00 ns, 3.3083 ns/op
OverheadActual  11: 134217728 op, 443793365.00 ns, 3.3065 ns/op
OverheadActual  12: 134217728 op, 444182842.00 ns, 3.3094 ns/op
OverheadActual  13: 134217728 op, 444017513.00 ns, 3.3082 ns/op
OverheadActual  14: 134217728 op, 443774399.00 ns, 3.3064 ns/op
OverheadActual  15: 134217728 op, 444373668.00 ns, 3.3108 ns/op

WorkloadWarmup   1: 134217728 op, 564595256.00 ns, 4.2066 ns/op
WorkloadWarmup   2: 134217728 op, 564883745.00 ns, 4.2087 ns/op
WorkloadWarmup   3: 134217728 op, 568598332.00 ns, 4.2364 ns/op

// BeforeActualRun
WorkloadActual   1: 134217728 op, 566224929.00 ns, 4.2187 ns/op
WorkloadActual   2: 134217728 op, 564408006.00 ns, 4.2052 ns/op
WorkloadActual   3: 134217728 op, 564260561.00 ns, 4.2041 ns/op
WorkloadActual   4: 134217728 op, 564401664.00 ns, 4.2051 ns/op
WorkloadActual   5: 134217728 op, 563914534.00 ns, 4.2015 ns/op

// AfterActualRun
WorkloadResult   1: 134217728 op, 120338930.00 ns, 0.8966 ns/op
WorkloadResult   2: 134217728 op, 120191485.00 ns, 0.8955 ns/op
WorkloadResult   3: 134217728 op, 120332588.00 ns, 0.8965 ns/op
WorkloadResult   4: 134217728 op, 119845458.00 ns, 0.8929 ns/op
// GC:  0 0 0 1072 134217728
// Threading:  0 0 134217728

// AfterAll
// Benchmark Process 4083 has exited with code 0.

Mean = 0.895 ns, StdErr = 0.001 ns (0.10%), N = 4, StdDev = 0.002 ns
Min = 0.893 ns, Q1 = 0.895 ns, Median = 0.896 ns, Q3 = 0.897 ns, Max = 0.897 ns
IQR = 0.002 ns, LowerFence = 0.892 ns, UpperFence = 0.899 ns
ConfidenceInterval = [0.884 ns; 0.907 ns] (CI 99.9%), Margin = 0.011 ns (1.24% of Mean)
Skewness = -0.58, Kurtosis = 1.17, MValue = 2

// ** Remained 18 (27.7 %) benchmark(s) to run. Estimated finish 2026-08-30 3:19 (0h 2m from now) **
// **************************
// Benchmark: ProviderResolutionBenchmarks.Provider_Shorthand_PropertyAccess: ShortRun(IterationCount=5, LaunchCount=1, WarmupCount=3)
// *** Execute ***
// Launch: 1 / 1
// Execute: dotnet bd712387-88f3-428d-bc3e-b66bbc2943f7.dll --anonymousPipes 163 164 --benchmarkName NexusLabs.Needlr.Benchmarks.Benchmarks.ProviderResolutionBenchmarks.Provider_Shorthand_PropertyAccess --job ShortRun --benchmarkId 47 in /home/runner/work/needlr/needlr/src/NexusLabs.Needlr.Benchmarks/bin/Release/net10.0/bd712387-88f3-428d-bc3e-b66bbc2943f7/bin/Release/net10.0
// Failed to set up high priority (Permission denied). In order to run benchmarks with high priority, make sure you have the right permissions.
// BeforeAnythingElse

// Benchmark Process Environment Information:
// BenchmarkDotNet v0.14.0
// Runtime=.NET 10.0.11 (10.0.1126.37416), X64 RyuJIT AVX2
// GC=Concurrent Workstation
// HardwareIntrinsics=AVX2,AES,BMI1,BMI2,FMA,LZCNT,PCLMUL,POPCNT VectorSize=256
// Job: ShortRun(IterationCount=5, LaunchCount=1, WarmupCount=3)

OverheadJitting  1: 1 op, 372296.00 ns, 372.2960 us/op
WorkloadJitting  1: 1 op, 300511.00 ns, 300.5110 us/op

OverheadJitting  2: 16 op, 474316.00 ns, 29.6448 us/op
WorkloadJitting  2: 16 op, 521504.00 ns, 32.5940 us/op

WorkloadPilot    1: 16 op, 711.00 ns, 44.4375 ns/op
WorkloadPilot    2: 32 op, 912.00 ns, 28.5000 ns/op
WorkloadPilot    3: 64 op, 1012.00 ns, 15.8125 ns/op
WorkloadPilot    4: 128 op, 1392.00 ns, 10.8750 ns/op
WorkloadPilot    5: 256 op, 2104.00 ns, 8.2188 ns/op
WorkloadPilot    6: 512 op, 3577.00 ns, 6.9863 ns/op
WorkloadPilot    7: 1024 op, 6543.00 ns, 6.3896 ns/op
WorkloadPilot    8: 2048 op, 12413.00 ns, 6.0610 ns/op
WorkloadPilot    9: 4096 op, 24195.00 ns, 5.9070 ns/op
WorkloadPilot   10: 8192 op, 47449.00 ns, 5.7921 ns/op
WorkloadPilot   11: 16384 op, 94957.00 ns, 5.7957 ns/op
WorkloadPilot   12: 32768 op, 187701.00 ns, 5.7282 ns/op
WorkloadPilot   13: 65536 op, 375281.00 ns, 5.7263 ns/op
WorkloadPilot   14: 131072 op, 748188.00 ns, 5.7082 ns/op
WorkloadPilot   15: 262144 op, 1534917.00 ns, 5.8552 ns/op
WorkloadPilot   16: 524288 op, 3051490.00 ns, 5.8203 ns/op
WorkloadPilot   17: 1048576 op, 6111176.00 ns, 5.8281 ns/op
WorkloadPilot   18: 2097152 op, 12149766.00 ns, 5.7935 ns/op
WorkloadPilot   19: 4194304 op, 24447390.00 ns, 5.8287 ns/op
WorkloadPilot   20: 8388608 op, 48813600.00 ns, 5.8190 ns/op
WorkloadPilot   21: 16777216 op, 70556631.00 ns, 4.2055 ns/op
WorkloadPilot   22: 33554432 op, 141763014.00 ns, 4.2249 ns/op
WorkloadPilot   23: 67108864 op, 282473573.00 ns, 4.2092 ns/op
WorkloadPilot   24: 134217728 op, 566727944.00 ns, 4.2225 ns/op

OverheadWarmup   1: 134217728 op, 579952509.00 ns, 4.3210 ns/op
OverheadWarmup   2: 134217728 op, 444025224.00 ns, 3.3082 ns/op
OverheadWarmup   3: 134217728 op, 445256974.00 ns, 3.3174 ns/op
OverheadWarmup   4: 134217728 op, 444172819.00 ns, 3.3093 ns/op
OverheadWarmup   5: 134217728 op, 445026705.00 ns, 3.3157 ns/op
OverheadWarmup   6: 134217728 op, 444337918.00 ns, 3.3106 ns/op

OverheadActual   1: 134217728 op, 444811923.00 ns, 3.3141 ns/op
OverheadActual   2: 134217728 op, 444172680.00 ns, 3.3093 ns/op
OverheadActual   3: 134217728 op, 451262971.00 ns, 3.3622 ns/op
OverheadActual   4: 134217728 op, 444267847.00 ns, 3.3101 ns/op
OverheadActual   5: 134217728 op, 444542200.00 ns, 3.3121 ns/op
OverheadActual   6: 134217728 op, 444299366.00 ns, 3.3103 ns/op
OverheadActual   7: 134217728 op, 444261114.00 ns, 3.3100 ns/op
OverheadActual   8: 134217728 op, 444470706.00 ns, 3.3116 ns/op
OverheadActual   9: 134217728 op, 444298556.00 ns, 3.3103 ns/op
OverheadActual  10: 134217728 op, 445765423.00 ns, 3.3212 ns/op
OverheadActual  11: 134217728 op, 444537009.00 ns, 3.3121 ns/op
OverheadActual  12: 134217728 op, 444186444.00 ns, 3.3094 ns/op
OverheadActual  13: 134217728 op, 444079544.00 ns, 3.3087 ns/op
OverheadActual  14: 134217728 op, 444420771.00 ns, 3.3112 ns/op
OverheadActual  15: 134217728 op, 444275564.00 ns, 3.3101 ns/op

WorkloadWarmup   1: 134217728 op, 567074475.00 ns, 4.2250 ns/op
WorkloadWarmup   2: 134217728 op, 570603258.00 ns, 4.2513 ns/op
WorkloadWarmup   3: 134217728 op, 564685172.00 ns, 4.2072 ns/op

// BeforeActualRun
WorkloadActual   1: 134217728 op, 564095099.00 ns, 4.2028 ns/op
WorkloadActual   2: 134217728 op, 564895695.00 ns, 4.2088 ns/op
WorkloadActual   3: 134217728 op, 564042181.00 ns, 4.2024 ns/op
WorkloadActual   4: 134217728 op, 564703687.00 ns, 4.2074 ns/op
WorkloadActual   5: 134217728 op, 564064923.00 ns, 4.2026 ns/op

// AfterActualRun
WorkloadResult   1: 134217728 op, 119795733.00 ns, 0.8925 ns/op
WorkloadResult   2: 134217728 op, 120596329.00 ns, 0.8985 ns/op
WorkloadResult   3: 134217728 op, 119742815.00 ns, 0.8922 ns/op
WorkloadResult   4: 134217728 op, 120404321.00 ns, 0.8971 ns/op
WorkloadResult   5: 134217728 op, 119765557.00 ns, 0.8923 ns/op
// GC:  0 0 0 1072 134217728
// Threading:  0 0 134217728

// AfterAll
// Benchmark Process 4094 has exited with code 0.

Mean = 0.895 ns, StdErr = 0.001 ns (0.15%), N = 5, StdDev = 0.003 ns
Min = 0.892 ns, Q1 = 0.892 ns, Median = 0.893 ns, Q3 = 0.897 ns, Max = 0.899 ns
IQR = 0.005 ns, LowerFence = 0.885 ns, UpperFence = 0.904 ns
ConfidenceInterval = [0.883 ns; 0.906 ns] (CI 99.9%), Margin = 0.012 ns (1.31% of Mean)
Skewness = 0.35, Kurtosis = 0.86, MValue = 2

// ** Remained 17 (26.2 %) benchmark(s) to run. Estimated finish 2026-08-30 3:20 (0h 2m from now) **
// ***** BenchmarkRunner: Finish  *****

// * Export *
  home/runner/work/needlr/needlr/benchmark-results/results/NexusLabs.Needlr.Benchmarks.Benchmarks.ProviderResolutionBenchmarks-report.csv
  home/runner/work/needlr/needlr/benchmark-results/results/NexusLabs.Needlr.Benchmarks.Benchmarks.ProviderResolutionBenchmarks-report-github.md
  home/runner/work/needlr/needlr/benchmark-results/results/NexusLabs.Needlr.Benchmarks.Benchmarks.ProviderResolutionBenchmarks-report.html
  home/runner/work/needlr/needlr/benchmark-results/results/NexusLabs.Needlr.Benchmarks.Benchmarks.ProviderResolutionBenchmarks-report-full-compressed.json
  home/runner/work/needlr/needlr/benchmark-results/results/NexusLabs.Needlr.Benchmarks.Benchmarks.ProviderResolutionBenchmarks-report-default.md

// * Detailed results *
ProviderResolutionBenchmarks.ManualDI_ServiceProvider_GetService: ShortRun(IterationCount=5, LaunchCount=1, WarmupCount=3)
Runtime = .NET 10.0.11 (10.0.1126.37416), X64 RyuJIT AVX2; GC = Concurrent Workstation
Mean = 15.245 ns, StdErr = 0.006 ns (0.04%), N = 5, StdDev = 0.014 ns
Min = 15.229 ns, Q1 = 15.233 ns, Median = 15.247 ns, Q3 = 15.255 ns, Max = 15.264 ns
IQR = 0.022 ns, LowerFence = 15.201 ns, UpperFence = 15.287 ns
ConfidenceInterval = [15.190 ns; 15.301 ns] (CI 99.9%), Margin = 0.055 ns (0.36% of Mean)
Skewness = 0.04, Kurtosis = 0.96, MValue = 2
-------------------- Histogram --------------------
[15.218 ns ; 15.275 ns) | @@@@@
---------------------------------------------------

ProviderResolutionBenchmarks.Needlr_Reflection_GetService: ShortRun(IterationCount=5, LaunchCount=1, WarmupCount=3)
Runtime = .NET 10.0.11 (10.0.1126.37416), X64 RyuJIT AVX2; GC = Concurrent Workstation
There are not any results runs

ProviderResolutionBenchmarks.Needlr_SourceGen_GetService: ShortRun(IterationCount=5, LaunchCount=1, WarmupCount=3)
Runtime = .NET 10.0.11 (10.0.1126.37416), X64 RyuJIT AVX2; GC = Concurrent Workstation
Mean = 15.446 ns, StdErr = 0.403 ns (2.61%), N = 5, StdDev = 0.901 ns
Min = 14.711 ns, Q1 = 14.750 ns, Median = 14.911 ns, Q3 = 16.409 ns, Max = 16.450 ns
IQR = 1.659 ns, LowerFence = 12.261 ns, UpperFence = 18.898 ns
ConfidenceInterval = [11.977 ns; 18.915 ns] (CI 99.9%), Margin = 3.469 ns (22.46% of Mean)
Skewness = 0.28, Kurtosis = 0.75, MValue = 2
-------------------- Histogram --------------------
[14.019 ns ; 15.503 ns) | @@@
[15.503 ns ; 17.141 ns) | @@
---------------------------------------------------

ProviderResolutionBenchmarks.Provider_Interface_PropertyAccess: ShortRun(IterationCount=5, LaunchCount=1, WarmupCount=3)
Runtime = .NET 10.0.11 (10.0.1126.37416), X64 RyuJIT AVX2; GC = Concurrent Workstation
Mean = 0.895 ns, StdErr = 0.001 ns (0.10%), N = 4, StdDev = 0.002 ns
Min = 0.893 ns, Q1 = 0.895 ns, Median = 0.896 ns, Q3 = 0.897 ns, Max = 0.897 ns
IQR = 0.002 ns, LowerFence = 0.892 ns, UpperFence = 0.899 ns
ConfidenceInterval = [0.884 ns; 0.907 ns] (CI 99.9%), Margin = 0.011 ns (1.24% of Mean)
Skewness = -0.58, Kurtosis = 1.17, MValue = 2
-------------------- Histogram --------------------
[0.891 ns ; 0.898 ns) | @@@@
---------------------------------------------------

ProviderResolutionBenchmarks.Provider_Shorthand_PropertyAccess: ShortRun(IterationCount=5, LaunchCount=1, WarmupCount=3)
Runtime = .NET 10.0.11 (10.0.1126.37416), X64 RyuJIT AVX2; GC = Concurrent Workstation
Mean = 0.895 ns, StdErr = 0.001 ns (0.15%), N = 5, StdDev = 0.003 ns
Min = 0.892 ns, Q1 = 0.892 ns, Median = 0.893 ns, Q3 = 0.897 ns, Max = 0.899 ns
IQR = 0.005 ns, LowerFence = 0.885 ns, UpperFence = 0.904 ns
ConfidenceInterval = [0.883 ns; 0.906 ns] (CI 99.9%), Margin = 0.012 ns (1.31% of Mean)
Skewness = 0.35, Kurtosis = 0.86, MValue = 2
-------------------- Histogram --------------------
[0.890 ns ; 0.901 ns) | @@@@@
---------------------------------------------------

// * Summary *

BenchmarkDotNet v0.14.0, Ubuntu 24.04.4 LTS (Noble Numbat)
AMD EPYC 7763, 1 CPU, 4 logical and 2 physical cores
.NET SDK 10.0.302
  [Host]   : .NET 10.0.11 (10.0.1126.37416), X64 RyuJIT AVX2
  ShortRun : .NET 10.0.11 (10.0.1126.37416), X64 RyuJIT AVX2

Job=ShortRun  IterationCount=5  LaunchCount=1  
WarmupCount=3  

| Method                              | Mean       | Error     | StdDev    | Ratio | RatioSD | Rank | Allocated | Alloc Ratio |
|------------------------------------ |-----------:|----------:|----------:|------:|--------:|-----:|----------:|------------:|
| ManualDI_ServiceProvider_GetService | 15.2455 ns | 0.0553 ns | 0.0144 ns |  1.00 |    0.00 |    2 |         - |          NA |
| Needlr_Reflection_GetService        |         NA |        NA |        NA |     ? |       ? |    ? |        NA |           ? |
| Needlr_SourceGen_GetService         | 15.4462 ns | 3.4689 ns | 0.9009 ns |  1.01 |    0.05 |    2 |         - |          NA |
| Provider_Interface_PropertyAccess   |  0.8954 ns | 0.0111 ns | 0.0017 ns |  0.06 |    0.00 |    1 |         - |          NA |
| Provider_Shorthand_PropertyAccess   |  0.8945 ns | 0.0117 ns | 0.0030 ns |  0.06 |    0.00 |    1 |         - |          NA |

Benchmarks with issues:
  ProviderResolutionBenchmarks.Needlr_Reflection_GetService: ShortRun(IterationCount=5, LaunchCount=1, WarmupCount=3)

// * Warnings *
BaselineCustomAnalyzer
  Summary -> A question mark '?' symbol indicates that it was not possible to compute the (Ratio, RatioSD, Alloc Ratio) column(s) because the baseline value is too close to zero.

// * Hints *
Outliers
  ProviderResolutionBenchmarks.Provider_Interface_PropertyAccess: ShortRun -> 1 outlier  was  removed, 2 outliers were detected (4.20 ns, 4.22 ns)
// * Config Issues *

// * Warnings *
Configuration
  Summary -> The exporter HtmlExporter is already present in configuration. There may be unexpected results.

// * Legends *
  Mean        : Arithmetic mean of all measurements
  Error       : Half of 99.9% confidence interval
  StdDev      : Standard deviation of all measurements
  Ratio       : Mean of the ratio distribution ([Current]/[Baseline])
  RatioSD     : Standard deviation of the ratio distribution ([Current]/[Baseline])
  Rank        : Relative position of current benchmark mean among all benchmarks (Arabic style)
  Allocated   : Allocated memory per single operation (managed only, inclusive, 1KB = 1024B)
  Alloc Ratio : Allocated memory ratio distribution ([Current]/[Baseline])
  1 ns        : 1 Nanosecond (0.000000001 sec)

// * Diagnostic Output - MemoryDiagnoser *


// ***** BenchmarkRunner: End *****
Run time: 00:00:52 (52.41 sec), executed benchmarks: 5

// Found 3 benchmarks:
//   ScopedServiceResolutionBenchmarks.ManualDI_CreateScopeAndResolve: ShortRun(IterationCount=5, LaunchCount=1, WarmupCount=3)
//   ScopedServiceResolutionBenchmarks.Needlr_Reflection_CreateScopeAndResolve: ShortRun(IterationCount=5, LaunchCount=1, WarmupCount=3)
//   ScopedServiceResolutionBenchmarks.Needlr_SourceGen_CreateScopeAndResolve: ShortRun(IterationCount=5, LaunchCount=1, WarmupCount=3)

// **************************
// Benchmark: ScopedServiceResolutionBenchmarks.ManualDI_CreateScopeAndResolve: ShortRun(IterationCount=5, LaunchCount=1, WarmupCount=3)
// *** Execute ***
// Launch: 1 / 1
// Execute: dotnet bd712387-88f3-428d-bc3e-b66bbc2943f7.dll --anonymousPipes 163 164 --benchmarkName NexusLabs.Needlr.Benchmarks.Benchmarks.ScopedServiceResolutionBenchmarks.ManualDI_CreateScopeAndResolve --job ShortRun --benchmarkId 48 in /home/runner/work/needlr/needlr/src/NexusLabs.Needlr.Benchmarks/bin/Release/net10.0/bd712387-88f3-428d-bc3e-b66bbc2943f7/bin/Release/net10.0
// Failed to set up high priority (Permission denied). In order to run benchmarks with high priority, make sure you have the right permissions.
// BeforeAnythingElse

// Benchmark Process Environment Information:
// BenchmarkDotNet v0.14.0
// Runtime=.NET 10.0.11 (10.0.1126.37416), X64 RyuJIT AVX2
// GC=Concurrent Workstation
// HardwareIntrinsics=AVX2,AES,BMI1,BMI2,FMA,LZCNT,PCLMUL,POPCNT VectorSize=256
// Job: ShortRun(IterationCount=5, LaunchCount=1, WarmupCount=3)

OverheadJitting  1: 1 op, 381853.00 ns, 381.8530 us/op
WorkloadJitting  1: 1 op, 6071251.00 ns, 6.0713 ms/op

OverheadJitting  2: 16 op, 475128.00 ns, 29.6955 us/op
WorkloadJitting  2: 16 op, 3068503.00 ns, 191.7814 us/op

WorkloadPilot    1: 16 op, 2269480.00 ns, 141.8425 us/op
WorkloadPilot    2: 32 op, 155270.00 ns, 4.8522 us/op
WorkloadPilot    3: 64 op, 210774.00 ns, 3.2933 us/op
WorkloadPilot    4: 128 op, 386211.00 ns, 3.0173 us/op
WorkloadPilot    5: 256 op, 753508.00 ns, 2.9434 us/op
WorkloadPilot    6: 512 op, 1388383.00 ns, 2.7117 us/op
WorkloadPilot    7: 1024 op, 2837561.00 ns, 2.7711 us/op
WorkloadPilot    8: 2048 op, 5829700.00 ns, 2.8465 us/op
WorkloadPilot    9: 4096 op, 11883539.00 ns, 2.9013 us/op
WorkloadPilot   10: 8192 op, 23429969.00 ns, 2.8601 us/op
WorkloadPilot   11: 16384 op, 46128100.00 ns, 2.8154 us/op
WorkloadPilot   12: 32768 op, 94237422.00 ns, 2.8759 us/op
WorkloadPilot   13: 65536 op, 146483442.00 ns, 2.2352 us/op
WorkloadPilot   14: 131072 op, 283014471.00 ns, 2.1592 us/op
WorkloadPilot   15: 262144 op, 565780869.00 ns, 2.1583 us/op

OverheadWarmup   1: 262144 op, 1034322.00 ns, 3.9456 ns/op
OverheadWarmup   2: 262144 op, 1030054.00 ns, 3.9293 ns/op
OverheadWarmup   3: 262144 op, 1027920.00 ns, 3.9212 ns/op
OverheadWarmup   4: 262144 op, 1040484.00 ns, 3.9691 ns/op
OverheadWarmup   5: 262144 op, 1321679.00 ns, 5.0418 ns/op
OverheadWarmup   6: 262144 op, 1029062.00 ns, 3.9256 ns/op
OverheadWarmup   7: 262144 op, 1029904.00 ns, 3.9288 ns/op
OverheadWarmup   8: 262144 op, 1037238.00 ns, 3.9567 ns/op
OverheadWarmup   9: 262144 op, 1041475.00 ns, 3.9729 ns/op
OverheadWarmup  10: 262144 op, 1036716.00 ns, 3.9548 ns/op

OverheadActual   1: 262144 op, 1031607.00 ns, 3.9353 ns/op
OverheadActual   2: 262144 op, 1031718.00 ns, 3.9357 ns/op
OverheadActual   3: 262144 op, 1031466.00 ns, 3.9347 ns/op
OverheadActual   4: 262144 op, 1028952.00 ns, 3.9251 ns/op
OverheadActual   5: 262144 op, 1031878.00 ns, 3.9363 ns/op
OverheadActual   6: 262144 op, 1039001.00 ns, 3.9635 ns/op
OverheadActual   7: 262144 op, 1031567.00 ns, 3.9351 ns/op
OverheadActual   8: 262144 op, 1031757.00 ns, 3.9358 ns/op
OverheadActual   9: 262144 op, 1028761.00 ns, 3.9244 ns/op
OverheadActual  10: 262144 op, 1028241.00 ns, 3.9224 ns/op
OverheadActual  11: 262144 op, 1028221.00 ns, 3.9224 ns/op
OverheadActual  12: 262144 op, 1034683.00 ns, 3.9470 ns/op
OverheadActual  13: 262144 op, 1044651.00 ns, 3.9850 ns/op
OverheadActual  14: 262144 op, 1021989.00 ns, 3.8986 ns/op
OverheadActual  15: 262144 op, 1023732.00 ns, 3.9052 ns/op

WorkloadWarmup   1: 262144 op, 572009284.00 ns, 2.1820 us/op
WorkloadWarmup   2: 262144 op, 569910994.00 ns, 2.1740 us/op
WorkloadWarmup   3: 262144 op, 565207768.00 ns, 2.1561 us/op

// BeforeActualRun
WorkloadActual   1: 262144 op, 567824015.00 ns, 2.1661 us/op
WorkloadActual   2: 262144 op, 565427368.00 ns, 2.1569 us/op
WorkloadActual   3: 262144 op, 565760591.00 ns, 2.1582 us/op
WorkloadActual   4: 262144 op, 568770804.00 ns, 2.1697 us/op
WorkloadActual   5: 262144 op, 565358229.00 ns, 2.1567 us/op

// AfterActualRun
WorkloadResult   1: 262144 op, 566792448.00 ns, 2.1621 us/op
WorkloadResult   2: 262144 op, 564395801.00 ns, 2.1530 us/op
WorkloadResult   3: 262144 op, 564729024.00 ns, 2.1543 us/op
WorkloadResult   4: 262144 op, 567739237.00 ns, 2.1658 us/op
WorkloadResult   5: 262144 op, 564326662.00 ns, 2.1527 us/op
// GC:  6 0 0 106956112 262144
// Threading:  0 0 262144

// AfterAll
// Benchmark Process 4105 has exited with code 0.

Mean = 2.158 μs, StdErr = 0.003 μs (0.12%), N = 5, StdDev = 0.006 μs
Min = 2.153 μs, Q1 = 2.153 μs, Median = 2.154 μs, Q3 = 2.162 μs, Max = 2.166 μs
IQR = 0.009 μs, LowerFence = 2.139 μs, UpperFence = 2.176 μs
ConfidenceInterval = [2.135 μs; 2.181 μs] (CI 99.9%), Margin = 0.023 μs (1.07% of Mean)
Skewness = 0.37, Kurtosis = 0.94, MValue = 2

// ** Remained 16 (24.6 %) benchmark(s) to run. Estimated finish 2026-08-30 3:20 (0h 2m from now) **
// **************************
// Benchmark: ScopedServiceResolutionBenchmarks.Needlr_Reflection_CreateScopeAndResolve: ShortRun(IterationCount=5, LaunchCount=1, WarmupCount=3)
// *** Execute ***
// Launch: 1 / 1
// Execute: dotnet bd712387-88f3-428d-bc3e-b66bbc2943f7.dll --anonymousPipes 163 164 --benchmarkName NexusLabs.Needlr.Benchmarks.Benchmarks.ScopedServiceResolutionBenchmarks.Needlr_Reflection_CreateScopeAndResolve --job ShortRun --benchmarkId 49 in /home/runner/work/needlr/needlr/src/NexusLabs.Needlr.Benchmarks/bin/Release/net10.0/bd712387-88f3-428d-bc3e-b66bbc2943f7/bin/Release/net10.0
// Failed to set up high priority (Permission denied). In order to run benchmarks with high priority, make sure you have the right permissions.
// BeforeAnythingElse

// Benchmark Process Environment Information:
// BenchmarkDotNet v0.14.0
// Runtime=.NET 10.0.11 (10.0.1126.37416), X64 RyuJIT AVX2
// GC=Concurrent Workstation
// HardwareIntrinsics=AVX2,AES,BMI1,BMI2,FMA,LZCNT,PCLMUL,POPCNT VectorSize=256
// Job: ShortRun(IterationCount=5, LaunchCount=1, WarmupCount=3)

OverheadJitting  1: 1 op, 346517.00 ns, 346.5170 us/op
WorkloadJitting  1: 1 op, 6185275.00 ns, 6.1853 ms/op

OverheadJitting  2: 16 op, 500976.00 ns, 31.3110 us/op
WorkloadJitting  2: 16 op, 2717296.00 ns, 169.8310 us/op

WorkloadPilot    1: 16 op, 2341835.00 ns, 146.3647 us/op
WorkloadPilot    2: 32 op, 158526.00 ns, 4.9539 us/op
WorkloadPilot    3: 64 op, 215423.00 ns, 3.3660 us/op
WorkloadPilot    4: 128 op, 378667.00 ns, 2.9583 us/op
WorkloadPilot    5: 256 op, 763166.00 ns, 2.9811 us/op
WorkloadPilot    6: 512 op, 1426455.00 ns, 2.7860 us/op
WorkloadPilot    7: 1024 op, 2849242.00 ns, 2.7825 us/op
WorkloadPilot    8: 2048 op, 5850650.00 ns, 2.8568 us/op
WorkloadPilot    9: 4096 op, 11937069.00 ns, 2.9143 us/op
WorkloadPilot   10: 8192 op, 23418227.00 ns, 2.8587 us/op
WorkloadPilot   11: 16384 op, 46747427.00 ns, 2.8532 us/op
WorkloadPilot   12: 32768 op, 95405675.00 ns, 2.9116 us/op
WorkloadPilot   13: 65536 op, 145988257.00 ns, 2.2276 us/op
WorkloadPilot   14: 131072 op, 284228660.00 ns, 2.1685 us/op
WorkloadPilot   15: 262144 op, 568360878.00 ns, 2.1681 us/op

OverheadWarmup   1: 262144 op, 1051514.00 ns, 4.0112 ns/op
OverheadWarmup   2: 262144 op, 1052126.00 ns, 4.0135 ns/op
OverheadWarmup   3: 262144 op, 1059710.00 ns, 4.0425 ns/op
OverheadWarmup   4: 262144 op, 1043078.00 ns, 3.9790 ns/op
OverheadWarmup   5: 262144 op, 1062174.00 ns, 4.0519 ns/op
OverheadWarmup   6: 262144 op, 1043459.00 ns, 3.9805 ns/op

OverheadActual   1: 262144 op, 1062264.00 ns, 4.0522 ns/op
OverheadActual   2: 262144 op, 1059699.00 ns, 4.0424 ns/op
OverheadActual   3: 262144 op, 1050383.00 ns, 4.0069 ns/op
OverheadActual   4: 262144 op, 1058227.00 ns, 4.0368 ns/op
OverheadActual   5: 262144 op, 1045934.00 ns, 3.9899 ns/op
OverheadActual   6: 262144 op, 1049470.00 ns, 4.0034 ns/op
OverheadActual   7: 262144 op, 1043729.00 ns, 3.9815 ns/op
OverheadActual   8: 262144 op, 1066923.00 ns, 4.0700 ns/op
OverheadActual   9: 262144 op, 1045142.00 ns, 3.9869 ns/op
OverheadActual  10: 262144 op, 1053098.00 ns, 4.0173 ns/op
OverheadActual  11: 262144 op, 1045844.00 ns, 3.9896 ns/op
OverheadActual  12: 262144 op, 1045643.00 ns, 3.9888 ns/op
OverheadActual  13: 262144 op, 1047006.00 ns, 3.9940 ns/op
OverheadActual  14: 262144 op, 1046294.00 ns, 3.9913 ns/op
OverheadActual  15: 262144 op, 1049020.00 ns, 4.0017 ns/op

WorkloadWarmup   1: 262144 op, 575934855.00 ns, 2.1970 us/op
WorkloadWarmup   2: 262144 op, 575290987.00 ns, 2.1946 us/op
WorkloadWarmup   3: 262144 op, 568686850.00 ns, 2.1694 us/op

// BeforeActualRun
WorkloadActual   1: 262144 op, 571767293.00 ns, 2.1811 us/op
WorkloadActual   2: 262144 op, 568201282.00 ns, 2.1675 us/op
WorkloadActual   3: 262144 op, 569187434.00 ns, 2.1713 us/op
WorkloadActual   4: 262144 op, 568037906.00 ns, 2.1669 us/op
WorkloadActual   5: 262144 op, 567389145.00 ns, 2.1644 us/op

// AfterActualRun
WorkloadResult   1: 262144 op, 567152262.00 ns, 2.1635 us/op
WorkloadResult   2: 262144 op, 568138414.00 ns, 2.1673 us/op
WorkloadResult   3: 262144 op, 566988886.00 ns, 2.1629 us/op
WorkloadResult   4: 262144 op, 566340125.00 ns, 2.1604 us/op
// GC:  6 0 0 106956112 262144
// Threading:  0 0 262144

// AfterAll
// Benchmark Process 4118 has exited with code 0.

Mean = 2.164 μs, StdErr = 0.001 μs (0.07%), N = 4, StdDev = 0.003 μs
Min = 2.160 μs, Q1 = 2.162 μs, Median = 2.163 μs, Q3 = 2.164 μs, Max = 2.167 μs
IQR = 0.002 μs, LowerFence = 2.159 μs, UpperFence = 2.168 μs
ConfidenceInterval = [2.145 μs; 2.182 μs] (CI 99.9%), Margin = 0.018 μs (0.85% of Mean)
Skewness = 0.25, Kurtosis = 1.13, MValue = 2

// ** Remained 15 (23.1 %) benchmark(s) to run. Estimated finish 2026-08-30 3:20 (0h 2m from now) **
// **************************
// Benchmark: ScopedServiceResolutionBenchmarks.Needlr_SourceGen_CreateScopeAndResolve: ShortRun(IterationCount=5, LaunchCount=1, WarmupCount=3)
// *** Execute ***
// Launch: 1 / 1
// Execute: dotnet bd712387-88f3-428d-bc3e-b66bbc2943f7.dll --anonymousPipes 165 107 --benchmarkName NexusLabs.Needlr.Benchmarks.Benchmarks.ScopedServiceResolutionBenchmarks.Needlr_SourceGen_CreateScopeAndResolve --job ShortRun --benchmarkId 50 in /home/runner/work/needlr/needlr/src/NexusLabs.Needlr.Benchmarks/bin/Release/net10.0/bd712387-88f3-428d-bc3e-b66bbc2943f7/bin/Release/net10.0
// Failed to set up high priority (Permission denied). In order to run benchmarks with high priority, make sure you have the right permissions.
// BeforeAnythingElse

// Benchmark Process Environment Information:
// BenchmarkDotNet v0.14.0
// Runtime=.NET 10.0.11 (10.0.1126.37416), X64 RyuJIT AVX2
// GC=Concurrent Workstation
// HardwareIntrinsics=AVX2,AES,BMI1,BMI2,FMA,LZCNT,PCLMUL,POPCNT VectorSize=256
// Job: ShortRun(IterationCount=5, LaunchCount=1, WarmupCount=3)

OverheadJitting  1: 1 op, 352158.00 ns, 352.1580 us/op
WorkloadJitting  1: 1 op, 5013406.00 ns, 5.0134 ms/op

OverheadJitting  2: 16 op, 487861.00 ns, 30.4913 us/op
WorkloadJitting  2: 16 op, 2295208.00 ns, 143.4505 us/op

WorkloadPilot    1: 16 op, 290523.00 ns, 18.1577 us/op
WorkloadPilot    2: 32 op, 2149645.00 ns, 67.1764 us/op
WorkloadPilot    3: 64 op, 246942.00 ns, 3.8585 us/op
WorkloadPilot    4: 128 op, 405718.00 ns, 3.1697 us/op
WorkloadPilot    5: 256 op, 873071.00 ns, 3.4104 us/op
WorkloadPilot    6: 512 op, 1733699.00 ns, 3.3861 us/op
WorkloadPilot    7: 1024 op, 3298122.00 ns, 3.2208 us/op
WorkloadPilot    8: 2048 op, 6938282.00 ns, 3.3878 us/op
WorkloadPilot    9: 4096 op, 13640753.00 ns, 3.3303 us/op
WorkloadPilot   10: 8192 op, 27064772.00 ns, 3.3038 us/op
WorkloadPilot   11: 16384 op, 53677580.00 ns, 3.2762 us/op
WorkloadPilot   12: 32768 op, 108255821.00 ns, 3.3037 us/op
WorkloadPilot   13: 65536 op, 152585567.00 ns, 2.3283 us/op
WorkloadPilot   14: 131072 op, 301544419.00 ns, 2.3006 us/op
WorkloadPilot   15: 262144 op, 601186774.00 ns, 2.2933 us/op

OverheadWarmup   1: 262144 op, 1047457.00 ns, 3.9957 ns/op
OverheadWarmup   2: 262144 op, 1042277.00 ns, 3.9760 ns/op
OverheadWarmup   3: 262144 op, 1038219.00 ns, 3.9605 ns/op
OverheadWarmup   4: 262144 op, 1038380.00 ns, 3.9611 ns/op
OverheadWarmup   5: 262144 op, 1038139.00 ns, 3.9602 ns/op
OverheadWarmup   6: 262144 op, 1038069.00 ns, 3.9599 ns/op
OverheadWarmup   7: 262144 op, 1034533.00 ns, 3.9464 ns/op
OverheadWarmup   8: 262144 op, 1032038.00 ns, 3.9369 ns/op
OverheadWarmup   9: 262144 op, 1040213.00 ns, 3.9681 ns/op
OverheadWarmup  10: 262144 op, 1042628.00 ns, 3.9773 ns/op

OverheadActual   1: 262144 op, 1045984.00 ns, 3.9901 ns/op
OverheadActual   2: 262144 op, 1040634.00 ns, 3.9697 ns/op
OverheadActual   3: 262144 op, 1040634.00 ns, 3.9697 ns/op
OverheadActual   4: 262144 op, 1042357.00 ns, 3.9763 ns/op
OverheadActual   5: 262144 op, 1040825.00 ns, 3.9704 ns/op
OverheadActual   6: 262144 op, 1039602.00 ns, 3.9658 ns/op
OverheadActual   7: 262144 op, 1040193.00 ns, 3.9680 ns/op
OverheadActual   8: 262144 op, 1048719.00 ns, 4.0005 ns/op
OverheadActual   9: 262144 op, 1040554.00 ns, 3.9694 ns/op
OverheadActual  10: 262144 op, 1039733.00 ns, 3.9663 ns/op
OverheadActual  11: 262144 op, 1039713.00 ns, 3.9662 ns/op
OverheadActual  12: 262144 op, 1080669.00 ns, 4.1224 ns/op
OverheadActual  13: 262144 op, 1040123.00 ns, 3.9678 ns/op
OverheadActual  14: 262144 op, 1053258.00 ns, 4.0179 ns/op
OverheadActual  15: 262144 op, 1039833.00 ns, 3.9666 ns/op

WorkloadWarmup   1: 262144 op, 612639916.00 ns, 2.3370 us/op
WorkloadWarmup   2: 262144 op, 605126174.00 ns, 2.3084 us/op
WorkloadWarmup   3: 262144 op, 599686067.00 ns, 2.2876 us/op

// BeforeActualRun
WorkloadActual   1: 262144 op, 602702643.00 ns, 2.2991 us/op
WorkloadActual   2: 262144 op, 596398967.00 ns, 2.2751 us/op
WorkloadActual   3: 262144 op, 596187993.00 ns, 2.2743 us/op
WorkloadActual   4: 262144 op, 598327399.00 ns, 2.2824 us/op
WorkloadActual   5: 262144 op, 599281622.00 ns, 2.2861 us/op

// AfterActualRun
WorkloadResult   1: 262144 op, 601662009.00 ns, 2.2952 us/op
WorkloadResult   2: 262144 op, 595358333.00 ns, 2.2711 us/op
WorkloadResult   3: 262144 op, 595147359.00 ns, 2.2703 us/op
WorkloadResult   4: 262144 op, 597286765.00 ns, 2.2785 us/op
WorkloadResult   5: 262144 op, 598240988.00 ns, 2.2821 us/op
// GC:  6 0 0 106956112 262144
// Threading:  0 0 262144

// AfterAll
// Benchmark Process 4133 has exited with code 0.

Mean = 2.279 μs, StdErr = 0.005 μs (0.20%), N = 5, StdDev = 0.010 μs
Min = 2.270 μs, Q1 = 2.271 μs, Median = 2.278 μs, Q3 = 2.282 μs, Max = 2.295 μs
IQR = 0.011 μs, LowerFence = 2.255 μs, UpperFence = 2.299 μs
ConfidenceInterval = [2.241 μs; 2.318 μs] (CI 99.9%), Margin = 0.039 μs (1.71% of Mean)
Skewness = 0.5, Kurtosis = 1.4, MValue = 2

// ** Remained 14 (21.5 %) benchmark(s) to run. Estimated finish 2026-08-30 3:20 (0h 1m from now) **
// ***** BenchmarkRunner: Finish  *****

// * Export *
  home/runner/work/needlr/needlr/benchmark-results/results/NexusLabs.Needlr.Benchmarks.Benchmarks.ScopedServiceResolutionBenchmarks-report.csv
  home/runner/work/needlr/needlr/benchmark-results/results/NexusLabs.Needlr.Benchmarks.Benchmarks.ScopedServiceResolutionBenchmarks-report-github.md
  home/runner/work/needlr/needlr/benchmark-results/results/NexusLabs.Needlr.Benchmarks.Benchmarks.ScopedServiceResolutionBenchmarks-report.html
  home/runner/work/needlr/needlr/benchmark-results/results/NexusLabs.Needlr.Benchmarks.Benchmarks.ScopedServiceResolutionBenchmarks-report-full-compressed.json
  home/runner/work/needlr/needlr/benchmark-results/results/NexusLabs.Needlr.Benchmarks.Benchmarks.ScopedServiceResolutionBenchmarks-report-default.md

// * Detailed results *
ScopedServiceResolutionBenchmarks.ManualDI_CreateScopeAndResolve: ShortRun(IterationCount=5, LaunchCount=1, WarmupCount=3)
Runtime = .NET 10.0.11 (10.0.1126.37416), X64 RyuJIT AVX2; GC = Concurrent Workstation
Mean = 2.158 μs, StdErr = 0.003 μs (0.12%), N = 5, StdDev = 0.006 μs
Min = 2.153 μs, Q1 = 2.153 μs, Median = 2.154 μs, Q3 = 2.162 μs, Max = 2.166 μs
IQR = 0.009 μs, LowerFence = 2.139 μs, UpperFence = 2.176 μs
ConfidenceInterval = [2.135 μs; 2.181 μs] (CI 99.9%), Margin = 0.023 μs (1.07% of Mean)
Skewness = 0.37, Kurtosis = 0.94, MValue = 2
-------------------- Histogram --------------------
[2.148 μs ; 2.170 μs) | @@@@@
---------------------------------------------------

ScopedServiceResolutionBenchmarks.Needlr_Reflection_CreateScopeAndResolve: ShortRun(IterationCount=5, LaunchCount=1, WarmupCount=3)
Runtime = .NET 10.0.11 (10.0.1126.37416), X64 RyuJIT AVX2; GC = Concurrent Workstation
Mean = 2.164 μs, StdErr = 0.001 μs (0.07%), N = 4, StdDev = 0.003 μs
Min = 2.160 μs, Q1 = 2.162 μs, Median = 2.163 μs, Q3 = 2.164 μs, Max = 2.167 μs
IQR = 0.002 μs, LowerFence = 2.159 μs, UpperFence = 2.168 μs
ConfidenceInterval = [2.145 μs; 2.182 μs] (CI 99.9%), Margin = 0.018 μs (0.85% of Mean)
Skewness = 0.25, Kurtosis = 1.13, MValue = 2
-------------------- Histogram --------------------
[2.158 μs ; 2.170 μs) | @@@@
---------------------------------------------------

ScopedServiceResolutionBenchmarks.Needlr_SourceGen_CreateScopeAndResolve: ShortRun(IterationCount=5, LaunchCount=1, WarmupCount=3)
Runtime = .NET 10.0.11 (10.0.1126.37416), X64 RyuJIT AVX2; GC = Concurrent Workstation
Mean = 2.279 μs, StdErr = 0.005 μs (0.20%), N = 5, StdDev = 0.010 μs
Min = 2.270 μs, Q1 = 2.271 μs, Median = 2.278 μs, Q3 = 2.282 μs, Max = 2.295 μs
IQR = 0.011 μs, LowerFence = 2.255 μs, UpperFence = 2.299 μs
ConfidenceInterval = [2.241 μs; 2.318 μs] (CI 99.9%), Margin = 0.039 μs (1.71% of Mean)
Skewness = 0.5, Kurtosis = 1.4, MValue = 2
-------------------- Histogram --------------------
[2.263 μs ; 2.303 μs) | @@@@@
---------------------------------------------------

// * Summary *

BenchmarkDotNet v0.14.0, Ubuntu 24.04.4 LTS (Noble Numbat)
AMD EPYC 7763, 1 CPU, 4 logical and 2 physical cores
.NET SDK 10.0.302
  [Host]   : .NET 10.0.11 (10.0.1126.37416), X64 RyuJIT AVX2
  ShortRun : .NET 10.0.11 (10.0.1126.37416), X64 RyuJIT AVX2

Job=ShortRun  IterationCount=5  LaunchCount=1  
WarmupCount=3  

| Method                                  | Mean     | Error     | StdDev    | Ratio | Rank | Gen0   | Allocated | Alloc Ratio |
|---------------------------------------- |---------:|----------:|----------:|------:|-----:|-------:|----------:|------------:|
| ManualDI_CreateScopeAndResolve          | 2.158 μs | 0.0230 μs | 0.0060 μs |  1.00 |    1 | 0.0229 |     408 B |        1.00 |
| Needlr_Reflection_CreateScopeAndResolve | 2.164 μs | 0.0183 μs | 0.0028 μs |  1.00 |    1 | 0.0229 |     408 B |        1.00 |
| Needlr_SourceGen_CreateScopeAndResolve  | 2.279 μs | 0.0389 μs | 0.0101 μs |  1.06 |    1 | 0.0229 |     408 B |        1.00 |

// * Hints *
Outliers
  ScopedServiceResolutionBenchmarks.Needlr_Reflection_CreateScopeAndResolve: ShortRun -> 1 outlier  was  removed (2.18 μs)
// * Config Issues *

// * Warnings *
Configuration
  Summary -> The exporter HtmlExporter is already present in configuration. There may be unexpected results.

// * Legends *
  Mean        : Arithmetic mean of all measurements
  Error       : Half of 99.9% confidence interval
  StdDev      : Standard deviation of all measurements
  Ratio       : Mean of the ratio distribution ([Current]/[Baseline])
  Rank        : Relative position of current benchmark mean among all benchmarks (Arabic style)
  Gen0        : GC Generation 0 collects per 1000 operations
  Allocated   : Allocated memory per single operation (managed only, inclusive, 1KB = 1024B)
  Alloc Ratio : Allocated memory ratio distribution ([Current]/[Baseline])
  1 μs        : 1 Microsecond (0.000001 sec)

// * Diagnostic Output - MemoryDiagnoser *


// ***** BenchmarkRunner: End *****
Run time: 00:00:20 (20.36 sec), executed benchmarks: 3

// Found 4 benchmarks:
//   ServiceProviderBuildBenchmarks.ManualDI_BuildServiceProvider: ShortRun(IterationCount=5, LaunchCount=1, WarmupCount=3)
//   ServiceProviderBuildBenchmarks.Needlr_Reflection_BuildServiceProvider: ShortRun(IterationCount=5, LaunchCount=1, WarmupCount=3)
//   ServiceProviderBuildBenchmarks.Needlr_SourceGenExplicit_BuildServiceProvider: ShortRun(IterationCount=5, LaunchCount=1, WarmupCount=3)
//   ServiceProviderBuildBenchmarks.Needlr_SourceGenImplicit_BuildServiceProvider: ShortRun(IterationCount=5, LaunchCount=1, WarmupCount=3)

// **************************
// Benchmark: ServiceProviderBuildBenchmarks.ManualDI_BuildServiceProvider: ShortRun(IterationCount=5, LaunchCount=1, WarmupCount=3)
// *** Execute ***
// Launch: 1 / 1
// Execute: dotnet bd712387-88f3-428d-bc3e-b66bbc2943f7.dll --anonymousPipes 163 164 --benchmarkName NexusLabs.Needlr.Benchmarks.Benchmarks.ServiceProviderBuildBenchmarks.ManualDI_BuildServiceProvider --job ShortRun --benchmarkId 51 in /home/runner/work/needlr/needlr/src/NexusLabs.Needlr.Benchmarks/bin/Release/net10.0/bd712387-88f3-428d-bc3e-b66bbc2943f7/bin/Release/net10.0
// Failed to set up high priority (Permission denied). In order to run benchmarks with high priority, make sure you have the right permissions.
// BeforeAnythingElse

// Benchmark Process Environment Information:
// BenchmarkDotNet v0.14.0
// Runtime=.NET 10.0.11 (10.0.1126.37416), X64 RyuJIT AVX2
// GC=Concurrent Workstation
// HardwareIntrinsics=AVX2,AES,BMI1,BMI2,FMA,LZCNT,PCLMUL,POPCNT VectorSize=256
// Job: ShortRun(IterationCount=5, LaunchCount=1, WarmupCount=3)

OverheadJitting  1: 1 op, 354151.00 ns, 354.1510 us/op
WorkloadJitting  1: 1 op, 7093210.00 ns, 7.0932 ms/op

OverheadJitting  2: 16 op, 513509.00 ns, 32.0943 us/op
WorkloadJitting  2: 16 op, 802159.00 ns, 50.1349 us/op

WorkloadPilot    1: 16 op, 128079.00 ns, 8.0049 us/op
WorkloadPilot    2: 32 op, 165669.00 ns, 5.1772 us/op
WorkloadPilot    3: 64 op, 379429.00 ns, 5.9286 us/op
WorkloadPilot    4: 128 op, 655214.00 ns, 5.1189 us/op
WorkloadPilot    5: 256 op, 1291543.00 ns, 5.0451 us/op
WorkloadPilot    6: 512 op, 2603133.00 ns, 5.0842 us/op
WorkloadPilot    7: 1024 op, 5245048.00 ns, 5.1221 us/op
WorkloadPilot    8: 2048 op, 11272428.00 ns, 5.5041 us/op
WorkloadPilot    9: 4096 op, 20817177.00 ns, 5.0823 us/op
WorkloadPilot   10: 8192 op, 28525358.00 ns, 3.4821 us/op
WorkloadPilot   11: 16384 op, 56369281.00 ns, 3.4405 us/op
WorkloadPilot   12: 32768 op, 131754395.00 ns, 4.0208 us/op
WorkloadPilot   13: 65536 op, 149018259.00 ns, 2.2738 us/op
WorkloadPilot   14: 131072 op, 194703417.00 ns, 1.4855 us/op
WorkloadPilot   15: 262144 op, 371656135.00 ns, 1.4178 us/op
WorkloadPilot   16: 524288 op, 755778757.00 ns, 1.4415 us/op

OverheadWarmup   1: 524288 op, 2264070.00 ns, 4.3184 ns/op
OverheadWarmup   2: 524288 op, 2253340.00 ns, 4.2979 ns/op
OverheadWarmup   3: 524288 op, 2265261.00 ns, 4.3206 ns/op
OverheadWarmup   4: 524288 op, 2246155.00 ns, 4.2842 ns/op
OverheadWarmup   5: 524288 op, 2231168.00 ns, 4.2556 ns/op
OverheadWarmup   6: 524288 op, 2278436.00 ns, 4.3458 ns/op
OverheadWarmup   7: 524288 op, 2257147.00 ns, 4.3052 ns/op

OverheadActual   1: 524288 op, 2231669.00 ns, 4.2566 ns/op
OverheadActual   2: 524288 op, 2238511.00 ns, 4.2696 ns/op
OverheadActual   3: 524288 op, 2246958.00 ns, 4.2857 ns/op
OverheadActual   4: 524288 op, 2224245.00 ns, 4.2424 ns/op
OverheadActual   5: 524288 op, 2233933.00 ns, 4.2609 ns/op
OverheadActual   6: 524288 op, 2262006.00 ns, 4.3144 ns/op
OverheadActual   7: 524288 op, 2246376.00 ns, 4.2846 ns/op
OverheadActual   8: 524288 op, 2254761.00 ns, 4.3006 ns/op
OverheadActual   9: 524288 op, 2237570.00 ns, 4.2678 ns/op
OverheadActual  10: 524288 op, 2240055.00 ns, 4.2726 ns/op
OverheadActual  11: 524288 op, 2239735.00 ns, 4.2720 ns/op
OverheadActual  12: 524288 op, 2250885.00 ns, 4.2932 ns/op
OverheadActual  13: 524288 op, 2250534.00 ns, 4.2926 ns/op
OverheadActual  14: 524288 op, 2227221.00 ns, 4.2481 ns/op
OverheadActual  15: 524288 op, 2240596.00 ns, 4.2736 ns/op

WorkloadWarmup   1: 524288 op, 768027018.00 ns, 1.4649 us/op
WorkloadWarmup   2: 524288 op, 762093784.00 ns, 1.4536 us/op
WorkloadWarmup   3: 524288 op, 762989834.00 ns, 1.4553 us/op

// BeforeActualRun
WorkloadActual   1: 524288 op, 767245285.00 ns, 1.4634 us/op
WorkloadActual   2: 524288 op, 764357790.00 ns, 1.4579 us/op
WorkloadActual   3: 524288 op, 752640497.00 ns, 1.4355 us/op
WorkloadActual   4: 524288 op, 756511560.00 ns, 1.4429 us/op
WorkloadActual   5: 524288 op, 760432876.00 ns, 1.4504 us/op

// AfterActualRun
WorkloadResult   1: 524288 op, 765005230.00 ns, 1.4591 us/op
WorkloadResult   2: 524288 op, 762117735.00 ns, 1.4536 us/op
WorkloadResult   3: 524288 op, 750400442.00 ns, 1.4313 us/op
WorkloadResult   4: 524288 op, 754271505.00 ns, 1.4387 us/op
WorkloadResult   5: 524288 op, 758192821.00 ns, 1.4461 us/op
// GC:  146 48 0 2449474272 524288
// Threading:  0 0 524288

// AfterAll
// Benchmark Process 4146 has exited with code 0.

Mean = 1.446 μs, StdErr = 0.005 μs (0.35%), N = 5, StdDev = 0.011 μs
Min = 1.431 μs, Q1 = 1.439 μs, Median = 1.446 μs, Q3 = 1.454 μs, Max = 1.459 μs
IQR = 0.015 μs, LowerFence = 1.416 μs, UpperFence = 1.476 μs
ConfidenceInterval = [1.403 μs; 1.489 μs] (CI 99.9%), Margin = 0.043 μs (2.98% of Mean)
Skewness = -0.08, Kurtosis = 1.05, MValue = 2

// ** Remained 13 (20.0 %) benchmark(s) to run. Estimated finish 2026-08-30 3:20 (0h 1m from now) **
// **************************
// Benchmark: ServiceProviderBuildBenchmarks.Needlr_Reflection_BuildServiceProvider: ShortRun(IterationCount=5, LaunchCount=1, WarmupCount=3)
// *** Execute ***
// Launch: 1 / 1
// Execute: dotnet bd712387-88f3-428d-bc3e-b66bbc2943f7.dll --anonymousPipes 163 164 --benchmarkName NexusLabs.Needlr.Benchmarks.Benchmarks.ServiceProviderBuildBenchmarks.Needlr_Reflection_BuildServiceProvider --job ShortRun --benchmarkId 52 in /home/runner/work/needlr/needlr/src/NexusLabs.Needlr.Benchmarks/bin/Release/net10.0/bd712387-88f3-428d-bc3e-b66bbc2943f7/bin/Release/net10.0
// Failed to set up high priority (Permission denied). In order to run benchmarks with high priority, make sure you have the right permissions.
// BeforeAnythingElse

// Benchmark Process Environment Information:
// BenchmarkDotNet v0.14.0
// Runtime=.NET 10.0.11 (10.0.1126.37416), X64 RyuJIT AVX2
// GC=Concurrent Workstation
// HardwareIntrinsics=AVX2,AES,BMI1,BMI2,FMA,LZCNT,PCLMUL,POPCNT VectorSize=256
// Job: ShortRun(IterationCount=5, LaunchCount=1, WarmupCount=3)

OverheadJitting  1: 1 op, 359051.00 ns, 359.0510 us/op
WorkloadJitting  1: 1 op, 63049879.00 ns, 63.0499 ms/op

WorkloadPilot    1: 2 op, 11889223.00 ns, 5.9446 ms/op
WorkloadPilot    2: 3 op, 15248661.00 ns, 5.0829 ms/op
WorkloadPilot    3: 4 op, 34372941.00 ns, 8.5932 ms/op
WorkloadPilot    4: 5 op, 24267300.00 ns, 4.8535 ms/op
WorkloadPilot    5: 6 op, 28731401.00 ns, 4.7886 ms/op
WorkloadPilot    6: 7 op, 43043031.00 ns, 6.1490 ms/op
WorkloadPilot    7: 8 op, 44550546.00 ns, 5.5688 ms/op
WorkloadPilot    8: 9 op, 55456604.00 ns, 6.1618 ms/op
WorkloadPilot    9: 10 op, 54711982.00 ns, 5.4712 ms/op
WorkloadPilot   10: 11 op, 69814785.00 ns, 6.3468 ms/op
WorkloadPilot   11: 12 op, 67293930.00 ns, 5.6078 ms/op
WorkloadPilot   12: 13 op, 73270967.00 ns, 5.6362 ms/op
WorkloadPilot   13: 14 op, 81003534.00 ns, 5.7860 ms/op
WorkloadPilot   14: 15 op, 85032311.00 ns, 5.6688 ms/op
WorkloadPilot   15: 16 op, 92572309.00 ns, 5.7858 ms/op
WorkloadPilot   16: 32 op, 177559045.00 ns, 5.5487 ms/op
WorkloadPilot   17: 64 op, 367208099.00 ns, 5.7376 ms/op
WorkloadPilot   18: 128 op, 847464994.00 ns, 6.6208 ms/op

WorkloadWarmup   1: 128 op, 872100375.00 ns, 6.8133 ms/op
WorkloadWarmup   2: 128 op, 681695544.00 ns, 5.3257 ms/op
WorkloadWarmup   3: 128 op, 409213722.00 ns, 3.1970 ms/op

// BeforeActualRun
WorkloadActual   1: 128 op, 329288902.00 ns, 2.5726 ms/op
WorkloadActual   2: 128 op, 308110957.00 ns, 2.4071 ms/op
WorkloadActual   3: 128 op, 293366180.00 ns, 2.2919 ms/op
WorkloadActual   4: 128 op, 282968865.00 ns, 2.2107 ms/op
WorkloadActual   5: 128 op, 285840630.00 ns, 2.2331 ms/op

// AfterActualRun
WorkloadResult   1: 128 op, 329288902.00 ns, 2.5726 ms/op
WorkloadResult   2: 128 op, 308110957.00 ns, 2.4071 ms/op
WorkloadResult   3: 128 op, 293366180.00 ns, 2.2919 ms/op
WorkloadResult   4: 128 op, 282968865.00 ns, 2.2107 ms/op
WorkloadResult   5: 128 op, 285840630.00 ns, 2.2331 ms/op
// GC:  7 1 0 121037328 128
// Threading:  0 0 128

// AfterAll
// Benchmark Process 4153 has exited with code 0.

Mean = 2.343 ms, StdErr = 0.067 ms (2.85%), N = 5, StdDev = 0.149 ms
Min = 2.211 ms, Q1 = 2.233 ms, Median = 2.292 ms, Q3 = 2.407 ms, Max = 2.573 ms
IQR = 0.174 ms, LowerFence = 1.972 ms, UpperFence = 2.668 ms
ConfidenceInterval = [1.769 ms; 2.917 ms] (CI 99.9%), Margin = 0.574 ms (24.51% of Mean)
Skewness = 0.52, Kurtosis = 1.31, MValue = 2

// ** Remained 12 (18.5 %) benchmark(s) to run. Estimated finish 2026-08-30 3:20 (0h 1m from now) **
// **************************
// Benchmark: ServiceProviderBuildBenchmarks.Needlr_SourceGenExplicit_BuildServiceProvider: ShortRun(IterationCount=5, LaunchCount=1, WarmupCount=3)
// *** Execute ***
// Launch: 1 / 1
// Execute: dotnet bd712387-88f3-428d-bc3e-b66bbc2943f7.dll --anonymousPipes 163 164 --benchmarkName NexusLabs.Needlr.Benchmarks.Benchmarks.ServiceProviderBuildBenchmarks.Needlr_SourceGenExplicit_BuildServiceProvider --job ShortRun --benchmarkId 53 in /home/runner/work/needlr/needlr/src/NexusLabs.Needlr.Benchmarks/bin/Release/net10.0/bd712387-88f3-428d-bc3e-b66bbc2943f7/bin/Release/net10.0
// Failed to set up high priority (Permission denied). In order to run benchmarks with high priority, make sure you have the right permissions.
// BeforeAnythingElse

// Benchmark Process Environment Information:
// BenchmarkDotNet v0.14.0
// Runtime=.NET 10.0.11 (10.0.1126.37416), X64 RyuJIT AVX2
// GC=Concurrent Workstation
// HardwareIntrinsics=AVX2,AES,BMI1,BMI2,FMA,LZCNT,PCLMUL,POPCNT VectorSize=256
// Job: ShortRun(IterationCount=5, LaunchCount=1, WarmupCount=3)

OverheadJitting  1: 1 op, 375902.00 ns, 375.9020 us/op
WorkloadJitting  1: 1 op, 47872177.00 ns, 47.8722 ms/op

WorkloadPilot    1: 2 op, 1267988.00 ns, 633.9940 us/op
WorkloadPilot    2: 3 op, 1406037.00 ns, 468.6790 us/op
WorkloadPilot    3: 4 op, 1502106.00 ns, 375.5265 us/op
WorkloadPilot    4: 5 op, 1955524.00 ns, 391.1048 us/op
WorkloadPilot    5: 6 op, 2157681.00 ns, 359.6135 us/op
WorkloadPilot    6: 7 op, 2656143.00 ns, 379.4490 us/op
WorkloadPilot    7: 8 op, 2974938.00 ns, 371.8673 us/op
WorkloadPilot    8: 9 op, 3409440.00 ns, 378.8267 us/op
WorkloadPilot    9: 10 op, 3784650.00 ns, 378.4650 us/op
WorkloadPilot   10: 11 op, 4246113.00 ns, 386.0103 us/op
WorkloadPilot   11: 12 op, 4658964.00 ns, 388.2470 us/op
WorkloadPilot   12: 13 op, 4951902.00 ns, 380.9155 us/op
WorkloadPilot   13: 14 op, 5364041.00 ns, 383.1458 us/op
WorkloadPilot   14: 15 op, 5731397.00 ns, 382.0931 us/op
WorkloadPilot   15: 16 op, 6017042.00 ns, 376.0651 us/op
WorkloadPilot   16: 32 op, 12988205.00 ns, 405.8814 us/op
WorkloadPilot   17: 64 op, 26561634.00 ns, 415.0255 us/op
WorkloadPilot   18: 128 op, 57565216.00 ns, 449.7283 us/op
WorkloadPilot   19: 256 op, 105076709.00 ns, 410.4559 us/op
WorkloadPilot   20: 512 op, 218545186.00 ns, 426.8461 us/op
WorkloadPilot   21: 1024 op, 418136802.00 ns, 408.3367 us/op
WorkloadPilot   22: 2048 op, 533831938.00 ns, 260.6601 us/op

WorkloadWarmup   1: 2048 op, 278783676.00 ns, 136.1248 us/op
WorkloadWarmup   2: 2048 op, 184532301.00 ns, 90.1037 us/op
WorkloadWarmup   3: 2048 op, 179012840.00 ns, 87.4086 us/op

// BeforeActualRun
WorkloadActual   1: 2048 op, 181596898.00 ns, 88.6704 us/op
WorkloadActual   2: 2048 op, 184176387.00 ns, 89.9299 us/op
WorkloadActual   3: 2048 op, 180143382.00 ns, 87.9606 us/op
WorkloadActual   4: 2048 op, 179233402.00 ns, 87.5163 us/op
WorkloadActual   5: 2048 op, 180154913.00 ns, 87.9663 us/op

// AfterActualRun
WorkloadResult   1: 2048 op, 181596898.00 ns, 88.6704 us/op
WorkloadResult   2: 2048 op, 180143382.00 ns, 87.9606 us/op
WorkloadResult   3: 2048 op, 179233402.00 ns, 87.5163 us/op
WorkloadResult   4: 2048 op, 180154913.00 ns, 87.9663 us/op
// GC:  13 1 0 224484224 2048
// Threading:  0 0 2048

// AfterAll
// Benchmark Process 4160 has exited with code 0.

Mean = 88.028 μs, StdErr = 0.239 μs (0.27%), N = 4, StdDev = 0.477 μs
Min = 87.516 μs, Q1 = 87.850 μs, Median = 87.963 μs, Q3 = 88.142 μs, Max = 88.670 μs
IQR = 0.293 μs, LowerFence = 87.410 μs, UpperFence = 88.581 μs
ConfidenceInterval = [84.946 μs; 91.111 μs] (CI 99.9%), Margin = 3.083 μs (3.50% of Mean)
Skewness = 0.3, Kurtosis = 1.15, MValue = 2

// ** Remained 11 (16.9 %) benchmark(s) to run. Estimated finish 2026-08-30 3:19 (0h 1m from now) **
// **************************
// Benchmark: ServiceProviderBuildBenchmarks.Needlr_SourceGenImplicit_BuildServiceProvider: ShortRun(IterationCount=5, LaunchCount=1, WarmupCount=3)
// *** Execute ***
// Launch: 1 / 1
// Execute: dotnet bd712387-88f3-428d-bc3e-b66bbc2943f7.dll --anonymousPipes 163 164 --benchmarkName NexusLabs.Needlr.Benchmarks.Benchmarks.ServiceProviderBuildBenchmarks.Needlr_SourceGenImplicit_BuildServiceProvider --job ShortRun --benchmarkId 54 in /home/runner/work/needlr/needlr/src/NexusLabs.Needlr.Benchmarks/bin/Release/net10.0/bd712387-88f3-428d-bc3e-b66bbc2943f7/bin/Release/net10.0
// Failed to set up high priority (Permission denied). In order to run benchmarks with high priority, make sure you have the right permissions.
// BeforeAnythingElse

// Benchmark Process Environment Information:
// BenchmarkDotNet v0.14.0
// Runtime=.NET 10.0.11 (10.0.1126.37416), X64 RyuJIT AVX2
// GC=Concurrent Workstation
// HardwareIntrinsics=AVX2,AES,BMI1,BMI2,FMA,LZCNT,PCLMUL,POPCNT VectorSize=256
// Job: ShortRun(IterationCount=5, LaunchCount=1, WarmupCount=3)

OverheadJitting  1: 1 op, 382074.00 ns, 382.0740 us/op
WorkloadJitting  1: 1 op, 49961289.00 ns, 49.9613 ms/op

WorkloadPilot    1: 2 op, 1242551.00 ns, 621.2755 us/op
WorkloadPilot    2: 3 op, 1792839.00 ns, 597.6130 us/op
WorkloadPilot    3: 4 op, 1748867.00 ns, 437.2168 us/op
WorkloadPilot    4: 5 op, 2425120.00 ns, 485.0240 us/op
WorkloadPilot    5: 6 op, 2503578.00 ns, 417.2630 us/op
WorkloadPilot    6: 7 op, 3208363.00 ns, 458.3376 us/op
WorkloadPilot    7: 8 op, 3464332.00 ns, 433.0415 us/op
WorkloadPilot    8: 9 op, 3950500.00 ns, 438.9444 us/op
WorkloadPilot    9: 10 op, 4511960.00 ns, 451.1960 us/op
WorkloadPilot   10: 11 op, 4926945.00 ns, 447.9041 us/op
WorkloadPilot   11: 12 op, 5447938.00 ns, 453.9948 us/op
WorkloadPilot   12: 13 op, 5763538.00 ns, 443.3491 us/op
WorkloadPilot   13: 14 op, 6205012.00 ns, 443.2151 us/op
WorkloadPilot   14: 15 op, 6697953.00 ns, 446.5302 us/op
WorkloadPilot   15: 16 op, 7109993.00 ns, 444.3746 us/op
WorkloadPilot   16: 32 op, 15765403.00 ns, 492.6688 us/op
WorkloadPilot   17: 64 op, 32384106.00 ns, 506.0017 us/op
WorkloadPilot   18: 128 op, 64818557.00 ns, 506.3950 us/op
WorkloadPilot   19: 256 op, 125909941.00 ns, 491.8357 us/op
WorkloadPilot   20: 512 op, 251007554.00 ns, 490.2491 us/op
WorkloadPilot   21: 1024 op, 484405358.00 ns, 473.0521 us/op
WorkloadPilot   22: 2048 op, 503963764.00 ns, 246.0761 us/op

WorkloadWarmup   1: 2048 op, 248814044.00 ns, 121.4912 us/op
WorkloadWarmup   2: 2048 op, 247987621.00 ns, 121.0877 us/op
WorkloadWarmup   3: 2048 op, 245620238.00 ns, 119.9318 us/op

// BeforeActualRun
WorkloadActual   1: 2048 op, 249848107.00 ns, 121.9961 us/op
WorkloadActual   2: 2048 op, 247237359.00 ns, 120.7214 us/op
WorkloadActual   3: 2048 op, 246914586.00 ns, 120.5638 us/op
WorkloadActual   4: 2048 op, 242607188.00 ns, 118.4605 us/op
WorkloadActual   5: 2048 op, 245954275.00 ns, 120.0949 us/op

// AfterActualRun
WorkloadResult   1: 2048 op, 247237359.00 ns, 120.7214 us/op
WorkloadResult   2: 2048 op, 246914586.00 ns, 120.5638 us/op
WorkloadResult   3: 2048 op, 242607188.00 ns, 118.4605 us/op
WorkloadResult   4: 2048 op, 245954275.00 ns, 120.0949 us/op
// GC:  23 3 0 392920928 2048
// Threading:  0 0 2048

// AfterAll
// Benchmark Process 4171 has exited with code 0.

Mean = 119.960 μs, StdErr = 0.517 μs (0.43%), N = 4, StdDev = 1.035 μs
Min = 118.461 μs, Q1 = 119.686 μs, Median = 120.329 μs, Q3 = 120.603 μs, Max = 120.721 μs
IQR = 0.917 μs, LowerFence = 118.311 μs, UpperFence = 121.978 μs
ConfidenceInterval = [113.275 μs; 126.645 μs] (CI 99.9%), Margin = 6.685 μs (5.57% of Mean)
Skewness = -0.61, Kurtosis = 1.21, MValue = 2

// ** Remained 10 (15.4 %) benchmark(s) to run. Estimated finish 2026-08-30 3:19 (0h 1m from now) **
// ***** BenchmarkRunner: Finish  *****

// * Export *
  home/runner/work/needlr/needlr/benchmark-results/results/NexusLabs.Needlr.Benchmarks.Benchmarks.ServiceProviderBuildBenchmarks-report.csv
  home/runner/work/needlr/needlr/benchmark-results/results/NexusLabs.Needlr.Benchmarks.Benchmarks.ServiceProviderBuildBenchmarks-report-github.md
  home/runner/work/needlr/needlr/benchmark-results/results/NexusLabs.Needlr.Benchmarks.Benchmarks.ServiceProviderBuildBenchmarks-report.html
  home/runner/work/needlr/needlr/benchmark-results/results/NexusLabs.Needlr.Benchmarks.Benchmarks.ServiceProviderBuildBenchmarks-report-full-compressed.json
  home/runner/work/needlr/needlr/benchmark-results/results/NexusLabs.Needlr.Benchmarks.Benchmarks.ServiceProviderBuildBenchmarks-report-default.md

// * Detailed results *
ServiceProviderBuildBenchmarks.ManualDI_BuildServiceProvider: ShortRun(IterationCount=5, LaunchCount=1, WarmupCount=3)
Runtime = .NET 10.0.11 (10.0.1126.37416), X64 RyuJIT AVX2; GC = Concurrent Workstation
Mean = 1.446 μs, StdErr = 0.005 μs (0.35%), N = 5, StdDev = 0.011 μs
Min = 1.431 μs, Q1 = 1.439 μs, Median = 1.446 μs, Q3 = 1.454 μs, Max = 1.459 μs
IQR = 0.015 μs, LowerFence = 1.416 μs, UpperFence = 1.476 μs
ConfidenceInterval = [1.403 μs; 1.489 μs] (CI 99.9%), Margin = 0.043 μs (2.98% of Mean)
Skewness = -0.08, Kurtosis = 1.05, MValue = 2
-------------------- Histogram --------------------
[1.423 μs ; 1.468 μs) | @@@@@
---------------------------------------------------

ServiceProviderBuildBenchmarks.Needlr_Reflection_BuildServiceProvider: ShortRun(IterationCount=5, LaunchCount=1, WarmupCount=3)
Runtime = .NET 10.0.11 (10.0.1126.37416), X64 RyuJIT AVX2; GC = Concurrent Workstation
Mean = 2.343 ms, StdErr = 0.067 ms (2.85%), N = 5, StdDev = 0.149 ms
Min = 2.211 ms, Q1 = 2.233 ms, Median = 2.292 ms, Q3 = 2.407 ms, Max = 2.573 ms
IQR = 0.174 ms, LowerFence = 1.972 ms, UpperFence = 2.668 ms
ConfidenceInterval = [1.769 ms; 2.917 ms] (CI 99.9%), Margin = 0.574 ms (24.51% of Mean)
Skewness = 0.52, Kurtosis = 1.31, MValue = 2
-------------------- Histogram --------------------
[2.194 ms ; 2.423 ms) | @@@@
[2.423 ms ; 2.687 ms) | @
---------------------------------------------------

ServiceProviderBuildBenchmarks.Needlr_SourceGenExplicit_BuildServiceProvider: ShortRun(IterationCount=5, LaunchCount=1, WarmupCount=3)
Runtime = .NET 10.0.11 (10.0.1126.37416), X64 RyuJIT AVX2; GC = Concurrent Workstation
Mean = 88.028 μs, StdErr = 0.239 μs (0.27%), N = 4, StdDev = 0.477 μs
Min = 87.516 μs, Q1 = 87.850 μs, Median = 87.963 μs, Q3 = 88.142 μs, Max = 88.670 μs
IQR = 0.293 μs, LowerFence = 87.410 μs, UpperFence = 88.581 μs
ConfidenceInterval = [84.946 μs; 91.111 μs] (CI 99.9%), Margin = 3.083 μs (3.50% of Mean)
Skewness = 0.3, Kurtosis = 1.15, MValue = 2
-------------------- Histogram --------------------
[87.122 μs ; 89.065 μs) | @@@@
---------------------------------------------------

ServiceProviderBuildBenchmarks.Needlr_SourceGenImplicit_BuildServiceProvider: ShortRun(IterationCount=5, LaunchCount=1, WarmupCount=3)
Runtime = .NET 10.0.11 (10.0.1126.37416), X64 RyuJIT AVX2; GC = Concurrent Workstation
Mean = 119.960 μs, StdErr = 0.517 μs (0.43%), N = 4, StdDev = 1.035 μs
Min = 118.461 μs, Q1 = 119.686 μs, Median = 120.329 μs, Q3 = 120.603 μs, Max = 120.721 μs
IQR = 0.917 μs, LowerFence = 118.311 μs, UpperFence = 121.978 μs
ConfidenceInterval = [113.275 μs; 126.645 μs] (CI 99.9%), Margin = 6.685 μs (5.57% of Mean)
Skewness = -0.61, Kurtosis = 1.21, MValue = 2
-------------------- Histogram --------------------
[117.605 μs ; 121.577 μs) | @@@@
---------------------------------------------------

// * Summary *

BenchmarkDotNet v0.14.0, Ubuntu 24.04.4 LTS (Noble Numbat)
AMD EPYC 7763, 1 CPU, 4 logical and 2 physical cores
.NET SDK 10.0.302
  [Host]   : .NET 10.0.11 (10.0.1126.37416), X64 RyuJIT AVX2
  ShortRun : .NET 10.0.11 (10.0.1126.37416), X64 RyuJIT AVX2

Job=ShortRun  IterationCount=5  LaunchCount=1  
WarmupCount=3  

| Method                                        | Mean         | Error       | StdDev      | Ratio    | RatioSD | Rank | Gen0    | Gen1   | Allocated | Alloc Ratio |
|---------------------------------------------- |-------------:|------------:|------------:|---------:|--------:|-----:|--------:|-------:|----------:|------------:|
| ManualDI_BuildServiceProvider                 |     1.446 μs |   0.0431 μs |   0.0112 μs |     1.00 |    0.01 |    1 |  0.2785 | 0.0916 |   4.56 KB |        1.00 |
| Needlr_Reflection_BuildServiceProvider        | 2,343.087 μs | 574.3729 μs | 149.1628 μs | 1,620.73 |   94.88 |    4 | 54.6875 | 7.8125 | 923.44 KB |      202.40 |
| Needlr_SourceGenExplicit_BuildServiceProvider |    88.028 μs |   3.0829 μs |   0.4771 μs |    60.89 |    0.52 |    2 |  6.3477 | 0.4883 | 107.04 KB |       23.46 |
| Needlr_SourceGenImplicit_BuildServiceProvider |   119.960 μs |   6.6851 μs |   1.0345 μs |    82.98 |    0.87 |    3 | 11.2305 | 1.4648 | 187.36 KB |       41.07 |

// * Hints *
Outliers
  ServiceProviderBuildBenchmarks.Needlr_SourceGenExplicit_BuildServiceProvider: ShortRun -> 1 outlier  was  removed (89.93 μs)
  ServiceProviderBuildBenchmarks.Needlr_SourceGenImplicit_BuildServiceProvider: ShortRun -> 1 outlier  was  removed, 2 outliers were detected (118.46 μs, 122.00 μs)
// * Config Issues *

// * Warnings *
Configuration
  Summary -> The exporter HtmlExporter is already present in configuration. There may be unexpected results.

// * Legends *
  Mean        : Arithmetic mean of all measurements
  Error       : Half of 99.9% confidence interval
  StdDev      : Standard deviation of all measurements
  Ratio       : Mean of the ratio distribution ([Current]/[Baseline])
  RatioSD     : Standard deviation of the ratio distribution ([Current]/[Baseline])
  Rank        : Relative position of current benchmark mean among all benchmarks (Arabic style)
  Gen0        : GC Generation 0 collects per 1000 operations
  Gen1        : GC Generation 1 collects per 1000 operations
  Allocated   : Allocated memory per single operation (managed only, inclusive, 1KB = 1024B)
  Alloc Ratio : Allocated memory ratio distribution ([Current]/[Baseline])
  1 μs        : 1 Microsecond (0.000001 sec)

// * Diagnostic Output - MemoryDiagnoser *


// ***** BenchmarkRunner: End *****
Run time: 00:00:22 (22.53 sec), executed benchmarks: 4

// Found 3 benchmarks:
//   SimpleServiceResolutionBenchmarks.ManualDI_ResolveSimple: ShortRun(IterationCount=5, LaunchCount=1, WarmupCount=3)
//   SimpleServiceResolutionBenchmarks.Needlr_Reflection_ResolveSimple: ShortRun(IterationCount=5, LaunchCount=1, WarmupCount=3)
//   SimpleServiceResolutionBenchmarks.Needlr_SourceGen_ResolveSimple: ShortRun(IterationCount=5, LaunchCount=1, WarmupCount=3)

// **************************
// Benchmark: SimpleServiceResolutionBenchmarks.ManualDI_ResolveSimple: ShortRun(IterationCount=5, LaunchCount=1, WarmupCount=3)
// *** Execute ***
// Launch: 1 / 1
// Execute: dotnet bd712387-88f3-428d-bc3e-b66bbc2943f7.dll --anonymousPipes 163 164 --benchmarkName NexusLabs.Needlr.Benchmarks.Benchmarks.SimpleServiceResolutionBenchmarks.ManualDI_ResolveSimple --job ShortRun --benchmarkId 55 in /home/runner/work/needlr/needlr/src/NexusLabs.Needlr.Benchmarks/bin/Release/net10.0/bd712387-88f3-428d-bc3e-b66bbc2943f7/bin/Release/net10.0
// Failed to set up high priority (Permission denied). In order to run benchmarks with high priority, make sure you have the right permissions.
// BeforeAnythingElse

// Benchmark Process Environment Information:
// BenchmarkDotNet v0.14.0
// Runtime=.NET 10.0.11 (10.0.1126.37416), X64 RyuJIT AVX2
// GC=Concurrent Workstation
// HardwareIntrinsics=AVX2,AES,BMI1,BMI2,FMA,LZCNT,PCLMUL,POPCNT VectorSize=256
// Job: ShortRun(IterationCount=5, LaunchCount=1, WarmupCount=3)

OverheadJitting  1: 1 op, 368178.00 ns, 368.1780 us/op
WorkloadJitting  1: 1 op, 4192683.00 ns, 4.1927 ms/op

OverheadJitting  2: 16 op, 563513.00 ns, 35.2196 us/op
WorkloadJitting  2: 16 op, 521524.00 ns, 32.5953 us/op

WorkloadPilot    1: 16 op, 4719.00 ns, 294.9375 ns/op
WorkloadPilot    2: 32 op, 6041.00 ns, 188.7813 ns/op
WorkloadPilot    3: 64 op, 8385.00 ns, 131.0156 ns/op
WorkloadPilot    4: 128 op, 13996.00 ns, 109.3438 ns/op
WorkloadPilot    5: 256 op, 23174.00 ns, 90.5234 ns/op
WorkloadPilot    6: 512 op, 59280.00 ns, 115.7813 ns/op
WorkloadPilot    7: 1024 op, 81502.00 ns, 79.5918 ns/op
WorkloadPilot    8: 2048 op, 159669.00 ns, 77.9634 ns/op
WorkloadPilot    9: 4096 op, 315900.00 ns, 77.1240 ns/op
WorkloadPilot   10: 8192 op, 722139.00 ns, 88.1517 ns/op
WorkloadPilot   11: 16384 op, 1355954.00 ns, 82.7609 ns/op
WorkloadPilot   12: 32768 op, 2644791.00 ns, 80.7126 ns/op
WorkloadPilot   13: 65536 op, 5191319.00 ns, 79.2132 ns/op
WorkloadPilot   14: 131072 op, 10310602.00 ns, 78.6637 ns/op
WorkloadPilot   15: 262144 op, 20481804.00 ns, 78.1319 ns/op
WorkloadPilot   16: 524288 op, 41142071.00 ns, 78.4723 ns/op
WorkloadPilot   17: 1048576 op, 81621986.00 ns, 77.8408 ns/op
WorkloadPilot   18: 2097152 op, 72629517.00 ns, 34.6325 ns/op
WorkloadPilot   19: 4194304 op, 75272003.00 ns, 17.9462 ns/op
WorkloadPilot   20: 8388608 op, 150559438.00 ns, 17.9481 ns/op
WorkloadPilot   21: 16777216 op, 301414563.00 ns, 17.9657 ns/op
WorkloadPilot   22: 33554432 op, 600261790.00 ns, 17.8892 ns/op

OverheadWarmup   1: 33554432 op, 142490080.00 ns, 4.2465 ns/op
OverheadWarmup   2: 33554432 op, 150346737.00 ns, 4.4807 ns/op
OverheadWarmup   3: 33554432 op, 111020478.00 ns, 3.3087 ns/op
OverheadWarmup   4: 33554432 op, 111083606.00 ns, 3.3105 ns/op
OverheadWarmup   5: 33554432 op, 113757301.00 ns, 3.3902 ns/op
OverheadWarmup   6: 33554432 op, 111016722.00 ns, 3.3086 ns/op

OverheadActual   1: 33554432 op, 111019597.00 ns, 3.3086 ns/op
OverheadActual   2: 33554432 op, 111060393.00 ns, 3.3099 ns/op
OverheadActual   3: 33554432 op, 111524581.00 ns, 3.3237 ns/op
OverheadActual   4: 33554432 op, 111113031.00 ns, 3.3114 ns/op
OverheadActual   5: 33554432 op, 111016431.00 ns, 3.3085 ns/op
OverheadActual   6: 33554432 op, 111074249.00 ns, 3.3103 ns/op
OverheadActual   7: 33554432 op, 111202391.00 ns, 3.3141 ns/op
OverheadActual   8: 33554432 op, 111087203.00 ns, 3.3107 ns/op
OverheadActual   9: 33554432 op, 111893559.00 ns, 3.3347 ns/op
OverheadActual  10: 33554432 op, 111303928.00 ns, 3.3171 ns/op
OverheadActual  11: 33554432 op, 111414896.00 ns, 3.3204 ns/op
OverheadActual  12: 33554432 op, 111206136.00 ns, 3.3142 ns/op
OverheadActual  13: 33554432 op, 111419043.00 ns, 3.3205 ns/op
OverheadActual  14: 33554432 op, 110921423.00 ns, 3.3057 ns/op
OverheadActual  15: 33554432 op, 112404214.00 ns, 3.3499 ns/op

WorkloadWarmup   1: 33554432 op, 606630708.00 ns, 18.0790 ns/op
WorkloadWarmup   2: 33554432 op, 606662457.00 ns, 18.0800 ns/op
WorkloadWarmup   3: 33554432 op, 606810403.00 ns, 18.0844 ns/op

// BeforeActualRun
WorkloadActual   1: 33554432 op, 598081482.00 ns, 17.8242 ns/op
WorkloadActual   2: 33554432 op, 603655155.00 ns, 17.9903 ns/op
WorkloadActual   3: 33554432 op, 600113498.00 ns, 17.8848 ns/op
WorkloadActual   4: 33554432 op, 599455489.00 ns, 17.8652 ns/op
WorkloadActual   5: 33554432 op, 599866056.00 ns, 17.8774 ns/op

// AfterActualRun
WorkloadResult   1: 33554432 op, 486879091.00 ns, 14.5101 ns/op
WorkloadResult   2: 33554432 op, 488911107.00 ns, 14.5707 ns/op
WorkloadResult   3: 33554432 op, 488253098.00 ns, 14.5511 ns/op
WorkloadResult   4: 33554432 op, 488663665.00 ns, 14.5633 ns/op
// GC:  0 0 0 1072 33554432
// Threading:  0 0 33554432

// AfterAll
// Benchmark Process 4180 has exited with code 0.

Mean = 14.549 ns, StdErr = 0.014 ns (0.09%), N = 4, StdDev = 0.027 ns
Min = 14.510 ns, Q1 = 14.541 ns, Median = 14.557 ns, Q3 = 14.565 ns, Max = 14.571 ns
IQR = 0.024 ns, LowerFence = 14.504 ns, UpperFence = 14.602 ns
ConfidenceInterval = [14.374 ns; 14.723 ns] (CI 99.9%), Margin = 0.175 ns (1.20% of Mean)
Skewness = -0.56, Kurtosis = 1.18, MValue = 2

// ** Remained 9 (13.8 %) benchmark(s) to run. Estimated finish 2026-08-30 3:19 (0h 1m from now) **
// **************************
// Benchmark: SimpleServiceResolutionBenchmarks.Needlr_Reflection_ResolveSimple: ShortRun(IterationCount=5, LaunchCount=1, WarmupCount=3)
// *** Execute ***
// Launch: 1 / 1
// Execute: dotnet bd712387-88f3-428d-bc3e-b66bbc2943f7.dll --anonymousPipes 163 164 --benchmarkName NexusLabs.Needlr.Benchmarks.Benchmarks.SimpleServiceResolutionBenchmarks.Needlr_Reflection_ResolveSimple --job ShortRun --benchmarkId 56 in /home/runner/work/needlr/needlr/src/NexusLabs.Needlr.Benchmarks/bin/Release/net10.0/bd712387-88f3-428d-bc3e-b66bbc2943f7/bin/Release/net10.0
// Failed to set up high priority (Permission denied). In order to run benchmarks with high priority, make sure you have the right permissions.
// BeforeAnythingElse

// Benchmark Process Environment Information:
// BenchmarkDotNet v0.14.0
// Runtime=.NET 10.0.11 (10.0.1126.37416), X64 RyuJIT AVX2
// GC=Concurrent Workstation
// HardwareIntrinsics=AVX2,AES,BMI1,BMI2,FMA,LZCNT,PCLMUL,POPCNT VectorSize=256
// Job: ShortRun(IterationCount=5, LaunchCount=1, WarmupCount=3)

OverheadJitting  1: 1 op, 376233.00 ns, 376.2330 us/op
WorkloadJitting  1: 1 op, 4348825.00 ns, 4.3488 ms/op

OverheadJitting  2: 16 op, 484635.00 ns, 30.2897 us/op
WorkloadJitting  2: 16 op, 549987.00 ns, 34.3742 us/op

WorkloadPilot    1: 16 op, 5440.00 ns, 340.0000 ns/op
WorkloadPilot    2: 32 op, 7625.00 ns, 238.2813 ns/op
WorkloadPilot    3: 64 op, 11693.00 ns, 182.7031 ns/op
WorkloadPilot    4: 128 op, 20959.00 ns, 163.7422 ns/op
WorkloadPilot    5: 256 op, 35046.00 ns, 136.8984 ns/op
WorkloadPilot    6: 512 op, 56766.00 ns, 110.8711 ns/op
WorkloadPilot    7: 1024 op, 95799.00 ns, 93.5537 ns/op
WorkloadPilot    8: 2048 op, 177482.00 ns, 86.6611 ns/op
WorkloadPilot    9: 4096 op, 340295.00 ns, 83.0798 ns/op
WorkloadPilot   10: 8192 op, 748608.00 ns, 91.3828 ns/op
WorkloadPilot   11: 16384 op, 1376632.00 ns, 84.0229 ns/op
WorkloadPilot   12: 32768 op, 2702579.00 ns, 82.4762 ns/op
WorkloadPilot   13: 65536 op, 5353060.00 ns, 81.6812 ns/op
WorkloadPilot   14: 131072 op, 10489897.00 ns, 80.0316 ns/op
WorkloadPilot   15: 262144 op, 21296316.00 ns, 81.2390 ns/op
WorkloadPilot   16: 524288 op, 42493014.00 ns, 81.0490 ns/op
WorkloadPilot   17: 1048576 op, 83914496.00 ns, 80.0271 ns/op
WorkloadPilot   18: 2097152 op, 69329851.00 ns, 33.0590 ns/op
WorkloadPilot   19: 4194304 op, 75803484.00 ns, 18.0730 ns/op
WorkloadPilot   20: 8388608 op, 151364616.00 ns, 18.0441 ns/op
WorkloadPilot   21: 16777216 op, 301659142.00 ns, 17.9803 ns/op
WorkloadPilot   22: 33554432 op, 603457744.00 ns, 17.9844 ns/op

OverheadWarmup   1: 33554432 op, 141553237.00 ns, 4.2186 ns/op
OverheadWarmup   2: 33554432 op, 147372307.00 ns, 4.3920 ns/op
OverheadWarmup   3: 33554432 op, 109706772.00 ns, 3.2695 ns/op
OverheadWarmup   4: 33554432 op, 109891697.00 ns, 3.2750 ns/op
OverheadWarmup   5: 33554432 op, 109897729.00 ns, 3.2752 ns/op
OverheadWarmup   6: 33554432 op, 109690792.00 ns, 3.2690 ns/op

OverheadActual   1: 33554432 op, 109632433.00 ns, 3.2673 ns/op
OverheadActual   2: 33554432 op, 109674541.00 ns, 3.2686 ns/op
OverheadActual   3: 33554432 op, 109886077.00 ns, 3.2749 ns/op
OverheadActual   4: 33554432 op, 110419222.00 ns, 3.2907 ns/op
OverheadActual   5: 33554432 op, 109688948.00 ns, 3.2690 ns/op
OverheadActual   6: 33554432 op, 109702254.00 ns, 3.2694 ns/op
OverheadActual   7: 33554432 op, 109867093.00 ns, 3.2743 ns/op
OverheadActual   8: 33554432 op, 109821316.00 ns, 3.2729 ns/op
OverheadActual   9: 33554432 op, 110556449.00 ns, 3.2948 ns/op
OverheadActual  10: 33554432 op, 109957881.00 ns, 3.2770 ns/op
OverheadActual  11: 33554432 op, 109633264.00 ns, 3.2673 ns/op
OverheadActual  12: 33554432 op, 110109855.00 ns, 3.2815 ns/op
OverheadActual  13: 33554432 op, 109720487.00 ns, 3.2699 ns/op
OverheadActual  14: 33554432 op, 109638765.00 ns, 3.2675 ns/op
OverheadActual  15: 33554432 op, 110637697.00 ns, 3.2973 ns/op

WorkloadWarmup   1: 33554432 op, 609973470.00 ns, 18.1786 ns/op
WorkloadWarmup   2: 33554432 op, 615332341.00 ns, 18.3383 ns/op
WorkloadWarmup   3: 33554432 op, 608563486.00 ns, 18.1366 ns/op

// BeforeActualRun
WorkloadActual   1: 33554432 op, 611329963.00 ns, 18.2191 ns/op
WorkloadActual   2: 33554432 op, 619001495.00 ns, 18.4477 ns/op
WorkloadActual   3: 33554432 op, 614899052.00 ns, 18.3254 ns/op
WorkloadActual   4: 33554432 op, 609877480.00 ns, 18.1758 ns/op
WorkloadActual   5: 33554432 op, 603483134.00 ns, 17.9852 ns/op

// AfterActualRun
WorkloadResult   1: 33554432 op, 501508647.00 ns, 14.9461 ns/op
WorkloadResult   2: 33554432 op, 509180179.00 ns, 15.1748 ns/op
WorkloadResult   3: 33554432 op, 505077736.00 ns, 15.0525 ns/op
WorkloadResult   4: 33554432 op, 500056164.00 ns, 14.9028 ns/op
WorkloadResult   5: 33554432 op, 493661818.00 ns, 14.7123 ns/op
// GC:  0 0 0 1072 33554432
// Threading:  0 0 33554432

// AfterAll
// Benchmark Process 4189 has exited with code 0.

Mean = 14.958 ns, StdErr = 0.077 ns (0.52%), N = 5, StdDev = 0.173 ns
Min = 14.712 ns, Q1 = 14.903 ns, Median = 14.946 ns, Q3 = 15.052 ns, Max = 15.175 ns
IQR = 0.150 ns, LowerFence = 14.678 ns, UpperFence = 15.277 ns
ConfidenceInterval = [14.292 ns; 15.623 ns] (CI 99.9%), Margin = 0.665 ns (4.45% of Mean)
Skewness = -0.15, Kurtosis = 1.33, MValue = 2

// ** Remained 8 (12.3 %) benchmark(s) to run. Estimated finish 2026-08-30 3:19 (0h 1m from now) **
// **************************
// Benchmark: SimpleServiceResolutionBenchmarks.Needlr_SourceGen_ResolveSimple: ShortRun(IterationCount=5, LaunchCount=1, WarmupCount=3)
// *** Execute ***
// Launch: 1 / 1
// Execute: dotnet bd712387-88f3-428d-bc3e-b66bbc2943f7.dll --anonymousPipes 163 164 --benchmarkName NexusLabs.Needlr.Benchmarks.Benchmarks.SimpleServiceResolutionBenchmarks.Needlr_SourceGen_ResolveSimple --job ShortRun --benchmarkId 57 in /home/runner/work/needlr/needlr/src/NexusLabs.Needlr.Benchmarks/bin/Release/net10.0/bd712387-88f3-428d-bc3e-b66bbc2943f7/bin/Release/net10.0
// Failed to set up high priority (Permission denied). In order to run benchmarks with high priority, make sure you have the right permissions.
// BeforeAnythingElse

// Benchmark Process Environment Information:
// BenchmarkDotNet v0.14.0
// Runtime=.NET 10.0.11 (10.0.1126.37416), X64 RyuJIT AVX2
// GC=Concurrent Workstation
// HardwareIntrinsics=AVX2,AES,BMI1,BMI2,FMA,LZCNT,PCLMUL,POPCNT VectorSize=256
// Job: ShortRun(IterationCount=5, LaunchCount=1, WarmupCount=3)

OverheadJitting  1: 1 op, 367217.00 ns, 367.2170 us/op
WorkloadJitting  1: 1 op, 3087318.00 ns, 3.0873 ms/op

OverheadJitting  2: 16 op, 493431.00 ns, 30.8394 us/op
WorkloadJitting  2: 16 op, 531252.00 ns, 33.2033 us/op

WorkloadPilot    1: 16 op, 4719.00 ns, 294.9375 ns/op
WorkloadPilot    2: 32 op, 6002.00 ns, 187.5625 ns/op
WorkloadPilot    3: 64 op, 8335.00 ns, 130.2344 ns/op
WorkloadPilot    4: 128 op, 13154.00 ns, 102.7656 ns/op
WorkloadPilot    5: 256 op, 23234.00 ns, 90.7578 ns/op
WorkloadPilot    6: 512 op, 43431.00 ns, 84.8262 ns/op
WorkloadPilot    7: 1024 op, 83156.00 ns, 81.2070 ns/op
WorkloadPilot    8: 2048 op, 164808.00 ns, 80.4727 ns/op
WorkloadPilot    9: 4096 op, 327131.00 ns, 79.8660 ns/op
WorkloadPilot   10: 8192 op, 730284.00 ns, 89.1460 ns/op
WorkloadPilot   11: 16384 op, 1395847.00 ns, 85.1957 ns/op
WorkloadPilot   12: 32768 op, 2691148.00 ns, 82.1273 ns/op
WorkloadPilot   13: 65536 op, 5352640.00 ns, 81.6748 ns/op
WorkloadPilot   14: 131072 op, 10662419.00 ns, 81.3478 ns/op
WorkloadPilot   15: 262144 op, 21087354.00 ns, 80.4419 ns/op
WorkloadPilot   16: 524288 op, 42113544.00 ns, 80.3252 ns/op
WorkloadPilot   17: 1048576 op, 84425750.00 ns, 80.5147 ns/op
WorkloadPilot   18: 2097152 op, 141862400.00 ns, 67.6453 ns/op
WorkloadPilot   19: 4194304 op, 76033091.00 ns, 18.1277 ns/op
WorkloadPilot   20: 8388608 op, 152086510.00 ns, 18.1301 ns/op
WorkloadPilot   21: 16777216 op, 304513897.00 ns, 18.1504 ns/op
WorkloadPilot   22: 33554432 op, 606387440.00 ns, 18.0718 ns/op

OverheadWarmup   1: 33554432 op, 140978759.00 ns, 4.2015 ns/op
OverheadWarmup   2: 33554432 op, 148923962.00 ns, 4.4383 ns/op
OverheadWarmup   3: 33554432 op, 109695037.00 ns, 3.2692 ns/op
OverheadWarmup   4: 33554432 op, 109698403.00 ns, 3.2693 ns/op
OverheadWarmup   5: 33554432 op, 109782510.00 ns, 3.2718 ns/op
OverheadWarmup   6: 33554432 op, 109806862.00 ns, 3.2725 ns/op
OverheadWarmup   7: 33554432 op, 109856745.00 ns, 3.2740 ns/op
OverheadWarmup   8: 33554432 op, 109874017.00 ns, 3.2745 ns/op
OverheadWarmup   9: 33554432 op, 110018727.00 ns, 3.2788 ns/op
OverheadWarmup  10: 33554432 op, 109717995.00 ns, 3.2699 ns/op

OverheadActual   1: 33554432 op, 109756317.00 ns, 3.2710 ns/op
OverheadActual   2: 33554432 op, 109844993.00 ns, 3.2736 ns/op
OverheadActual   3: 33554432 op, 112137435.00 ns, 3.3420 ns/op
OverheadActual   4: 33554432 op, 110054053.00 ns, 3.2799 ns/op
OverheadActual   5: 33554432 op, 109727604.00 ns, 3.2701 ns/op
OverheadActual   6: 33554432 op, 109993550.00 ns, 3.2781 ns/op
OverheadActual   7: 33554432 op, 109970717.00 ns, 3.2774 ns/op
OverheadActual   8: 33554432 op, 109722654.00 ns, 3.2700 ns/op
OverheadActual   9: 33554432 op, 109637325.00 ns, 3.2674 ns/op
OverheadActual  10: 33554432 op, 109724588.00 ns, 3.2700 ns/op
OverheadActual  11: 33554432 op, 109896018.00 ns, 3.2752 ns/op
OverheadActual  12: 33554432 op, 109657182.00 ns, 3.2680 ns/op
OverheadActual  13: 33554432 op, 109624511.00 ns, 3.2671 ns/op
OverheadActual  14: 33554432 op, 109837228.00 ns, 3.2734 ns/op
OverheadActual  15: 33554432 op, 109868076.00 ns, 3.2743 ns/op

WorkloadWarmup   1: 33554432 op, 614241821.00 ns, 18.3058 ns/op
WorkloadWarmup   2: 33554432 op, 605135330.00 ns, 18.0344 ns/op
WorkloadWarmup   3: 33554432 op, 604885783.00 ns, 18.0270 ns/op

// BeforeActualRun
WorkloadActual   1: 33554432 op, 627744291.00 ns, 18.7082 ns/op
WorkloadActual   2: 33554432 op, 622157380.00 ns, 18.5417 ns/op
WorkloadActual   3: 33554432 op, 622043336.00 ns, 18.5383 ns/op
WorkloadActual   4: 33554432 op, 622885679.00 ns, 18.5634 ns/op
WorkloadActual   5: 33554432 op, 622653306.00 ns, 18.5565 ns/op

// AfterActualRun
WorkloadResult   1: 33554432 op, 512320152.00 ns, 15.2683 ns/op
WorkloadResult   2: 33554432 op, 512206108.00 ns, 15.2649 ns/op
WorkloadResult   3: 33554432 op, 513048451.00 ns, 15.2900 ns/op
WorkloadResult   4: 33554432 op, 512816078.00 ns, 15.2831 ns/op
// GC:  0 0 0 1072 33554432
// Threading:  0 0 33554432

// AfterAll
// Benchmark Process 4200 has exited with code 0.

Mean = 15.277 ns, StdErr = 0.006 ns (0.04%), N = 4, StdDev = 0.012 ns
Min = 15.265 ns, Q1 = 15.267 ns, Median = 15.276 ns, Q3 = 15.285 ns, Max = 15.290 ns
IQR = 0.017 ns, LowerFence = 15.241 ns, UpperFence = 15.311 ns
ConfidenceInterval = [15.199 ns; 15.354 ns] (CI 99.9%), Margin = 0.077 ns (0.50% of Mean)
Skewness = 0.08, Kurtosis = 0.71, MValue = 2

// ** Remained 7 (10.8 %) benchmark(s) to run. Estimated finish 2026-08-30 3:19 (0h 0m from now) **
// ***** BenchmarkRunner: Finish  *****

// * Export *
  home/runner/work/needlr/needlr/benchmark-results/results/NexusLabs.Needlr.Benchmarks.Benchmarks.SimpleServiceResolutionBenchmarks-report.csv
  home/runner/work/needlr/needlr/benchmark-results/results/NexusLabs.Needlr.Benchmarks.Benchmarks.SimpleServiceResolutionBenchmarks-report-github.md
  home/runner/work/needlr/needlr/benchmark-results/results/NexusLabs.Needlr.Benchmarks.Benchmarks.SimpleServiceResolutionBenchmarks-report.html
  home/runner/work/needlr/needlr/benchmark-results/results/NexusLabs.Needlr.Benchmarks.Benchmarks.SimpleServiceResolutionBenchmarks-report-full-compressed.json
  home/runner/work/needlr/needlr/benchmark-results/results/NexusLabs.Needlr.Benchmarks.Benchmarks.SimpleServiceResolutionBenchmarks-report-default.md

// * Detailed results *
SimpleServiceResolutionBenchmarks.ManualDI_ResolveSimple: ShortRun(IterationCount=5, LaunchCount=1, WarmupCount=3)
Runtime = .NET 10.0.11 (10.0.1126.37416), X64 RyuJIT AVX2; GC = Concurrent Workstation
Mean = 14.549 ns, StdErr = 0.014 ns (0.09%), N = 4, StdDev = 0.027 ns
Min = 14.510 ns, Q1 = 14.541 ns, Median = 14.557 ns, Q3 = 14.565 ns, Max = 14.571 ns
IQR = 0.024 ns, LowerFence = 14.504 ns, UpperFence = 14.602 ns
ConfidenceInterval = [14.374 ns; 14.723 ns] (CI 99.9%), Margin = 0.175 ns (1.20% of Mean)
Skewness = -0.56, Kurtosis = 1.18, MValue = 2
-------------------- Histogram --------------------
[14.488 ns ; 14.593 ns) | @@@@
---------------------------------------------------

SimpleServiceResolutionBenchmarks.Needlr_Reflection_ResolveSimple: ShortRun(IterationCount=5, LaunchCount=1, WarmupCount=3)
Runtime = .NET 10.0.11 (10.0.1126.37416), X64 RyuJIT AVX2; GC = Concurrent Workstation
Mean = 14.958 ns, StdErr = 0.077 ns (0.52%), N = 5, StdDev = 0.173 ns
Min = 14.712 ns, Q1 = 14.903 ns, Median = 14.946 ns, Q3 = 15.052 ns, Max = 15.175 ns
IQR = 0.150 ns, LowerFence = 14.678 ns, UpperFence = 15.277 ns
ConfidenceInterval = [14.292 ns; 15.623 ns] (CI 99.9%), Margin = 0.665 ns (4.45% of Mean)
Skewness = -0.15, Kurtosis = 1.33, MValue = 2
-------------------- Histogram --------------------
[14.580 ns ; 15.308 ns) | @@@@@
---------------------------------------------------

SimpleServiceResolutionBenchmarks.Needlr_SourceGen_ResolveSimple: ShortRun(IterationCount=5, LaunchCount=1, WarmupCount=3)
Runtime = .NET 10.0.11 (10.0.1126.37416), X64 RyuJIT AVX2; GC = Concurrent Workstation
Mean = 15.277 ns, StdErr = 0.006 ns (0.04%), N = 4, StdDev = 0.012 ns
Min = 15.265 ns, Q1 = 15.267 ns, Median = 15.276 ns, Q3 = 15.285 ns, Max = 15.290 ns
IQR = 0.017 ns, LowerFence = 15.241 ns, UpperFence = 15.311 ns
ConfidenceInterval = [15.199 ns; 15.354 ns] (CI 99.9%), Margin = 0.077 ns (0.50% of Mean)
Skewness = 0.08, Kurtosis = 0.71, MValue = 2
-------------------- Histogram --------------------
[15.255 ns ; 15.300 ns) | @@@@
---------------------------------------------------

// * Summary *

BenchmarkDotNet v0.14.0, Ubuntu 24.04.4 LTS (Noble Numbat)
AMD EPYC 7763, 1 CPU, 4 logical and 2 physical cores
.NET SDK 10.0.302
  [Host]   : .NET 10.0.11 (10.0.1126.37416), X64 RyuJIT AVX2
  ShortRun : .NET 10.0.11 (10.0.1126.37416), X64 RyuJIT AVX2

Job=ShortRun  IterationCount=5  LaunchCount=1  
WarmupCount=3  

| Method                          | Mean     | Error    | StdDev   | Ratio | Rank | Allocated | Alloc Ratio |
|-------------------------------- |---------:|---------:|---------:|------:|-----:|----------:|------------:|
| ManualDI_ResolveSimple          | 14.55 ns | 0.175 ns | 0.027 ns |  1.00 |    1 |         - |          NA |
| Needlr_Reflection_ResolveSimple | 14.96 ns | 0.665 ns | 0.173 ns |  1.03 |    1 |         - |          NA |
| Needlr_SourceGen_ResolveSimple  | 15.28 ns | 0.077 ns | 0.012 ns |  1.05 |    1 |         - |          NA |

// * Hints *
Outliers
  SimpleServiceResolutionBenchmarks.ManualDI_ResolveSimple: ShortRun         -> 1 outlier  was  removed, 2 outliers were detected (17.82 ns, 17.99 ns)
  SimpleServiceResolutionBenchmarks.Needlr_SourceGen_ResolveSimple: ShortRun -> 1 outlier  was  removed (18.71 ns)
// * Config Issues *

// * Warnings *
Configuration
  Summary -> The exporter HtmlExporter is already present in configuration. There may be unexpected results.

// * Legends *
  Mean        : Arithmetic mean of all measurements
  Error       : Half of 99.9% confidence interval
  StdDev      : Standard deviation of all measurements
  Ratio       : Mean of the ratio distribution ([Current]/[Baseline])
  Rank        : Relative position of current benchmark mean among all benchmarks (Arabic style)
  Allocated   : Allocated memory per single operation (managed only, inclusive, 1KB = 1024B)
  Alloc Ratio : Allocated memory ratio distribution ([Current]/[Baseline])
  1 ns        : 1 Nanosecond (0.000000001 sec)

// * Diagnostic Output - MemoryDiagnoser *


// ***** BenchmarkRunner: End *****
Run time: 00:00:29 (29.29 sec), executed benchmarks: 3

// Found 3 benchmarks:
//   TypeRegistrationBenchmarks.ManualDI_RegisterTypes: ShortRun(IterationCount=5, LaunchCount=1, WarmupCount=3)
//   TypeRegistrationBenchmarks.Needlr_Reflection_RegisterTypes: ShortRun(IterationCount=5, LaunchCount=1, WarmupCount=3)
//   TypeRegistrationBenchmarks.Needlr_SourceGen_RegisterTypes: ShortRun(IterationCount=5, LaunchCount=1, WarmupCount=3)

// **************************
// Benchmark: TypeRegistrationBenchmarks.ManualDI_RegisterTypes: ShortRun(IterationCount=5, LaunchCount=1, WarmupCount=3)
// *** Execute ***
// Launch: 1 / 1
// Execute: dotnet bd712387-88f3-428d-bc3e-b66bbc2943f7.dll --anonymousPipes 163 164 --benchmarkName NexusLabs.Needlr.Benchmarks.Benchmarks.TypeRegistrationBenchmarks.ManualDI_RegisterTypes --job ShortRun --benchmarkId 58 in /home/runner/work/needlr/needlr/src/NexusLabs.Needlr.Benchmarks/bin/Release/net10.0/bd712387-88f3-428d-bc3e-b66bbc2943f7/bin/Release/net10.0
// Failed to set up high priority (Permission denied). In order to run benchmarks with high priority, make sure you have the right permissions.
// BeforeAnythingElse

// Benchmark Process Environment Information:
// BenchmarkDotNet v0.14.0
// Runtime=.NET 10.0.11 (10.0.1126.37416), X64 RyuJIT AVX2
// GC=Concurrent Workstation
// HardwareIntrinsics=AVX2,AES,BMI1,BMI2,FMA,LZCNT,PCLMUL,POPCNT VectorSize=256
// Job: ShortRun(IterationCount=5, LaunchCount=1, WarmupCount=3)

OverheadJitting  1: 1 op, 338283.00 ns, 338.2830 us/op
WorkloadJitting  1: 1 op, 498061.00 ns, 498.0610 us/op

OverheadJitting  2: 16 op, 503751.00 ns, 31.4844 us/op
WorkloadJitting  2: 16 op, 481229.00 ns, 30.0768 us/op

WorkloadPilot    1: 16 op, 26871.00 ns, 1.6794 us/op
WorkloadPilot    2: 32 op, 34865.00 ns, 1.0895 us/op
WorkloadPilot    3: 64 op, 54762.00 ns, 855.6563 ns/op
WorkloadPilot    4: 128 op, 91621.00 ns, 715.7891 ns/op
WorkloadPilot    5: 256 op, 176650.00 ns, 690.0391 ns/op
WorkloadPilot    6: 512 op, 346617.00 ns, 676.9863 ns/op
WorkloadPilot    7: 1024 op, 527856.00 ns, 515.4844 ns/op
WorkloadPilot    8: 2048 op, 1108270.00 ns, 541.1475 ns/op
WorkloadPilot    9: 4096 op, 2231138.00 ns, 544.7114 ns/op
WorkloadPilot   10: 8192 op, 4416210.00 ns, 539.0881 ns/op
WorkloadPilot   11: 16384 op, 8760615.00 ns, 534.7055 ns/op
WorkloadPilot   12: 32768 op, 17245518.00 ns, 526.2914 ns/op
WorkloadPilot   13: 65536 op, 22827255.00 ns, 348.3163 ns/op
WorkloadPilot   14: 131072 op, 45414741.00 ns, 346.4870 ns/op
WorkloadPilot   15: 262144 op, 79219544.00 ns, 302.1986 ns/op
WorkloadPilot   16: 524288 op, 58120729.00 ns, 110.8565 ns/op
WorkloadPilot   17: 1048576 op, 117622607.00 ns, 112.1737 ns/op
WorkloadPilot   18: 2097152 op, 236881121.00 ns, 112.9537 ns/op
WorkloadPilot   19: 4194304 op, 474179871.00 ns, 113.0533 ns/op
WorkloadPilot   20: 8388608 op, 951319852.00 ns, 113.4062 ns/op

OverheadWarmup   1: 8388608 op, 32901976.00 ns, 3.9222 ns/op
OverheadWarmup   2: 8388608 op, 32970815.00 ns, 3.9304 ns/op
OverheadWarmup   3: 8388608 op, 32923136.00 ns, 3.9247 ns/op
OverheadWarmup   4: 8388608 op, 32829851.00 ns, 3.9136 ns/op
OverheadWarmup   5: 8388608 op, 33002625.00 ns, 3.9342 ns/op
OverheadWarmup   6: 8388608 op, 32818000.00 ns, 3.9122 ns/op

OverheadActual   1: 8388608 op, 33070942.00 ns, 3.9424 ns/op
OverheadActual   2: 8388608 op, 32930629.00 ns, 3.9256 ns/op
OverheadActual   3: 8388608 op, 32868644.00 ns, 3.9182 ns/op
OverheadActual   4: 8388608 op, 32907005.00 ns, 3.9228 ns/op
OverheadActual   5: 8388608 op, 32916102.00 ns, 3.9239 ns/op
OverheadActual   6: 8388608 op, 32886507.00 ns, 3.9204 ns/op
OverheadActual   7: 8388608 op, 32871058.00 ns, 3.9185 ns/op
OverheadActual   8: 8388608 op, 32819031.00 ns, 3.9123 ns/op
OverheadActual   9: 8388608 op, 37502440.00 ns, 4.4706 ns/op
OverheadActual  10: 8388608 op, 30521469.00 ns, 3.6384 ns/op
OverheadActual  11: 8388608 op, 30133574.00 ns, 3.5922 ns/op
OverheadActual  12: 8388608 op, 30160064.00 ns, 3.5954 ns/op
OverheadActual  13: 8388608 op, 35019281.00 ns, 4.1746 ns/op
OverheadActual  14: 8388608 op, 27411429.00 ns, 3.2677 ns/op
OverheadActual  15: 8388608 op, 27445632.00 ns, 3.2718 ns/op
OverheadActual  16: 8388608 op, 27515714.00 ns, 3.2801 ns/op
OverheadActual  17: 8388608 op, 27720446.00 ns, 3.3045 ns/op
OverheadActual  18: 8388608 op, 28186116.00 ns, 3.3600 ns/op
OverheadActual  19: 8388608 op, 27386563.00 ns, 3.2647 ns/op
OverheadActual  20: 8388608 op, 27421969.00 ns, 3.2690 ns/op

WorkloadWarmup   1: 8388608 op, 961506523.00 ns, 114.6205 ns/op
WorkloadWarmup   2: 8388608 op, 960751362.00 ns, 114.5305 ns/op
WorkloadWarmup   3: 8388608 op, 953389079.00 ns, 113.6528 ns/op

// BeforeActualRun
WorkloadActual   1: 8388608 op, 968212870.00 ns, 115.4200 ns/op
WorkloadActual   2: 8388608 op, 980042030.00 ns, 116.8301 ns/op
WorkloadActual   3: 8388608 op, 975304277.00 ns, 116.2653 ns/op
WorkloadActual   4: 8388608 op, 977412948.00 ns, 116.5167 ns/op
WorkloadActual   5: 8388608 op, 973406424.00 ns, 116.0391 ns/op

// AfterActualRun
WorkloadResult   1: 8388608 op, 936542620.00 ns, 111.6446 ns/op
WorkloadResult   2: 8388608 op, 948371780.00 ns, 113.0547 ns/op
WorkloadResult   3: 8388608 op, 943634027.00 ns, 112.4899 ns/op
WorkloadResult   4: 8388608 op, 945742698.00 ns, 112.7413 ns/op
WorkloadResult   5: 8388608 op, 941736174.00 ns, 112.2637 ns/op
// GC:  264 0 0 4429185760 8388608
// Threading:  0 0 8388608

// AfterAll
// Benchmark Process 4215 has exited with code 0.

Mean = 112.439 ns, StdErr = 0.238 ns (0.21%), N = 5, StdDev = 0.533 ns
Min = 111.645 ns, Q1 = 112.264 ns, Median = 112.490 ns, Q3 = 112.741 ns, Max = 113.055 ns
IQR = 0.478 ns, LowerFence = 111.547 ns, UpperFence = 113.458 ns
ConfidenceInterval = [110.388 ns; 114.490 ns] (CI 99.9%), Margin = 2.051 ns (1.82% of Mean)
Skewness = -0.32, Kurtosis = 1.37, MValue = 2

// ** Remained 6 (9.2 %) benchmark(s) to run. Estimated finish 2026-08-30 3:19 (0h 0m from now) **
// **************************
// Benchmark: TypeRegistrationBenchmarks.Needlr_Reflection_RegisterTypes: ShortRun(IterationCount=5, LaunchCount=1, WarmupCount=3)
// *** Execute ***
// Launch: 1 / 1
// Execute: dotnet bd712387-88f3-428d-bc3e-b66bbc2943f7.dll --anonymousPipes 163 164 --benchmarkName NexusLabs.Needlr.Benchmarks.Benchmarks.TypeRegistrationBenchmarks.Needlr_Reflection_RegisterTypes --job ShortRun --benchmarkId 59 in /home/runner/work/needlr/needlr/src/NexusLabs.Needlr.Benchmarks/bin/Release/net10.0/bd712387-88f3-428d-bc3e-b66bbc2943f7/bin/Release/net10.0
// Failed to set up high priority (Permission denied). In order to run benchmarks with high priority, make sure you have the right permissions.
// BeforeAnythingElse

// Benchmark Process Environment Information:
// BenchmarkDotNet v0.14.0
// Runtime=.NET 10.0.11 (10.0.1126.37416), X64 RyuJIT AVX2
// GC=Concurrent Workstation
// HardwareIntrinsics=AVX2,AES,BMI1,BMI2,FMA,LZCNT,PCLMUL,POPCNT VectorSize=256
// Job: ShortRun(IterationCount=5, LaunchCount=1, WarmupCount=3)

OverheadJitting  1: 1 op, 340897.00 ns, 340.8970 us/op
WorkloadJitting  1: 1 op, 24114641.00 ns, 24.1146 ms/op

OverheadJitting  2: 16 op, 543084.00 ns, 33.9428 us/op
WorkloadJitting  2: 16 op, 50040465.00 ns, 3.1275 ms/op

WorkloadPilot    1: 16 op, 46268739.00 ns, 2.8918 ms/op
WorkloadPilot    2: 32 op, 91007551.00 ns, 2.8440 ms/op
WorkloadPilot    3: 64 op, 195486006.00 ns, 3.0545 ms/op
WorkloadPilot    4: 128 op, 421856972.00 ns, 3.2958 ms/op
WorkloadPilot    5: 256 op, 987329175.00 ns, 3.8568 ms/op

OverheadWarmup   1: 256 op, 3006.00 ns, 11.7422 ns/op
OverheadWarmup   2: 256 op, 1643.00 ns, 6.4180 ns/op
OverheadWarmup   3: 256 op, 1643.00 ns, 6.4180 ns/op
OverheadWarmup   4: 256 op, 1644.00 ns, 6.4219 ns/op
OverheadWarmup   5: 256 op, 1553.00 ns, 6.0664 ns/op
OverheadWarmup   6: 256 op, 1553.00 ns, 6.0664 ns/op

OverheadActual   1: 256 op, 1603.00 ns, 6.2617 ns/op
OverheadActual   2: 256 op, 1593.00 ns, 6.2227 ns/op
OverheadActual   3: 256 op, 1583.00 ns, 6.1836 ns/op
OverheadActual   4: 256 op, 1603.00 ns, 6.2617 ns/op
OverheadActual   5: 256 op, 1573.00 ns, 6.1445 ns/op
OverheadActual   6: 256 op, 1543.00 ns, 6.0273 ns/op
OverheadActual   7: 256 op, 1593.00 ns, 6.2227 ns/op
OverheadActual   8: 256 op, 2715.00 ns, 10.6055 ns/op
OverheadActual   9: 256 op, 2605.00 ns, 10.1758 ns/op
OverheadActual  10: 256 op, 2565.00 ns, 10.0195 ns/op
OverheadActual  11: 256 op, 2565.00 ns, 10.0195 ns/op
OverheadActual  12: 256 op, 2204.00 ns, 8.6094 ns/op
OverheadActual  13: 256 op, 2224.00 ns, 8.6875 ns/op
OverheadActual  14: 256 op, 2245.00 ns, 8.7695 ns/op
OverheadActual  15: 256 op, 2194.00 ns, 8.5703 ns/op
OverheadActual  16: 256 op, 2245.00 ns, 8.7695 ns/op
OverheadActual  17: 256 op, 2184.00 ns, 8.5313 ns/op
OverheadActual  18: 256 op, 2274.00 ns, 8.8828 ns/op
OverheadActual  19: 256 op, 2234.00 ns, 8.7266 ns/op
OverheadActual  20: 256 op, 2214.00 ns, 8.6484 ns/op

WorkloadWarmup   1: 256 op, 862456979.00 ns, 3.3690 ms/op
WorkloadWarmup   2: 256 op, 386516849.00 ns, 1.5098 ms/op
WorkloadWarmup   3: 256 op, 329616639.00 ns, 1.2876 ms/op

// BeforeActualRun
WorkloadActual   1: 256 op, 315652922.00 ns, 1.2330 ms/op
WorkloadActual   2: 256 op, 314025111.00 ns, 1.2267 ms/op
WorkloadActual   3: 256 op, 313208335.00 ns, 1.2235 ms/op
WorkloadActual   4: 256 op, 315365872.00 ns, 1.2319 ms/op
WorkloadActual   5: 256 op, 312919311.00 ns, 1.2223 ms/op

// AfterActualRun
WorkloadResult   1: 256 op, 315650713.00 ns, 1.2330 ms/op
WorkloadResult   2: 256 op, 314022902.00 ns, 1.2267 ms/op
WorkloadResult   3: 256 op, 313206126.00 ns, 1.2235 ms/op
WorkloadResult   4: 256 op, 315363663.00 ns, 1.2319 ms/op
WorkloadResult   5: 256 op, 312917102.00 ns, 1.2223 ms/op
// GC:  9 0 0 150897256 256
// Threading:  0 0 256

// AfterAll
// Benchmark Process 4224 has exited with code 0.

Mean = 1.227 ms, StdErr = 0.002 ms (0.18%), N = 5, StdDev = 0.005 ms
Min = 1.222 ms, Q1 = 1.223 ms, Median = 1.227 ms, Q3 = 1.232 ms, Max = 1.233 ms
IQR = 0.008 ms, LowerFence = 1.211 ms, UpperFence = 1.245 ms
ConfidenceInterval = [1.209 ms; 1.246 ms] (CI 99.9%), Margin = 0.019 ms (1.52% of Mean)
Skewness = 0.1, Kurtosis = 0.84, MValue = 2

// ** Remained 5 (7.7 %) benchmark(s) to run. Estimated finish 2026-08-30 3:19 (0h 0m from now) **
// **************************
// Benchmark: TypeRegistrationBenchmarks.Needlr_SourceGen_RegisterTypes: ShortRun(IterationCount=5, LaunchCount=1, WarmupCount=3)
// *** Execute ***
// Launch: 1 / 1
// Execute: dotnet bd712387-88f3-428d-bc3e-b66bbc2943f7.dll --anonymousPipes 163 164 --benchmarkName NexusLabs.Needlr.Benchmarks.Benchmarks.TypeRegistrationBenchmarks.Needlr_SourceGen_RegisterTypes --job ShortRun --benchmarkId 60 in /home/runner/work/needlr/needlr/src/NexusLabs.Needlr.Benchmarks/bin/Release/net10.0/bd712387-88f3-428d-bc3e-b66bbc2943f7/bin/Release/net10.0
// Failed to set up high priority (Permission denied). In order to run benchmarks with high priority, make sure you have the right permissions.
// BeforeAnythingElse

// Benchmark Process Environment Information:
// BenchmarkDotNet v0.14.0
// Runtime=.NET 10.0.11 (10.0.1126.37416), X64 RyuJIT AVX2
// GC=Concurrent Workstation
// HardwareIntrinsics=AVX2,AES,BMI1,BMI2,FMA,LZCNT,PCLMUL,POPCNT VectorSize=256
// Job: ShortRun(IterationCount=5, LaunchCount=1, WarmupCount=3)

OverheadJitting  1: 1 op, 352227.00 ns, 352.2270 us/op
WorkloadJitting  1: 1 op, 7217574.00 ns, 7.2176 ms/op

OverheadJitting  2: 16 op, 524761.00 ns, 32.7976 us/op
WorkloadJitting  2: 16 op, 2568398.00 ns, 160.5249 us/op

WorkloadPilot    1: 16 op, 1930326.00 ns, 120.6454 us/op
WorkloadPilot    2: 32 op, 3917999.00 ns, 122.4375 us/op
WorkloadPilot    3: 64 op, 8242999.00 ns, 128.7969 us/op
WorkloadPilot    4: 128 op, 16604770.00 ns, 129.7248 us/op
WorkloadPilot    5: 256 op, 31988098.00 ns, 124.9535 us/op
WorkloadPilot    6: 512 op, 63305222.00 ns, 123.6430 us/op
WorkloadPilot    7: 1024 op, 133158356.00 ns, 130.0375 us/op
WorkloadPilot    8: 2048 op, 86202668.00 ns, 42.0911 us/op
WorkloadPilot    9: 4096 op, 72167658.00 ns, 17.6191 us/op
WorkloadPilot   10: 8192 op, 143949816.00 ns, 17.5720 us/op
WorkloadPilot   11: 16384 op, 289558932.00 ns, 17.6733 us/op
WorkloadPilot   12: 32768 op, 580189204.00 ns, 17.7060 us/op

OverheadWarmup   1: 32768 op, 130233.00 ns, 3.9744 ns/op
OverheadWarmup   2: 32768 op, 118111.00 ns, 3.6045 ns/op
OverheadWarmup   3: 32768 op, 129021.00 ns, 3.9374 ns/op
OverheadWarmup   4: 32768 op, 118081.00 ns, 3.6035 ns/op
OverheadWarmup   5: 32768 op, 128760.00 ns, 3.9294 ns/op
OverheadWarmup   6: 32768 op, 118111.00 ns, 3.6045 ns/op

OverheadActual   1: 32768 op, 128831.00 ns, 3.9316 ns/op
OverheadActual   2: 32768 op, 152405.00 ns, 4.6510 ns/op
OverheadActual   3: 32768 op, 129001.00 ns, 3.9368 ns/op
OverheadActual   4: 32768 op, 136225.00 ns, 4.1573 ns/op
OverheadActual   5: 32768 op, 148447.00 ns, 4.5302 ns/op
OverheadActual   6: 32768 op, 118130.00 ns, 3.6050 ns/op
OverheadActual   7: 32768 op, 129162.00 ns, 3.9417 ns/op
OverheadActual   8: 32768 op, 118071.00 ns, 3.6032 ns/op
OverheadActual   9: 32768 op, 128791.00 ns, 3.9304 ns/op
OverheadActual  10: 32768 op, 118862.00 ns, 3.6274 ns/op
OverheadActual  11: 32768 op, 156322.00 ns, 4.7706 ns/op
OverheadActual  12: 32768 op, 118060.00 ns, 3.6029 ns/op
OverheadActual  13: 32768 op, 128730.00 ns, 3.9285 ns/op
OverheadActual  14: 32768 op, 118080.00 ns, 3.6035 ns/op
OverheadActual  15: 32768 op, 128861.00 ns, 3.9325 ns/op
OverheadActual  16: 32768 op, 118091.00 ns, 3.6039 ns/op
OverheadActual  17: 32768 op, 128761.00 ns, 3.9295 ns/op
OverheadActual  18: 32768 op, 141795.00 ns, 4.3272 ns/op
OverheadActual  19: 32768 op, 129041.00 ns, 3.9380 ns/op
OverheadActual  20: 32768 op, 118131.00 ns, 3.6051 ns/op

WorkloadWarmup   1: 32768 op, 587833965.00 ns, 17.9393 us/op
WorkloadWarmup   2: 32768 op, 591834499.00 ns, 18.0614 us/op
WorkloadWarmup   3: 32768 op, 581262870.00 ns, 17.7387 us/op

// BeforeActualRun
WorkloadActual   1: 32768 op, 582212243.00 ns, 17.7677 us/op
WorkloadActual   2: 32768 op, 583413447.00 ns, 17.8044 us/op
WorkloadActual   3: 32768 op, 586714167.00 ns, 17.9051 us/op
WorkloadActual   4: 32768 op, 587073755.00 ns, 17.9161 us/op
WorkloadActual   5: 32768 op, 587120052.00 ns, 17.9175 us/op

// AfterActualRun
WorkloadResult   1: 32768 op, 582083432.00 ns, 17.7638 us/op
WorkloadResult   2: 32768 op, 583284636.00 ns, 17.8004 us/op
WorkloadResult   3: 32768 op, 586585356.00 ns, 17.9012 us/op
WorkloadResult   4: 32768 op, 586944944.00 ns, 17.9121 us/op
WorkloadResult   5: 32768 op, 586991241.00 ns, 17.9136 us/op
// GC:  60 4 0 1014498016 32768
// Threading:  0 0 32768

// AfterAll
// Benchmark Process 4232 has exited with code 0.

Mean = 17.858 μs, StdErr = 0.032 μs (0.18%), N = 5, StdDev = 0.071 μs
Min = 17.764 μs, Q1 = 17.800 μs, Median = 17.901 μs, Q3 = 17.912 μs, Max = 17.914 μs
IQR = 0.112 μs, LowerFence = 17.633 μs, UpperFence = 18.080 μs
ConfidenceInterval = [17.585 μs; 18.131 μs] (CI 99.9%), Margin = 0.273 μs (1.53% of Mean)
Skewness = -0.35, Kurtosis = 0.89, MValue = 2

// ** Remained 4 (6.2 %) benchmark(s) to run. Estimated finish 2026-08-30 3:19 (0h 0m from now) **
// ***** BenchmarkRunner: Finish  *****

// * Export *
  home/runner/work/needlr/needlr/benchmark-results/results/NexusLabs.Needlr.Benchmarks.Benchmarks.TypeRegistrationBenchmarks-report.csv
  home/runner/work/needlr/needlr/benchmark-results/results/NexusLabs.Needlr.Benchmarks.Benchmarks.TypeRegistrationBenchmarks-report-github.md
  home/runner/work/needlr/needlr/benchmark-results/results/NexusLabs.Needlr.Benchmarks.Benchmarks.TypeRegistrationBenchmarks-report.html
  home/runner/work/needlr/needlr/benchmark-results/results/NexusLabs.Needlr.Benchmarks.Benchmarks.TypeRegistrationBenchmarks-report-full-compressed.json
  home/runner/work/needlr/needlr/benchmark-results/results/NexusLabs.Needlr.Benchmarks.Benchmarks.TypeRegistrationBenchmarks-report-default.md

// * Detailed results *
TypeRegistrationBenchmarks.ManualDI_RegisterTypes: ShortRun(IterationCount=5, LaunchCount=1, WarmupCount=3)
Runtime = .NET 10.0.11 (10.0.1126.37416), X64 RyuJIT AVX2; GC = Concurrent Workstation
Mean = 112.439 ns, StdErr = 0.238 ns (0.21%), N = 5, StdDev = 0.533 ns
Min = 111.645 ns, Q1 = 112.264 ns, Median = 112.490 ns, Q3 = 112.741 ns, Max = 113.055 ns
IQR = 0.478 ns, LowerFence = 111.547 ns, UpperFence = 113.458 ns
ConfidenceInterval = [110.388 ns; 114.490 ns] (CI 99.9%), Margin = 2.051 ns (1.82% of Mean)
Skewness = -0.32, Kurtosis = 1.37, MValue = 2
-------------------- Histogram --------------------
[111.236 ns ; 113.464 ns) | @@@@@
---------------------------------------------------

TypeRegistrationBenchmarks.Needlr_Reflection_RegisterTypes: ShortRun(IterationCount=5, LaunchCount=1, WarmupCount=3)
Runtime = .NET 10.0.11 (10.0.1126.37416), X64 RyuJIT AVX2; GC = Concurrent Workstation
Mean = 1.227 ms, StdErr = 0.002 ms (0.18%), N = 5, StdDev = 0.005 ms
Min = 1.222 ms, Q1 = 1.223 ms, Median = 1.227 ms, Q3 = 1.232 ms, Max = 1.233 ms
IQR = 0.008 ms, LowerFence = 1.211 ms, UpperFence = 1.245 ms
ConfidenceInterval = [1.209 ms; 1.246 ms] (CI 99.9%), Margin = 0.019 ms (1.52% of Mean)
Skewness = 0.1, Kurtosis = 0.84, MValue = 2
-------------------- Histogram --------------------
[1.219 ms ; 1.237 ms) | @@@@@
---------------------------------------------------

TypeRegistrationBenchmarks.Needlr_SourceGen_RegisterTypes: ShortRun(IterationCount=5, LaunchCount=1, WarmupCount=3)
Runtime = .NET 10.0.11 (10.0.1126.37416), X64 RyuJIT AVX2; GC = Concurrent Workstation
Mean = 17.858 μs, StdErr = 0.032 μs (0.18%), N = 5, StdDev = 0.071 μs
Min = 17.764 μs, Q1 = 17.800 μs, Median = 17.901 μs, Q3 = 17.912 μs, Max = 17.914 μs
IQR = 0.112 μs, LowerFence = 17.633 μs, UpperFence = 18.080 μs
ConfidenceInterval = [17.585 μs; 18.131 μs] (CI 99.9%), Margin = 0.273 μs (1.53% of Mean)
Skewness = -0.35, Kurtosis = 0.89, MValue = 2
-------------------- Histogram --------------------
[17.709 μs ; 17.968 μs) | @@@@@
---------------------------------------------------

// * Summary *

BenchmarkDotNet v0.14.0, Ubuntu 24.04.4 LTS (Noble Numbat)
AMD EPYC 7763, 1 CPU, 4 logical and 2 physical cores
.NET SDK 10.0.302
  [Host]   : .NET 10.0.11 (10.0.1126.37416), X64 RyuJIT AVX2
  ShortRun : .NET 10.0.11 (10.0.1126.37416), X64 RyuJIT AVX2

Job=ShortRun  IterationCount=5  LaunchCount=1  
WarmupCount=3  

| Method                          | Mean           | Error        | StdDev      | Ratio     | RatioSD | Rank | Gen0    | Gen1   | Allocated | Alloc Ratio |
|-------------------------------- |---------------:|-------------:|------------:|----------:|--------:|-----:|--------:|-------:|----------:|------------:|
| ManualDI_RegisterTypes          |       112.4 ns |      2.05 ns |     0.53 ns |      1.00 |    0.01 |    1 |  0.0315 |      - |     528 B |        1.00 |
| Needlr_Reflection_RegisterTypes | 1,227,469.1 ns | 18,603.13 ns | 4,831.17 ns | 10,916.97 |   61.45 |    3 | 35.1563 |      - |  589442 B |    1,116.37 |
| Needlr_SourceGen_RegisterTypes  |    17,858.2 ns |    272.77 ns |    70.84 ns |    158.83 |    0.90 |    2 |  1.8311 | 0.1221 |   30960 B |       58.64 |
// * Config Issues *

// * Warnings *
Configuration
  Summary -> The exporter HtmlExporter is already present in configuration. There may be unexpected results.

// * Legends *
  Mean        : Arithmetic mean of all measurements
  Error       : Half of 99.9% confidence interval
  StdDev      : Standard deviation of all measurements
  Ratio       : Mean of the ratio distribution ([Current]/[Baseline])
  RatioSD     : Standard deviation of the ratio distribution ([Current]/[Baseline])
  Rank        : Relative position of current benchmark mean among all benchmarks (Arabic style)
  Gen0        : GC Generation 0 collects per 1000 operations
  Gen1        : GC Generation 1 collects per 1000 operations
  Allocated   : Allocated memory per single operation (managed only, inclusive, 1KB = 1024B)
  Alloc Ratio : Allocated memory ratio distribution ([Current]/[Baseline])
  1 ns        : 1 Nanosecond (0.000000001 sec)

// * Diagnostic Output - MemoryDiagnoser *


// ***** BenchmarkRunner: End *****
Run time: 00:00:24 (24.24 sec), executed benchmarks: 3

// Found 4 benchmarks:
//   WebApplicationBuildBenchmarks.ManualDI_BuildWebApp: ShortRun(InvocationCount=1, IterationCount=5, LaunchCount=1, UnrollFactor=1, WarmupCount=3)
//   WebApplicationBuildBenchmarks.Needlr_Reflection_BuildWebApp: ShortRun(InvocationCount=1, IterationCount=5, LaunchCount=1, UnrollFactor=1, WarmupCount=3)
//   WebApplicationBuildBenchmarks.Needlr_SourceGen_BuildWebApp: ShortRun(InvocationCount=1, IterationCount=5, LaunchCount=1, UnrollFactor=1, WarmupCount=3)
//   WebApplicationBuildBenchmarks.Needlr_SourceGenExplicit_BuildWebApp: ShortRun(InvocationCount=1, IterationCount=5, LaunchCount=1, UnrollFactor=1, WarmupCount=3)

// **************************
// Benchmark: WebApplicationBuildBenchmarks.ManualDI_BuildWebApp: ShortRun(InvocationCount=1, IterationCount=5, LaunchCount=1, UnrollFactor=1, WarmupCount=3)
// *** Execute ***
// Launch: 1 / 1
// Execute: dotnet bd712387-88f3-428d-bc3e-b66bbc2943f7.dll --anonymousPipes 163 164 --benchmarkName NexusLabs.Needlr.Benchmarks.Benchmarks.WebApplicationBuildBenchmarks.ManualDI_BuildWebApp --job ShortRun --benchmarkId 61 in /home/runner/work/needlr/needlr/src/NexusLabs.Needlr.Benchmarks/bin/Release/net10.0/bd712387-88f3-428d-bc3e-b66bbc2943f7/bin/Release/net10.0
// Failed to set up high priority (Permission denied). In order to run benchmarks with high priority, make sure you have the right permissions.
// BeforeAnythingElse

// Benchmark Process Environment Information:
// BenchmarkDotNet v0.14.0
// Runtime=.NET 10.0.11 (10.0.1126.37416), X64 RyuJIT AVX2
// GC=Concurrent Workstation
// HardwareIntrinsics=AVX2,AES,BMI1,BMI2,FMA,LZCNT,PCLMUL,POPCNT VectorSize=256
// Job: ShortRun(InvocationCount=1, IterationCount=5, LaunchCount=1, UnrollFactor=1, WarmupCount=3)

OverheadJitting  1: 1 op, 357468.00 ns, 357.4680 us/op
WorkloadJitting  1: 1 op, 67005443.00 ns, 67.0054 ms/op

OverheadWarmup   1: 1 op, 611.00 ns, 611.0000 ns/op
OverheadWarmup   2: 1 op, 331.00 ns, 331.0000 ns/op
OverheadWarmup   3: 1 op, 310.00 ns, 310.0000 ns/op
OverheadWarmup   4: 1 op, 291.00 ns, 291.0000 ns/op
OverheadWarmup   5: 1 op, 360.00 ns, 360.0000 ns/op
OverheadWarmup   6: 1 op, 321.00 ns, 321.0000 ns/op
OverheadWarmup   7: 1 op, 421.00 ns, 421.0000 ns/op
OverheadWarmup   8: 1 op, 310.00 ns, 310.0000 ns/op

OverheadActual   1: 1 op, 340.00 ns, 340.0000 ns/op
OverheadActual   2: 1 op, 361.00 ns, 361.0000 ns/op
OverheadActual   3: 1 op, 341.00 ns, 341.0000 ns/op
OverheadActual   4: 1 op, 341.00 ns, 341.0000 ns/op
OverheadActual   5: 1 op, 331.00 ns, 331.0000 ns/op
OverheadActual   6: 1 op, 281.00 ns, 281.0000 ns/op
OverheadActual   7: 1 op, 291.00 ns, 291.0000 ns/op
OverheadActual   8: 1 op, 311.00 ns, 311.0000 ns/op
OverheadActual   9: 1 op, 361.00 ns, 361.0000 ns/op
OverheadActual  10: 1 op, 320.00 ns, 320.0000 ns/op
OverheadActual  11: 1 op, 310.00 ns, 310.0000 ns/op
OverheadActual  12: 1 op, 261.00 ns, 261.0000 ns/op
OverheadActual  13: 1 op, 390.00 ns, 390.0000 ns/op
OverheadActual  14: 1 op, 270.00 ns, 270.0000 ns/op
OverheadActual  15: 1 op, 300.00 ns, 300.0000 ns/op
OverheadActual  16: 1 op, 331.00 ns, 331.0000 ns/op
OverheadActual  17: 1 op, 301.00 ns, 301.0000 ns/op
OverheadActual  18: 1 op, 341.00 ns, 341.0000 ns/op
OverheadActual  19: 1 op, 281.00 ns, 281.0000 ns/op
OverheadActual  20: 1 op, 311.00 ns, 311.0000 ns/op

WorkloadWarmup   1: 1 op, 4834341.00 ns, 4.8343 ms/op
WorkloadWarmup   2: 1 op, 2991449.00 ns, 2.9914 ms/op
WorkloadWarmup   3: 1 op, 2827863.00 ns, 2.8279 ms/op

// BeforeActualRun
WorkloadActual   1: 1 op, 2961072.00 ns, 2.9611 ms/op
WorkloadActual   2: 1 op, 2975238.00 ns, 2.9752 ms/op
WorkloadActual   3: 1 op, 2798779.00 ns, 2.7988 ms/op
WorkloadActual   4: 1 op, 2804830.00 ns, 2.8048 ms/op
WorkloadActual   5: 1 op, 2836970.00 ns, 2.8370 ms/op

// AfterActualRun
WorkloadResult   1: 1 op, 2960756.50 ns, 2.9608 ms/op
WorkloadResult   2: 1 op, 2974922.50 ns, 2.9749 ms/op
WorkloadResult   3: 1 op, 2798463.50 ns, 2.7985 ms/op
WorkloadResult   4: 1 op, 2804514.50 ns, 2.8045 ms/op
WorkloadResult   5: 1 op, 2836654.50 ns, 2.8367 ms/op
// GC:  0 0 0 534168 1
// Threading:  0 0 1

// AfterAll
// Benchmark Process 4240 has exited with code 0.

Mean = 2.875 ms, StdErr = 0.038 ms (1.34%), N = 5, StdDev = 0.086 ms
Min = 2.798 ms, Q1 = 2.805 ms, Median = 2.837 ms, Q3 = 2.961 ms, Max = 2.975 ms
IQR = 0.156 ms, LowerFence = 2.570 ms, UpperFence = 3.195 ms
ConfidenceInterval = [2.544 ms; 3.207 ms] (CI 99.9%), Margin = 0.331 ms (11.53% of Mean)
Skewness = 0.24, Kurtosis = 0.78, MValue = 2

// ** Remained 3 (4.6 %) benchmark(s) to run. Estimated finish 2026-08-30 3:19 (0h 0m from now) **
// **************************
// Benchmark: WebApplicationBuildBenchmarks.Needlr_Reflection_BuildWebApp: ShortRun(InvocationCount=1, IterationCount=5, LaunchCount=1, UnrollFactor=1, WarmupCount=3)
// *** Execute ***
// Launch: 1 / 1
// Execute: dotnet bd712387-88f3-428d-bc3e-b66bbc2943f7.dll --anonymousPipes 163 164 --benchmarkName NexusLabs.Needlr.Benchmarks.Benchmarks.WebApplicationBuildBenchmarks.Needlr_Reflection_BuildWebApp --job ShortRun --benchmarkId 62 in /home/runner/work/needlr/needlr/src/NexusLabs.Needlr.Benchmarks/bin/Release/net10.0/bd712387-88f3-428d-bc3e-b66bbc2943f7/bin/Release/net10.0
// Failed to set up high priority (Permission denied). In order to run benchmarks with high priority, make sure you have the right permissions.
// BeforeAnythingElse

// Benchmark Process Environment Information:
// BenchmarkDotNet v0.14.0
// Runtime=.NET 10.0.11 (10.0.1126.37416), X64 RyuJIT AVX2
// GC=Concurrent Workstation
// HardwareIntrinsics=AVX2,AES,BMI1,BMI2,FMA,LZCNT,PCLMUL,POPCNT VectorSize=256
// Job: ShortRun(InvocationCount=1, IterationCount=5, LaunchCount=1, UnrollFactor=1, WarmupCount=3)

OverheadJitting  1: 1 op, 404816.00 ns, 404.8160 us/op
WorkloadJitting  1: 1 op, 115919440.00 ns, 115.9194 ms/op

OverheadWarmup   1: 1 op, 1242.00 ns, 1.2420 us/op
OverheadWarmup   2: 1 op, 321.00 ns, 321.0000 ns/op
OverheadWarmup   3: 1 op, 320.00 ns, 320.0000 ns/op
OverheadWarmup   4: 1 op, 331.00 ns, 331.0000 ns/op
OverheadWarmup   5: 1 op, 371.00 ns, 371.0000 ns/op
OverheadWarmup   6: 1 op, 441.00 ns, 441.0000 ns/op
OverheadWarmup   7: 1 op, 351.00 ns, 351.0000 ns/op
OverheadWarmup   8: 1 op, 450.00 ns, 450.0000 ns/op
OverheadWarmup   9: 1 op, 772.00 ns, 772.0000 ns/op
OverheadWarmup  10: 1 op, 761.00 ns, 761.0000 ns/op

OverheadActual   1: 1 op, 711.00 ns, 711.0000 ns/op
OverheadActual   2: 1 op, 350.00 ns, 350.0000 ns/op
OverheadActual   3: 1 op, 361.00 ns, 361.0000 ns/op
OverheadActual   4: 1 op, 741.00 ns, 741.0000 ns/op
OverheadActual   5: 1 op, 732.00 ns, 732.0000 ns/op
OverheadActual   6: 1 op, 331.00 ns, 331.0000 ns/op
OverheadActual   7: 1 op, 351.00 ns, 351.0000 ns/op
OverheadActual   8: 1 op, 311.00 ns, 311.0000 ns/op
OverheadActual   9: 1 op, 321.00 ns, 321.0000 ns/op
OverheadActual  10: 1 op, 351.00 ns, 351.0000 ns/op
OverheadActual  11: 1 op, 681.00 ns, 681.0000 ns/op
OverheadActual  12: 1 op, 951.00 ns, 951.0000 ns/op
OverheadActual  13: 1 op, 361.00 ns, 361.0000 ns/op
OverheadActual  14: 1 op, 320.00 ns, 320.0000 ns/op
OverheadActual  15: 1 op, 310.00 ns, 310.0000 ns/op
OverheadActual  16: 1 op, 320.00 ns, 320.0000 ns/op
OverheadActual  17: 1 op, 341.00 ns, 341.0000 ns/op
OverheadActual  18: 1 op, 330.00 ns, 330.0000 ns/op
OverheadActual  19: 1 op, 311.00 ns, 311.0000 ns/op
OverheadActual  20: 1 op, 311.00 ns, 311.0000 ns/op

WorkloadWarmup   1: 1 op, 12974598.00 ns, 12.9746 ms/op
WorkloadWarmup   2: 1 op, 9696014.00 ns, 9.6960 ms/op
WorkloadWarmup   3: 1 op, 9655016.00 ns, 9.6550 ms/op

// BeforeActualRun
WorkloadActual   1: 1 op, 9474099.00 ns, 9.4741 ms/op
WorkloadActual   2: 1 op, 9579165.00 ns, 9.5792 ms/op
WorkloadActual   3: 1 op, 9526897.00 ns, 9.5269 ms/op
WorkloadActual   4: 1 op, 9799516.00 ns, 9.7995 ms/op
WorkloadActual   5: 1 op, 9527037.00 ns, 9.5270 ms/op

// AfterActualRun
WorkloadResult   1: 1 op, 9473753.50 ns, 9.4738 ms/op
WorkloadResult   2: 1 op, 9578819.50 ns, 9.5788 ms/op
WorkloadResult   3: 1 op, 9526551.50 ns, 9.5266 ms/op
WorkloadResult   4: 1 op, 9526691.50 ns, 9.5267 ms/op
// GC:  0 0 0 1821696 1
// Threading:  0 0 1

// AfterAll
// Benchmark Process 4268 has exited with code 0.

Mean = 9.526 ms, StdErr = 0.021 ms (0.23%), N = 4, StdDev = 0.043 ms
Min = 9.474 ms, Q1 = 9.513 ms, Median = 9.527 ms, Q3 = 9.540 ms, Max = 9.579 ms
IQR = 0.026 ms, LowerFence = 9.474 ms, UpperFence = 9.579 ms
ConfidenceInterval = [9.249 ms; 9.804 ms] (CI 99.9%), Margin = 0.277 ms (2.91% of Mean)
Skewness = -0.01, Kurtosis = 1.13, MValue = 2

// ** Remained 2 (3.1 %) benchmark(s) to run. Estimated finish 2026-08-30 3:19 (0h 0m from now) **
// **************************
// Benchmark: WebApplicationBuildBenchmarks.Needlr_SourceGen_BuildWebApp: ShortRun(InvocationCount=1, IterationCount=5, LaunchCount=1, UnrollFactor=1, WarmupCount=3)
// *** Execute ***
// Launch: 1 / 1
// Execute: dotnet bd712387-88f3-428d-bc3e-b66bbc2943f7.dll --anonymousPipes 163 164 --benchmarkName NexusLabs.Needlr.Benchmarks.Benchmarks.WebApplicationBuildBenchmarks.Needlr_SourceGen_BuildWebApp --job ShortRun --benchmarkId 63 in /home/runner/work/needlr/needlr/src/NexusLabs.Needlr.Benchmarks/bin/Release/net10.0/bd712387-88f3-428d-bc3e-b66bbc2943f7/bin/Release/net10.0
// Failed to set up high priority (Permission denied). In order to run benchmarks with high priority, make sure you have the right permissions.
// BeforeAnythingElse

// Benchmark Process Environment Information:
// BenchmarkDotNet v0.14.0
// Runtime=.NET 10.0.11 (10.0.1126.37416), X64 RyuJIT AVX2
// GC=Concurrent Workstation
// HardwareIntrinsics=AVX2,AES,BMI1,BMI2,FMA,LZCNT,PCLMUL,POPCNT VectorSize=256
// Job: ShortRun(InvocationCount=1, IterationCount=5, LaunchCount=1, UnrollFactor=1, WarmupCount=3)

OverheadJitting  1: 1 op, 375591.00 ns, 375.5910 us/op
WorkloadJitting  1: 1 op, 105037381.00 ns, 105.0374 ms/op

OverheadWarmup   1: 1 op, 470.00 ns, 470.0000 ns/op
OverheadWarmup   2: 1 op, 431.00 ns, 431.0000 ns/op
OverheadWarmup   3: 1 op, 702.00 ns, 702.0000 ns/op
OverheadWarmup   4: 1 op, 651.00 ns, 651.0000 ns/op
OverheadWarmup   5: 1 op, 411.00 ns, 411.0000 ns/op
OverheadWarmup   6: 1 op, 361.00 ns, 361.0000 ns/op
OverheadWarmup   7: 1 op, 331.00 ns, 331.0000 ns/op
OverheadWarmup   8: 1 op, 371.00 ns, 371.0000 ns/op
OverheadWarmup   9: 1 op, 731.00 ns, 731.0000 ns/op
OverheadWarmup  10: 1 op, 691.00 ns, 691.0000 ns/op

OverheadActual   1: 1 op, 361.00 ns, 361.0000 ns/op
OverheadActual   2: 1 op, 371.00 ns, 371.0000 ns/op
OverheadActual   3: 1 op, 982.00 ns, 982.0000 ns/op
OverheadActual   4: 1 op, 821.00 ns, 821.0000 ns/op
OverheadActual   5: 1 op, 761.00 ns, 761.0000 ns/op
OverheadActual   6: 1 op, 350.00 ns, 350.0000 ns/op
OverheadActual   7: 1 op, 381.00 ns, 381.0000 ns/op
OverheadActual   8: 1 op, 361.00 ns, 361.0000 ns/op
OverheadActual   9: 1 op, 331.00 ns, 331.0000 ns/op
OverheadActual  10: 1 op, 341.00 ns, 341.0000 ns/op
OverheadActual  11: 1 op, 421.00 ns, 421.0000 ns/op
OverheadActual  12: 1 op, 310.00 ns, 310.0000 ns/op
OverheadActual  13: 1 op, 391.00 ns, 391.0000 ns/op
OverheadActual  14: 1 op, 390.00 ns, 390.0000 ns/op
OverheadActual  15: 1 op, 350.00 ns, 350.0000 ns/op
OverheadActual  16: 1 op, 672.00 ns, 672.0000 ns/op
OverheadActual  17: 1 op, 371.00 ns, 371.0000 ns/op
OverheadActual  18: 1 op, 331.00 ns, 331.0000 ns/op
OverheadActual  19: 1 op, 350.00 ns, 350.0000 ns/op
OverheadActual  20: 1 op, 331.00 ns, 331.0000 ns/op

WorkloadWarmup   1: 1 op, 6023031.00 ns, 6.0230 ms/op
WorkloadWarmup   2: 1 op, 3966282.00 ns, 3.9663 ms/op
WorkloadWarmup   3: 1 op, 3713678.00 ns, 3.7137 ms/op

// BeforeActualRun
WorkloadActual   1: 1 op, 3757249.00 ns, 3.7572 ms/op
WorkloadActual   2: 1 op, 3823402.00 ns, 3.8234 ms/op
WorkloadActual   3: 1 op, 3725870.00 ns, 3.7259 ms/op
WorkloadActual   4: 1 op, 3700934.00 ns, 3.7009 ms/op
WorkloadActual   5: 1 op, 3678923.00 ns, 3.6789 ms/op

// AfterActualRun
WorkloadResult   1: 1 op, 3756883.00 ns, 3.7569 ms/op
WorkloadResult   2: 1 op, 3823036.00 ns, 3.8230 ms/op
WorkloadResult   3: 1 op, 3725504.00 ns, 3.7255 ms/op
WorkloadResult   4: 1 op, 3700568.00 ns, 3.7006 ms/op
WorkloadResult   5: 1 op, 3678557.00 ns, 3.6786 ms/op
// GC:  0 0 0 822400 1
// Threading:  0 0 1

// AfterAll
// Benchmark Process 4296 has exited with code 0.

Mean = 3.737 ms, StdErr = 0.025 ms (0.67%), N = 5, StdDev = 0.056 ms
Min = 3.679 ms, Q1 = 3.701 ms, Median = 3.726 ms, Q3 = 3.757 ms, Max = 3.823 ms
IQR = 0.056 ms, LowerFence = 3.616 ms, UpperFence = 3.841 ms
ConfidenceInterval = [3.520 ms; 3.954 ms] (CI 99.9%), Margin = 0.217 ms (5.80% of Mean)
Skewness = 0.45, Kurtosis = 1.37, MValue = 2

// ** Remained 1 (1.5 %) benchmark(s) to run. Estimated finish 2026-08-30 3:19 (0h 0m from now) **
// **************************
// Benchmark: WebApplicationBuildBenchmarks.Needlr_SourceGenExplicit_BuildWebApp: ShortRun(InvocationCount=1, IterationCount=5, LaunchCount=1, UnrollFactor=1, WarmupCount=3)
// *** Execute ***
// Launch: 1 / 1
// Execute: dotnet bd712387-88f3-428d-bc3e-b66bbc2943f7.dll --anonymousPipes 163 164 --benchmarkName NexusLabs.Needlr.Benchmarks.Benchmarks.WebApplicationBuildBenchmarks.Needlr_SourceGenExplicit_BuildWebApp --job ShortRun --benchmarkId 64 in /home/runner/work/needlr/needlr/src/NexusLabs.Needlr.Benchmarks/bin/Release/net10.0/bd712387-88f3-428d-bc3e-b66bbc2943f7/bin/Release/net10.0
// Failed to set up high priority (Permission denied). In order to run benchmarks with high priority, make sure you have the right permissions.
// BeforeAnythingElse

// Benchmark Process Environment Information:
// BenchmarkDotNet v0.14.0
// Runtime=.NET 10.0.11 (10.0.1126.37416), X64 RyuJIT AVX2
// GC=Concurrent Workstation
// HardwareIntrinsics=AVX2,AES,BMI1,BMI2,FMA,LZCNT,PCLMUL,POPCNT VectorSize=256
// Job: ShortRun(InvocationCount=1, IterationCount=5, LaunchCount=1, UnrollFactor=1, WarmupCount=3)

OverheadJitting  1: 1 op, 371715.00 ns, 371.7150 us/op
WorkloadJitting  1: 1 op, 101854695.00 ns, 101.8547 ms/op

OverheadWarmup   1: 1 op, 470.00 ns, 470.0000 ns/op
OverheadWarmup   2: 1 op, 511.00 ns, 511.0000 ns/op
OverheadWarmup   3: 1 op, 431.00 ns, 431.0000 ns/op
OverheadWarmup   4: 1 op, 711.00 ns, 711.0000 ns/op
OverheadWarmup   5: 1 op, 360.00 ns, 360.0000 ns/op

OverheadActual   1: 1 op, 350.00 ns, 350.0000 ns/op
OverheadActual   2: 1 op, 391.00 ns, 391.0000 ns/op
OverheadActual   3: 1 op, 401.00 ns, 401.0000 ns/op
OverheadActual   4: 1 op, 381.00 ns, 381.0000 ns/op
OverheadActual   5: 1 op, 391.00 ns, 391.0000 ns/op
OverheadActual   6: 1 op, 701.00 ns, 701.0000 ns/op
OverheadActual   7: 1 op, 731.00 ns, 731.0000 ns/op
OverheadActual   8: 1 op, 722.00 ns, 722.0000 ns/op
OverheadActual   9: 1 op, 741.00 ns, 741.0000 ns/op
OverheadActual  10: 1 op, 360.00 ns, 360.0000 ns/op
OverheadActual  11: 1 op, 741.00 ns, 741.0000 ns/op
OverheadActual  12: 1 op, 361.00 ns, 361.0000 ns/op
OverheadActual  13: 1 op, 712.00 ns, 712.0000 ns/op
OverheadActual  14: 1 op, 370.00 ns, 370.0000 ns/op
OverheadActual  15: 1 op, 721.00 ns, 721.0000 ns/op
OverheadActual  16: 1 op, 772.00 ns, 772.0000 ns/op
OverheadActual  17: 1 op, 381.00 ns, 381.0000 ns/op
OverheadActual  18: 1 op, 381.00 ns, 381.0000 ns/op
OverheadActual  19: 1 op, 711.00 ns, 711.0000 ns/op
OverheadActual  20: 1 op, 361.00 ns, 361.0000 ns/op

WorkloadWarmup   1: 1 op, 6083895.00 ns, 6.0839 ms/op
WorkloadWarmup   2: 1 op, 4124616.00 ns, 4.1246 ms/op
WorkloadWarmup   3: 1 op, 3888654.00 ns, 3.8887 ms/op

// BeforeActualRun
WorkloadActual   1: 1 op, 3921857.00 ns, 3.9219 ms/op
WorkloadActual   2: 1 op, 3784541.00 ns, 3.7845 ms/op
WorkloadActual   3: 1 op, 3798356.00 ns, 3.7984 ms/op
WorkloadActual   4: 1 op, 3846045.00 ns, 3.8460 ms/op
WorkloadActual   5: 1 op, 3845133.00 ns, 3.8451 ms/op

// AfterActualRun
WorkloadResult   1: 1 op, 3784145.00 ns, 3.7841 ms/op
WorkloadResult   2: 1 op, 3797960.00 ns, 3.7980 ms/op
WorkloadResult   3: 1 op, 3845649.00 ns, 3.8456 ms/op
WorkloadResult   4: 1 op, 3844737.00 ns, 3.8447 ms/op
// GC:  0 0 0 743520 1
// Threading:  0 0 1

// AfterAll
// Benchmark Process 4323 has exited with code 0.

Mean = 3.818 ms, StdErr = 0.016 ms (0.42%), N = 4, StdDev = 0.032 ms
Min = 3.784 ms, Q1 = 3.795 ms, Median = 3.821 ms, Q3 = 3.845 ms, Max = 3.846 ms
IQR = 0.050 ms, LowerFence = 3.719 ms, UpperFence = 3.921 ms
ConfidenceInterval = [3.613 ms; 4.023 ms] (CI 99.9%), Margin = 0.205 ms (5.38% of Mean)
Skewness = -0.06, Kurtosis = 0.63, MValue = 2

// ** Remained 0 (0.0 %) benchmark(s) to run. Estimated finish 2026-08-30 3:19 (0h 0m from now) **
// ***** BenchmarkRunner: Finish  *****

// * Export *
  home/runner/work/needlr/needlr/benchmark-results/results/NexusLabs.Needlr.Benchmarks.Benchmarks.WebApplicationBuildBenchmarks-report.csv
  home/runner/work/needlr/needlr/benchmark-results/results/NexusLabs.Needlr.Benchmarks.Benchmarks.WebApplicationBuildBenchmarks-report-github.md
  home/runner/work/needlr/needlr/benchmark-results/results/NexusLabs.Needlr.Benchmarks.Benchmarks.WebApplicationBuildBenchmarks-report.html
  home/runner/work/needlr/needlr/benchmark-results/results/NexusLabs.Needlr.Benchmarks.Benchmarks.WebApplicationBuildBenchmarks-report-full-compressed.json
  home/runner/work/needlr/needlr/benchmark-results/results/NexusLabs.Needlr.Benchmarks.Benchmarks.WebApplicationBuildBenchmarks-report-default.md

// * Detailed results *
WebApplicationBuildBenchmarks.ManualDI_BuildWebApp: ShortRun(InvocationCount=1, IterationCount=5, LaunchCount=1, UnrollFactor=1, WarmupCount=3)
Runtime = .NET 10.0.11 (10.0.1126.37416), X64 RyuJIT AVX2; GC = Concurrent Workstation
Mean = 2.875 ms, StdErr = 0.038 ms (1.34%), N = 5, StdDev = 0.086 ms
Min = 2.798 ms, Q1 = 2.805 ms, Median = 2.837 ms, Q3 = 2.961 ms, Max = 2.975 ms
IQR = 0.156 ms, LowerFence = 2.570 ms, UpperFence = 3.195 ms
ConfidenceInterval = [2.544 ms; 3.207 ms] (CI 99.9%), Margin = 0.331 ms (11.53% of Mean)
Skewness = 0.24, Kurtosis = 0.78, MValue = 2
-------------------- Histogram --------------------
[2.751 ms ; 2.884 ms) | @@@
[2.884 ms ; 3.041 ms) | @@
---------------------------------------------------

WebApplicationBuildBenchmarks.Needlr_Reflection_BuildWebApp: ShortRun(InvocationCount=1, IterationCount=5, LaunchCount=1, UnrollFactor=1, WarmupCount=3)
Runtime = .NET 10.0.11 (10.0.1126.37416), X64 RyuJIT AVX2; GC = Concurrent Workstation
Mean = 9.526 ms, StdErr = 0.021 ms (0.23%), N = 4, StdDev = 0.043 ms
Min = 9.474 ms, Q1 = 9.513 ms, Median = 9.527 ms, Q3 = 9.540 ms, Max = 9.579 ms
IQR = 0.026 ms, LowerFence = 9.474 ms, UpperFence = 9.579 ms
ConfidenceInterval = [9.249 ms; 9.804 ms] (CI 99.9%), Margin = 0.277 ms (2.91% of Mean)
Skewness = -0.01, Kurtosis = 1.13, MValue = 2
-------------------- Histogram --------------------
[9.438 ms ; 9.614 ms) | @@@@
---------------------------------------------------

WebApplicationBuildBenchmarks.Needlr_SourceGen_BuildWebApp: ShortRun(InvocationCount=1, IterationCount=5, LaunchCount=1, UnrollFactor=1, WarmupCount=3)
Runtime = .NET 10.0.11 (10.0.1126.37416), X64 RyuJIT AVX2; GC = Concurrent Workstation
Mean = 3.737 ms, StdErr = 0.025 ms (0.67%), N = 5, StdDev = 0.056 ms
Min = 3.679 ms, Q1 = 3.701 ms, Median = 3.726 ms, Q3 = 3.757 ms, Max = 3.823 ms
IQR = 0.056 ms, LowerFence = 3.616 ms, UpperFence = 3.841 ms
ConfidenceInterval = [3.520 ms; 3.954 ms] (CI 99.9%), Margin = 0.217 ms (5.80% of Mean)
Skewness = 0.45, Kurtosis = 1.37, MValue = 2
-------------------- Histogram --------------------
[3.675 ms ; 3.761 ms) | @@@@
[3.761 ms ; 3.866 ms) | @
---------------------------------------------------

WebApplicationBuildBenchmarks.Needlr_SourceGenExplicit_BuildWebApp: ShortRun(InvocationCount=1, IterationCount=5, LaunchCount=1, UnrollFactor=1, WarmupCount=3)
Runtime = .NET 10.0.11 (10.0.1126.37416), X64 RyuJIT AVX2; GC = Concurrent Workstation
Mean = 3.818 ms, StdErr = 0.016 ms (0.42%), N = 4, StdDev = 0.032 ms
Min = 3.784 ms, Q1 = 3.795 ms, Median = 3.821 ms, Q3 = 3.845 ms, Max = 3.846 ms
IQR = 0.050 ms, LowerFence = 3.719 ms, UpperFence = 3.921 ms
ConfidenceInterval = [3.613 ms; 4.023 ms] (CI 99.9%), Margin = 0.205 ms (5.38% of Mean)
Skewness = -0.06, Kurtosis = 0.63, MValue = 2
-------------------- Histogram --------------------
[3.784 ms ; 3.860 ms) | @@@@
---------------------------------------------------

// * Summary *

BenchmarkDotNet v0.14.0, Ubuntu 24.04.4 LTS (Noble Numbat)
AMD EPYC 7763, 1 CPU, 4 logical and 2 physical cores
.NET SDK 10.0.302
  [Host]   : .NET 10.0.11 (10.0.1126.37416), X64 RyuJIT AVX2
  ShortRun : .NET 10.0.11 (10.0.1126.37416), X64 RyuJIT AVX2

Job=ShortRun  InvocationCount=1  IterationCount=5  
LaunchCount=1  UnrollFactor=1  WarmupCount=3  

| Method                               | Mean     | Error     | StdDev    | Ratio | RatioSD | Rank | Allocated | Alloc Ratio |
|------------------------------------- |---------:|----------:|----------:|------:|--------:|-----:|----------:|------------:|
| ManualDI_BuildWebApp                 | 2.875 ms | 0.3314 ms | 0.0861 ms |  1.00 |    0.04 |    1 | 521.65 KB |        1.00 |
| Needlr_Reflection_BuildWebApp        | 9.526 ms | 0.2772 ms | 0.0429 ms |  3.32 |    0.09 |    3 |   1779 KB |        3.41 |
| Needlr_SourceGen_BuildWebApp         | 3.737 ms | 0.2167 ms | 0.0563 ms |  1.30 |    0.04 |    2 | 803.13 KB |        1.54 |
| Needlr_SourceGenExplicit_BuildWebApp | 3.818 ms | 0.2053 ms | 0.0318 ms |  1.33 |    0.04 |    2 | 726.09 KB |        1.39 |

// * Warnings *
MinIterationTime
  WebApplicationBuildBenchmarks.ManualDI_BuildWebApp: ShortRun                 -> The minimum observed iteration time is 2.799ms which is very small. It's recommended to increase it to at least 100ms using more operations.
  WebApplicationBuildBenchmarks.Needlr_Reflection_BuildWebApp: ShortRun        -> The minimum observed iteration time is 9.474ms which is very small. It's recommended to increase it to at least 100ms using more operations.
  WebApplicationBuildBenchmarks.Needlr_SourceGen_BuildWebApp: ShortRun         -> The minimum observed iteration time is 3.679ms which is very small. It's recommended to increase it to at least 100ms using more operations.
  WebApplicationBuildBenchmarks.Needlr_SourceGenExplicit_BuildWebApp: ShortRun -> The minimum observed iteration time is 3.785ms which is very small. It's recommended to increase it to at least 100ms using more operations.

// * Hints *
Outliers
  WebApplicationBuildBenchmarks.Needlr_Reflection_BuildWebApp: ShortRun        -> 1 outlier  was  removed (9.80 ms)
  WebApplicationBuildBenchmarks.Needlr_SourceGenExplicit_BuildWebApp: ShortRun -> 1 outlier  was  removed (3.92 ms)
// * Config Issues *

// * Warnings *
Configuration
  Summary -> The exporter HtmlExporter is already present in configuration. There may be unexpected results.

// * Legends *
  Mean        : Arithmetic mean of all measurements
  Error       : Half of 99.9% confidence interval
  StdDev      : Standard deviation of all measurements
  Ratio       : Mean of the ratio distribution ([Current]/[Baseline])
  RatioSD     : Standard deviation of the ratio distribution ([Current]/[Baseline])
  Rank        : Relative position of current benchmark mean among all benchmarks (Arabic style)
  Allocated   : Allocated memory per single operation (managed only, inclusive, 1KB = 1024B)
  Alloc Ratio : Allocated memory ratio distribution ([Current]/[Baseline])
  1 ms        : 1 Millisecond (0.001 sec)

// * Diagnostic Output - MemoryDiagnoser *


// ***** BenchmarkRunner: End *****
Run time: 00:00:01 (1.39 sec), executed benchmarks: 4

Global total time: 00:08:57 (537.8 sec), executed benchmarks: 65
// * Artifacts cleanup *
Artifacts cleanup is finished
