// Validating benchmarks:
// ***** BenchmarkRunner: Start   *****
// ***** Found 65 benchmark(s) in total *****
// ***** Building 1 exe(s) in Parallel: Start   *****
// start dotnet  restore /p:UseSharedCompilation=false /p:BuildInParallel=false /m:1 /p:Deterministic=true /p:Optimize=true /p:IntermediateOutputPath="/actions-runner/_work/needlr/needlr/src/NexusLabs.Needlr.Benchmarks/bin/Release/net10.0/bf8bdc48-2475-4673-b310-6966704f044e/obj/Release/net10.0/" /p:OutDir="/actions-runner/_work/needlr/needlr/src/NexusLabs.Needlr.Benchmarks/bin/Release/net10.0/bf8bdc48-2475-4673-b310-6966704f044e/bin/Release/net10.0/" /p:OutputPath="/actions-runner/_work/needlr/needlr/src/NexusLabs.Needlr.Benchmarks/bin/Release/net10.0/bf8bdc48-2475-4673-b310-6966704f044e/bin/Release/net10.0/" in /actions-runner/_work/needlr/needlr/src/NexusLabs.Needlr.Benchmarks/bin/Release/net10.0/bf8bdc48-2475-4673-b310-6966704f044e
// command took 1.99 sec and exited with 0
// start dotnet  build -c Release --no-restore /p:UseSharedCompilation=false /p:BuildInParallel=false /m:1 /p:Deterministic=true /p:Optimize=true /p:IntermediateOutputPath="/actions-runner/_work/needlr/needlr/src/NexusLabs.Needlr.Benchmarks/bin/Release/net10.0/bf8bdc48-2475-4673-b310-6966704f044e/obj/Release/net10.0/" /p:OutDir="/actions-runner/_work/needlr/needlr/src/NexusLabs.Needlr.Benchmarks/bin/Release/net10.0/bf8bdc48-2475-4673-b310-6966704f044e/bin/Release/net10.0/" /p:OutputPath="/actions-runner/_work/needlr/needlr/src/NexusLabs.Needlr.Benchmarks/bin/Release/net10.0/bf8bdc48-2475-4673-b310-6966704f044e/bin/Release/net10.0/" --output "/actions-runner/_work/needlr/needlr/src/NexusLabs.Needlr.Benchmarks/bin/Release/net10.0/bf8bdc48-2475-4673-b310-6966704f044e/bin/Release/net10.0/" in /actions-runner/_work/needlr/needlr/src/NexusLabs.Needlr.Benchmarks/bin/Release/net10.0/bf8bdc48-2475-4673-b310-6966704f044e
// command took 37.54 sec and exited with 0
// ***** Done, took 00:00:39 (39.61 sec)   *****
// Found 3 benchmarks:
//   CollectionResolutionBenchmarks.ManualDI_ResolveCollection: ShortRun(IterationCount=5, LaunchCount=1, WarmupCount=3)
//   CollectionResolutionBenchmarks.Needlr_Reflection_ResolveCollection: ShortRun(IterationCount=5, LaunchCount=1, WarmupCount=3)
//   CollectionResolutionBenchmarks.Needlr_SourceGen_ResolveCollection: ShortRun(IterationCount=5, LaunchCount=1, WarmupCount=3)

// **************************
// Benchmark: CollectionResolutionBenchmarks.ManualDI_ResolveCollection: ShortRun(IterationCount=5, LaunchCount=1, WarmupCount=3)
// *** Execute ***
// Launch: 1 / 1
// Execute: dotnet bf8bdc48-2475-4673-b310-6966704f044e.dll --anonymousPipes 159 160 --benchmarkName NexusLabs.Needlr.Benchmarks.Benchmarks.CollectionResolutionBenchmarks.ManualDI_ResolveCollection --job ShortRun --benchmarkId 0 in /actions-runner/_work/needlr/needlr/src/NexusLabs.Needlr.Benchmarks/bin/Release/net10.0/bf8bdc48-2475-4673-b310-6966704f044e/bin/Release/net10.0
// Failed to set up high priority (Permission denied). In order to run benchmarks with high priority, make sure you have the right permissions.
// BeforeAnythingElse

// Benchmark Process Environment Information:
// BenchmarkDotNet v0.14.0
// Runtime=.NET 10.0.10 (10.0.1026.32716), X64 RyuJIT AVX2
// GC=Concurrent Workstation
// HardwareIntrinsics=AVX2,AES,BMI1,BMI2,FMA,LZCNT,PCLMUL,POPCNT,AvxVnni,SERIALIZE VectorSize=256
// Job: ShortRun(IterationCount=5, LaunchCount=1, WarmupCount=3)

OverheadJitting  1: 1 op, 339024.00 ns, 339.0240 us/op
WorkloadJitting  1: 1 op, 4676669.00 ns, 4.6767 ms/op

OverheadJitting  2: 16 op, 517921.00 ns, 32.3701 us/op
WorkloadJitting  2: 16 op, 958903.00 ns, 59.9314 us/op

WorkloadPilot    1: 16 op, 16733.00 ns, 1.0458 us/op
WorkloadPilot    2: 32 op, 16313.00 ns, 509.7813 ns/op
WorkloadPilot    3: 64 op, 99510.00 ns, 1.5548 us/op
WorkloadPilot    4: 128 op, 57121.00 ns, 446.2578 ns/op
WorkloadPilot    5: 256 op, 73671.00 ns, 287.7773 ns/op
WorkloadPilot    6: 512 op, 103062.00 ns, 201.2930 ns/op
WorkloadPilot    7: 1024 op, 207326.00 ns, 202.4668 ns/op
WorkloadPilot    8: 2048 op, 394588.00 ns, 192.6699 ns/op
WorkloadPilot    9: 4096 op, 764992.00 ns, 186.7656 ns/op
WorkloadPilot   10: 8192 op, 1635954.00 ns, 199.7014 ns/op
WorkloadPilot   11: 16384 op, 3262705.00 ns, 199.1397 ns/op
WorkloadPilot   12: 32768 op, 5957401.00 ns, 181.8055 ns/op
WorkloadPilot   13: 65536 op, 12322801.00 ns, 188.0310 ns/op
WorkloadPilot   14: 131072 op, 36209302.00 ns, 276.2551 ns/op
WorkloadPilot   15: 262144 op, 57225497.00 ns, 218.2979 ns/op
WorkloadPilot   16: 524288 op, 78795825.00 ns, 150.2911 ns/op
WorkloadPilot   17: 1048576 op, 51572579.00 ns, 49.1834 ns/op
WorkloadPilot   18: 2097152 op, 100001097.00 ns, 47.6842 ns/op
WorkloadPilot   19: 4194304 op, 195458753.00 ns, 46.6010 ns/op
WorkloadPilot   20: 8388608 op, 371189158.00 ns, 44.2492 ns/op
WorkloadPilot   21: 16777216 op, 665989391.00 ns, 39.6961 ns/op

OverheadWarmup   1: 16777216 op, 96673792.00 ns, 5.7622 ns/op
OverheadWarmup   2: 16777216 op, 97177870.00 ns, 5.7923 ns/op
OverheadWarmup   3: 16777216 op, 83757891.00 ns, 4.9924 ns/op
OverheadWarmup   4: 16777216 op, 91301023.00 ns, 5.4420 ns/op
OverheadWarmup   5: 16777216 op, 88859325.00 ns, 5.2964 ns/op

OverheadActual   1: 16777216 op, 79366218.00 ns, 4.7306 ns/op
OverheadActual   2: 16777216 op, 74121268.00 ns, 4.4180 ns/op
OverheadActual   3: 16777216 op, 71180679.00 ns, 4.2427 ns/op
OverheadActual   4: 16777216 op, 68752966.00 ns, 4.0980 ns/op
OverheadActual   5: 16777216 op, 64714945.00 ns, 3.8573 ns/op
OverheadActual   6: 16777216 op, 65515974.00 ns, 3.9051 ns/op
OverheadActual   7: 16777216 op, 71510599.00 ns, 4.2624 ns/op
OverheadActual   8: 16777216 op, 69255270.00 ns, 4.1279 ns/op
OverheadActual   9: 16777216 op, 68260140.00 ns, 4.0686 ns/op
OverheadActual  10: 16777216 op, 66485413.00 ns, 3.9628 ns/op
OverheadActual  11: 16777216 op, 64545816.00 ns, 3.8472 ns/op
OverheadActual  12: 16777216 op, 63122076.00 ns, 3.7624 ns/op
OverheadActual  13: 16777216 op, 64717729.00 ns, 3.8575 ns/op
OverheadActual  14: 16777216 op, 61787371.00 ns, 3.6828 ns/op
OverheadActual  15: 16777216 op, 63967665.00 ns, 3.8128 ns/op
OverheadActual  16: 16777216 op, 61318753.00 ns, 3.6549 ns/op
OverheadActual  17: 16777216 op, 64625358.00 ns, 3.8520 ns/op
OverheadActual  18: 16777216 op, 63176298.00 ns, 3.7656 ns/op
OverheadActual  19: 16777216 op, 64326162.00 ns, 3.8341 ns/op
OverheadActual  20: 16777216 op, 64602366.00 ns, 3.8506 ns/op

WorkloadWarmup   1: 16777216 op, 774934862.00 ns, 46.1897 ns/op
WorkloadWarmup   2: 16777216 op, 1013496707.00 ns, 60.4091 ns/op
WorkloadWarmup   3: 16777216 op, 917577242.00 ns, 54.6919 ns/op

// BeforeActualRun
WorkloadActual   1: 16777216 op, 1071266235.00 ns, 63.8524 ns/op
WorkloadActual   2: 16777216 op, 895351789.00 ns, 53.3671 ns/op
WorkloadActual   3: 16777216 op, 978818273.00 ns, 58.3421 ns/op
WorkloadActual   4: 16777216 op, 814481938.00 ns, 48.5469 ns/op
WorkloadActual   5: 16777216 op, 906179770.00 ns, 54.0125 ns/op

// AfterActualRun
WorkloadResult   1: 16777216 op, 1006549898.00 ns, 59.9950 ns/op
WorkloadResult   2: 16777216 op, 830635452.00 ns, 49.5097 ns/op
WorkloadResult   3: 16777216 op, 914101936.00 ns, 54.4847 ns/op
WorkloadResult   4: 16777216 op, 749765601.00 ns, 44.6895 ns/op
WorkloadResult   5: 16777216 op, 841463433.00 ns, 50.1551 ns/op
// GC:  128 0 0 805307440 16777216
// Threading:  0 0 16777216

// AfterAll
// Benchmark Process 1228 has exited with code 0.

Mean = 51.767 ns, StdErr = 2.578 ns (4.98%), N = 5, StdDev = 5.763 ns
Min = 44.690 ns, Q1 = 49.510 ns, Median = 50.155 ns, Q3 = 54.485 ns, Max = 59.995 ns
IQR = 4.975 ns, LowerFence = 42.047 ns, UpperFence = 61.947 ns
ConfidenceInterval = [29.574 ns; 73.960 ns] (CI 99.9%), Margin = 22.193 ns (42.87% of Mean)
Skewness = 0.22, Kurtosis = 1.3, MValue = 2

// ** Remained 64 (98.5%) benchmark(s) to run. Estimated finish 2026-08-16 3:35 (0h 13m from now) **
// **************************
// Benchmark: CollectionResolutionBenchmarks.Needlr_Reflection_ResolveCollection: ShortRun(IterationCount=5, LaunchCount=1, WarmupCount=3)
// *** Execute ***
// Launch: 1 / 1
// Execute: dotnet bf8bdc48-2475-4673-b310-6966704f044e.dll --anonymousPipes 159 160 --benchmarkName NexusLabs.Needlr.Benchmarks.Benchmarks.CollectionResolutionBenchmarks.Needlr_Reflection_ResolveCollection --job ShortRun --benchmarkId 1 in /actions-runner/_work/needlr/needlr/src/NexusLabs.Needlr.Benchmarks/bin/Release/net10.0/bf8bdc48-2475-4673-b310-6966704f044e/bin/Release/net10.0
// Failed to set up high priority (Permission denied). In order to run benchmarks with high priority, make sure you have the right permissions.
// BeforeAnythingElse

// Benchmark Process Environment Information:
// BenchmarkDotNet v0.14.0
// Runtime=.NET 10.0.10 (10.0.1026.32716), X64 RyuJIT AVX2
// GC=Concurrent Workstation
// HardwareIntrinsics=AVX2,AES,BMI1,BMI2,FMA,LZCNT,PCLMUL,POPCNT,AvxVnni,SERIALIZE VectorSize=256
// Job: ShortRun(IterationCount=5, LaunchCount=1, WarmupCount=3)

OverheadJitting  1: 1 op, 486315.00 ns, 486.3150 us/op
WorkloadJitting  1: 1 op, 6824260.00 ns, 6.8243 ms/op

OverheadJitting  2: 16 op, 1048293.00 ns, 65.5183 us/op
WorkloadJitting  2: 16 op, 895430.00 ns, 55.9644 us/op

WorkloadPilot    1: 16 op, 25679.00 ns, 1.6049 us/op
WorkloadPilot    2: 32 op, 23177.00 ns, 724.2813 ns/op
WorkloadPilot    3: 64 op, 24126.00 ns, 376.9688 ns/op
WorkloadPilot    4: 128 op, 58943.00 ns, 460.4922 ns/op
WorkloadPilot    5: 256 op, 82569.00 ns, 322.5352 ns/op
WorkloadPilot    6: 512 op, 117593.00 ns, 229.6738 ns/op
WorkloadPilot    7: 1024 op, 242262.00 ns, 236.5840 ns/op
WorkloadPilot    8: 2048 op, 443175.00 ns, 216.3940 ns/op
WorkloadPilot    9: 4096 op, 899722.00 ns, 219.6587 ns/op
WorkloadPilot   10: 8192 op, 1799410.00 ns, 219.6545 ns/op
WorkloadPilot   11: 16384 op, 4942911.00 ns, 301.6913 ns/op
WorkloadPilot   12: 32768 op, 9453769.00 ns, 288.5061 ns/op
WorkloadPilot   13: 65536 op, 22233985.00 ns, 339.2637 ns/op
WorkloadPilot   14: 131072 op, 38795167.00 ns, 295.9836 ns/op
WorkloadPilot   15: 262144 op, 53846949.00 ns, 205.4098 ns/op
WorkloadPilot   16: 524288 op, 36610405.00 ns, 69.8288 ns/op
WorkloadPilot   17: 1048576 op, 62782758.00 ns, 59.8743 ns/op
WorkloadPilot   18: 2097152 op, 130553851.00 ns, 62.2529 ns/op
WorkloadPilot   19: 4194304 op, 244478112.00 ns, 58.2881 ns/op
WorkloadPilot   20: 8388608 op, 507490045.00 ns, 60.4975 ns/op

OverheadWarmup   1: 8388608 op, 51335542.00 ns, 6.1197 ns/op
OverheadWarmup   2: 8388608 op, 49516619.00 ns, 5.9028 ns/op
OverheadWarmup   3: 8388608 op, 50534600.00 ns, 6.0242 ns/op
OverheadWarmup   4: 8388608 op, 48747271.00 ns, 5.8111 ns/op
OverheadWarmup   5: 8388608 op, 41276017.00 ns, 4.9205 ns/op
OverheadWarmup   6: 8388608 op, 38793051.00 ns, 4.6245 ns/op
OverheadWarmup   7: 8388608 op, 38366907.00 ns, 4.5737 ns/op
OverheadWarmup   8: 8388608 op, 41878076.00 ns, 4.9923 ns/op
OverheadWarmup   9: 8388608 op, 38055233.00 ns, 4.5365 ns/op

OverheadActual   1: 8388608 op, 38699542.00 ns, 4.6133 ns/op
OverheadActual   2: 8388608 op, 38012014.00 ns, 4.5314 ns/op
OverheadActual   3: 8388608 op, 36364254.00 ns, 4.3350 ns/op
OverheadActual   4: 8388608 op, 39571915.00 ns, 4.7173 ns/op
OverheadActual   5: 8388608 op, 36500229.00 ns, 4.3512 ns/op
OverheadActual   6: 8388608 op, 36446103.00 ns, 4.3447 ns/op
OverheadActual   7: 8388608 op, 35914823.00 ns, 4.2814 ns/op
OverheadActual   8: 8388608 op, 37072783.00 ns, 4.4194 ns/op
OverheadActual   9: 8388608 op, 36674806.00 ns, 4.3720 ns/op
OverheadActual  10: 8388608 op, 37231644.00 ns, 4.4384 ns/op
OverheadActual  11: 8388608 op, 35708687.00 ns, 4.2568 ns/op
OverheadActual  12: 8388608 op, 35059257.00 ns, 4.1794 ns/op
OverheadActual  13: 8388608 op, 40759745.00 ns, 4.8589 ns/op
OverheadActual  14: 8388608 op, 38518774.00 ns, 4.5918 ns/op
OverheadActual  15: 8388608 op, 39016556.00 ns, 4.6511 ns/op

WorkloadWarmup   1: 8388608 op, 514075617.00 ns, 61.2826 ns/op
WorkloadWarmup   2: 8388608 op, 526843911.00 ns, 62.8047 ns/op
WorkloadWarmup   3: 8388608 op, 511020591.00 ns, 60.9184 ns/op

// BeforeActualRun
WorkloadActual   1: 8388608 op, 547047803.00 ns, 65.2132 ns/op
WorkloadActual   2: 8388608 op, 928130405.00 ns, 110.6418 ns/op
WorkloadActual   3: 8388608 op, 1015672144.00 ns, 121.0776 ns/op
WorkloadActual   4: 8388608 op, 1050464381.00 ns, 125.2251 ns/op
WorkloadActual   5: 8388608 op, 891761476.00 ns, 106.3063 ns/op

// AfterActualRun
WorkloadResult   1: 8388608 op, 509975020.00 ns, 60.7938 ns/op
WorkloadResult   2: 8388608 op, 891057622.00 ns, 106.2223 ns/op
WorkloadResult   3: 8388608 op, 978599361.00 ns, 116.6581 ns/op
WorkloadResult   4: 8388608 op, 1013391598.00 ns, 120.8057 ns/op
WorkloadResult   5: 8388608 op, 854688693.00 ns, 101.8868 ns/op
// GC:  64 0 0 402654256 8388608
// Threading:  0 0 8388608

// AfterAll
// Benchmark Process 1241 has exited with code 0.

Mean = 101.273 ns, StdErr = 10.681 ns (10.55%), N = 5, StdDev = 23.883 ns
Min = 60.794 ns, Q1 = 101.887 ns, Median = 106.222 ns, Q3 = 116.658 ns, Max = 120.806 ns
IQR = 14.771 ns, LowerFence = 79.730 ns, UpperFence = 138.815 ns
ConfidenceInterval = [9.307 ns; 193.240 ns] (CI 99.9%), Margin = 91.967 ns (90.81% of Mean)
Skewness = -0.81, Kurtosis = 1.77, MValue = 2

// ** Remained 63 (96.9%) benchmark(s) to run. Estimated finish 2026-08-16 3:33 (0h 11m from now) **
// **************************
// Benchmark: CollectionResolutionBenchmarks.Needlr_SourceGen_ResolveCollection: ShortRun(IterationCount=5, LaunchCount=1, WarmupCount=3)
// *** Execute ***
// Launch: 1 / 1
// Execute: dotnet bf8bdc48-2475-4673-b310-6966704f044e.dll --anonymousPipes 159 160 --benchmarkName NexusLabs.Needlr.Benchmarks.Benchmarks.CollectionResolutionBenchmarks.Needlr_SourceGen_ResolveCollection --job ShortRun --benchmarkId 2 in /actions-runner/_work/needlr/needlr/src/NexusLabs.Needlr.Benchmarks/bin/Release/net10.0/bf8bdc48-2475-4673-b310-6966704f044e/bin/Release/net10.0
// Failed to set up high priority (Permission denied). In order to run benchmarks with high priority, make sure you have the right permissions.
// BeforeAnythingElse

// Benchmark Process Environment Information:
// BenchmarkDotNet v0.14.0
// Runtime=.NET 10.0.10 (10.0.1026.32716), X64 RyuJIT AVX2
// GC=Concurrent Workstation
// HardwareIntrinsics=AVX2,AES,BMI1,BMI2,FMA,LZCNT,PCLMUL,POPCNT,AvxVnni,SERIALIZE VectorSize=256
// Job: ShortRun(IterationCount=5, LaunchCount=1, WarmupCount=3)

OverheadJitting  1: 1 op, 1668389.00 ns, 1.6684 ms/op
WorkloadJitting  1: 1 op, 16849923.00 ns, 16.8499 ms/op

OverheadJitting  2: 16 op, 1647787.00 ns, 102.9867 us/op
WorkloadJitting  2: 16 op, 1282984.00 ns, 80.1865 us/op

WorkloadPilot    1: 16 op, 88986.00 ns, 5.5616 us/op
WorkloadPilot    2: 32 op, 92484.00 ns, 2.8901 us/op
WorkloadPilot    3: 64 op, 110483.00 ns, 1.7263 us/op
WorkloadPilot    4: 128 op, 96805.00 ns, 756.2891 ns/op
WorkloadPilot    5: 256 op, 141301.00 ns, 551.9570 ns/op
WorkloadPilot    6: 512 op, 277161.00 ns, 541.3301 ns/op
WorkloadPilot    7: 1024 op, 541775.00 ns, 529.0771 ns/op
WorkloadPilot    8: 2048 op, 1012729.00 ns, 494.4966 ns/op
WorkloadPilot    9: 4096 op, 1916378.00 ns, 467.8657 ns/op
WorkloadPilot   10: 8192 op, 3484306.00 ns, 425.3303 ns/op
WorkloadPilot   11: 16384 op, 5141865.00 ns, 313.8345 ns/op
WorkloadPilot   12: 32768 op, 32512604.00 ns, 992.2059 ns/op
WorkloadPilot   13: 65536 op, 49367762.00 ns, 753.2923 ns/op
WorkloadPilot   14: 131072 op, 74172463.00 ns, 565.8910 ns/op
WorkloadPilot   15: 262144 op, 46241223.00 ns, 176.3963 ns/op
WorkloadPilot   16: 524288 op, 63743572.00 ns, 121.5812 ns/op
WorkloadPilot   17: 1048576 op, 100418978.00 ns, 95.7670 ns/op
WorkloadPilot   18: 2097152 op, 148593269.00 ns, 70.8548 ns/op
WorkloadPilot   19: 4194304 op, 274535496.00 ns, 65.4544 ns/op
WorkloadPilot   20: 8388608 op, 624418725.00 ns, 74.4365 ns/op

OverheadWarmup   1: 8388608 op, 57052546.00 ns, 6.8012 ns/op
OverheadWarmup   2: 8388608 op, 60887773.00 ns, 7.2584 ns/op
OverheadWarmup   3: 8388608 op, 155899161.00 ns, 18.5846 ns/op
OverheadWarmup   4: 8388608 op, 138956219.00 ns, 16.5649 ns/op
OverheadWarmup   5: 8388608 op, 81472756.00 ns, 9.7123 ns/op
OverheadWarmup   6: 8388608 op, 84722440.00 ns, 10.0997 ns/op
OverheadWarmup   7: 8388608 op, 104568359.00 ns, 12.4655 ns/op
OverheadWarmup   8: 8388608 op, 54852710.00 ns, 6.5390 ns/op

OverheadActual   1: 8388608 op, 87899510.00 ns, 10.4784 ns/op
OverheadActual   2: 8388608 op, 114946205.00 ns, 13.7027 ns/op
OverheadActual   3: 8388608 op, 57157917.00 ns, 6.8138 ns/op
OverheadActual   4: 8388608 op, 122565528.00 ns, 14.6109 ns/op
OverheadActual   5: 8388608 op, 114421754.00 ns, 13.6401 ns/op
OverheadActual   6: 8388608 op, 117819591.00 ns, 14.0452 ns/op
OverheadActual   7: 8388608 op, 71271221.00 ns, 8.4962 ns/op
OverheadActual   8: 8388608 op, 52957990.00 ns, 6.3131 ns/op
OverheadActual   9: 8388608 op, 48256542.00 ns, 5.7526 ns/op
OverheadActual  10: 8388608 op, 57944218.00 ns, 6.9075 ns/op
OverheadActual  11: 8388608 op, 51435777.00 ns, 6.1316 ns/op
OverheadActual  12: 8388608 op, 171220517.00 ns, 20.4111 ns/op
OverheadActual  13: 8388608 op, 75824628.00 ns, 9.0390 ns/op
OverheadActual  14: 8388608 op, 53525488.00 ns, 6.3807 ns/op
OverheadActual  15: 8388608 op, 50546388.00 ns, 6.0256 ns/op
OverheadActual  16: 8388608 op, 60090512.00 ns, 7.1633 ns/op
OverheadActual  17: 8388608 op, 170020422.00 ns, 20.2680 ns/op
OverheadActual  18: 8388608 op, 186090413.00 ns, 22.1837 ns/op
OverheadActual  19: 8388608 op, 142718186.00 ns, 17.0133 ns/op
OverheadActual  20: 8388608 op, 55521913.00 ns, 6.6187 ns/op

WorkloadWarmup   1: 8388608 op, 1242716777.00 ns, 148.1434 ns/op
WorkloadWarmup   2: 8388608 op, 1112208639.00 ns, 132.5856 ns/op
WorkloadWarmup   3: 8388608 op, 1277583841.00 ns, 152.2999 ns/op

// BeforeActualRun
WorkloadActual   1: 8388608 op, 1128774226.00 ns, 134.5604 ns/op
WorkloadActual   2: 8388608 op, 1160546494.00 ns, 138.3479 ns/op
WorkloadActual   3: 8388608 op, 876968428.00 ns, 104.5428 ns/op
WorkloadActual   4: 8388608 op, 514356390.00 ns, 61.3161 ns/op
WorkloadActual   5: 8388608 op, 680254112.00 ns, 81.0926 ns/op

// AfterActualRun
WorkloadResult   1: 8388608 op, 1055226301.50 ns, 125.7928 ns/op
WorkloadResult   2: 8388608 op, 1086998569.50 ns, 129.5803 ns/op
WorkloadResult   3: 8388608 op, 803420503.50 ns, 95.7752 ns/op
WorkloadResult   4: 8388608 op, 440808465.50 ns, 52.5485 ns/op
WorkloadResult   5: 8388608 op, 606706187.50 ns, 72.3250 ns/op
// GC:  64 0 0 402654256 8388608
// Threading:  0 0 8388608

// AfterAll
// Benchmark Process 1252 has exited with code 0.

Mean = 95.204 ns, StdErr = 14.934 ns (15.69%), N = 5, StdDev = 33.394 ns
Min = 52.548 ns, Q1 = 72.325 ns, Median = 95.775 ns, Q3 = 125.793 ns, Max = 129.580 ns
IQR = 53.468 ns, LowerFence = -7.877 ns, UpperFence = 205.994 ns
ConfidenceInterval = [-33.385 ns; 223.793 ns] (CI 99.9%), Margin = 128.589 ns (135.07% of Mean)
Skewness = -0.11, Kurtosis = 0.94, MValue = 2

// ** Remained 62 (95.4%) benchmark(s) to run. Estimated finish 2026-08-16 3:34 (0h 12m from now) **
// ***** BenchmarkRunner: Finish  *****

// * Export *
  actions-runner/_work/needlr/needlr/benchmark-results/results/NexusLabs.Needlr.Benchmarks.Benchmarks.CollectionResolutionBenchmarks-report.csv
  actions-runner/_work/needlr/needlr/benchmark-results/results/NexusLabs.Needlr.Benchmarks.Benchmarks.CollectionResolutionBenchmarks-report-github.md
  actions-runner/_work/needlr/needlr/benchmark-results/results/NexusLabs.Needlr.Benchmarks.Benchmarks.CollectionResolutionBenchmarks-report.html
  actions-runner/_work/needlr/needlr/benchmark-results/results/NexusLabs.Needlr.Benchmarks.Benchmarks.CollectionResolutionBenchmarks-report-full-compressed.json
  actions-runner/_work/needlr/needlr/benchmark-results/results/NexusLabs.Needlr.Benchmarks.Benchmarks.CollectionResolutionBenchmarks-report-default.md

// * Detailed results *
CollectionResolutionBenchmarks.ManualDI_ResolveCollection: ShortRun(IterationCount=5, LaunchCount=1, WarmupCount=3)
Runtime = .NET 10.0.10 (10.0.1026.32716), X64 RyuJIT AVX2; GC = Concurrent Workstation
Mean = 51.767 ns, StdErr = 2.578 ns (4.98%), N = 5, StdDev = 5.763 ns
Min = 44.690 ns, Q1 = 49.510 ns, Median = 50.155 ns, Q3 = 54.485 ns, Max = 59.995 ns
IQR = 4.975 ns, LowerFence = 42.047 ns, UpperFence = 61.947 ns
ConfidenceInterval = [29.574 ns; 73.960 ns] (CI 99.9%), Margin = 22.193 ns (42.87% of Mean)
Skewness = 0.22, Kurtosis = 1.3, MValue = 2
-------------------- Histogram --------------------
[40.266 ns ; 47.573 ns) | @
[47.573 ns ; 56.421 ns) | @@@
[56.421 ns ; 64.419 ns) | @
---------------------------------------------------

CollectionResolutionBenchmarks.Needlr_Reflection_ResolveCollection: ShortRun(IterationCount=5, LaunchCount=1, WarmupCount=3)
Runtime = .NET 10.0.10 (10.0.1026.32716), X64 RyuJIT AVX2; GC = Concurrent Workstation
Mean = 101.273 ns, StdErr = 10.681 ns (10.55%), N = 5, StdDev = 23.883 ns
Min = 60.794 ns, Q1 = 101.887 ns, Median = 106.222 ns, Q3 = 116.658 ns, Max = 120.806 ns
IQR = 14.771 ns, LowerFence = 79.730 ns, UpperFence = 138.815 ns
ConfidenceInterval = [9.307 ns; 193.240 ns] (CI 99.9%), Margin = 91.967 ns (90.81% of Mean)
Skewness = -0.81, Kurtosis = 1.77, MValue = 2
-------------------- Histogram --------------------
[42.462 ns ;  79.126 ns) | @
[79.126 ns ;  93.014 ns) | 
[93.014 ns ; 129.678 ns) | @@@@
---------------------------------------------------

CollectionResolutionBenchmarks.Needlr_SourceGen_ResolveCollection: ShortRun(IterationCount=5, LaunchCount=1, WarmupCount=3)
Runtime = .NET 10.0.10 (10.0.1026.32716), X64 RyuJIT AVX2; GC = Concurrent Workstation
Mean = 95.204 ns, StdErr = 14.934 ns (15.69%), N = 5, StdDev = 33.394 ns
Min = 52.548 ns, Q1 = 72.325 ns, Median = 95.775 ns, Q3 = 125.793 ns, Max = 129.580 ns
IQR = 53.468 ns, LowerFence = -7.877 ns, UpperFence = 205.994 ns
ConfidenceInterval = [-33.385 ns; 223.793 ns] (CI 99.9%), Margin = 128.589 ns (135.07% of Mean)
Skewness = -0.11, Kurtosis = 0.94, MValue = 2
-------------------- Histogram --------------------
[26.917 ns ;  87.046 ns) | @@
[87.046 ns ; 138.310 ns) | @@@
---------------------------------------------------

// * Summary *

BenchmarkDotNet v0.14.0, Ubuntu 24.04.4 LTS (Noble Numbat)
Intel Core 7 150U, 1 CPU, 12 logical and 6 physical cores
.NET SDK 10.0.302
  [Host]   : .NET 10.0.10 (10.0.1026.32716), X64 RyuJIT AVX2
  ShortRun : .NET 10.0.10 (10.0.1026.32716), X64 RyuJIT AVX2

Job=ShortRun  IterationCount=5  LaunchCount=1  
WarmupCount=3  

| Method                              | Mean      | Error     | StdDev    | Ratio | RatioSD | Rank | Gen0   | Allocated | Alloc Ratio |
|------------------------------------ |----------:|----------:|----------:|------:|--------:|-----:|-------:|----------:|------------:|
| ManualDI_ResolveCollection          |  51.77 ns |  22.19 ns |  5.763 ns |  1.01 |    0.14 |    1 | 0.0076 |      48 B |        1.00 |
| Needlr_Reflection_ResolveCollection | 101.27 ns |  91.97 ns | 23.883 ns |  1.98 |    0.47 |    2 | 0.0076 |      48 B |        1.00 |
| Needlr_SourceGen_ResolveCollection  |  95.20 ns | 128.59 ns | 33.394 ns |  1.86 |    0.63 |    2 | 0.0076 |      48 B |        1.00 |

// * Hints *
Outliers
  CollectionResolutionBenchmarks.Needlr_Reflection_ResolveCollection: ShortRun -> 1 outlier  was  detected (65.21 ns)
// * Config Issues *

// * Warnings *
Configuration
  Summary -> The exporter HtmlExporter is already present in configuration. There may be unexpected results.

// * Legends *
  Mean        : Arithmetic mean of all measurements
  Error       : Half of 99.9% confidence interval
  StdDev      : Standard deviation of all measurements
  Ratio       : Mean of the ratio distribution ([Current]/[Baseline])
  RatioSD     : Standard deviation of the ratio distribution ([Current]/[Baseline])
  Rank        : Relative position of current benchmark mean among all benchmarks (Arabic style)
  Gen0        : GC Generation 0 collects per 1000 operations
  Allocated   : Allocated memory per single operation (managed only, inclusive, 1KB = 1024B)
  Alloc Ratio : Allocated memory ratio distribution ([Current]/[Baseline])
  1 ns        : 1 Nanosecond (0.000000001 sec)

// * Diagnostic Output - MemoryDiagnoser *


// ***** BenchmarkRunner: End *****
Run time: 00:00:35 (35.98 sec), executed benchmarks: 3

// Found 4 benchmarks:
//   CreatePluginsFromGenericTypeBenchmarks.Reflection_AssemblyListProvided: ShortRun(IterationCount=5, LaunchCount=1, WarmupCount=3)
//   CreatePluginsFromGenericTypeBenchmarks.SourceGen_AssemblyListProvided: ShortRun(IterationCount=5, LaunchCount=1, WarmupCount=3)
//   CreatePluginsFromGenericTypeBenchmarks.SourceGen_EmptyAssemblyList: ShortRun(IterationCount=5, LaunchCount=1, WarmupCount=3)
//   CreatePluginsFromGenericTypeBenchmarks.SourceGen_ParameterlessOverload: ShortRun(IterationCount=5, LaunchCount=1, WarmupCount=3)

// **************************
// Benchmark: CreatePluginsFromGenericTypeBenchmarks.Reflection_AssemblyListProvided: ShortRun(IterationCount=5, LaunchCount=1, WarmupCount=3)
// *** Execute ***
// Launch: 1 / 1
// Execute: dotnet bf8bdc48-2475-4673-b310-6966704f044e.dll --anonymousPipes 163 164 --benchmarkName NexusLabs.Needlr.Benchmarks.Benchmarks.CreatePluginsFromGenericTypeBenchmarks.Reflection_AssemblyListProvided --job ShortRun --benchmarkId 3 in /actions-runner/_work/needlr/needlr/src/NexusLabs.Needlr.Benchmarks/bin/Release/net10.0/bf8bdc48-2475-4673-b310-6966704f044e/bin/Release/net10.0
// Failed to set up high priority (Permission denied). In order to run benchmarks with high priority, make sure you have the right permissions.
// BeforeAnythingElse

// Benchmark Process Environment Information:
// BenchmarkDotNet v0.14.0
// Runtime=.NET 10.0.10 (10.0.1026.32716), X64 RyuJIT AVX2
// GC=Concurrent Workstation
// HardwareIntrinsics=AVX2,AES,BMI1,BMI2,FMA,LZCNT,PCLMUL,POPCNT,AvxVnni,SERIALIZE VectorSize=256
// Job: ShortRun(IterationCount=5, LaunchCount=1, WarmupCount=3)

OverheadJitting  1: 1 op, 592337.00 ns, 592.3370 us/op
WorkloadJitting  1: 1 op, 32734816.00 ns, 32.7348 ms/op

OverheadJitting  2: 16 op, 1399136.00 ns, 87.4460 us/op
WorkloadJitting  2: 16 op, 4291648.00 ns, 268.2280 us/op

WorkloadPilot    1: 16 op, 3367700.00 ns, 210.4813 us/op
WorkloadPilot    2: 32 op, 4792136.00 ns, 149.7543 us/op
WorkloadPilot    3: 64 op, 7728583.00 ns, 120.7591 us/op
WorkloadPilot    4: 128 op, 14780322.00 ns, 115.4713 us/op
WorkloadPilot    5: 256 op, 29002202.00 ns, 113.2899 us/op
WorkloadPilot    6: 512 op, 94025136.00 ns, 183.6428 us/op
WorkloadPilot    7: 1024 op, 178588652.00 ns, 174.4030 us/op
WorkloadPilot    8: 2048 op, 234342696.00 ns, 114.4251 us/op
WorkloadPilot    9: 4096 op, 319086229.00 ns, 77.9019 us/op
WorkloadPilot   10: 8192 op, 267135894.00 ns, 32.6094 us/op
WorkloadPilot   11: 16384 op, 217758225.00 ns, 13.2909 us/op
WorkloadPilot   12: 32768 op, 471154691.00 ns, 14.3785 us/op
WorkloadPilot   13: 65536 op, 1180381521.00 ns, 18.0112 us/op

OverheadWarmup   1: 65536 op, 583942.00 ns, 8.9102 ns/op
OverheadWarmup   2: 65536 op, 382985.00 ns, 5.8439 ns/op
OverheadWarmup   3: 65536 op, 382455.00 ns, 5.8358 ns/op
OverheadWarmup   4: 65536 op, 382017.00 ns, 5.8291 ns/op
OverheadWarmup   5: 65536 op, 409405.00 ns, 6.2470 ns/op
OverheadWarmup   6: 65536 op, 383864.00 ns, 5.8573 ns/op
OverheadWarmup   7: 65536 op, 569992.00 ns, 8.6974 ns/op
OverheadWarmup   8: 65536 op, 660787.00 ns, 10.0828 ns/op
OverheadWarmup   9: 65536 op, 816186.00 ns, 12.4540 ns/op
OverheadWarmup  10: 65536 op, 572400.00 ns, 8.7341 ns/op

OverheadActual   1: 65536 op, 570963.00 ns, 8.7122 ns/op
OverheadActual   2: 65536 op, 573735.00 ns, 8.7545 ns/op
OverheadActual   3: 65536 op, 515674.00 ns, 7.8686 ns/op
OverheadActual   4: 65536 op, 558918.00 ns, 8.5284 ns/op
OverheadActual   5: 65536 op, 548377.00 ns, 8.3676 ns/op
OverheadActual   6: 65536 op, 747142.00 ns, 11.4005 ns/op
OverheadActual   7: 65536 op, 649155.00 ns, 9.9053 ns/op
OverheadActual   8: 65536 op, 738524.00 ns, 11.2690 ns/op
OverheadActual   9: 65536 op, 461878.00 ns, 7.0477 ns/op
OverheadActual  10: 65536 op, 384118.00 ns, 5.8612 ns/op
OverheadActual  11: 65536 op, 518901.00 ns, 7.9178 ns/op
OverheadActual  12: 65536 op, 645660.00 ns, 9.8520 ns/op
OverheadActual  13: 65536 op, 618538.00 ns, 9.4381 ns/op
OverheadActual  14: 65536 op, 1351183.00 ns, 20.6174 ns/op
OverheadActual  15: 65536 op, 1125575.00 ns, 17.1749 ns/op
OverheadActual  16: 65536 op, 390580.00 ns, 5.9598 ns/op
OverheadActual  17: 65536 op, 419332.00 ns, 6.3985 ns/op
OverheadActual  18: 65536 op, 625294.00 ns, 9.5412 ns/op
OverheadActual  19: 65536 op, 889917.00 ns, 13.5791 ns/op
OverheadActual  20: 65536 op, 520216.00 ns, 7.9379 ns/op

WorkloadWarmup   1: 65536 op, 1444272956.00 ns, 22.0379 us/op
WorkloadWarmup   2: 65536 op, 1792640690.00 ns, 27.3535 us/op
WorkloadWarmup   3: 65536 op, 1536430925.00 ns, 23.4441 us/op

// BeforeActualRun
WorkloadActual   1: 65536 op, 907685015.00 ns, 13.8502 us/op
WorkloadActual   2: 65536 op, 882722549.00 ns, 13.4693 us/op
WorkloadActual   3: 65536 op, 1197570979.00 ns, 18.2735 us/op
WorkloadActual   4: 65536 op, 1101445477.00 ns, 16.8067 us/op
WorkloadActual   5: 65536 op, 1221709943.00 ns, 18.6418 us/op

// AfterActualRun
WorkloadResult   1: 65536 op, 907112666.00 ns, 13.8414 us/op
WorkloadResult   2: 65536 op, 882150200.00 ns, 13.4605 us/op
WorkloadResult   3: 65536 op, 1196998630.00 ns, 18.2647 us/op
WorkloadResult   4: 65536 op, 1100873128.00 ns, 16.7980 us/op
WorkloadResult   5: 65536 op, 1221137594.00 ns, 18.6331 us/op
// GC:  31 0 0 198427616 65536
// Threading:  0 0 65536

// AfterAll
// Benchmark Process 1270 has exited with code 0.

Mean = 16.200 μs, StdErr = 1.086 μs (6.71%), N = 5, StdDev = 2.429 μs
Min = 13.461 μs, Q1 = 13.841 μs, Median = 16.798 μs, Q3 = 18.265 μs, Max = 18.633 μs
IQR = 4.423 μs, LowerFence = 7.206 μs, UpperFence = 24.900 μs
ConfidenceInterval = [6.845 μs; 25.554 μs] (CI 99.9%), Margin = 9.355 μs (57.75% of Mean)
Skewness = -0.14, Kurtosis = 0.81, MValue = 2

// ** Remained 61 (93.8%) benchmark(s) to run. Estimated finish 2026-08-16 3:35 (0h 12m from now) **
// **************************
// Benchmark: CreatePluginsFromGenericTypeBenchmarks.SourceGen_AssemblyListProvided: ShortRun(IterationCount=5, LaunchCount=1, WarmupCount=3)
// *** Execute ***
// Launch: 1 / 1
// Execute: dotnet bf8bdc48-2475-4673-b310-6966704f044e.dll --anonymousPipes 163 164 --benchmarkName NexusLabs.Needlr.Benchmarks.Benchmarks.CreatePluginsFromGenericTypeBenchmarks.SourceGen_AssemblyListProvided --job ShortRun --benchmarkId 4 in /actions-runner/_work/needlr/needlr/src/NexusLabs.Needlr.Benchmarks/bin/Release/net10.0/bf8bdc48-2475-4673-b310-6966704f044e/bin/Release/net10.0
// Failed to set up high priority (Permission denied). In order to run benchmarks with high priority, make sure you have the right permissions.
// BeforeAnythingElse

// Benchmark Process Environment Information:
// BenchmarkDotNet v0.14.0
// Runtime=.NET 10.0.10 (10.0.1026.32716), X64 RyuJIT AVX2
// GC=Concurrent Workstation
// HardwareIntrinsics=AVX2,AES,BMI1,BMI2,FMA,LZCNT,PCLMUL,POPCNT,AvxVnni,SERIALIZE VectorSize=256
// Job: ShortRun(IterationCount=5, LaunchCount=1, WarmupCount=3)

OverheadJitting  1: 1 op, 478501.00 ns, 478.5010 us/op
WorkloadJitting  1: 1 op, 45721527.00 ns, 45.7215 ms/op

WorkloadPilot    1: 2 op, 708358.00 ns, 354.1790 us/op
WorkloadPilot    2: 3 op, 841193.00 ns, 280.3977 us/op
WorkloadPilot    3: 4 op, 789084.00 ns, 197.2710 us/op
WorkloadPilot    4: 5 op, 615220.00 ns, 123.0440 us/op
WorkloadPilot    5: 6 op, 856672.00 ns, 142.7787 us/op
WorkloadPilot    6: 7 op, 1185780.00 ns, 169.3971 us/op
WorkloadPilot    7: 8 op, 1140208.00 ns, 142.5260 us/op
WorkloadPilot    8: 9 op, 525854.00 ns, 58.4282 us/op
WorkloadPilot    9: 10 op, 606442.00 ns, 60.6442 us/op
WorkloadPilot   10: 11 op, 2200518.00 ns, 200.0471 us/op
WorkloadPilot   11: 12 op, 2177057.00 ns, 181.4214 us/op
WorkloadPilot   12: 13 op, 2183737.00 ns, 167.9798 us/op
WorkloadPilot   13: 14 op, 1277294.00 ns, 91.2353 us/op
WorkloadPilot   14: 15 op, 2391359.00 ns, 159.4239 us/op
WorkloadPilot   15: 16 op, 2543607.00 ns, 158.9754 us/op
WorkloadPilot   16: 32 op, 5865581.00 ns, 183.2994 us/op
WorkloadPilot   17: 64 op, 5595438.00 ns, 87.4287 us/op
WorkloadPilot   18: 128 op, 18059873.00 ns, 141.0928 us/op
WorkloadPilot   19: 256 op, 40338608.00 ns, 157.5727 us/op
WorkloadPilot   20: 512 op, 47244074.00 ns, 92.2736 us/op
WorkloadPilot   21: 1024 op, 95415248.00 ns, 93.1790 us/op
WorkloadPilot   22: 2048 op, 185070076.00 ns, 90.3662 us/op
WorkloadPilot   23: 4096 op, 259378425.00 ns, 63.3248 us/op
WorkloadPilot   24: 8192 op, 448747085.00 ns, 54.7787 us/op
WorkloadPilot   25: 16384 op, 705248598.00 ns, 43.0450 us/op

WorkloadWarmup   1: 16384 op, 713230373.00 ns, 43.5321 us/op
WorkloadWarmup   2: 16384 op, 1037465440.00 ns, 63.3219 us/op
WorkloadWarmup   3: 16384 op, 1005151847.00 ns, 61.3496 us/op

// BeforeActualRun
WorkloadActual   1: 16384 op, 492270290.00 ns, 30.0458 us/op
WorkloadActual   2: 16384 op, 641887667.00 ns, 39.1777 us/op
WorkloadActual   3: 16384 op, 720370414.00 ns, 43.9679 us/op
WorkloadActual   4: 16384 op, 1009457159.00 ns, 61.6124 us/op
WorkloadActual   5: 16384 op, 1070762167.00 ns, 65.3541 us/op

// AfterActualRun
WorkloadResult   1: 16384 op, 492270290.00 ns, 30.0458 us/op
WorkloadResult   2: 16384 op, 641887667.00 ns, 39.1777 us/op
WorkloadResult   3: 16384 op, 720370414.00 ns, 43.9679 us/op
WorkloadResult   4: 16384 op, 1009457159.00 ns, 61.6124 us/op
WorkloadResult   5: 16384 op, 1070762167.00 ns, 65.3541 us/op
// GC:  70 0 0 440271608 16384
// Threading:  0 0 16384

// AfterAll
// Benchmark Process 1285 has exited with code 0.

Mean = 48.032 μs, StdErr = 6.719 μs (13.99%), N = 5, StdDev = 15.024 μs
Min = 30.046 μs, Q1 = 39.178 μs, Median = 43.968 μs, Q3 = 61.612 μs, Max = 65.354 μs
IQR = 22.435 μs, LowerFence = 5.526 μs, UpperFence = 95.264 μs
ConfidenceInterval = [-9.821 μs; 105.884 μs] (CI 99.9%), Margin = 57.853 μs (120.45% of Mean)
Skewness = 0.07, Kurtosis = 0.92, MValue = 2

// ** Remained 60 (92.3%) benchmark(s) to run. Estimated finish 2026-08-16 3:34 (0h 12m from now) **
// **************************
// Benchmark: CreatePluginsFromGenericTypeBenchmarks.SourceGen_EmptyAssemblyList: ShortRun(IterationCount=5, LaunchCount=1, WarmupCount=3)
// *** Execute ***
// Launch: 1 / 1
// Execute: dotnet bf8bdc48-2475-4673-b310-6966704f044e.dll --anonymousPipes 163 164 --benchmarkName NexusLabs.Needlr.Benchmarks.Benchmarks.CreatePluginsFromGenericTypeBenchmarks.SourceGen_EmptyAssemblyList --job ShortRun --benchmarkId 5 in /actions-runner/_work/needlr/needlr/src/NexusLabs.Needlr.Benchmarks/bin/Release/net10.0/bf8bdc48-2475-4673-b310-6966704f044e/bin/Release/net10.0
// Failed to set up high priority (Permission denied). In order to run benchmarks with high priority, make sure you have the right permissions.
// BeforeAnythingElse

// Benchmark Process Environment Information:
// BenchmarkDotNet v0.14.0
// Runtime=.NET 10.0.10 (10.0.1026.32716), X64 RyuJIT AVX2
// GC=Concurrent Workstation
// HardwareIntrinsics=AVX2,AES,BMI1,BMI2,FMA,LZCNT,PCLMUL,POPCNT,AvxVnni,SERIALIZE VectorSize=256
// Job: ShortRun(IterationCount=5, LaunchCount=1, WarmupCount=3)

OverheadJitting  1: 1 op, 740137.00 ns, 740.1370 us/op
WorkloadJitting  1: 1 op, 19840241.00 ns, 19.8402 ms/op

OverheadJitting  2: 16 op, 1082529.00 ns, 67.6581 us/op
WorkloadJitting  2: 16 op, 5159314.00 ns, 322.4571 us/op

WorkloadPilot    1: 16 op, 1007721.00 ns, 62.9826 us/op
WorkloadPilot    2: 32 op, 1942416.00 ns, 60.7005 us/op
WorkloadPilot    3: 64 op, 4213412.00 ns, 65.8346 us/op
WorkloadPilot    4: 128 op, 8145941.00 ns, 63.6402 us/op
WorkloadPilot    5: 256 op, 26548203.00 ns, 103.7039 us/op
WorkloadPilot    6: 512 op, 40109757.00 ns, 78.3394 us/op
WorkloadPilot    7: 1024 op, 89733730.00 ns, 87.6306 us/op
WorkloadPilot    8: 2048 op, 134372188.00 ns, 65.6114 us/op
WorkloadPilot    9: 4096 op, 241377421.00 ns, 58.9300 us/op
WorkloadPilot   10: 8192 op, 359166072.00 ns, 43.8435 us/op
WorkloadPilot   11: 16384 op, 780851571.00 ns, 47.6594 us/op

OverheadWarmup   1: 16384 op, 136720.00 ns, 8.3447 ns/op
OverheadWarmup   2: 16384 op, 105358.00 ns, 6.4305 ns/op
OverheadWarmup   3: 16384 op, 115507.00 ns, 7.0500 ns/op
OverheadWarmup   4: 16384 op, 166994.00 ns, 10.1925 ns/op
OverheadWarmup   5: 16384 op, 239152.00 ns, 14.5967 ns/op
OverheadWarmup   6: 16384 op, 166898.00 ns, 10.1866 ns/op
OverheadWarmup   7: 16384 op, 150954.00 ns, 9.2135 ns/op
OverheadWarmup   8: 16384 op, 165594.00 ns, 10.1071 ns/op
OverheadWarmup   9: 16384 op, 174930.00 ns, 10.6769 ns/op
OverheadWarmup  10: 16384 op, 165597.00 ns, 10.1072 ns/op

OverheadActual   1: 16384 op, 154304.00 ns, 9.4180 ns/op
OverheadActual   2: 16384 op, 164594.00 ns, 10.0460 ns/op
OverheadActual   3: 16384 op, 145270.00 ns, 8.8666 ns/op
OverheadActual   4: 16384 op, 166610.00 ns, 10.1691 ns/op
OverheadActual   5: 16384 op, 185443.00 ns, 11.3185 ns/op
OverheadActual   6: 16384 op, 149745.00 ns, 9.1397 ns/op
OverheadActual   7: 16384 op, 106094.00 ns, 6.4755 ns/op
OverheadActual   8: 16384 op, 134212.00 ns, 8.1917 ns/op
OverheadActual   9: 16384 op, 152223.00 ns, 9.2910 ns/op
OverheadActual  10: 16384 op, 105047.00 ns, 6.4116 ns/op
OverheadActual  11: 16384 op, 151169.00 ns, 9.2266 ns/op
OverheadActual  12: 16384 op, 147358.00 ns, 8.9940 ns/op
OverheadActual  13: 16384 op, 144791.00 ns, 8.8373 ns/op
OverheadActual  14: 16384 op, 147371.00 ns, 8.9948 ns/op
OverheadActual  15: 16384 op, 137634.00 ns, 8.4005 ns/op
OverheadActual  16: 16384 op, 155809.00 ns, 9.5098 ns/op
OverheadActual  17: 16384 op, 142414.00 ns, 8.6923 ns/op
OverheadActual  18: 16384 op, 147707.00 ns, 9.0153 ns/op
OverheadActual  19: 16384 op, 196029.00 ns, 11.9647 ns/op
OverheadActual  20: 16384 op, 149767.00 ns, 9.1411 ns/op

WorkloadWarmup   1: 16384 op, 733507263.00 ns, 44.7697 us/op
WorkloadWarmup   2: 16384 op, 1007155170.00 ns, 61.4719 us/op
WorkloadWarmup   3: 16384 op, 1052542669.00 ns, 64.2421 us/op

// BeforeActualRun
WorkloadActual   1: 16384 op, 1025319809.00 ns, 62.5806 us/op
WorkloadActual   2: 16384 op, 486074341.00 ns, 29.6676 us/op
WorkloadActual   3: 16384 op, 454030743.00 ns, 27.7118 us/op
WorkloadActual   4: 16384 op, 694171521.00 ns, 42.3689 us/op
WorkloadActual   5: 16384 op, 801113804.00 ns, 48.8961 us/op

// AfterActualRun
WorkloadResult   1: 16384 op, 1025171083.00 ns, 62.5715 us/op
WorkloadResult   2: 16384 op, 485925615.00 ns, 29.6585 us/op
WorkloadResult   3: 16384 op, 453882017.00 ns, 27.7028 us/op
WorkloadResult   4: 16384 op, 694022795.00 ns, 42.3598 us/op
WorkloadResult   5: 16384 op, 800965078.00 ns, 48.8870 us/op
// GC:  67 0 0 423756512 16384
// Threading:  0 0 16384

// AfterAll
// Benchmark Process 1294 has exited with code 0.

Mean = 42.236 μs, StdErr = 6.431 μs (15.23%), N = 5, StdDev = 14.380 μs
Min = 27.703 μs, Q1 = 29.659 μs, Median = 42.360 μs, Q3 = 48.887 μs, Max = 62.571 μs
IQR = 19.228 μs, LowerFence = 0.816 μs, UpperFence = 77.730 μs
ConfidenceInterval = [-13.138 μs; 97.610 μs] (CI 99.9%), Margin = 55.374 μs (131.11% of Mean)
Skewness = 0.25, Kurtosis = 1.13, MValue = 2

// ** Remained 59 (90.8%) benchmark(s) to run. Estimated finish 2026-08-16 3:34 (0h 11m from now) **
// **************************
// Benchmark: CreatePluginsFromGenericTypeBenchmarks.SourceGen_ParameterlessOverload: ShortRun(IterationCount=5, LaunchCount=1, WarmupCount=3)
// *** Execute ***
// Launch: 1 / 1
// Execute: dotnet bf8bdc48-2475-4673-b310-6966704f044e.dll --anonymousPipes 163 164 --benchmarkName NexusLabs.Needlr.Benchmarks.Benchmarks.CreatePluginsFromGenericTypeBenchmarks.SourceGen_ParameterlessOverload --job ShortRun --benchmarkId 6 in /actions-runner/_work/needlr/needlr/src/NexusLabs.Needlr.Benchmarks/bin/Release/net10.0/bf8bdc48-2475-4673-b310-6966704f044e/bin/Release/net10.0
// Failed to set up high priority (Permission denied). In order to run benchmarks with high priority, make sure you have the right permissions.
// BeforeAnythingElse

// Benchmark Process Environment Information:
// BenchmarkDotNet v0.14.0
// Runtime=.NET 10.0.10 (10.0.1026.32716), X64 RyuJIT AVX2
// GC=Concurrent Workstation
// HardwareIntrinsics=AVX2,AES,BMI1,BMI2,FMA,LZCNT,PCLMUL,POPCNT,AvxVnni,SERIALIZE VectorSize=256
// Job: ShortRun(IterationCount=5, LaunchCount=1, WarmupCount=3)

OverheadJitting  1: 1 op, 959153.00 ns, 959.1530 us/op
WorkloadJitting  1: 1 op, 50653630.00 ns, 50.6536 ms/op

WorkloadPilot    1: 2 op, 109386.00 ns, 54.6930 us/op
WorkloadPilot    2: 3 op, 46686.00 ns, 15.5620 us/op
WorkloadPilot    3: 4 op, 50157.00 ns, 12.5393 us/op
WorkloadPilot    4: 5 op, 51325.00 ns, 10.2650 us/op
WorkloadPilot    5: 6 op, 57404.00 ns, 9.5673 us/op
WorkloadPilot    6: 7 op, 62832.00 ns, 8.9760 us/op
WorkloadPilot    7: 8 op, 61753.00 ns, 7.7191 us/op
WorkloadPilot    8: 9 op, 73006.00 ns, 8.1118 us/op
WorkloadPilot    9: 10 op, 89633.00 ns, 8.9633 us/op
WorkloadPilot   10: 11 op, 83463.00 ns, 7.5875 us/op
WorkloadPilot   11: 12 op, 85154.00 ns, 7.0962 us/op
WorkloadPilot   12: 13 op, 103006.00 ns, 7.9235 us/op
WorkloadPilot   13: 14 op, 135545.00 ns, 9.6818 us/op
WorkloadPilot   14: 15 op, 140692.00 ns, 9.3795 us/op
WorkloadPilot   15: 16 op, 154245.00 ns, 9.6403 us/op
WorkloadPilot   16: 32 op, 240354.00 ns, 7.5111 us/op
WorkloadPilot   17: 64 op, 438977.00 ns, 6.8590 us/op
WorkloadPilot   18: 128 op, 974422.00 ns, 7.6127 us/op
WorkloadPilot   19: 256 op, 2224345.00 ns, 8.6888 us/op
WorkloadPilot   20: 512 op, 4624760.00 ns, 9.0327 us/op
WorkloadPilot   21: 1024 op, 7952048.00 ns, 7.7657 us/op
WorkloadPilot   22: 2048 op, 18243233.00 ns, 8.9078 us/op
WorkloadPilot   23: 4096 op, 30386571.00 ns, 7.4186 us/op
WorkloadPilot   24: 8192 op, 58639069.00 ns, 7.1581 us/op
WorkloadPilot   25: 16384 op, 172664464.00 ns, 10.5386 us/op
WorkloadPilot   26: 32768 op, 64869107.00 ns, 1.9796 us/op
WorkloadPilot   27: 65536 op, 89833232.00 ns, 1.3707 us/op
WorkloadPilot   28: 131072 op, 112030567.00 ns, 854.7254 ns/op
WorkloadPilot   29: 262144 op, 188360261.00 ns, 718.5374 ns/op
WorkloadPilot   30: 524288 op, 404135626.00 ns, 770.8275 ns/op
WorkloadPilot   31: 1048576 op, 958960124.00 ns, 914.5356 ns/op

WorkloadWarmup   1: 1048576 op, 673073322.00 ns, 641.8927 ns/op
WorkloadWarmup   2: 1048576 op, 623494934.00 ns, 594.6111 ns/op
WorkloadWarmup   3: 1048576 op, 726887755.00 ns, 693.2142 ns/op

// BeforeActualRun
WorkloadActual   1: 1048576 op, 774955884.00 ns, 739.0555 ns/op
WorkloadActual   2: 1048576 op, 806194005.00 ns, 768.8465 ns/op
WorkloadActual   3: 1048576 op, 729675920.00 ns, 695.8732 ns/op
WorkloadActual   4: 1048576 op, 771376571.00 ns, 735.6420 ns/op
WorkloadActual   5: 1048576 op, 679206434.00 ns, 647.7417 ns/op

// AfterActualRun
WorkloadResult   1: 1048576 op, 774955884.00 ns, 739.0555 ns/op
WorkloadResult   2: 1048576 op, 806194005.00 ns, 768.8465 ns/op
WorkloadResult   3: 1048576 op, 729675920.00 ns, 695.8732 ns/op
WorkloadResult   4: 1048576 op, 771376571.00 ns, 735.6420 ns/op
WorkloadResult   5: 1048576 op, 679206434.00 ns, 647.7417 ns/op
// GC:  73 0 0 461374176 1048576
// Threading:  0 0 1048576

// AfterAll
// Benchmark Process 1304 has exited with code 0.

Mean = 717.432 ns, StdErr = 20.933 ns (2.92%), N = 5, StdDev = 46.809 ns
Min = 647.742 ns, Q1 = 695.873 ns, Median = 735.642 ns, Q3 = 739.056 ns, Max = 768.847 ns
IQR = 43.182 ns, LowerFence = 631.100 ns, UpperFence = 803.829 ns
ConfidenceInterval = [537.189 ns; 897.675 ns] (CI 99.9%), Margin = 180.243 ns (25.12% of Mean)
Skewness = -0.38, Kurtosis = 1.3, MValue = 2

// ** Remained 58 (89.2%) benchmark(s) to run. Estimated finish 2026-08-16 3:34 (0h 10m from now) **
// ***** BenchmarkRunner: Finish  *****

// * Export *
  actions-runner/_work/needlr/needlr/benchmark-results/results/NexusLabs.Needlr.Benchmarks.Benchmarks.CreatePluginsFromGenericTypeBenchmarks-report.csv
  actions-runner/_work/needlr/needlr/benchmark-results/results/NexusLabs.Needlr.Benchmarks.Benchmarks.CreatePluginsFromGenericTypeBenchmarks-report-github.md
  actions-runner/_work/needlr/needlr/benchmark-results/results/NexusLabs.Needlr.Benchmarks.Benchmarks.CreatePluginsFromGenericTypeBenchmarks-report.html
  actions-runner/_work/needlr/needlr/benchmark-results/results/NexusLabs.Needlr.Benchmarks.Benchmarks.CreatePluginsFromGenericTypeBenchmarks-report-full-compressed.json
  actions-runner/_work/needlr/needlr/benchmark-results/results/NexusLabs.Needlr.Benchmarks.Benchmarks.CreatePluginsFromGenericTypeBenchmarks-report-default.md

// * Detailed results *
CreatePluginsFromGenericTypeBenchmarks.Reflection_AssemblyListProvided: ShortRun(IterationCount=5, LaunchCount=1, WarmupCount=3)
Runtime = .NET 10.0.10 (10.0.1026.32716), X64 RyuJIT AVX2; GC = Concurrent Workstation
Mean = 16.200 μs, StdErr = 1.086 μs (6.71%), N = 5, StdDev = 2.429 μs
Min = 13.461 μs, Q1 = 13.841 μs, Median = 16.798 μs, Q3 = 18.265 μs, Max = 18.633 μs
IQR = 4.423 μs, LowerFence = 7.206 μs, UpperFence = 24.900 μs
ConfidenceInterval = [6.845 μs; 25.554 μs] (CI 99.9%), Margin = 9.355 μs (57.75% of Mean)
Skewness = -0.14, Kurtosis = 0.81, MValue = 2
-------------------- Histogram --------------------
[11.596 μs ; 15.851 μs) | @@
[15.851 μs ; 19.580 μs) | @@@
---------------------------------------------------

CreatePluginsFromGenericTypeBenchmarks.SourceGen_AssemblyListProvided: ShortRun(IterationCount=5, LaunchCount=1, WarmupCount=3)
Runtime = .NET 10.0.10 (10.0.1026.32716), X64 RyuJIT AVX2; GC = Concurrent Workstation
Mean = 48.032 μs, StdErr = 6.719 μs (13.99%), N = 5, StdDev = 15.024 μs
Min = 30.046 μs, Q1 = 39.178 μs, Median = 43.968 μs, Q3 = 61.612 μs, Max = 65.354 μs
IQR = 22.435 μs, LowerFence = 5.526 μs, UpperFence = 95.264 μs
ConfidenceInterval = [-9.821 μs; 105.884 μs] (CI 99.9%), Margin = 57.853 μs (120.45% of Mean)
Skewness = 0.07, Kurtosis = 0.92, MValue = 2
-------------------- Histogram --------------------
[25.475 μs ; 51.951 μs) | @@@
[51.951 μs ; 76.886 μs) | @@
---------------------------------------------------

CreatePluginsFromGenericTypeBenchmarks.SourceGen_EmptyAssemblyList: ShortRun(IterationCount=5, LaunchCount=1, WarmupCount=3)
Runtime = .NET 10.0.10 (10.0.1026.32716), X64 RyuJIT AVX2; GC = Concurrent Workstation
Mean = 42.236 μs, StdErr = 6.431 μs (15.23%), N = 5, StdDev = 14.380 μs
Min = 27.703 μs, Q1 = 29.659 μs, Median = 42.360 μs, Q3 = 48.887 μs, Max = 62.571 μs
IQR = 19.228 μs, LowerFence = 0.816 μs, UpperFence = 77.730 μs
ConfidenceInterval = [-13.138 μs; 97.610 μs] (CI 99.9%), Margin = 55.374 μs (131.11% of Mean)
Skewness = 0.25, Kurtosis = 1.13, MValue = 2
-------------------- Histogram --------------------
[27.257 μs ; 49.333 μs) | @@@@
[49.333 μs ; 73.609 μs) | @
---------------------------------------------------

CreatePluginsFromGenericTypeBenchmarks.SourceGen_ParameterlessOverload: ShortRun(IterationCount=5, LaunchCount=1, WarmupCount=3)
Runtime = .NET 10.0.10 (10.0.1026.32716), X64 RyuJIT AVX2; GC = Concurrent Workstation
Mean = 717.432 ns, StdErr = 20.933 ns (2.92%), N = 5, StdDev = 46.809 ns
Min = 647.742 ns, Q1 = 695.873 ns, Median = 735.642 ns, Q3 = 739.056 ns, Max = 768.847 ns
IQR = 43.182 ns, LowerFence = 631.100 ns, UpperFence = 803.829 ns
ConfidenceInterval = [537.189 ns; 897.675 ns] (CI 99.9%), Margin = 180.243 ns (25.12% of Mean)
Skewness = -0.38, Kurtosis = 1.3, MValue = 2
-------------------- Histogram --------------------
[635.879 ns ; 716.316 ns) | @@
[716.316 ns ; 788.172 ns) | @@@
---------------------------------------------------

// * Summary *

BenchmarkDotNet v0.14.0, Ubuntu 24.04.4 LTS (Noble Numbat)
Intel Core 7 150U, 1 CPU, 12 logical and 6 physical cores
.NET SDK 10.0.302
  [Host]   : .NET 10.0.10 (10.0.1026.32716), X64 RyuJIT AVX2
  ShortRun : .NET 10.0.10 (10.0.1026.32716), X64 RyuJIT AVX2

Job=ShortRun  IterationCount=5  LaunchCount=1  
WarmupCount=3  

| Method                          | Mean        | Error       | StdDev       | Ratio | RatioSD | Rank | Gen0   | Allocated | Alloc Ratio |
|-------------------------------- |------------:|------------:|-------------:|------:|--------:|-----:|-------:|----------:|------------:|
| Reflection_AssemblyListProvided | 16,199.6 ns |  9,354.8 ns |  2,429.41 ns |  1.02 |    0.20 |    2 | 0.4730 |    3028 B |        1.00 |
| SourceGen_AssemblyListProvided  | 48,031.6 ns | 57,852.7 ns | 15,024.16 ns |  3.02 |    0.97 |    3 | 4.2725 |   26872 B |        8.87 |
| SourceGen_EmptyAssemblyList     | 42,235.9 ns | 55,374.0 ns | 14,380.46 ns |  2.66 |    0.91 |    3 | 4.0894 |   25864 B |        8.54 |
| SourceGen_ParameterlessOverload |    717.4 ns |    180.2 ns |     46.81 ns |  0.05 |    0.01 |    1 | 0.0696 |     440 B |        0.15 |
// * Config Issues *

// * Warnings *
Configuration
  Summary -> The exporter HtmlExporter is already present in configuration. There may be unexpected results.

// * Legends *
  Mean        : Arithmetic mean of all measurements
  Error       : Half of 99.9% confidence interval
  StdDev      : Standard deviation of all measurements
  Ratio       : Mean of the ratio distribution ([Current]/[Baseline])
  RatioSD     : Standard deviation of the ratio distribution ([Current]/[Baseline])
  Rank        : Relative position of current benchmark mean among all benchmarks (Arabic style)
  Gen0        : GC Generation 0 collects per 1000 operations
  Allocated   : Allocated memory per single operation (managed only, inclusive, 1KB = 1024B)
  Alloc Ratio : Allocated memory ratio distribution ([Current]/[Baseline])
  1 ns        : 1 Nanosecond (0.000000001 sec)

// * Diagnostic Output - MemoryDiagnoser *


// ***** BenchmarkRunner: End *****
Run time: 00:00:42 (43 sec), executed benchmarks: 4

// Found 3 benchmarks:
//   DecoratorResolutionBenchmarks.ManualDI_ResolveDecorated: ShortRun(IterationCount=5, LaunchCount=1, WarmupCount=3)
//   DecoratorResolutionBenchmarks.Needlr_Reflection_ResolveDecorated: ShortRun(IterationCount=5, LaunchCount=1, WarmupCount=3)
//   DecoratorResolutionBenchmarks.Needlr_SourceGen_ResolveDecorated: ShortRun(IterationCount=5, LaunchCount=1, WarmupCount=3)

// **************************
// Benchmark: DecoratorResolutionBenchmarks.ManualDI_ResolveDecorated: ShortRun(IterationCount=5, LaunchCount=1, WarmupCount=3)
// *** Execute ***
// Launch: 1 / 1
// Execute: dotnet bf8bdc48-2475-4673-b310-6966704f044e.dll --anonymousPipes 163 164 --benchmarkName NexusLabs.Needlr.Benchmarks.Benchmarks.DecoratorResolutionBenchmarks.ManualDI_ResolveDecorated --job ShortRun --benchmarkId 7 in /actions-runner/_work/needlr/needlr/src/NexusLabs.Needlr.Benchmarks/bin/Release/net10.0/bf8bdc48-2475-4673-b310-6966704f044e/bin/Release/net10.0
// Failed to set up high priority (Permission denied). In order to run benchmarks with high priority, make sure you have the right permissions.
// BeforeAnythingElse

// Benchmark Process Environment Information:
// BenchmarkDotNet v0.14.0
// Runtime=.NET 10.0.10 (10.0.1026.32716), X64 RyuJIT AVX2
// GC=Concurrent Workstation
// HardwareIntrinsics=AVX2,AES,BMI1,BMI2,FMA,LZCNT,PCLMUL,POPCNT,AvxVnni,SERIALIZE VectorSize=256
// Job: ShortRun(IterationCount=5, LaunchCount=1, WarmupCount=3)

OverheadJitting  1: 1 op, 433211.00 ns, 433.2110 us/op
WorkloadJitting  1: 1 op, 5809268.00 ns, 5.8093 ms/op

OverheadJitting  2: 16 op, 906165.00 ns, 56.6353 us/op
WorkloadJitting  2: 16 op, 1528309.00 ns, 95.5193 us/op

WorkloadPilot    1: 16 op, 14485.00 ns, 905.3125 ns/op
WorkloadPilot    2: 32 op, 15103.00 ns, 471.9688 ns/op
WorkloadPilot    3: 64 op, 23638.00 ns, 369.3438 ns/op
WorkloadPilot    4: 128 op, 26245.00 ns, 205.0391 ns/op
WorkloadPilot    5: 256 op, 28409.00 ns, 110.9727 ns/op
WorkloadPilot    6: 512 op, 80407.00 ns, 157.0449 ns/op
WorkloadPilot    7: 1024 op, 277310.00 ns, 270.8105 ns/op
WorkloadPilot    8: 2048 op, 300491.00 ns, 146.7241 ns/op
WorkloadPilot    9: 4096 op, 498455.00 ns, 121.6931 ns/op
WorkloadPilot   10: 8192 op, 1528431.00 ns, 186.5760 ns/op
WorkloadPilot   11: 16384 op, 3728453.00 ns, 227.5667 ns/op
WorkloadPilot   12: 32768 op, 4110962.00 ns, 125.4566 ns/op
WorkloadPilot   13: 65536 op, 23656244.00 ns, 360.9656 ns/op
WorkloadPilot   14: 131072 op, 12424650.00 ns, 94.7926 ns/op
WorkloadPilot   15: 262144 op, 44270959.00 ns, 168.8803 ns/op
WorkloadPilot   16: 524288 op, 76975708.00 ns, 146.8195 ns/op
WorkloadPilot   17: 1048576 op, 62562543.00 ns, 59.6643 ns/op
WorkloadPilot   18: 2097152 op, 67475238.00 ns, 32.1747 ns/op
WorkloadPilot   19: 4194304 op, 108176790.00 ns, 25.7914 ns/op
WorkloadPilot   20: 8388608 op, 216476762.00 ns, 25.8060 ns/op
WorkloadPilot   21: 16777216 op, 426473968.00 ns, 25.4198 ns/op
WorkloadPilot   22: 33554432 op, 844421108.00 ns, 25.1657 ns/op

OverheadWarmup   1: 33554432 op, 221702229.00 ns, 6.6072 ns/op
OverheadWarmup   2: 33554432 op, 204351080.00 ns, 6.0901 ns/op
OverheadWarmup   3: 33554432 op, 209775373.00 ns, 6.2518 ns/op
OverheadWarmup   4: 33554432 op, 246011936.00 ns, 7.3317 ns/op
OverheadWarmup   5: 33554432 op, 229042168.00 ns, 6.8260 ns/op
OverheadWarmup   6: 33554432 op, 199619063.00 ns, 5.9491 ns/op
OverheadWarmup   7: 33554432 op, 208863496.00 ns, 6.2246 ns/op
OverheadWarmup   8: 33554432 op, 185250192.00 ns, 5.5209 ns/op

OverheadActual   1: 33554432 op, 241880371.00 ns, 7.2086 ns/op
OverheadActual   2: 33554432 op, 199235508.00 ns, 5.9377 ns/op
OverheadActual   3: 33554432 op, 234039481.00 ns, 6.9749 ns/op
OverheadActual   4: 33554432 op, 191190817.00 ns, 5.6979 ns/op
OverheadActual   5: 33554432 op, 194488627.00 ns, 5.7962 ns/op
OverheadActual   6: 33554432 op, 203677474.00 ns, 6.0701 ns/op
OverheadActual   7: 33554432 op, 189309766.00 ns, 5.6419 ns/op
OverheadActual   8: 33554432 op, 212322482.00 ns, 6.3277 ns/op
OverheadActual   9: 33554432 op, 228190132.00 ns, 6.8006 ns/op
OverheadActual  10: 33554432 op, 231963930.00 ns, 6.9131 ns/op
OverheadActual  11: 33554432 op, 225152098.00 ns, 6.7101 ns/op
OverheadActual  12: 33554432 op, 233797334.00 ns, 6.9677 ns/op
OverheadActual  13: 33554432 op, 231280063.00 ns, 6.8927 ns/op
OverheadActual  14: 33554432 op, 190757739.00 ns, 5.6850 ns/op
OverheadActual  15: 33554432 op, 167588309.00 ns, 4.9945 ns/op
OverheadActual  16: 33554432 op, 171659061.00 ns, 5.1158 ns/op
OverheadActual  17: 33554432 op, 202973465.00 ns, 6.0491 ns/op
OverheadActual  18: 33554432 op, 202070776.00 ns, 6.0222 ns/op
OverheadActual  19: 33554432 op, 196971390.00 ns, 5.8702 ns/op
OverheadActual  20: 33554432 op, 198800850.00 ns, 5.9247 ns/op

WorkloadWarmup   1: 33554432 op, 806022381.00 ns, 24.0213 ns/op
WorkloadWarmup   2: 33554432 op, 1007206310.00 ns, 30.0171 ns/op
WorkloadWarmup   3: 33554432 op, 758477042.00 ns, 22.6044 ns/op

// BeforeActualRun
WorkloadActual   1: 33554432 op, 883400608.00 ns, 26.3274 ns/op
WorkloadActual   2: 33554432 op, 826335656.00 ns, 24.6267 ns/op
WorkloadActual   3: 33554432 op, 910930893.00 ns, 27.1479 ns/op
WorkloadActual   4: 33554432 op, 776323871.00 ns, 23.1363 ns/op
WorkloadActual   5: 33554432 op, 731871596.00 ns, 21.8115 ns/op

// AfterActualRun
WorkloadResult   1: 33554432 op, 680878487.50 ns, 20.2918 ns/op
WorkloadResult   2: 33554432 op, 623813535.50 ns, 18.5911 ns/op
WorkloadResult   3: 33554432 op, 708408772.50 ns, 21.1122 ns/op
WorkloadResult   4: 33554432 op, 573801750.50 ns, 17.1006 ns/op
WorkloadResult   5: 33554432 op, 529349475.50 ns, 15.7758 ns/op
// GC:  0 0 0 1072 33554432
// Threading:  0 0 33554432

// AfterAll
// Benchmark Process 1317 has exited with code 0.

Mean = 18.574 ns, StdErr = 0.985 ns (5.30%), N = 5, StdDev = 2.202 ns
Min = 15.776 ns, Q1 = 17.101 ns, Median = 18.591 ns, Q3 = 20.292 ns, Max = 21.112 ns
IQR = 3.191 ns, LowerFence = 12.314 ns, UpperFence = 25.078 ns
ConfidenceInterval = [10.095 ns; 27.053 ns] (CI 99.9%), Margin = 8.479 ns (45.65% of Mean)
Skewness = -0.07, Kurtosis = 0.99, MValue = 2

// ** Remained 57 (87.7%) benchmark(s) to run. Estimated finish 2026-08-16 3:34 (0h 11m from now) **
// **************************
// Benchmark: DecoratorResolutionBenchmarks.Needlr_Reflection_ResolveDecorated: ShortRun(IterationCount=5, LaunchCount=1, WarmupCount=3)
// *** Execute ***
// Launch: 1 / 1
// Execute: dotnet bf8bdc48-2475-4673-b310-6966704f044e.dll --anonymousPipes 163 164 --benchmarkName NexusLabs.Needlr.Benchmarks.Benchmarks.DecoratorResolutionBenchmarks.Needlr_Reflection_ResolveDecorated --job ShortRun --benchmarkId 8 in /actions-runner/_work/needlr/needlr/src/NexusLabs.Needlr.Benchmarks/bin/Release/net10.0/bf8bdc48-2475-4673-b310-6966704f044e/bin/Release/net10.0
// Failed to set up high priority (Permission denied). In order to run benchmarks with high priority, make sure you have the right permissions.
// BeforeAnythingElse

// Benchmark Process Environment Information:
// BenchmarkDotNet v0.14.0
// Runtime=.NET 10.0.10 (10.0.1026.32716), X64 RyuJIT AVX2
// GC=Concurrent Workstation
// HardwareIntrinsics=AVX2,AES,BMI1,BMI2,FMA,LZCNT,PCLMUL,POPCNT,AvxVnni,SERIALIZE VectorSize=256
// Job: ShortRun(IterationCount=5, LaunchCount=1, WarmupCount=3)

OverheadJitting  1: 1 op, 1000592.00 ns, 1.0006 ms/op
WorkloadJitting  1: 1 op, 10592342.00 ns, 10.5923 ms/op

OverheadJitting  2: 16 op, 857826.00 ns, 53.6141 us/op
WorkloadJitting  2: 16 op, 683677.00 ns, 42.7298 us/op

WorkloadPilot    1: 16 op, 11643.00 ns, 727.6875 ns/op
WorkloadPilot    2: 32 op, 13606.00 ns, 425.1875 ns/op
WorkloadPilot    3: 64 op, 15836.00 ns, 247.4375 ns/op
WorkloadPilot    4: 128 op, 27885.00 ns, 217.8516 ns/op
WorkloadPilot    5: 256 op, 317064.00 ns, 1.2385 us/op
WorkloadPilot    6: 512 op, 96720.00 ns, 188.9063 ns/op
WorkloadPilot    7: 1024 op, 144365.00 ns, 140.9814 ns/op
WorkloadPilot    8: 2048 op, 226976.00 ns, 110.8281 ns/op
WorkloadPilot    9: 4096 op, 650171.00 ns, 158.7332 ns/op
WorkloadPilot   10: 8192 op, 972413.00 ns, 118.7028 ns/op
WorkloadPilot   11: 16384 op, 1482575.00 ns, 90.4892 ns/op
WorkloadPilot   12: 32768 op, 3325988.00 ns, 101.5011 ns/op
WorkloadPilot   13: 65536 op, 11004576.00 ns, 167.9165 ns/op
WorkloadPilot   14: 131072 op, 16850634.00 ns, 128.5601 ns/op
WorkloadPilot   15: 262144 op, 28343040.00 ns, 108.1201 ns/op
WorkloadPilot   16: 524288 op, 51804502.00 ns, 98.8092 ns/op
WorkloadPilot   17: 1048576 op, 88871400.00 ns, 84.7544 ns/op
WorkloadPilot   18: 2097152 op, 82291201.00 ns, 39.2395 ns/op
WorkloadPilot   19: 4194304 op, 99598870.00 ns, 23.7462 ns/op
WorkloadPilot   20: 8388608 op, 215861137.00 ns, 25.7327 ns/op
WorkloadPilot   21: 16777216 op, 331268767.00 ns, 19.7452 ns/op
WorkloadPilot   22: 33554432 op, 494686534.00 ns, 14.7428 ns/op
WorkloadPilot   23: 67108864 op, 897531274.00 ns, 13.3743 ns/op

OverheadWarmup   1: 67108864 op, 260775571.00 ns, 3.8859 ns/op
OverheadWarmup   2: 67108864 op, 228709391.00 ns, 3.4080 ns/op
OverheadWarmup   3: 67108864 op, 218345105.00 ns, 3.2536 ns/op
OverheadWarmup   4: 67108864 op, 299423599.00 ns, 4.4618 ns/op
OverheadWarmup   5: 67108864 op, 303771913.00 ns, 4.5266 ns/op
OverheadWarmup   6: 67108864 op, 240083461.00 ns, 3.5775 ns/op
OverheadWarmup   7: 67108864 op, 218323327.00 ns, 3.2533 ns/op
OverheadWarmup   8: 67108864 op, 220444932.00 ns, 3.2849 ns/op
OverheadWarmup   9: 67108864 op, 225690524.00 ns, 3.3631 ns/op
OverheadWarmup  10: 67108864 op, 221435470.00 ns, 3.2996 ns/op

OverheadActual   1: 67108864 op, 211601810.00 ns, 3.1531 ns/op
OverheadActual   2: 67108864 op, 215399893.00 ns, 3.2097 ns/op
OverheadActual   3: 67108864 op, 230395287.00 ns, 3.4332 ns/op
OverheadActual   4: 67108864 op, 227737505.00 ns, 3.3936 ns/op
OverheadActual   5: 67108864 op, 223549946.00 ns, 3.3312 ns/op
OverheadActual   6: 67108864 op, 222277668.00 ns, 3.3122 ns/op
OverheadActual   7: 67108864 op, 219754323.00 ns, 3.2746 ns/op
OverheadActual   8: 67108864 op, 241280348.00 ns, 3.5954 ns/op
OverheadActual   9: 67108864 op, 306025455.00 ns, 4.5601 ns/op
OverheadActual  10: 67108864 op, 294481105.00 ns, 4.3881 ns/op
OverheadActual  11: 67108864 op, 249034083.00 ns, 3.7109 ns/op
OverheadActual  12: 67108864 op, 229957700.00 ns, 3.4266 ns/op
OverheadActual  13: 67108864 op, 225307033.00 ns, 3.3573 ns/op
OverheadActual  14: 67108864 op, 220884780.00 ns, 3.2914 ns/op
OverheadActual  15: 67108864 op, 225595182.00 ns, 3.3616 ns/op
OverheadActual  16: 67108864 op, 238169839.00 ns, 3.5490 ns/op
OverheadActual  17: 67108864 op, 217954639.00 ns, 3.2478 ns/op

WorkloadWarmup   1: 67108864 op, 964233623.00 ns, 14.3682 ns/op
WorkloadWarmup   2: 67108864 op, 1057563200.00 ns, 15.7589 ns/op
WorkloadWarmup   3: 67108864 op, 917304600.00 ns, 13.6689 ns/op

// BeforeActualRun
WorkloadActual   1: 67108864 op, 945296765.00 ns, 14.0860 ns/op
WorkloadActual   2: 67108864 op, 1102080027.00 ns, 16.4223 ns/op
WorkloadActual   3: 67108864 op, 1181551332.00 ns, 17.6065 ns/op
WorkloadActual   4: 67108864 op, 1025074613.00 ns, 15.2748 ns/op
WorkloadActual   5: 67108864 op, 1189095860.00 ns, 17.7189 ns/op

// AfterActualRun
WorkloadResult   1: 67108864 op, 719701583.00 ns, 10.7244 ns/op
WorkloadResult   2: 67108864 op, 876484845.00 ns, 13.0606 ns/op
WorkloadResult   3: 67108864 op, 955956150.00 ns, 14.2449 ns/op
WorkloadResult   4: 67108864 op, 799479431.00 ns, 11.9132 ns/op
WorkloadResult   5: 67108864 op, 963500678.00 ns, 14.3573 ns/op
// GC:  0 0 0 1360 67108864
// Threading:  0 0 67108864

// AfterAll
// Benchmark Process 1330 has exited with code 0.

Mean = 12.860 ns, StdErr = 0.695 ns (5.40%), N = 5, StdDev = 1.554 ns
Min = 10.724 ns, Q1 = 11.913 ns, Median = 13.061 ns, Q3 = 14.245 ns, Max = 14.357 ns
IQR = 2.332 ns, LowerFence = 8.416 ns, UpperFence = 17.742 ns
ConfidenceInterval = [6.877 ns; 18.843 ns] (CI 99.9%), Margin = 5.983 ns (46.53% of Mean)
Skewness = -0.24, Kurtosis = 1.04, MValue = 2

// ** Remained 56 (86.2%) benchmark(s) to run. Estimated finish 2026-08-16 3:35 (0h 11m from now) **
// **************************
// Benchmark: DecoratorResolutionBenchmarks.Needlr_SourceGen_ResolveDecorated: ShortRun(IterationCount=5, LaunchCount=1, WarmupCount=3)
// *** Execute ***
// Launch: 1 / 1
// Execute: dotnet bf8bdc48-2475-4673-b310-6966704f044e.dll --anonymousPipes 163 164 --benchmarkName NexusLabs.Needlr.Benchmarks.Benchmarks.DecoratorResolutionBenchmarks.Needlr_SourceGen_ResolveDecorated --job ShortRun --benchmarkId 9 in /actions-runner/_work/needlr/needlr/src/NexusLabs.Needlr.Benchmarks/bin/Release/net10.0/bf8bdc48-2475-4673-b310-6966704f044e/bin/Release/net10.0
// Failed to set up high priority (Permission denied). In order to run benchmarks with high priority, make sure you have the right permissions.
// BeforeAnythingElse

// Benchmark Process Environment Information:
// BenchmarkDotNet v0.14.0
// Runtime=.NET 10.0.10 (10.0.1026.32716), X64 RyuJIT AVX2
// GC=Concurrent Workstation
// HardwareIntrinsics=AVX2,AES,BMI1,BMI2,FMA,LZCNT,PCLMUL,POPCNT,AvxVnni,SERIALIZE VectorSize=256
// Job: ShortRun(IterationCount=5, LaunchCount=1, WarmupCount=3)

OverheadJitting  1: 1 op, 362378.00 ns, 362.3780 us/op
WorkloadJitting  1: 1 op, 5716994.00 ns, 5.7170 ms/op

OverheadJitting  2: 16 op, 457318.00 ns, 28.5824 us/op
WorkloadJitting  2: 16 op, 445985.00 ns, 27.8741 us/op

WorkloadPilot    1: 16 op, 7562.00 ns, 472.6250 ns/op
WorkloadPilot    2: 32 op, 7104.00 ns, 222.0000 ns/op
WorkloadPilot    3: 64 op, 9226.00 ns, 144.1563 ns/op
WorkloadPilot    4: 128 op, 17195.00 ns, 134.3359 ns/op
WorkloadPilot    5: 256 op, 21809.00 ns, 85.1914 ns/op
WorkloadPilot    6: 512 op, 38184.00 ns, 74.5781 ns/op
WorkloadPilot    7: 1024 op, 71710.00 ns, 70.0293 ns/op
WorkloadPilot    8: 2048 op, 138038.00 ns, 67.4014 ns/op
WorkloadPilot    9: 4096 op, 277957.00 ns, 67.8606 ns/op
WorkloadPilot   10: 8192 op, 605849.00 ns, 73.9562 ns/op
WorkloadPilot   11: 16384 op, 1140334.00 ns, 69.6005 ns/op
WorkloadPilot   12: 32768 op, 2304158.00 ns, 70.3173 ns/op
WorkloadPilot   13: 65536 op, 4361139.00 ns, 66.5457 ns/op
WorkloadPilot   14: 131072 op, 8620531.00 ns, 65.7694 ns/op
WorkloadPilot   15: 262144 op, 17200476.00 ns, 65.6146 ns/op
WorkloadPilot   16: 524288 op, 34711151.00 ns, 66.2063 ns/op
WorkloadPilot   17: 1048576 op, 48331372.00 ns, 46.0924 ns/op
WorkloadPilot   18: 2097152 op, 29992953.00 ns, 14.3018 ns/op
WorkloadPilot   19: 4194304 op, 58113320.00 ns, 13.8553 ns/op
WorkloadPilot   20: 8388608 op, 114499485.00 ns, 13.6494 ns/op
WorkloadPilot   21: 16777216 op, 217672541.00 ns, 12.9743 ns/op
WorkloadPilot   22: 33554432 op, 439727555.00 ns, 13.1049 ns/op
WorkloadPilot   23: 67108864 op, 1078778927.00 ns, 16.0751 ns/op

OverheadWarmup   1: 67108864 op, 255332840.00 ns, 3.8048 ns/op
OverheadWarmup   2: 67108864 op, 213943086.00 ns, 3.1880 ns/op
OverheadWarmup   3: 67108864 op, 206165007.00 ns, 3.0721 ns/op
OverheadWarmup   4: 67108864 op, 219036018.00 ns, 3.2639 ns/op
OverheadWarmup   5: 67108864 op, 229979012.00 ns, 3.4270 ns/op
OverheadWarmup   6: 67108864 op, 210472210.00 ns, 3.1363 ns/op
OverheadWarmup   7: 67108864 op, 205396479.00 ns, 3.0606 ns/op
OverheadWarmup   8: 67108864 op, 212593656.00 ns, 3.1679 ns/op
OverheadWarmup   9: 67108864 op, 227326816.00 ns, 3.3874 ns/op
OverheadWarmup  10: 67108864 op, 213302250.00 ns, 3.1785 ns/op

OverheadActual   1: 67108864 op, 205963122.00 ns, 3.0691 ns/op
OverheadActual   2: 67108864 op, 245806982.00 ns, 3.6628 ns/op
OverheadActual   3: 67108864 op, 367521056.00 ns, 5.4765 ns/op
OverheadActual   4: 67108864 op, 399746578.00 ns, 5.9567 ns/op
OverheadActual   5: 67108864 op, 297973026.00 ns, 4.4401 ns/op
OverheadActual   6: 67108864 op, 296386149.00 ns, 4.4165 ns/op
OverheadActual   7: 67108864 op, 251951205.00 ns, 3.7544 ns/op
OverheadActual   8: 67108864 op, 241728387.00 ns, 3.6020 ns/op
OverheadActual   9: 67108864 op, 220930558.00 ns, 3.2921 ns/op
OverheadActual  10: 67108864 op, 243274662.00 ns, 3.6251 ns/op
OverheadActual  11: 67108864 op, 227039716.00 ns, 3.3832 ns/op
OverheadActual  12: 67108864 op, 218790822.00 ns, 3.2602 ns/op
OverheadActual  13: 67108864 op, 207982904.00 ns, 3.0992 ns/op
OverheadActual  14: 67108864 op, 221134029.00 ns, 3.2952 ns/op
OverheadActual  15: 67108864 op, 250130012.00 ns, 3.7272 ns/op
OverheadActual  16: 67108864 op, 304007998.00 ns, 4.5301 ns/op
OverheadActual  17: 67108864 op, 245942235.00 ns, 3.6648 ns/op
OverheadActual  18: 67108864 op, 232066914.00 ns, 3.4581 ns/op
OverheadActual  19: 67108864 op, 214668273.00 ns, 3.1988 ns/op
OverheadActual  20: 67108864 op, 214704545.00 ns, 3.1993 ns/op

WorkloadWarmup   1: 67108864 op, 856697630.00 ns, 12.7658 ns/op
WorkloadWarmup   2: 67108864 op, 931332693.00 ns, 13.8779 ns/op
WorkloadWarmup   3: 67108864 op, 1032143402.00 ns, 15.3801 ns/op

// BeforeActualRun
WorkloadActual   1: 67108864 op, 908017642.00 ns, 13.5305 ns/op
WorkloadActual   2: 67108864 op, 874761131.00 ns, 13.0350 ns/op
WorkloadActual   3: 67108864 op, 1021566118.00 ns, 15.2225 ns/op
WorkloadActual   4: 67108864 op, 950302477.00 ns, 14.1606 ns/op
WorkloadActual   5: 67108864 op, 898797840.00 ns, 13.3931 ns/op

// AfterActualRun
WorkloadResult   1: 67108864 op, 665516117.50 ns, 9.9170 ns/op
WorkloadResult   2: 67108864 op, 632259606.50 ns, 9.4214 ns/op
WorkloadResult   3: 67108864 op, 779064593.50 ns, 11.6090 ns/op
WorkloadResult   4: 67108864 op, 707800952.50 ns, 10.5471 ns/op
WorkloadResult   5: 67108864 op, 656296315.50 ns, 9.7796 ns/op
// GC:  0 0 0 1360 67108864
// Threading:  0 0 67108864

// AfterAll
// Benchmark Process 1347 has exited with code 0.

Mean = 10.255 ns, StdErr = 0.384 ns (3.75%), N = 5, StdDev = 0.859 ns
Min = 9.421 ns, Q1 = 9.780 ns, Median = 9.917 ns, Q3 = 10.547 ns, Max = 11.609 ns
IQR = 0.767 ns, LowerFence = 8.628 ns, UpperFence = 11.698 ns
ConfidenceInterval = [6.946 ns; 13.564 ns] (CI 99.9%), Margin = 3.309 ns (32.27% of Mean)
Skewness = 0.56, Kurtosis = 1.44, MValue = 2

// ** Remained 55 (84.6%) benchmark(s) to run. Estimated finish 2026-08-16 3:36 (0h 12m from now) **
// ***** BenchmarkRunner: Finish  *****

// * Export *
  actions-runner/_work/needlr/needlr/benchmark-results/results/NexusLabs.Needlr.Benchmarks.Benchmarks.DecoratorResolutionBenchmarks-report.csv
  actions-runner/_work/needlr/needlr/benchmark-results/results/NexusLabs.Needlr.Benchmarks.Benchmarks.DecoratorResolutionBenchmarks-report-github.md
  actions-runner/_work/needlr/needlr/benchmark-results/results/NexusLabs.Needlr.Benchmarks.Benchmarks.DecoratorResolutionBenchmarks-report.html
  actions-runner/_work/needlr/needlr/benchmark-results/results/NexusLabs.Needlr.Benchmarks.Benchmarks.DecoratorResolutionBenchmarks-report-full-compressed.json
  actions-runner/_work/needlr/needlr/benchmark-results/results/NexusLabs.Needlr.Benchmarks.Benchmarks.DecoratorResolutionBenchmarks-report-default.md

// * Detailed results *
DecoratorResolutionBenchmarks.ManualDI_ResolveDecorated: ShortRun(IterationCount=5, LaunchCount=1, WarmupCount=3)
Runtime = .NET 10.0.10 (10.0.1026.32716), X64 RyuJIT AVX2; GC = Concurrent Workstation
Mean = 18.574 ns, StdErr = 0.985 ns (5.30%), N = 5, StdDev = 2.202 ns
Min = 15.776 ns, Q1 = 17.101 ns, Median = 18.591 ns, Q3 = 20.292 ns, Max = 21.112 ns
IQR = 3.191 ns, LowerFence = 12.314 ns, UpperFence = 25.078 ns
ConfidenceInterval = [10.095 ns; 27.053 ns] (CI 99.9%), Margin = 8.479 ns (45.65% of Mean)
Skewness = -0.07, Kurtosis = 0.99, MValue = 2
-------------------- Histogram --------------------
[14.748 ns ; 18.162 ns) | @@
[18.162 ns ; 21.542 ns) | @@@
---------------------------------------------------

DecoratorResolutionBenchmarks.Needlr_Reflection_ResolveDecorated: ShortRun(IterationCount=5, LaunchCount=1, WarmupCount=3)
Runtime = .NET 10.0.10 (10.0.1026.32716), X64 RyuJIT AVX2; GC = Concurrent Workstation
Mean = 12.860 ns, StdErr = 0.695 ns (5.40%), N = 5, StdDev = 1.554 ns
Min = 10.724 ns, Q1 = 11.913 ns, Median = 13.061 ns, Q3 = 14.245 ns, Max = 14.357 ns
IQR = 2.332 ns, LowerFence = 8.416 ns, UpperFence = 17.742 ns
ConfidenceInterval = [6.877 ns; 18.843 ns] (CI 99.9%), Margin = 5.983 ns (46.53% of Mean)
Skewness = -0.24, Kurtosis = 1.04, MValue = 2
-------------------- Histogram --------------------
[10.126 ns ; 12.516 ns) | @@
[12.516 ns ; 14.902 ns) | @@@
---------------------------------------------------

DecoratorResolutionBenchmarks.Needlr_SourceGen_ResolveDecorated: ShortRun(IterationCount=5, LaunchCount=1, WarmupCount=3)
Runtime = .NET 10.0.10 (10.0.1026.32716), X64 RyuJIT AVX2; GC = Concurrent Workstation
Mean = 10.255 ns, StdErr = 0.384 ns (3.75%), N = 5, StdDev = 0.859 ns
Min = 9.421 ns, Q1 = 9.780 ns, Median = 9.917 ns, Q3 = 10.547 ns, Max = 11.609 ns
IQR = 0.767 ns, LowerFence = 8.628 ns, UpperFence = 11.698 ns
ConfidenceInterval = [6.946 ns; 13.564 ns] (CI 99.9%), Margin = 3.309 ns (32.27% of Mean)
Skewness = 0.56, Kurtosis = 1.44, MValue = 2
-------------------- Histogram --------------------
[ 9.325 ns ; 10.949 ns) | @@@@
[10.949 ns ; 12.269 ns) | @
---------------------------------------------------

// * Summary *

BenchmarkDotNet v0.14.0, Ubuntu 24.04.4 LTS (Noble Numbat)
Intel Core 7 150U, 1 CPU, 12 logical and 6 physical cores
.NET SDK 10.0.302
  [Host]   : .NET 10.0.10 (10.0.1026.32716), X64 RyuJIT AVX2
  ShortRun : .NET 10.0.10 (10.0.1026.32716), X64 RyuJIT AVX2

Job=ShortRun  IterationCount=5  LaunchCount=1  
WarmupCount=3  

| Method                             | Mean     | Error    | StdDev   | Ratio | RatioSD | Rank | Allocated | Alloc Ratio |
|----------------------------------- |---------:|---------:|---------:|------:|--------:|-----:|----------:|------------:|
| ManualDI_ResolveDecorated          | 18.57 ns | 8.479 ns | 2.202 ns |  1.01 |    0.16 |    3 |         - |          NA |
| Needlr_Reflection_ResolveDecorated | 12.86 ns | 5.983 ns | 1.554 ns |  0.70 |    0.11 |    2 |         - |          NA |
| Needlr_SourceGen_ResolveDecorated  | 10.25 ns | 3.309 ns | 0.859 ns |  0.56 |    0.08 |    1 |         - |          NA |
// * Config Issues *

// * Warnings *
Configuration
  Summary -> The exporter HtmlExporter is already present in configuration. There may be unexpected results.

// * Legends *
  Mean        : Arithmetic mean of all measurements
  Error       : Half of 99.9% confidence interval
  StdDev      : Standard deviation of all measurements
  Ratio       : Mean of the ratio distribution ([Current]/[Baseline])
  RatioSD     : Standard deviation of the ratio distribution ([Current]/[Baseline])
  Rank        : Relative position of current benchmark mean among all benchmarks (Arabic style)
  Allocated   : Allocated memory per single operation (managed only, inclusive, 1KB = 1024B)
  Alloc Ratio : Allocated memory ratio distribution ([Current]/[Baseline])
  1 ns        : 1 Nanosecond (0.000000001 sec)

// * Diagnostic Output - MemoryDiagnoser *


// ***** BenchmarkRunner: End *****
Run time: 00:00:52 (52.75 sec), executed benchmarks: 3

// Found 3 benchmarks:
//   DeepDependencyChainBenchmarks.ManualDI_ResolveDeepChain: ShortRun(IterationCount=5, LaunchCount=1, WarmupCount=3)
//   DeepDependencyChainBenchmarks.Needlr_Reflection_ResolveDeepChain: ShortRun(IterationCount=5, LaunchCount=1, WarmupCount=3)
//   DeepDependencyChainBenchmarks.Needlr_SourceGen_ResolveDeepChain: ShortRun(IterationCount=5, LaunchCount=1, WarmupCount=3)

// **************************
// Benchmark: DeepDependencyChainBenchmarks.ManualDI_ResolveDeepChain: ShortRun(IterationCount=5, LaunchCount=1, WarmupCount=3)
// *** Execute ***
// Launch: 1 / 1
// Execute: dotnet bf8bdc48-2475-4673-b310-6966704f044e.dll --anonymousPipes 163 164 --benchmarkName NexusLabs.Needlr.Benchmarks.Benchmarks.DeepDependencyChainBenchmarks.ManualDI_ResolveDeepChain --job ShortRun --benchmarkId 10 in /actions-runner/_work/needlr/needlr/src/NexusLabs.Needlr.Benchmarks/bin/Release/net10.0/bf8bdc48-2475-4673-b310-6966704f044e/bin/Release/net10.0
// Failed to set up high priority (Permission denied). In order to run benchmarks with high priority, make sure you have the right permissions.
// BeforeAnythingElse

// Benchmark Process Environment Information:
// BenchmarkDotNet v0.14.0
// Runtime=.NET 10.0.10 (10.0.1026.32716), X64 RyuJIT AVX2
// GC=Concurrent Workstation
// HardwareIntrinsics=AVX2,AES,BMI1,BMI2,FMA,LZCNT,PCLMUL,POPCNT,AvxVnni,SERIALIZE VectorSize=256
// Job: ShortRun(IterationCount=5, LaunchCount=1, WarmupCount=3)

OverheadJitting  1: 1 op, 325299.00 ns, 325.2990 us/op
WorkloadJitting  1: 1 op, 5155730.00 ns, 5.1557 ms/op

OverheadJitting  2: 16 op, 499415.00 ns, 31.2134 us/op
WorkloadJitting  2: 16 op, 497921.00 ns, 31.1201 us/op

WorkloadPilot    1: 16 op, 7971.00 ns, 498.1875 ns/op
WorkloadPilot    2: 32 op, 8356.00 ns, 261.1250 ns/op
WorkloadPilot    3: 64 op, 8992.00 ns, 140.5000 ns/op
WorkloadPilot    4: 128 op, 14217.00 ns, 111.0703 ns/op
WorkloadPilot    5: 256 op, 23578.00 ns, 92.1016 ns/op
WorkloadPilot    6: 512 op, 40587.00 ns, 79.2715 ns/op
WorkloadPilot    7: 1024 op, 76824.00 ns, 75.0234 ns/op
WorkloadPilot    8: 2048 op, 144590.00 ns, 70.6006 ns/op
WorkloadPilot    9: 4096 op, 288708.00 ns, 70.4854 ns/op
WorkloadPilot   10: 8192 op, 636587.00 ns, 77.7084 ns/op
WorkloadPilot   11: 16384 op, 1189355.00 ns, 72.5925 ns/op
WorkloadPilot   12: 32768 op, 2362346.00 ns, 72.0931 ns/op
WorkloadPilot   13: 65536 op, 4626659.00 ns, 70.5972 ns/op
WorkloadPilot   14: 131072 op, 9269821.00 ns, 70.7231 ns/op
WorkloadPilot   15: 262144 op, 19559228.00 ns, 74.6125 ns/op
WorkloadPilot   16: 524288 op, 36890446.00 ns, 70.3629 ns/op
WorkloadPilot   17: 1048576 op, 75948369.00 ns, 72.4300 ns/op
WorkloadPilot   18: 2097152 op, 76585152.00 ns, 36.5186 ns/op
WorkloadPilot   19: 4194304 op, 72653885.00 ns, 17.3220 ns/op
WorkloadPilot   20: 8388608 op, 176600320.00 ns, 21.0524 ns/op
WorkloadPilot   21: 16777216 op, 303446729.00 ns, 18.0868 ns/op
WorkloadPilot   22: 33554432 op, 563442976.00 ns, 16.7919 ns/op

OverheadWarmup   1: 33554432 op, 159706608.00 ns, 4.7596 ns/op
OverheadWarmup   2: 33554432 op, 136895315.00 ns, 4.0798 ns/op
OverheadWarmup   3: 33554432 op, 129332540.00 ns, 3.8544 ns/op
OverheadWarmup   4: 33554432 op, 130519646.00 ns, 3.8898 ns/op
OverheadWarmup   5: 33554432 op, 121730597.00 ns, 3.6279 ns/op
OverheadWarmup   6: 33554432 op, 118788034.00 ns, 3.5402 ns/op
OverheadWarmup   7: 33554432 op, 118051310.00 ns, 3.5182 ns/op
OverheadWarmup   8: 33554432 op, 117505730.00 ns, 3.5019 ns/op
OverheadWarmup   9: 33554432 op, 122361258.00 ns, 3.6466 ns/op
OverheadWarmup  10: 33554432 op, 121999020.00 ns, 3.6359 ns/op

OverheadActual   1: 33554432 op, 131635724.00 ns, 3.9231 ns/op
OverheadActual   2: 33554432 op, 130438064.00 ns, 3.8874 ns/op
OverheadActual   3: 33554432 op, 120892313.00 ns, 3.6029 ns/op
OverheadActual   4: 33554432 op, 119651520.00 ns, 3.5659 ns/op
OverheadActual   5: 33554432 op, 119915686.00 ns, 3.5738 ns/op
OverheadActual   6: 33554432 op, 115429458.00 ns, 3.4401 ns/op
OverheadActual   7: 33554432 op, 114863206.00 ns, 3.4232 ns/op
OverheadActual   8: 33554432 op, 113989311.00 ns, 3.3971 ns/op
OverheadActual   9: 33554432 op, 111781691.00 ns, 3.3314 ns/op
OverheadActual  10: 33554432 op, 117212263.00 ns, 3.4932 ns/op
OverheadActual  11: 33554432 op, 114184448.00 ns, 3.4030 ns/op
OverheadActual  12: 33554432 op, 111828902.00 ns, 3.3328 ns/op
OverheadActual  13: 33554432 op, 118713909.00 ns, 3.5380 ns/op
OverheadActual  14: 33554432 op, 131428647.00 ns, 3.9169 ns/op
OverheadActual  15: 33554432 op, 130678656.00 ns, 3.8945 ns/op
OverheadActual  16: 33554432 op, 149139480.00 ns, 4.4447 ns/op
OverheadActual  17: 33554432 op, 184550433.00 ns, 5.5000 ns/op
OverheadActual  18: 33554432 op, 222701060.00 ns, 6.6370 ns/op
OverheadActual  19: 33554432 op, 229711464.00 ns, 6.8459 ns/op
OverheadActual  20: 33554432 op, 164685773.00 ns, 4.9080 ns/op

WorkloadWarmup   1: 33554432 op, 587690379.00 ns, 17.5145 ns/op
WorkloadWarmup   2: 33554432 op, 537055581.00 ns, 16.0055 ns/op
WorkloadWarmup   3: 33554432 op, 583676407.00 ns, 17.3949 ns/op

// BeforeActualRun
WorkloadActual   1: 33554432 op, 568507890.00 ns, 16.9429 ns/op
WorkloadActual   2: 33554432 op, 842855325.00 ns, 25.1190 ns/op
WorkloadActual   3: 33554432 op, 609875396.00 ns, 18.1757 ns/op
WorkloadActual   4: 33554432 op, 683745608.00 ns, 20.3772 ns/op
WorkloadActual   5: 33554432 op, 743718809.00 ns, 22.1645 ns/op

// AfterActualRun
WorkloadResult   1: 33554432 op, 448103890.50 ns, 13.3545 ns/op
WorkloadResult   2: 33554432 op, 722451325.50 ns, 21.5307 ns/op
WorkloadResult   3: 33554432 op, 489471396.50 ns, 14.5874 ns/op
WorkloadResult   4: 33554432 op, 563341608.50 ns, 16.7889 ns/op
WorkloadResult   5: 33554432 op, 623314809.50 ns, 18.5762 ns/op
// GC:  0 0 0 1072 33554432
// Threading:  0 0 33554432

// AfterAll
// Benchmark Process 1363 has exited with code 0.

Mean = 16.968 ns, StdErr = 1.452 ns (8.56%), N = 5, StdDev = 3.247 ns
Min = 13.355 ns, Q1 = 14.587 ns, Median = 16.789 ns, Q3 = 18.576 ns, Max = 21.531 ns
IQR = 3.989 ns, LowerFence = 8.604 ns, UpperFence = 24.559 ns
ConfidenceInterval = [4.466 ns; 29.469 ns] (CI 99.9%), Margin = 12.501 ns (73.68% of Mean)
Skewness = 0.23, Kurtosis = 1.16, MValue = 2

// ** Remained 54 (83.1%) benchmark(s) to run. Estimated finish 2026-08-16 3:35 (0h 11m from now) **
// **************************
// Benchmark: DeepDependencyChainBenchmarks.Needlr_Reflection_ResolveDeepChain: ShortRun(IterationCount=5, LaunchCount=1, WarmupCount=3)
// *** Execute ***
// Launch: 1 / 1
// Execute: dotnet bf8bdc48-2475-4673-b310-6966704f044e.dll --anonymousPipes 163 164 --benchmarkName NexusLabs.Needlr.Benchmarks.Benchmarks.DeepDependencyChainBenchmarks.Needlr_Reflection_ResolveDeepChain --job ShortRun --benchmarkId 11 in /actions-runner/_work/needlr/needlr/src/NexusLabs.Needlr.Benchmarks/bin/Release/net10.0/bf8bdc48-2475-4673-b310-6966704f044e/bin/Release/net10.0
// Failed to set up high priority (Permission denied). In order to run benchmarks with high priority, make sure you have the right permissions.
// BeforeAnythingElse

// Benchmark Process Environment Information:
// BenchmarkDotNet v0.14.0
// Runtime=.NET 10.0.10 (10.0.1026.32716), X64 RyuJIT AVX2
// GC=Concurrent Workstation
// HardwareIntrinsics=AVX2,AES,BMI1,BMI2,FMA,LZCNT,PCLMUL,POPCNT,AvxVnni,SERIALIZE VectorSize=256
// Job: ShortRun(IterationCount=5, LaunchCount=1, WarmupCount=3)

OverheadJitting  1: 1 op, 538923.00 ns, 538.9230 us/op
WorkloadJitting  1: 1 op, 8401787.00 ns, 8.4018 ms/op

OverheadJitting  2: 16 op, 611075.00 ns, 38.1922 us/op
WorkloadJitting  2: 16 op, 864742.00 ns, 54.0464 us/op

WorkloadPilot    1: 16 op, 15809.00 ns, 988.0625 ns/op
WorkloadPilot    2: 32 op, 16522.00 ns, 516.3125 ns/op
WorkloadPilot    3: 64 op, 19140.00 ns, 299.0625 ns/op
WorkloadPilot    4: 128 op, 34842.00 ns, 272.2031 ns/op
WorkloadPilot    5: 256 op, 37514.00 ns, 146.5391 ns/op
WorkloadPilot    6: 512 op, 116419.00 ns, 227.3809 ns/op
WorkloadPilot    7: 1024 op, 286437.00 ns, 279.7236 ns/op
WorkloadPilot    8: 2048 op, 265850.00 ns, 129.8096 ns/op
WorkloadPilot    9: 4096 op, 385880.00 ns, 94.2090 ns/op
WorkloadPilot   10: 8192 op, 826097.00 ns, 100.8419 ns/op
WorkloadPilot   11: 16384 op, 1679378.00 ns, 102.5011 ns/op
WorkloadPilot   12: 32768 op, 3467658.00 ns, 105.8245 ns/op
WorkloadPilot   13: 65536 op, 7048368.00 ns, 107.5496 ns/op
WorkloadPilot   14: 131072 op, 11718766.00 ns, 89.4071 ns/op
WorkloadPilot   15: 262144 op, 23111588.00 ns, 88.1637 ns/op
WorkloadPilot   16: 524288 op, 43817589.00 ns, 83.5754 ns/op
WorkloadPilot   17: 1048576 op, 57438939.00 ns, 54.7780 ns/op
WorkloadPilot   18: 2097152 op, 40174148.00 ns, 19.1565 ns/op
WorkloadPilot   19: 4194304 op, 89409557.00 ns, 21.3169 ns/op
WorkloadPilot   20: 8388608 op, 146959377.00 ns, 17.5189 ns/op
WorkloadPilot   21: 16777216 op, 269343124.00 ns, 16.0541 ns/op
WorkloadPilot   22: 33554432 op, 523190239.00 ns, 15.5923 ns/op

OverheadWarmup   1: 33554432 op, 142068546.00 ns, 4.2340 ns/op
OverheadWarmup   2: 33554432 op, 124064120.00 ns, 3.6974 ns/op
OverheadWarmup   3: 33554432 op, 114125280.00 ns, 3.4012 ns/op
OverheadWarmup   4: 33554432 op, 110131209.00 ns, 3.2822 ns/op
OverheadWarmup   5: 33554432 op, 112281062.00 ns, 3.3462 ns/op
OverheadWarmup   6: 33554432 op, 114625179.00 ns, 3.4161 ns/op
OverheadWarmup   7: 33554432 op, 126592816.00 ns, 3.7728 ns/op
OverheadWarmup   8: 33554432 op, 127571225.00 ns, 3.8019 ns/op
OverheadWarmup   9: 33554432 op, 117903227.00 ns, 3.5138 ns/op
OverheadWarmup  10: 33554432 op, 113569609.00 ns, 3.3846 ns/op

OverheadActual   1: 33554432 op, 109882329.00 ns, 3.2747 ns/op
OverheadActual   2: 33554432 op, 113024177.00 ns, 3.3684 ns/op
OverheadActual   3: 33554432 op, 119228773.00 ns, 3.5533 ns/op
OverheadActual   4: 33554432 op, 119599689.00 ns, 3.5643 ns/op
OverheadActual   5: 33554432 op, 127200858.00 ns, 3.7909 ns/op
OverheadActual   6: 33554432 op, 145326023.00 ns, 4.3311 ns/op
OverheadActual   7: 33554432 op, 162972053.00 ns, 4.8569 ns/op
OverheadActual   8: 33554432 op, 149113914.00 ns, 4.4439 ns/op
OverheadActual   9: 33554432 op, 139752515.00 ns, 4.1649 ns/op
OverheadActual  10: 33554432 op, 128767963.00 ns, 3.8376 ns/op
OverheadActual  11: 33554432 op, 124328301.00 ns, 3.7053 ns/op
OverheadActual  12: 33554432 op, 113727641.00 ns, 3.3893 ns/op
OverheadActual  13: 33554432 op, 110601275.00 ns, 3.2962 ns/op
OverheadActual  14: 33554432 op, 108744048.00 ns, 3.2408 ns/op
OverheadActual  15: 33554432 op, 109939776.00 ns, 3.2765 ns/op
OverheadActual  16: 33554432 op, 108489422.00 ns, 3.2332 ns/op
OverheadActual  17: 33554432 op, 106834635.00 ns, 3.1839 ns/op
OverheadActual  18: 33554432 op, 109223110.00 ns, 3.2551 ns/op
OverheadActual  19: 33554432 op, 107932483.00 ns, 3.2166 ns/op
OverheadActual  20: 33554432 op, 110552601.00 ns, 3.2947 ns/op

WorkloadWarmup   1: 33554432 op, 484922516.00 ns, 14.4518 ns/op
WorkloadWarmup   2: 33554432 op, 492812637.00 ns, 14.6870 ns/op
WorkloadWarmup   3: 33554432 op, 639396772.00 ns, 19.0555 ns/op

// BeforeActualRun
WorkloadActual   1: 33554432 op, 539709678.00 ns, 16.0846 ns/op
WorkloadActual   2: 33554432 op, 490253768.00 ns, 14.6107 ns/op
WorkloadActual   3: 33554432 op, 499795878.00 ns, 14.8951 ns/op
WorkloadActual   4: 33554432 op, 492632368.00 ns, 14.6816 ns/op
WorkloadActual   5: 33554432 op, 502065342.00 ns, 14.9627 ns/op

// AfterActualRun
WorkloadResult   1: 33554432 op, 376877859.00 ns, 11.2318 ns/op
WorkloadResult   2: 33554432 op, 386419969.00 ns, 11.5162 ns/op
WorkloadResult   3: 33554432 op, 379256459.00 ns, 11.3027 ns/op
WorkloadResult   4: 33554432 op, 388689433.00 ns, 11.5838 ns/op
// GC:  0 0 0 1072 33554432
// Threading:  0 0 33554432

// AfterAll
// Benchmark Process 1378 has exited with code 0.

Mean = 11.409 ns, StdErr = 0.084 ns (0.74%), N = 4, StdDev = 0.168 ns
Min = 11.232 ns, Q1 = 11.285 ns, Median = 11.409 ns, Q3 = 11.533 ns, Max = 11.584 ns
IQR = 0.248 ns, LowerFence = 10.913 ns, UpperFence = 11.905 ns
ConfidenceInterval = [10.323 ns; 12.495 ns] (CI 99.9%), Margin = 1.086 ns (9.52% of Mean)
Skewness = -0.01, Kurtosis = 0.68, MValue = 2

// ** Remained 53 (81.5%) benchmark(s) to run. Estimated finish 2026-08-16 3:35 (0h 11m from now) **
// **************************
// Benchmark: DeepDependencyChainBenchmarks.Needlr_SourceGen_ResolveDeepChain: ShortRun(IterationCount=5, LaunchCount=1, WarmupCount=3)
// *** Execute ***
// Launch: 1 / 1
// Execute: dotnet bf8bdc48-2475-4673-b310-6966704f044e.dll --anonymousPipes 163 164 --benchmarkName NexusLabs.Needlr.Benchmarks.Benchmarks.DeepDependencyChainBenchmarks.Needlr_SourceGen_ResolveDeepChain --job ShortRun --benchmarkId 12 in /actions-runner/_work/needlr/needlr/src/NexusLabs.Needlr.Benchmarks/bin/Release/net10.0/bf8bdc48-2475-4673-b310-6966704f044e/bin/Release/net10.0
// Failed to set up high priority (Permission denied). In order to run benchmarks with high priority, make sure you have the right permissions.
// BeforeAnythingElse

// Benchmark Process Environment Information:
// BenchmarkDotNet v0.14.0
// Runtime=.NET 10.0.10 (10.0.1026.32716), X64 RyuJIT AVX2
// GC=Concurrent Workstation
// HardwareIntrinsics=AVX2,AES,BMI1,BMI2,FMA,LZCNT,PCLMUL,POPCNT,AvxVnni,SERIALIZE VectorSize=256
// Job: ShortRun(IterationCount=5, LaunchCount=1, WarmupCount=3)

OverheadJitting  1: 1 op, 457629.00 ns, 457.6290 us/op
WorkloadJitting  1: 1 op, 6045678.00 ns, 6.0457 ms/op

OverheadJitting  2: 16 op, 663556.00 ns, 41.4723 us/op
WorkloadJitting  2: 16 op, 605861.00 ns, 37.8663 us/op

WorkloadPilot    1: 16 op, 13272.00 ns, 829.5000 ns/op
WorkloadPilot    2: 32 op, 13801.00 ns, 431.2813 ns/op
WorkloadPilot    3: 64 op, 12886.00 ns, 201.3438 ns/op
WorkloadPilot    4: 128 op, 22982.00 ns, 179.5469 ns/op
WorkloadPilot    5: 256 op, 27207.00 ns, 106.2773 ns/op
WorkloadPilot    6: 512 op, 45894.00 ns, 89.6367 ns/op
WorkloadPilot    7: 1024 op, 83434.00 ns, 81.4785 ns/op
WorkloadPilot    8: 2048 op, 169696.00 ns, 82.8594 ns/op
WorkloadPilot    9: 4096 op, 325393.00 ns, 79.4417 ns/op
WorkloadPilot   10: 8192 op, 788097.00 ns, 96.2032 ns/op
WorkloadPilot   11: 16384 op, 1335163.00 ns, 81.4919 ns/op
WorkloadPilot   12: 32768 op, 2672048.00 ns, 81.5444 ns/op
WorkloadPilot   13: 65536 op, 5629145.00 ns, 85.8939 ns/op
WorkloadPilot   14: 131072 op, 10112680.00 ns, 77.1536 ns/op
WorkloadPilot   15: 262144 op, 20060685.00 ns, 76.5254 ns/op
WorkloadPilot   16: 524288 op, 38969043.00 ns, 74.3276 ns/op
WorkloadPilot   17: 1048576 op, 64925960.00 ns, 61.9182 ns/op
WorkloadPilot   18: 2097152 op, 33681124.00 ns, 16.0604 ns/op
WorkloadPilot   19: 4194304 op, 65455131.00 ns, 15.6057 ns/op
WorkloadPilot   20: 8388608 op, 123429344.00 ns, 14.7139 ns/op
WorkloadPilot   21: 16777216 op, 234566144.00 ns, 13.9812 ns/op
WorkloadPilot   22: 33554432 op, 470346259.00 ns, 14.0174 ns/op
WorkloadPilot   23: 67108864 op, 928840131.00 ns, 13.8408 ns/op

OverheadWarmup   1: 67108864 op, 263624787.00 ns, 3.9283 ns/op
OverheadWarmup   2: 67108864 op, 215593271.00 ns, 3.2126 ns/op
OverheadWarmup   3: 67108864 op, 210066316.00 ns, 3.1302 ns/op
OverheadWarmup   4: 67108864 op, 215170232.00 ns, 3.2063 ns/op
OverheadWarmup   5: 67108864 op, 228233307.00 ns, 3.4009 ns/op
OverheadWarmup   6: 67108864 op, 293102605.00 ns, 4.3676 ns/op
OverheadWarmup   7: 67108864 op, 269344118.00 ns, 4.0135 ns/op
OverheadWarmup   8: 67108864 op, 244889936.00 ns, 3.6491 ns/op
OverheadWarmup   9: 67108864 op, 236692745.00 ns, 3.5270 ns/op
OverheadWarmup  10: 67108864 op, 218195916.00 ns, 3.2514 ns/op

OverheadActual   1: 67108864 op, 210274703.00 ns, 3.1333 ns/op
OverheadActual   2: 67108864 op, 210938168.00 ns, 3.1432 ns/op
OverheadActual   3: 67108864 op, 223251626.00 ns, 3.3267 ns/op
OverheadActual   4: 67108864 op, 209852401.00 ns, 3.1270 ns/op
OverheadActual   5: 67108864 op, 217222102.00 ns, 3.2369 ns/op
OverheadActual   6: 67108864 op, 215217454.00 ns, 3.2070 ns/op
OverheadActual   7: 67108864 op, 225816022.00 ns, 3.3649 ns/op
OverheadActual   8: 67108864 op, 242078695.00 ns, 3.6073 ns/op
OverheadActual   9: 67108864 op, 308179764.00 ns, 4.5922 ns/op
OverheadActual  10: 67108864 op, 259407085.00 ns, 3.8655 ns/op
OverheadActual  11: 67108864 op, 249862462.00 ns, 3.7232 ns/op
OverheadActual  12: 67108864 op, 225900086.00 ns, 3.3662 ns/op
OverheadActual  13: 67108864 op, 219100886.00 ns, 3.2649 ns/op
OverheadActual  14: 67108864 op, 219242561.00 ns, 3.2670 ns/op
OverheadActual  15: 67108864 op, 210530252.00 ns, 3.1371 ns/op
OverheadActual  16: 67108864 op, 219371957.00 ns, 3.2689 ns/op
OverheadActual  17: 67108864 op, 208494482.00 ns, 3.1068 ns/op

WorkloadWarmup   1: 67108864 op, 922660767.00 ns, 13.7487 ns/op
WorkloadWarmup   2: 67108864 op, 1085876077.00 ns, 16.1808 ns/op
WorkloadWarmup   3: 67108864 op, 941345637.00 ns, 14.0271 ns/op

// BeforeActualRun
WorkloadActual   1: 67108864 op, 933851455.00 ns, 13.9155 ns/op
WorkloadActual   2: 67108864 op, 909978795.00 ns, 13.5597 ns/op
WorkloadActual   3: 67108864 op, 1110126617.00 ns, 16.5422 ns/op
WorkloadActual   4: 67108864 op, 921706929.00 ns, 13.7345 ns/op
WorkloadActual   5: 67108864 op, 971483950.00 ns, 14.4762 ns/op

// AfterActualRun
WorkloadResult   1: 67108864 op, 714608894.00 ns, 10.6485 ns/op
WorkloadResult   2: 67108864 op, 690736234.00 ns, 10.2928 ns/op
WorkloadResult   3: 67108864 op, 702464368.00 ns, 10.4675 ns/op
WorkloadResult   4: 67108864 op, 752241389.00 ns, 11.2093 ns/op
// GC:  0 0 0 1072 67108864
// Threading:  0 0 67108864

// AfterAll
// Benchmark Process 1386 has exited with code 0.

Mean = 10.655 ns, StdErr = 0.199 ns (1.86%), N = 4, StdDev = 0.397 ns
Min = 10.293 ns, Q1 = 10.424 ns, Median = 10.558 ns, Q3 = 10.789 ns, Max = 11.209 ns
IQR = 0.365 ns, LowerFence = 9.877 ns, UpperFence = 11.336 ns
ConfidenceInterval = [8.087 ns; 13.222 ns] (CI 99.9%), Margin = 2.568 ns (24.10% of Mean)
Skewness = 0.47, Kurtosis = 1.13, MValue = 2

// ** Remained 52 (80.0%) benchmark(s) to run. Estimated finish 2026-08-16 3:36 (0h 11m from now) **
// ***** BenchmarkRunner: Finish  *****

// * Export *
  actions-runner/_work/needlr/needlr/benchmark-results/results/NexusLabs.Needlr.Benchmarks.Benchmarks.DeepDependencyChainBenchmarks-report.csv
  actions-runner/_work/needlr/needlr/benchmark-results/results/NexusLabs.Needlr.Benchmarks.Benchmarks.DeepDependencyChainBenchmarks-report-github.md
  actions-runner/_work/needlr/needlr/benchmark-results/results/NexusLabs.Needlr.Benchmarks.Benchmarks.DeepDependencyChainBenchmarks-report.html
  actions-runner/_work/needlr/needlr/benchmark-results/results/NexusLabs.Needlr.Benchmarks.Benchmarks.DeepDependencyChainBenchmarks-report-full-compressed.json
  actions-runner/_work/needlr/needlr/benchmark-results/results/NexusLabs.Needlr.Benchmarks.Benchmarks.DeepDependencyChainBenchmarks-report-default.md

// * Detailed results *
DeepDependencyChainBenchmarks.ManualDI_ResolveDeepChain: ShortRun(IterationCount=5, LaunchCount=1, WarmupCount=3)
Runtime = .NET 10.0.10 (10.0.1026.32716), X64 RyuJIT AVX2; GC = Concurrent Workstation
Mean = 16.968 ns, StdErr = 1.452 ns (8.56%), N = 5, StdDev = 3.247 ns
Min = 13.355 ns, Q1 = 14.587 ns, Median = 16.789 ns, Q3 = 18.576 ns, Max = 21.531 ns
IQR = 3.989 ns, LowerFence = 8.604 ns, UpperFence = 24.559 ns
ConfidenceInterval = [4.466 ns; 29.469 ns] (CI 99.9%), Margin = 12.501 ns (73.68% of Mean)
Skewness = 0.23, Kurtosis = 1.16, MValue = 2
-------------------- Histogram --------------------
[12.580 ns ; 17.564 ns) | @@@
[17.564 ns ; 22.545 ns) | @@
---------------------------------------------------

DeepDependencyChainBenchmarks.Needlr_Reflection_ResolveDeepChain: ShortRun(IterationCount=5, LaunchCount=1, WarmupCount=3)
Runtime = .NET 10.0.10 (10.0.1026.32716), X64 RyuJIT AVX2; GC = Concurrent Workstation
Mean = 11.409 ns, StdErr = 0.084 ns (0.74%), N = 4, StdDev = 0.168 ns
Min = 11.232 ns, Q1 = 11.285 ns, Median = 11.409 ns, Q3 = 11.533 ns, Max = 11.584 ns
IQR = 0.248 ns, LowerFence = 10.913 ns, UpperFence = 11.905 ns
ConfidenceInterval = [10.323 ns; 12.495 ns] (CI 99.9%), Margin = 1.086 ns (9.52% of Mean)
Skewness = -0.01, Kurtosis = 0.68, MValue = 2
-------------------- Histogram --------------------
[11.093 ns ; 11.411 ns) | @@
[11.411 ns ; 11.723 ns) | @@
---------------------------------------------------

DeepDependencyChainBenchmarks.Needlr_SourceGen_ResolveDeepChain: ShortRun(IterationCount=5, LaunchCount=1, WarmupCount=3)
Runtime = .NET 10.0.10 (10.0.1026.32716), X64 RyuJIT AVX2; GC = Concurrent Workstation
Mean = 10.655 ns, StdErr = 0.199 ns (1.86%), N = 4, StdDev = 0.397 ns
Min = 10.293 ns, Q1 = 10.424 ns, Median = 10.558 ns, Q3 = 10.789 ns, Max = 11.209 ns
IQR = 0.365 ns, LowerFence = 9.877 ns, UpperFence = 11.336 ns
ConfidenceInterval = [8.087 ns; 13.222 ns] (CI 99.9%), Margin = 2.568 ns (24.10% of Mean)
Skewness = 0.47, Kurtosis = 1.13, MValue = 2
-------------------- Histogram --------------------
[10.142 ns ; 10.799 ns) | @@@
[10.799 ns ; 11.538 ns) | @
---------------------------------------------------

// * Summary *

BenchmarkDotNet v0.14.0, Ubuntu 24.04.4 LTS (Noble Numbat)
Intel Core 7 150U, 1 CPU, 12 logical and 6 physical cores
.NET SDK 10.0.302
  [Host]   : .NET 10.0.10 (10.0.1026.32716), X64 RyuJIT AVX2
  ShortRun : .NET 10.0.10 (10.0.1026.32716), X64 RyuJIT AVX2

Job=ShortRun  IterationCount=5  LaunchCount=1  
WarmupCount=3  

| Method                             | Mean     | Error     | StdDev   | Ratio | RatioSD | Rank | Allocated | Alloc Ratio |
|----------------------------------- |---------:|----------:|---------:|------:|--------:|-----:|----------:|------------:|
| ManualDI_ResolveDeepChain          | 16.97 ns | 12.501 ns | 3.247 ns |  1.03 |    0.25 |    2 |         - |          NA |
| Needlr_Reflection_ResolveDeepChain | 11.41 ns |  1.086 ns | 0.168 ns |  0.69 |    0.12 |    1 |         - |          NA |
| Needlr_SourceGen_ResolveDeepChain  | 10.65 ns |  2.568 ns | 0.397 ns |  0.65 |    0.11 |    1 |         - |          NA |

// * Hints *
Outliers
  DeepDependencyChainBenchmarks.Needlr_Reflection_ResolveDeepChain: ShortRun -> 1 outlier  was  removed (16.08 ns)
  DeepDependencyChainBenchmarks.Needlr_SourceGen_ResolveDeepChain: ShortRun  -> 1 outlier  was  removed (16.54 ns)
// * Config Issues *

// * Warnings *
Configuration
  Summary -> The exporter HtmlExporter is already present in configuration. There may be unexpected results.

// * Legends *
  Mean        : Arithmetic mean of all measurements
  Error       : Half of 99.9% confidence interval
  StdDev      : Standard deviation of all measurements
  Ratio       : Mean of the ratio distribution ([Current]/[Baseline])
  RatioSD     : Standard deviation of the ratio distribution ([Current]/[Baseline])
  Rank        : Relative position of current benchmark mean among all benchmarks (Arabic style)
  Allocated   : Allocated memory per single operation (managed only, inclusive, 1KB = 1024B)
  Alloc Ratio : Allocated memory ratio distribution ([Current]/[Baseline])
  1 ns        : 1 Nanosecond (0.000000001 sec)

// * Diagnostic Output - MemoryDiagnoser *


// ***** BenchmarkRunner: End *****
Run time: 00:00:39 (39.16 sec), executed benchmarks: 3

// Found 3 benchmarks:
//   DependentServiceResolutionBenchmarks.ManualDI_ResolveDependent: ShortRun(IterationCount=5, LaunchCount=1, WarmupCount=3)
//   DependentServiceResolutionBenchmarks.Needlr_Reflection_ResolveDependent: ShortRun(IterationCount=5, LaunchCount=1, WarmupCount=3)
//   DependentServiceResolutionBenchmarks.Needlr_SourceGen_ResolveDependent: ShortRun(IterationCount=5, LaunchCount=1, WarmupCount=3)

// **************************
// Benchmark: DependentServiceResolutionBenchmarks.ManualDI_ResolveDependent: ShortRun(IterationCount=5, LaunchCount=1, WarmupCount=3)
// *** Execute ***
// Launch: 1 / 1
// Execute: dotnet bf8bdc48-2475-4673-b310-6966704f044e.dll --anonymousPipes 163 164 --benchmarkName NexusLabs.Needlr.Benchmarks.Benchmarks.DependentServiceResolutionBenchmarks.ManualDI_ResolveDependent --job ShortRun --benchmarkId 13 in /actions-runner/_work/needlr/needlr/src/NexusLabs.Needlr.Benchmarks/bin/Release/net10.0/bf8bdc48-2475-4673-b310-6966704f044e/bin/Release/net10.0
// Failed to set up high priority (Permission denied). In order to run benchmarks with high priority, make sure you have the right permissions.
// BeforeAnythingElse

// Benchmark Process Environment Information:
// BenchmarkDotNet v0.14.0
// Runtime=.NET 10.0.10 (10.0.1026.32716), X64 RyuJIT AVX2
// GC=Concurrent Workstation
// HardwareIntrinsics=AVX2,AES,BMI1,BMI2,FMA,LZCNT,PCLMUL,POPCNT,AvxVnni,SERIALIZE VectorSize=256
// Job: ShortRun(IterationCount=5, LaunchCount=1, WarmupCount=3)

OverheadJitting  1: 1 op, 288395.00 ns, 288.3950 us/op
WorkloadJitting  1: 1 op, 3619189.00 ns, 3.6192 ms/op

OverheadJitting  2: 16 op, 414752.00 ns, 25.9220 us/op
WorkloadJitting  2: 16 op, 464122.00 ns, 29.0076 us/op

WorkloadPilot    1: 16 op, 8123.00 ns, 507.6875 ns/op
WorkloadPilot    2: 32 op, 7955.00 ns, 248.5938 ns/op
WorkloadPilot    3: 64 op, 9751.00 ns, 152.3594 ns/op
WorkloadPilot    4: 128 op, 12363.00 ns, 96.5859 ns/op
WorkloadPilot    5: 256 op, 20497.00 ns, 80.0664 ns/op
WorkloadPilot    6: 512 op, 36966.00 ns, 72.1992 ns/op
WorkloadPilot    7: 1024 op, 64739.00 ns, 63.2217 ns/op
WorkloadPilot    8: 2048 op, 127667.00 ns, 62.3374 ns/op
WorkloadPilot    9: 4096 op, 246139.00 ns, 60.0925 ns/op
WorkloadPilot   10: 8192 op, 554170.00 ns, 67.6477 ns/op
WorkloadPilot   11: 16384 op, 1041643.00 ns, 63.5768 ns/op
WorkloadPilot   12: 32768 op, 2083170.00 ns, 63.5733 ns/op
WorkloadPilot   13: 65536 op, 4046765.00 ns, 61.7487 ns/op
WorkloadPilot   14: 131072 op, 8003299.00 ns, 61.0603 ns/op
WorkloadPilot   15: 262144 op, 15978979.00 ns, 60.9550 ns/op
WorkloadPilot   16: 524288 op, 31920685.00 ns, 60.8839 ns/op
WorkloadPilot   17: 1048576 op, 67393539.00 ns, 64.2715 ns/op
WorkloadPilot   18: 2097152 op, 32686103.00 ns, 15.5859 ns/op
WorkloadPilot   19: 4194304 op, 64550269.00 ns, 15.3900 ns/op
WorkloadPilot   20: 8388608 op, 125005081.00 ns, 14.9018 ns/op
WorkloadPilot   21: 16777216 op, 259687140.00 ns, 15.4786 ns/op
WorkloadPilot   22: 33554432 op, 519221692.00 ns, 15.4740 ns/op

OverheadWarmup   1: 33554432 op, 149419081.00 ns, 4.4530 ns/op
OverheadWarmup   2: 33554432 op, 146514280.00 ns, 4.3665 ns/op
OverheadWarmup   3: 33554432 op, 124948309.00 ns, 3.7237 ns/op
OverheadWarmup   4: 33554432 op, 132149399.00 ns, 3.9384 ns/op
OverheadWarmup   5: 33554432 op, 135415618.00 ns, 4.0357 ns/op
OverheadWarmup   6: 33554432 op, 134649263.00 ns, 4.0129 ns/op
OverheadWarmup   7: 33554432 op, 136767112.00 ns, 4.0760 ns/op
OverheadWarmup   8: 33554432 op, 156730493.00 ns, 4.6709 ns/op
OverheadWarmup   9: 33554432 op, 179825476.00 ns, 5.3592 ns/op
OverheadWarmup  10: 33554432 op, 162545587.00 ns, 4.8442 ns/op

OverheadActual   1: 33554432 op, 134981636.00 ns, 4.0228 ns/op
OverheadActual   2: 33554432 op, 130007817.00 ns, 3.8745 ns/op
OverheadActual   3: 33554432 op, 131927720.00 ns, 3.9318 ns/op
OverheadActual   4: 33554432 op, 133410905.00 ns, 3.9760 ns/op
OverheadActual   5: 33554432 op, 129166497.00 ns, 3.8495 ns/op
OverheadActual   6: 33554432 op, 127082828.00 ns, 3.7874 ns/op
OverheadActual   7: 33554432 op, 121359889.00 ns, 3.6168 ns/op
OverheadActual   8: 33554432 op, 115377823.00 ns, 3.4385 ns/op
OverheadActual   9: 33554432 op, 110837412.00 ns, 3.3032 ns/op
OverheadActual  10: 33554432 op, 109935094.00 ns, 3.2763 ns/op
OverheadActual  11: 33554432 op, 113345522.00 ns, 3.3780 ns/op
OverheadActual  12: 33554432 op, 114056505.00 ns, 3.3991 ns/op
OverheadActual  13: 33554432 op, 110958688.00 ns, 3.3068 ns/op
OverheadActual  14: 33554432 op, 113127917.00 ns, 3.3715 ns/op
OverheadActual  15: 33554432 op, 114303636.00 ns, 3.4065 ns/op
OverheadActual  16: 33554432 op, 114376589.00 ns, 3.4087 ns/op
OverheadActual  17: 33554432 op, 110273094.00 ns, 3.2864 ns/op
OverheadActual  18: 33554432 op, 107567941.00 ns, 3.2058 ns/op
OverheadActual  19: 33554432 op, 103695158.00 ns, 3.0904 ns/op
OverheadActual  20: 33554432 op, 104773481.00 ns, 3.1225 ns/op

WorkloadWarmup   1: 33554432 op, 460119799.00 ns, 13.7126 ns/op
WorkloadWarmup   2: 33554432 op, 602096450.00 ns, 17.9439 ns/op
WorkloadWarmup   3: 33554432 op, 526962118.00 ns, 15.7047 ns/op

// BeforeActualRun
WorkloadActual   1: 33554432 op, 460869811.00 ns, 13.7350 ns/op
WorkloadActual   2: 33554432 op, 470400325.00 ns, 14.0190 ns/op
WorkloadActual   3: 33554432 op, 460850392.00 ns, 13.7344 ns/op
WorkloadActual   4: 33554432 op, 467705073.00 ns, 13.9387 ns/op
WorkloadActual   5: 33554432 op, 594307354.00 ns, 17.7117 ns/op

// AfterActualRun
WorkloadResult   1: 33554432 op, 346689740.50 ns, 10.3322 ns/op
WorkloadResult   2: 33554432 op, 356220254.50 ns, 10.6162 ns/op
WorkloadResult   3: 33554432 op, 346670321.50 ns, 10.3316 ns/op
WorkloadResult   4: 33554432 op, 353525002.50 ns, 10.5359 ns/op
// GC:  0 0 0 1072 33554432
// Threading:  0 0 33554432

// AfterAll
// Benchmark Process 1398 has exited with code 0.

Mean = 10.454 ns, StdErr = 0.072 ns (0.69%), N = 4, StdDev = 0.145 ns
Min = 10.332 ns, Q1 = 10.332 ns, Median = 10.434 ns, Q3 = 10.556 ns, Max = 10.616 ns
IQR = 0.224 ns, LowerFence = 9.996 ns, UpperFence = 10.892 ns
ConfidenceInterval = [9.519 ns; 11.389 ns] (CI 99.9%), Margin = 0.935 ns (8.95% of Mean)
Skewness = 0.1, Kurtosis = 0.67, MValue = 2

// ** Remained 51 (78.5%) benchmark(s) to run. Estimated finish 2026-08-16 3:35 (0h 10m from now) **
// **************************
// Benchmark: DependentServiceResolutionBenchmarks.Needlr_Reflection_ResolveDependent: ShortRun(IterationCount=5, LaunchCount=1, WarmupCount=3)
// *** Execute ***
// Launch: 1 / 1
// Execute: dotnet bf8bdc48-2475-4673-b310-6966704f044e.dll --anonymousPipes 163 164 --benchmarkName NexusLabs.Needlr.Benchmarks.Benchmarks.DependentServiceResolutionBenchmarks.Needlr_Reflection_ResolveDependent --job ShortRun --benchmarkId 14 in /actions-runner/_work/needlr/needlr/src/NexusLabs.Needlr.Benchmarks/bin/Release/net10.0/bf8bdc48-2475-4673-b310-6966704f044e/bin/Release/net10.0
// Failed to set up high priority (Permission denied). In order to run benchmarks with high priority, make sure you have the right permissions.
// BeforeAnythingElse

// Benchmark Process Environment Information:
// BenchmarkDotNet v0.14.0
// Runtime=.NET 10.0.10 (10.0.1026.32716), X64 RyuJIT AVX2
// GC=Concurrent Workstation
// HardwareIntrinsics=AVX2,AES,BMI1,BMI2,FMA,LZCNT,PCLMUL,POPCNT,AvxVnni,SERIALIZE VectorSize=256
// Job: ShortRun(IterationCount=5, LaunchCount=1, WarmupCount=3)

OverheadJitting  1: 1 op, 273683.00 ns, 273.6830 us/op
WorkloadJitting  1: 1 op, 3887660.00 ns, 3.8877 ms/op

OverheadJitting  2: 16 op, 356622.00 ns, 22.2889 us/op
WorkloadJitting  2: 16 op, 373509.00 ns, 23.3443 us/op

WorkloadPilot    1: 16 op, 5728.00 ns, 358.0000 ns/op
WorkloadPilot    2: 32 op, 7667.00 ns, 239.5938 ns/op
WorkloadPilot    3: 64 op, 8913.00 ns, 139.2656 ns/op
WorkloadPilot    4: 128 op, 14220.00 ns, 111.0938 ns/op
WorkloadPilot    5: 256 op, 18775.00 ns, 73.3398 ns/op
WorkloadPilot    6: 512 op, 33459.00 ns, 65.3496 ns/op
WorkloadPilot    7: 1024 op, 59163.00 ns, 57.7764 ns/op
WorkloadPilot    8: 2048 op, 117215.00 ns, 57.2339 ns/op
WorkloadPilot    9: 4096 op, 236680.00 ns, 57.7832 ns/op
WorkloadPilot   10: 8192 op, 518338.00 ns, 63.2737 ns/op
WorkloadPilot   11: 16384 op, 1085273.00 ns, 66.2398 ns/op
WorkloadPilot   12: 32768 op, 1898236.00 ns, 57.9296 ns/op
WorkloadPilot   13: 65536 op, 3727105.00 ns, 56.8711 ns/op
WorkloadPilot   14: 131072 op, 7658391.00 ns, 58.4289 ns/op
WorkloadPilot   15: 262144 op, 14856957.00 ns, 56.6748 ns/op
WorkloadPilot   16: 524288 op, 29503183.00 ns, 56.2729 ns/op
WorkloadPilot   17: 1048576 op, 59041677.00 ns, 56.3065 ns/op
WorkloadPilot   18: 2097152 op, 61928960.00 ns, 29.5300 ns/op
WorkloadPilot   19: 4194304 op, 61167426.00 ns, 14.5835 ns/op
WorkloadPilot   20: 8388608 op, 120563408.00 ns, 14.3723 ns/op
WorkloadPilot   21: 16777216 op, 249950393.00 ns, 14.8982 ns/op
WorkloadPilot   22: 33554432 op, 485062122.00 ns, 14.4560 ns/op
WorkloadPilot   23: 67108864 op, 971191210.00 ns, 14.4719 ns/op

OverheadWarmup   1: 67108864 op, 256670126.00 ns, 3.8247 ns/op
OverheadWarmup   2: 67108864 op, 297117767.00 ns, 4.4274 ns/op
OverheadWarmup   3: 67108864 op, 290635078.00 ns, 4.3308 ns/op
OverheadWarmup   4: 67108864 op, 230443281.00 ns, 3.4339 ns/op
OverheadWarmup   5: 67108864 op, 216059019.00 ns, 3.2195 ns/op
OverheadWarmup   6: 67108864 op, 217375008.00 ns, 3.2391 ns/op
OverheadWarmup   7: 67108864 op, 231263141.00 ns, 3.4461 ns/op
OverheadWarmup   8: 67108864 op, 213485306.00 ns, 3.1812 ns/op

OverheadActual   1: 67108864 op, 210551595.00 ns, 3.1375 ns/op
OverheadActual   2: 67108864 op, 211316302.00 ns, 3.1489 ns/op
OverheadActual   3: 67108864 op, 228889110.00 ns, 3.4107 ns/op
OverheadActual   4: 67108864 op, 231092509.00 ns, 3.4435 ns/op
OverheadActual   5: 67108864 op, 217636695.00 ns, 3.2430 ns/op
OverheadActual   6: 67108864 op, 210206178.00 ns, 3.1323 ns/op
OverheadActual   7: 67108864 op, 222981910.00 ns, 3.3227 ns/op
OverheadActual   8: 67108864 op, 233565553.00 ns, 3.4804 ns/op
OverheadActual   9: 67108864 op, 287571281.00 ns, 4.2851 ns/op
OverheadActual  10: 67108864 op, 289184827.00 ns, 4.3092 ns/op
OverheadActual  11: 67108864 op, 242253125.00 ns, 3.6099 ns/op
OverheadActual  12: 67108864 op, 229076080.00 ns, 3.4135 ns/op
OverheadActual  13: 67108864 op, 216686316.00 ns, 3.2289 ns/op
OverheadActual  14: 67108864 op, 211654377.00 ns, 3.1539 ns/op
OverheadActual  15: 67108864 op, 210936010.00 ns, 3.1432 ns/op
OverheadActual  16: 67108864 op, 240123096.00 ns, 3.5781 ns/op
OverheadActual  17: 67108864 op, 226587720.00 ns, 3.3764 ns/op
OverheadActual  18: 67108864 op, 222951527.00 ns, 3.3222 ns/op

WorkloadWarmup   1: 67108864 op, 1110988121.00 ns, 16.5550 ns/op
WorkloadWarmup   2: 67108864 op, 1059696015.00 ns, 15.7907 ns/op
WorkloadWarmup   3: 67108864 op, 968114932.00 ns, 14.4260 ns/op

// BeforeActualRun
WorkloadActual   1: 67108864 op, 993580618.00 ns, 14.8055 ns/op
WorkloadActual   2: 67108864 op, 1137721641.00 ns, 16.9534 ns/op
WorkloadActual   3: 67108864 op, 979830316.00 ns, 14.6006 ns/op
WorkloadActual   4: 67108864 op, 987017542.00 ns, 14.7077 ns/op
WorkloadActual   5: 67108864 op, 1132601730.00 ns, 16.8771 ns/op

// AfterActualRun
WorkloadResult   1: 67108864 op, 768795803.00 ns, 11.4560 ns/op
WorkloadResult   2: 67108864 op, 912936826.00 ns, 13.6038 ns/op
WorkloadResult   3: 67108864 op, 755045501.00 ns, 11.2511 ns/op
WorkloadResult   4: 67108864 op, 762232727.00 ns, 11.3582 ns/op
WorkloadResult   5: 67108864 op, 907816915.00 ns, 13.5275 ns/op
// GC:  0 0 0 1072 67108864
// Threading:  0 0 67108864

// AfterAll
// Benchmark Process 1407 has exited with code 0.

Mean = 12.239 ns, StdErr = 0.543 ns (4.43%), N = 5, StdDev = 1.213 ns
Min = 11.251 ns, Q1 = 11.358 ns, Median = 11.456 ns, Q3 = 13.528 ns, Max = 13.604 ns
IQR = 2.169 ns, LowerFence = 8.104 ns, UpperFence = 16.782 ns
ConfidenceInterval = [7.567 ns; 16.911 ns] (CI 99.9%), Margin = 4.672 ns (38.17% of Mean)
Skewness = 0.29, Kurtosis = 0.75, MValue = 2

// ** Remained 50 (76.9%) benchmark(s) to run. Estimated finish 2026-08-16 3:36 (0h 11m from now) **
// **************************
// Benchmark: DependentServiceResolutionBenchmarks.Needlr_SourceGen_ResolveDependent: ShortRun(IterationCount=5, LaunchCount=1, WarmupCount=3)
// *** Execute ***
// Launch: 1 / 1
// Execute: dotnet bf8bdc48-2475-4673-b310-6966704f044e.dll --anonymousPipes 163 164 --benchmarkName NexusLabs.Needlr.Benchmarks.Benchmarks.DependentServiceResolutionBenchmarks.Needlr_SourceGen_ResolveDependent --job ShortRun --benchmarkId 15 in /actions-runner/_work/needlr/needlr/src/NexusLabs.Needlr.Benchmarks/bin/Release/net10.0/bf8bdc48-2475-4673-b310-6966704f044e/bin/Release/net10.0
// Failed to set up high priority (Permission denied). In order to run benchmarks with high priority, make sure you have the right permissions.
// BeforeAnythingElse

// Benchmark Process Environment Information:
// BenchmarkDotNet v0.14.0
// Runtime=.NET 10.0.10 (10.0.1026.32716), X64 RyuJIT AVX2
// GC=Concurrent Workstation
// HardwareIntrinsics=AVX2,AES,BMI1,BMI2,FMA,LZCNT,PCLMUL,POPCNT,AvxVnni,SERIALIZE VectorSize=256
// Job: ShortRun(IterationCount=5, LaunchCount=1, WarmupCount=3)

OverheadJitting  1: 1 op, 269282.00 ns, 269.2820 us/op
WorkloadJitting  1: 1 op, 3762140.00 ns, 3.7621 ms/op

OverheadJitting  2: 16 op, 403076.00 ns, 25.1923 us/op
WorkloadJitting  2: 16 op, 378276.00 ns, 23.6423 us/op

WorkloadPilot    1: 16 op, 5584.00 ns, 349.0000 ns/op
WorkloadPilot    2: 32 op, 7290.00 ns, 227.8125 ns/op
WorkloadPilot    3: 64 op, 8437.00 ns, 131.8281 ns/op
WorkloadPilot    4: 128 op, 15088.00 ns, 117.8750 ns/op
WorkloadPilot    5: 256 op, 19253.00 ns, 75.2070 ns/op
WorkloadPilot    6: 512 op, 33051.00 ns, 64.5527 ns/op
WorkloadPilot    7: 1024 op, 61567.00 ns, 60.1240 ns/op
WorkloadPilot    8: 2048 op, 120743.00 ns, 58.9565 ns/op
WorkloadPilot    9: 4096 op, 261799.00 ns, 63.9158 ns/op
WorkloadPilot   10: 8192 op, 510657.00 ns, 62.3361 ns/op
WorkloadPilot   11: 16384 op, 950315.00 ns, 58.0026 ns/op
WorkloadPilot   12: 32768 op, 1904932.00 ns, 58.1339 ns/op
WorkloadPilot   13: 65536 op, 3825824.00 ns, 58.3774 ns/op
WorkloadPilot   14: 131072 op, 7508563.00 ns, 57.2858 ns/op
WorkloadPilot   15: 262144 op, 14934751.00 ns, 56.9716 ns/op
WorkloadPilot   16: 524288 op, 29336975.00 ns, 55.9558 ns/op
WorkloadPilot   17: 1048576 op, 61120050.00 ns, 58.2886 ns/op
WorkloadPilot   18: 2097152 op, 53711563.00 ns, 25.6117 ns/op
WorkloadPilot   19: 4194304 op, 67515450.00 ns, 16.0969 ns/op
WorkloadPilot   20: 8388608 op, 129018509.00 ns, 15.3802 ns/op
WorkloadPilot   21: 16777216 op, 240389363.00 ns, 14.3283 ns/op
WorkloadPilot   22: 33554432 op, 480179636.00 ns, 14.3105 ns/op
WorkloadPilot   23: 67108864 op, 1122240208.00 ns, 16.7227 ns/op

OverheadWarmup   1: 67108864 op, 299444651.00 ns, 4.4621 ns/op
OverheadWarmup   2: 67108864 op, 234446927.00 ns, 3.4935 ns/op
OverheadWarmup   3: 67108864 op, 236885003.00 ns, 3.5299 ns/op
OverheadWarmup   4: 67108864 op, 219399306.00 ns, 3.2693 ns/op
OverheadWarmup   5: 67108864 op, 218250195.00 ns, 3.2522 ns/op
OverheadWarmup   6: 67108864 op, 258306823.00 ns, 3.8491 ns/op
OverheadWarmup   7: 67108864 op, 245124148.00 ns, 3.6526 ns/op

OverheadActual   1: 67108864 op, 255896269.00 ns, 3.8132 ns/op
OverheadActual   2: 67108864 op, 242465860.00 ns, 3.6130 ns/op
OverheadActual   3: 67108864 op, 266858940.00 ns, 3.9765 ns/op
OverheadActual   4: 67108864 op, 332206655.00 ns, 4.9503 ns/op
OverheadActual   5: 67108864 op, 263523451.00 ns, 3.9268 ns/op
OverheadActual   6: 67108864 op, 234326327.00 ns, 3.4917 ns/op
OverheadActual   7: 67108864 op, 217813955.00 ns, 3.2457 ns/op
OverheadActual   8: 67108864 op, 223731819.00 ns, 3.3339 ns/op
OverheadActual   9: 67108864 op, 216764267.00 ns, 3.2300 ns/op
OverheadActual  10: 67108864 op, 220251850.00 ns, 3.2820 ns/op
OverheadActual  11: 67108864 op, 240805215.00 ns, 3.5883 ns/op
OverheadActual  12: 67108864 op, 236904488.00 ns, 3.5302 ns/op
OverheadActual  13: 67108864 op, 227061228.00 ns, 3.3835 ns/op
OverheadActual  14: 67108864 op, 221200075.00 ns, 3.2961 ns/op
OverheadActual  15: 67108864 op, 215774411.00 ns, 3.2153 ns/op
OverheadActual  16: 67108864 op, 220774065.00 ns, 3.2898 ns/op
OverheadActual  17: 67108864 op, 239403571.00 ns, 3.5674 ns/op
OverheadActual  18: 67108864 op, 324456137.00 ns, 4.8348 ns/op
OverheadActual  19: 67108864 op, 290966221.00 ns, 4.3357 ns/op
OverheadActual  20: 67108864 op, 241719989.00 ns, 3.6019 ns/op

WorkloadWarmup   1: 67108864 op, 912631269.00 ns, 13.5993 ns/op
WorkloadWarmup   2: 67108864 op, 889942274.00 ns, 13.2612 ns/op
WorkloadWarmup   3: 67108864 op, 1122194075.00 ns, 16.7220 ns/op

// BeforeActualRun
WorkloadActual   1: 67108864 op, 913898477.00 ns, 13.6181 ns/op
WorkloadActual   2: 67108864 op, 905322148.00 ns, 13.4904 ns/op
WorkloadActual   3: 67108864 op, 896163833.00 ns, 13.3539 ns/op
WorkloadActual   4: 67108864 op, 1052545120.00 ns, 15.6841 ns/op
WorkloadActual   5: 67108864 op, 894458292.00 ns, 13.3285 ns/op

// AfterActualRun
WorkloadResult   1: 67108864 op, 675744447.50 ns, 10.0694 ns/op
WorkloadResult   2: 67108864 op, 667168118.50 ns, 9.9416 ns/op
WorkloadResult   3: 67108864 op, 658009803.50 ns, 9.8051 ns/op
WorkloadResult   4: 67108864 op, 656304262.50 ns, 9.7797 ns/op
// GC:  0 0 0 1072 67108864
// Threading:  0 0 67108864

// AfterAll
// Benchmark Process 1420 has exited with code 0.

Mean = 9.899 ns, StdErr = 0.067 ns (0.68%), N = 4, StdDev = 0.134 ns
Min = 9.780 ns, Q1 = 9.799 ns, Median = 9.873 ns, Q3 = 9.974 ns, Max = 10.069 ns
IQR = 0.175 ns, LowerFence = 9.537 ns, UpperFence = 10.236 ns
ConfidenceInterval = [9.033 ns; 10.765 ns] (CI 99.9%), Margin = 0.866 ns (8.75% of Mean)
Skewness = 0.26, Kurtosis = 0.87, MValue = 2

// ** Remained 49 (75.4%) benchmark(s) to run. Estimated finish 2026-08-16 3:36 (0h 11m from now) **
// ***** BenchmarkRunner: Finish  *****

// * Export *
  actions-runner/_work/needlr/needlr/benchmark-results/results/NexusLabs.Needlr.Benchmarks.Benchmarks.DependentServiceResolutionBenchmarks-report.csv
  actions-runner/_work/needlr/needlr/benchmark-results/results/NexusLabs.Needlr.Benchmarks.Benchmarks.DependentServiceResolutionBenchmarks-report-github.md
  actions-runner/_work/needlr/needlr/benchmark-results/results/NexusLabs.Needlr.Benchmarks.Benchmarks.DependentServiceResolutionBenchmarks-report.html
  actions-runner/_work/needlr/needlr/benchmark-results/results/NexusLabs.Needlr.Benchmarks.Benchmarks.DependentServiceResolutionBenchmarks-report-full-compressed.json
  actions-runner/_work/needlr/needlr/benchmark-results/results/NexusLabs.Needlr.Benchmarks.Benchmarks.DependentServiceResolutionBenchmarks-report-default.md

// * Detailed results *
DependentServiceResolutionBenchmarks.ManualDI_ResolveDependent: ShortRun(IterationCount=5, LaunchCount=1, WarmupCount=3)
Runtime = .NET 10.0.10 (10.0.1026.32716), X64 RyuJIT AVX2; GC = Concurrent Workstation
Mean = 10.454 ns, StdErr = 0.072 ns (0.69%), N = 4, StdDev = 0.145 ns
Min = 10.332 ns, Q1 = 10.332 ns, Median = 10.434 ns, Q3 = 10.556 ns, Max = 10.616 ns
IQR = 0.224 ns, LowerFence = 9.996 ns, UpperFence = 10.892 ns
ConfidenceInterval = [9.519 ns; 11.389 ns] (CI 99.9%), Margin = 0.935 ns (8.95% of Mean)
Skewness = 0.1, Kurtosis = 0.67, MValue = 2
-------------------- Histogram --------------------
[10.314 ns ; 10.736 ns) | @@@@
---------------------------------------------------

DependentServiceResolutionBenchmarks.Needlr_Reflection_ResolveDependent: ShortRun(IterationCount=5, LaunchCount=1, WarmupCount=3)
Runtime = .NET 10.0.10 (10.0.1026.32716), X64 RyuJIT AVX2; GC = Concurrent Workstation
Mean = 12.239 ns, StdErr = 0.543 ns (4.43%), N = 5, StdDev = 1.213 ns
Min = 11.251 ns, Q1 = 11.358 ns, Median = 11.456 ns, Q3 = 13.528 ns, Max = 13.604 ns
IQR = 2.169 ns, LowerFence = 8.104 ns, UpperFence = 16.782 ns
ConfidenceInterval = [7.567 ns; 16.911 ns] (CI 99.9%), Margin = 4.672 ns (38.17% of Mean)
Skewness = 0.29, Kurtosis = 0.75, MValue = 2
-------------------- Histogram --------------------
[10.320 ns ; 12.285 ns) | @@@
[12.285 ns ; 14.535 ns) | @@
---------------------------------------------------

DependentServiceResolutionBenchmarks.Needlr_SourceGen_ResolveDependent: ShortRun(IterationCount=5, LaunchCount=1, WarmupCount=3)
Runtime = .NET 10.0.10 (10.0.1026.32716), X64 RyuJIT AVX2; GC = Concurrent Workstation
Mean = 9.899 ns, StdErr = 0.067 ns (0.68%), N = 4, StdDev = 0.134 ns
Min = 9.780 ns, Q1 = 9.799 ns, Median = 9.873 ns, Q3 = 9.974 ns, Max = 10.069 ns
IQR = 0.175 ns, LowerFence = 9.537 ns, UpperFence = 10.236 ns
ConfidenceInterval = [9.033 ns; 10.765 ns] (CI 99.9%), Margin = 0.866 ns (8.75% of Mean)
Skewness = 0.26, Kurtosis = 0.87, MValue = 2
-------------------- Histogram --------------------
[9.750 ns ;  9.971 ns) | @@@
[9.971 ns ; 10.180 ns) | @
---------------------------------------------------

// * Summary *

BenchmarkDotNet v0.14.0, Ubuntu 24.04.4 LTS (Noble Numbat)
Intel Core 7 150U, 1 CPU, 12 logical and 6 physical cores
.NET SDK 10.0.302
  [Host]   : .NET 10.0.10 (10.0.1026.32716), X64 RyuJIT AVX2
  ShortRun : .NET 10.0.10 (10.0.1026.32716), X64 RyuJIT AVX2

Job=ShortRun  IterationCount=5  LaunchCount=1  
WarmupCount=3  

| Method                             | Mean      | Error     | StdDev    | Ratio | RatioSD | Rank | Allocated | Alloc Ratio |
|----------------------------------- |----------:|----------:|----------:|------:|--------:|-----:|----------:|------------:|
| ManualDI_ResolveDependent          | 10.454 ns | 0.9352 ns | 0.1447 ns |  1.00 |    0.02 |    1 |         - |          NA |
| Needlr_Reflection_ResolveDependent | 12.239 ns | 4.6719 ns | 1.2133 ns |  1.17 |    0.11 |    1 |         - |          NA |
| Needlr_SourceGen_ResolveDependent  |  9.899 ns | 0.8661 ns | 0.1340 ns |  0.95 |    0.02 |    1 |         - |          NA |

// * Hints *
Outliers
  DependentServiceResolutionBenchmarks.ManualDI_ResolveDependent: ShortRun         -> 1 outlier  was  removed (17.71 ns)
  DependentServiceResolutionBenchmarks.Needlr_SourceGen_ResolveDependent: ShortRun -> 1 outlier  was  removed (15.68 ns)
// * Config Issues *

// * Warnings *
Configuration
  Summary -> The exporter HtmlExporter is already present in configuration. There may be unexpected results.

// * Legends *
  Mean        : Arithmetic mean of all measurements
  Error       : Half of 99.9% confidence interval
  StdDev      : Standard deviation of all measurements
  Ratio       : Mean of the ratio distribution ([Current]/[Baseline])
  RatioSD     : Standard deviation of the ratio distribution ([Current]/[Baseline])
  Rank        : Relative position of current benchmark mean among all benchmarks (Arabic style)
  Allocated   : Allocated memory per single operation (managed only, inclusive, 1KB = 1024B)
  Alloc Ratio : Allocated memory ratio distribution ([Current]/[Baseline])
  1 ns        : 1 Nanosecond (0.000000001 sec)

// * Diagnostic Output - MemoryDiagnoser *


// ***** BenchmarkRunner: End *****
Run time: 00:00:45 (45.21 sec), executed benchmarks: 3

// Found 3 benchmarks:
//   FirstResolutionBenchmarks.ManualDI_BuildAndResolveFirst: ShortRun(InvocationCount=1, IterationCount=5, LaunchCount=1, UnrollFactor=1, WarmupCount=3)
//   FirstResolutionBenchmarks.Needlr_Reflection_BuildAndResolveFirst: ShortRun(InvocationCount=1, IterationCount=5, LaunchCount=1, UnrollFactor=1, WarmupCount=3)
//   FirstResolutionBenchmarks.Needlr_SourceGen_BuildAndResolveFirst: ShortRun(InvocationCount=1, IterationCount=5, LaunchCount=1, UnrollFactor=1, WarmupCount=3)

// **************************
// Benchmark: FirstResolutionBenchmarks.ManualDI_BuildAndResolveFirst: ShortRun(InvocationCount=1, IterationCount=5, LaunchCount=1, UnrollFactor=1, WarmupCount=3)
// *** Execute ***
// Launch: 1 / 1
// Execute: dotnet bf8bdc48-2475-4673-b310-6966704f044e.dll --anonymousPipes 163 164 --benchmarkName NexusLabs.Needlr.Benchmarks.Benchmarks.FirstResolutionBenchmarks.ManualDI_BuildAndResolveFirst --job ShortRun --benchmarkId 16 in /actions-runner/_work/needlr/needlr/src/NexusLabs.Needlr.Benchmarks/bin/Release/net10.0/bf8bdc48-2475-4673-b310-6966704f044e/bin/Release/net10.0
// Failed to set up high priority (Permission denied). In order to run benchmarks with high priority, make sure you have the right permissions.
// BeforeAnythingElse

// Benchmark Process Environment Information:
// BenchmarkDotNet v0.14.0
// Runtime=.NET 10.0.10 (10.0.1026.32716), X64 RyuJIT AVX2
// GC=Concurrent Workstation
// HardwareIntrinsics=AVX2,AES,BMI1,BMI2,FMA,LZCNT,PCLMUL,POPCNT,AvxVnni,SERIALIZE VectorSize=256
// Job: ShortRun(InvocationCount=1, IterationCount=5, LaunchCount=1, UnrollFactor=1, WarmupCount=3)

OverheadJitting  1: 1 op, 275503.00 ns, 275.5030 us/op
WorkloadJitting  1: 1 op, 8215032.00 ns, 8.2150 ms/op

OverheadWarmup   1: 1 op, 488.00 ns, 488.0000 ns/op
OverheadWarmup   2: 1 op, 296.00 ns, 296.0000 ns/op
OverheadWarmup   3: 1 op, 219.00 ns, 219.0000 ns/op
OverheadWarmup   4: 1 op, 249.00 ns, 249.0000 ns/op
OverheadWarmup   5: 1 op, 263.00 ns, 263.0000 ns/op
OverheadWarmup   6: 1 op, 234.00 ns, 234.0000 ns/op
OverheadWarmup   7: 1 op, 233.00 ns, 233.0000 ns/op
OverheadWarmup   8: 1 op, 231.00 ns, 231.0000 ns/op
OverheadWarmup   9: 1 op, 229.00 ns, 229.0000 ns/op
OverheadWarmup  10: 1 op, 236.00 ns, 236.0000 ns/op

OverheadActual   1: 1 op, 256.00 ns, 256.0000 ns/op
OverheadActual   2: 1 op, 246.00 ns, 246.0000 ns/op
OverheadActual   3: 1 op, 252.00 ns, 252.0000 ns/op
OverheadActual   4: 1 op, 242.00 ns, 242.0000 ns/op
OverheadActual   5: 1 op, 241.00 ns, 241.0000 ns/op
OverheadActual   6: 1 op, 268.00 ns, 268.0000 ns/op
OverheadActual   7: 1 op, 247.00 ns, 247.0000 ns/op
OverheadActual   8: 1 op, 231.00 ns, 231.0000 ns/op
OverheadActual   9: 1 op, 227.00 ns, 227.0000 ns/op
OverheadActual  10: 1 op, 255.00 ns, 255.0000 ns/op
OverheadActual  11: 1 op, 197.00 ns, 197.0000 ns/op
OverheadActual  12: 1 op, 263.00 ns, 263.0000 ns/op
OverheadActual  13: 1 op, 233.00 ns, 233.0000 ns/op
OverheadActual  14: 1 op, 256.00 ns, 256.0000 ns/op
OverheadActual  15: 1 op, 232.00 ns, 232.0000 ns/op
OverheadActual  16: 1 op, 263.00 ns, 263.0000 ns/op
OverheadActual  17: 1 op, 212.00 ns, 212.0000 ns/op
OverheadActual  18: 1 op, 274.00 ns, 274.0000 ns/op
OverheadActual  19: 1 op, 265.00 ns, 265.0000 ns/op
OverheadActual  20: 1 op, 262.00 ns, 262.0000 ns/op

WorkloadWarmup   1: 1 op, 159639.00 ns, 159.6390 us/op
WorkloadWarmup   2: 1 op, 31520.00 ns, 31.5200 us/op
WorkloadWarmup   3: 1 op, 27314.00 ns, 27.3140 us/op

// BeforeActualRun
WorkloadActual   1: 1 op, 43865.00 ns, 43.8650 us/op
WorkloadActual   2: 1 op, 26455.00 ns, 26.4550 us/op
WorkloadActual   3: 1 op, 29088.00 ns, 29.0880 us/op
WorkloadActual   4: 1 op, 23318.00 ns, 23.3180 us/op
WorkloadActual   5: 1 op, 21612.00 ns, 21.6120 us/op

// AfterActualRun
WorkloadResult   1: 1 op, 26205.50 ns, 26.2055 us/op
WorkloadResult   2: 1 op, 28838.50 ns, 28.8385 us/op
WorkloadResult   3: 1 op, 23068.50 ns, 23.0685 us/op
WorkloadResult   4: 1 op, 21362.50 ns, 21.3625 us/op
// GC:  0 0 0 7216 1
// Threading:  0 0 1

// AfterAll
// Benchmark Process 1433 has exited with code 0.

Mean = 24.869 μs, StdErr = 1.660 μs (6.68%), N = 4, StdDev = 3.321 μs
Min = 21.363 μs, Q1 = 22.642 μs, Median = 24.637 μs, Q3 = 26.864 μs, Max = 28.838 μs
IQR = 4.222 μs, LowerFence = 16.309 μs, UpperFence = 33.196 μs
ConfidenceInterval = [3.411 μs; 46.327 μs] (CI 99.9%), Margin = 21.458 μs (86.29% of Mean)
Skewness = 0.11, Kurtosis = 0.85, MValue = 2

// ** Remained 48 (73.8%) benchmark(s) to run. Estimated finish 2026-08-16 3:35 (0h 10m from now) **
// **************************
// Benchmark: FirstResolutionBenchmarks.Needlr_Reflection_BuildAndResolveFirst: ShortRun(InvocationCount=1, IterationCount=5, LaunchCount=1, UnrollFactor=1, WarmupCount=3)
// *** Execute ***
// Launch: 1 / 1
// Execute: dotnet bf8bdc48-2475-4673-b310-6966704f044e.dll --anonymousPipes 163 164 --benchmarkName NexusLabs.Needlr.Benchmarks.Benchmarks.FirstResolutionBenchmarks.Needlr_Reflection_BuildAndResolveFirst --job ShortRun --benchmarkId 17 in /actions-runner/_work/needlr/needlr/src/NexusLabs.Needlr.Benchmarks/bin/Release/net10.0/bf8bdc48-2475-4673-b310-6966704f044e/bin/Release/net10.0
// Failed to set up high priority (Permission denied). In order to run benchmarks with high priority, make sure you have the right permissions.
// BeforeAnythingElse

// Benchmark Process Environment Information:
// BenchmarkDotNet v0.14.0
// Runtime=.NET 10.0.10 (10.0.1026.32716), X64 RyuJIT AVX2
// GC=Concurrent Workstation
// HardwareIntrinsics=AVX2,AES,BMI1,BMI2,FMA,LZCNT,PCLMUL,POPCNT,AvxVnni,SERIALIZE VectorSize=256
// Job: ShortRun(InvocationCount=1, IterationCount=5, LaunchCount=1, UnrollFactor=1, WarmupCount=3)

OverheadJitting  1: 1 op, 275097.00 ns, 275.0970 us/op
WorkloadJitting  1: 1 op, 45065979.00 ns, 45.0660 ms/op

OverheadWarmup   1: 1 op, 540.00 ns, 540.0000 ns/op
OverheadWarmup   2: 1 op, 327.00 ns, 327.0000 ns/op
OverheadWarmup   3: 1 op, 258.00 ns, 258.0000 ns/op
OverheadWarmup   4: 1 op, 287.00 ns, 287.0000 ns/op
OverheadWarmup   5: 1 op, 340.00 ns, 340.0000 ns/op
OverheadWarmup   6: 1 op, 243.00 ns, 243.0000 ns/op
OverheadWarmup   7: 1 op, 257.00 ns, 257.0000 ns/op
OverheadWarmup   8: 1 op, 336.00 ns, 336.0000 ns/op
OverheadWarmup   9: 1 op, 278.00 ns, 278.0000 ns/op

OverheadActual   1: 1 op, 317.00 ns, 317.0000 ns/op
OverheadActual   2: 1 op, 313.00 ns, 313.0000 ns/op
OverheadActual   3: 1 op, 381.00 ns, 381.0000 ns/op
OverheadActual   4: 1 op, 339.00 ns, 339.0000 ns/op
OverheadActual   5: 1 op, 263.00 ns, 263.0000 ns/op
OverheadActual   6: 1 op, 306.00 ns, 306.0000 ns/op
OverheadActual   7: 1 op, 297.00 ns, 297.0000 ns/op
OverheadActual   8: 1 op, 328.00 ns, 328.0000 ns/op
OverheadActual   9: 1 op, 285.00 ns, 285.0000 ns/op
OverheadActual  10: 1 op, 339.00 ns, 339.0000 ns/op
OverheadActual  11: 1 op, 298.00 ns, 298.0000 ns/op
OverheadActual  12: 1 op, 303.00 ns, 303.0000 ns/op
OverheadActual  13: 1 op, 342.00 ns, 342.0000 ns/op
OverheadActual  14: 1 op, 319.00 ns, 319.0000 ns/op
OverheadActual  15: 1 op, 360.00 ns, 360.0000 ns/op
OverheadActual  16: 1 op, 300.00 ns, 300.0000 ns/op
OverheadActual  17: 1 op, 281.00 ns, 281.0000 ns/op
OverheadActual  18: 1 op, 255.00 ns, 255.0000 ns/op
OverheadActual  19: 1 op, 320.00 ns, 320.0000 ns/op
OverheadActual  20: 1 op, 267.00 ns, 267.0000 ns/op

WorkloadWarmup   1: 1 op, 5725733.00 ns, 5.7257 ms/op
WorkloadWarmup   2: 1 op, 4223070.00 ns, 4.2231 ms/op
WorkloadWarmup   3: 1 op, 4230640.00 ns, 4.2306 ms/op

// BeforeActualRun
WorkloadActual   1: 1 op, 4067561.00 ns, 4.0676 ms/op
WorkloadActual   2: 1 op, 4016473.00 ns, 4.0165 ms/op
WorkloadActual   3: 1 op, 3979066.00 ns, 3.9791 ms/op
WorkloadActual   4: 1 op, 4167638.00 ns, 4.1676 ms/op
WorkloadActual   5: 1 op, 3968352.00 ns, 3.9684 ms/op

// AfterActualRun
WorkloadResult   1: 1 op, 4067251.50 ns, 4.0673 ms/op
WorkloadResult   2: 1 op, 4016163.50 ns, 4.0162 ms/op
WorkloadResult   3: 1 op, 3978756.50 ns, 3.9788 ms/op
WorkloadResult   4: 1 op, 4167328.50 ns, 4.1673 ms/op
WorkloadResult   5: 1 op, 3968042.50 ns, 3.9680 ms/op
// GC:  0 0 0 1321312 1
// Threading:  0 0 1

// AfterAll
// Benchmark Process 1441 has exited with code 0.

Mean = 4.040 ms, StdErr = 0.036 ms (0.90%), N = 5, StdDev = 0.081 ms
Min = 3.968 ms, Q1 = 3.979 ms, Median = 4.016 ms, Q3 = 4.067 ms, Max = 4.167 ms
IQR = 0.088 ms, LowerFence = 3.846 ms, UpperFence = 4.200 ms
ConfidenceInterval = [3.726 ms; 4.353 ms] (CI 99.9%), Margin = 0.313 ms (7.75% of Mean)
Skewness = 0.56, Kurtosis = 1.41, MValue = 2

// ** Remained 47 (72.3%) benchmark(s) to run. Estimated finish 2026-08-16 3:34 (0h 9m from now) **
// **************************
// Benchmark: FirstResolutionBenchmarks.Needlr_SourceGen_BuildAndResolveFirst: ShortRun(InvocationCount=1, IterationCount=5, LaunchCount=1, UnrollFactor=1, WarmupCount=3)
// *** Execute ***
// Launch: 1 / 1
// Execute: dotnet bf8bdc48-2475-4673-b310-6966704f044e.dll --anonymousPipes 163 164 --benchmarkName NexusLabs.Needlr.Benchmarks.Benchmarks.FirstResolutionBenchmarks.Needlr_SourceGen_BuildAndResolveFirst --job ShortRun --benchmarkId 18 in /actions-runner/_work/needlr/needlr/src/NexusLabs.Needlr.Benchmarks/bin/Release/net10.0/bf8bdc48-2475-4673-b310-6966704f044e/bin/Release/net10.0
// Failed to set up high priority (Permission denied). In order to run benchmarks with high priority, make sure you have the right permissions.
// BeforeAnythingElse

// Benchmark Process Environment Information:
// BenchmarkDotNet v0.14.0
// Runtime=.NET 10.0.10 (10.0.1026.32716), X64 RyuJIT AVX2
// GC=Concurrent Workstation
// HardwareIntrinsics=AVX2,AES,BMI1,BMI2,FMA,LZCNT,PCLMUL,POPCNT,AvxVnni,SERIALIZE VectorSize=256
// Job: ShortRun(InvocationCount=1, IterationCount=5, LaunchCount=1, UnrollFactor=1, WarmupCount=3)

OverheadJitting  1: 1 op, 347134.00 ns, 347.1340 us/op
WorkloadJitting  1: 1 op, 35514237.00 ns, 35.5142 ms/op

OverheadWarmup   1: 1 op, 411.00 ns, 411.0000 ns/op
OverheadWarmup   2: 1 op, 364.00 ns, 364.0000 ns/op
OverheadWarmup   3: 1 op, 368.00 ns, 368.0000 ns/op
OverheadWarmup   4: 1 op, 191.00 ns, 191.0000 ns/op
OverheadWarmup   5: 1 op, 369.00 ns, 369.0000 ns/op
OverheadWarmup   6: 1 op, 239.00 ns, 239.0000 ns/op

OverheadActual   1: 1 op, 363.00 ns, 363.0000 ns/op
OverheadActual   2: 1 op, 399.00 ns, 399.0000 ns/op
OverheadActual   3: 1 op, 386.00 ns, 386.0000 ns/op
OverheadActual   4: 1 op, 351.00 ns, 351.0000 ns/op
OverheadActual   5: 1 op, 345.00 ns, 345.0000 ns/op
OverheadActual   6: 1 op, 300.00 ns, 300.0000 ns/op
OverheadActual   7: 1 op, 333.00 ns, 333.0000 ns/op
OverheadActual   8: 1 op, 313.00 ns, 313.0000 ns/op
OverheadActual   9: 1 op, 330.00 ns, 330.0000 ns/op
OverheadActual  10: 1 op, 285.00 ns, 285.0000 ns/op
OverheadActual  11: 1 op, 319.00 ns, 319.0000 ns/op
OverheadActual  12: 1 op, 298.00 ns, 298.0000 ns/op
OverheadActual  13: 1 op, 188.00 ns, 188.0000 ns/op
OverheadActual  14: 1 op, 182.00 ns, 182.0000 ns/op
OverheadActual  15: 1 op, 333.00 ns, 333.0000 ns/op
OverheadActual  16: 1 op, 282.00 ns, 282.0000 ns/op
OverheadActual  17: 1 op, 289.00 ns, 289.0000 ns/op
OverheadActual  18: 1 op, 331.00 ns, 331.0000 ns/op
OverheadActual  19: 1 op, 283.00 ns, 283.0000 ns/op
OverheadActual  20: 1 op, 299.00 ns, 299.0000 ns/op

WorkloadWarmup   1: 1 op, 727176.00 ns, 727.1760 us/op
WorkloadWarmup   2: 1 op, 453334.00 ns, 453.3340 us/op
WorkloadWarmup   3: 1 op, 320719.00 ns, 320.7190 us/op

// BeforeActualRun
WorkloadActual   1: 1 op, 429301.00 ns, 429.3010 us/op
WorkloadActual   2: 1 op, 346343.00 ns, 346.3430 us/op
WorkloadActual   3: 1 op, 340110.00 ns, 340.1100 us/op
WorkloadActual   4: 1 op, 325381.00 ns, 325.3810 us/op
WorkloadActual   5: 1 op, 319046.00 ns, 319.0460 us/op

// AfterActualRun
WorkloadResult   1: 1 op, 346027.00 ns, 346.0270 us/op
WorkloadResult   2: 1 op, 339794.00 ns, 339.7940 us/op
WorkloadResult   3: 1 op, 325065.00 ns, 325.0650 us/op
WorkloadResult   4: 1 op, 318730.00 ns, 318.7300 us/op
// GC:  0 0 0 219176 1
// Threading:  0 0 1

// AfterAll
// Benchmark Process 1448 has exited with code 0.

Mean = 332.404 μs, StdErr = 6.331 μs (1.90%), N = 4, StdDev = 12.663 μs
Min = 318.730 μs, Q1 = 323.481 μs, Median = 332.430 μs, Q3 = 341.352 μs, Max = 346.027 μs
IQR = 17.871 μs, LowerFence = 296.675 μs, UpperFence = 368.159 μs
ConfidenceInterval = [250.577 μs; 414.231 μs] (CI 99.9%), Margin = 81.827 μs (24.62% of Mean)
Skewness = -0, Kurtosis = 0.73, MValue = 2

// ** Remained 46 (70.8%) benchmark(s) to run. Estimated finish 2026-08-16 3:34 (0h 8m from now) **
// ***** BenchmarkRunner: Finish  *****

// * Export *
  actions-runner/_work/needlr/needlr/benchmark-results/results/NexusLabs.Needlr.Benchmarks.Benchmarks.FirstResolutionBenchmarks-report.csv
  actions-runner/_work/needlr/needlr/benchmark-results/results/NexusLabs.Needlr.Benchmarks.Benchmarks.FirstResolutionBenchmarks-report-github.md
  actions-runner/_work/needlr/needlr/benchmark-results/results/NexusLabs.Needlr.Benchmarks.Benchmarks.FirstResolutionBenchmarks-report.html
  actions-runner/_work/needlr/needlr/benchmark-results/results/NexusLabs.Needlr.Benchmarks.Benchmarks.FirstResolutionBenchmarks-report-full-compressed.json
  actions-runner/_work/needlr/needlr/benchmark-results/results/NexusLabs.Needlr.Benchmarks.Benchmarks.FirstResolutionBenchmarks-report-default.md

// * Detailed results *
FirstResolutionBenchmarks.ManualDI_BuildAndResolveFirst: ShortRun(InvocationCount=1, IterationCount=5, LaunchCount=1, UnrollFactor=1, WarmupCount=3)
Runtime = .NET 10.0.10 (10.0.1026.32716), X64 RyuJIT AVX2; GC = Concurrent Workstation
Mean = 24.869 μs, StdErr = 1.660 μs (6.68%), N = 4, StdDev = 3.321 μs
Min = 21.363 μs, Q1 = 22.642 μs, Median = 24.637 μs, Q3 = 26.864 μs, Max = 28.838 μs
IQR = 4.222 μs, LowerFence = 16.309 μs, UpperFence = 33.196 μs
ConfidenceInterval = [3.411 μs; 46.327 μs] (CI 99.9%), Margin = 21.458 μs (86.29% of Mean)
Skewness = 0.11, Kurtosis = 0.85, MValue = 2
-------------------- Histogram --------------------
[21.038 μs ; 26.530 μs) | @@@
[26.530 μs ; 31.584 μs) | @
---------------------------------------------------

FirstResolutionBenchmarks.Needlr_Reflection_BuildAndResolveFirst: ShortRun(InvocationCount=1, IterationCount=5, LaunchCount=1, UnrollFactor=1, WarmupCount=3)
Runtime = .NET 10.0.10 (10.0.1026.32716), X64 RyuJIT AVX2; GC = Concurrent Workstation
Mean = 4.040 ms, StdErr = 0.036 ms (0.90%), N = 5, StdDev = 0.081 ms
Min = 3.968 ms, Q1 = 3.979 ms, Median = 4.016 ms, Q3 = 4.067 ms, Max = 4.167 ms
IQR = 0.088 ms, LowerFence = 3.846 ms, UpperFence = 4.200 ms
ConfidenceInterval = [3.726 ms; 4.353 ms] (CI 99.9%), Margin = 0.313 ms (7.75% of Mean)
Skewness = 0.56, Kurtosis = 1.41, MValue = 2
-------------------- Histogram --------------------
[3.955 ms ; 4.080 ms) | @@@@
[4.080 ms ; 4.230 ms) | @
---------------------------------------------------

FirstResolutionBenchmarks.Needlr_SourceGen_BuildAndResolveFirst: ShortRun(InvocationCount=1, IterationCount=5, LaunchCount=1, UnrollFactor=1, WarmupCount=3)
Runtime = .NET 10.0.10 (10.0.1026.32716), X64 RyuJIT AVX2; GC = Concurrent Workstation
Mean = 332.404 μs, StdErr = 6.331 μs (1.90%), N = 4, StdDev = 12.663 μs
Min = 318.730 μs, Q1 = 323.481 μs, Median = 332.430 μs, Q3 = 341.352 μs, Max = 346.027 μs
IQR = 17.871 μs, LowerFence = 296.675 μs, UpperFence = 368.159 μs
ConfidenceInterval = [250.577 μs; 414.231 μs] (CI 99.9%), Margin = 81.827 μs (24.62% of Mean)
Skewness = -0, Kurtosis = 0.73, MValue = 2
-------------------- Histogram --------------------
[308.260 μs ; 332.441 μs) | @@
[332.441 μs ; 356.497 μs) | @@
---------------------------------------------------

// * Summary *

BenchmarkDotNet v0.14.0, Ubuntu 24.04.4 LTS (Noble Numbat)
Intel Core 7 150U, 1 CPU, 12 logical and 6 physical cores
.NET SDK 10.0.302
  [Host]   : .NET 10.0.10 (10.0.1026.32716), X64 RyuJIT AVX2
  ShortRun : .NET 10.0.10 (10.0.1026.32716), X64 RyuJIT AVX2

Job=ShortRun  InvocationCount=1  IterationCount=5  
LaunchCount=1  UnrollFactor=1  WarmupCount=3  

| Method                                 | Mean        | Error     | StdDev    | Ratio  | RatioSD | Rank | Allocated | Alloc Ratio |
|--------------------------------------- |------------:|----------:|----------:|-------:|--------:|-----:|----------:|------------:|
| ManualDI_BuildAndResolveFirst          |    24.87 μs |  21.46 μs |  3.321 μs |   1.01 |    0.17 |    1 |         - |          NA |
| Needlr_Reflection_BuildAndResolveFirst | 4,039.51 μs | 313.13 μs | 81.319 μs | 164.61 |   19.58 |    3 | 1321312 B |          NA |
| Needlr_SourceGen_BuildAndResolveFirst  |   332.40 μs |  81.83 μs | 12.663 μs |  13.55 |    1.67 |    2 |  219176 B |          NA |

// * Warnings *
MinIterationTime
  FirstResolutionBenchmarks.ManualDI_BuildAndResolveFirst: ShortRun          -> The minimum observed iteration time is 21.612μs which is very small. It's recommended to increase it to at least 100ms using more operations.
  FirstResolutionBenchmarks.Needlr_Reflection_BuildAndResolveFirst: ShortRun -> The minimum observed iteration time is 3.968ms which is very small. It's recommended to increase it to at least 100ms using more operations.
  FirstResolutionBenchmarks.Needlr_SourceGen_BuildAndResolveFirst: ShortRun  -> The minimum observed iteration time is 319.046μs which is very small. It's recommended to increase it to at least 100ms using more operations.

// * Hints *
Outliers
  FirstResolutionBenchmarks.ManualDI_BuildAndResolveFirst: ShortRun         -> 1 outlier  was  removed (43.87 μs)
  FirstResolutionBenchmarks.Needlr_SourceGen_BuildAndResolveFirst: ShortRun -> 1 outlier  was  removed (429.30 μs)
// * Config Issues *

// * Warnings *
Configuration
  Summary -> The exporter HtmlExporter is already present in configuration. There may be unexpected results.

// * Legends *
  Mean        : Arithmetic mean of all measurements
  Error       : Half of 99.9% confidence interval
  StdDev      : Standard deviation of all measurements
  Ratio       : Mean of the ratio distribution ([Current]/[Baseline])
  RatioSD     : Standard deviation of the ratio distribution ([Current]/[Baseline])
  Rank        : Relative position of current benchmark mean among all benchmarks (Arabic style)
  Allocated   : Allocated memory per single operation (managed only, inclusive, 1KB = 1024B)
  Alloc Ratio : Allocated memory ratio distribution ([Current]/[Baseline])
  1 μs        : 1 Microsecond (0.000001 sec)

// * Diagnostic Output - MemoryDiagnoser *


// ***** BenchmarkRunner: End *****
Run time: 00:00:00 (0.54 sec), executed benchmarks: 3

// Found 4 benchmarks:
//   HostBuildBenchmarks.ManualDI_BuildHost: ShortRun(InvocationCount=1, IterationCount=5, LaunchCount=1, UnrollFactor=1, WarmupCount=3)
//   HostBuildBenchmarks.Needlr_Reflection_BuildHost: ShortRun(InvocationCount=1, IterationCount=5, LaunchCount=1, UnrollFactor=1, WarmupCount=3)
//   HostBuildBenchmarks.Needlr_SourceGen_BuildHost: ShortRun(InvocationCount=1, IterationCount=5, LaunchCount=1, UnrollFactor=1, WarmupCount=3)
//   HostBuildBenchmarks.Needlr_SourceGenExplicit_BuildHost: ShortRun(InvocationCount=1, IterationCount=5, LaunchCount=1, UnrollFactor=1, WarmupCount=3)

// **************************
// Benchmark: HostBuildBenchmarks.ManualDI_BuildHost: ShortRun(InvocationCount=1, IterationCount=5, LaunchCount=1, UnrollFactor=1, WarmupCount=3)
// *** Execute ***
// Launch: 1 / 1
// Execute: dotnet bf8bdc48-2475-4673-b310-6966704f044e.dll --anonymousPipes 163 164 --benchmarkName NexusLabs.Needlr.Benchmarks.Benchmarks.HostBuildBenchmarks.ManualDI_BuildHost --job ShortRun --benchmarkId 19 in /actions-runner/_work/needlr/needlr/src/NexusLabs.Needlr.Benchmarks/bin/Release/net10.0/bf8bdc48-2475-4673-b310-6966704f044e/bin/Release/net10.0
// Failed to set up high priority (Permission denied). In order to run benchmarks with high priority, make sure you have the right permissions.
// BeforeAnythingElse

// Benchmark Process Environment Information:
// BenchmarkDotNet v0.14.0
// Runtime=.NET 10.0.10 (10.0.1026.32716), X64 RyuJIT AVX2
// GC=Concurrent Workstation
// HardwareIntrinsics=AVX2,AES,BMI1,BMI2,FMA,LZCNT,PCLMUL,POPCNT,AvxVnni,SERIALIZE VectorSize=256
// Job: ShortRun(InvocationCount=1, IterationCount=5, LaunchCount=1, UnrollFactor=1, WarmupCount=3)

OverheadJitting  1: 1 op, 290646.00 ns, 290.6460 us/op
WorkloadJitting  1: 1 op, 54446850.00 ns, 54.4469 ms/op

OverheadWarmup   1: 1 op, 544.00 ns, 544.0000 ns/op
OverheadWarmup   2: 1 op, 709.00 ns, 709.0000 ns/op
OverheadWarmup   3: 1 op, 457.00 ns, 457.0000 ns/op
OverheadWarmup   4: 1 op, 470.00 ns, 470.0000 ns/op
OverheadWarmup   5: 1 op, 847.00 ns, 847.0000 ns/op
OverheadWarmup   6: 1 op, 746.00 ns, 746.0000 ns/op

OverheadActual   1: 1 op, 827.00 ns, 827.0000 ns/op
OverheadActual   2: 1 op, 753.00 ns, 753.0000 ns/op
OverheadActual   3: 1 op, 958.00 ns, 958.0000 ns/op
OverheadActual   4: 1 op, 664.00 ns, 664.0000 ns/op
OverheadActual   5: 1 op, 717.00 ns, 717.0000 ns/op
OverheadActual   6: 1 op, 500.00 ns, 500.0000 ns/op
OverheadActual   7: 1 op, 481.00 ns, 481.0000 ns/op
OverheadActual   8: 1 op, 427.00 ns, 427.0000 ns/op
OverheadActual   9: 1 op, 814.00 ns, 814.0000 ns/op
OverheadActual  10: 1 op, 813.00 ns, 813.0000 ns/op
OverheadActual  11: 1 op, 522.00 ns, 522.0000 ns/op
OverheadActual  12: 1 op, 491.00 ns, 491.0000 ns/op
OverheadActual  13: 1 op, 606.00 ns, 606.0000 ns/op
OverheadActual  14: 1 op, 540.00 ns, 540.0000 ns/op
OverheadActual  15: 1 op, 751.00 ns, 751.0000 ns/op
OverheadActual  16: 1 op, 1479.00 ns, 1.4790 us/op
OverheadActual  17: 1 op, 957.00 ns, 957.0000 ns/op
OverheadActual  18: 1 op, 629.00 ns, 629.0000 ns/op
OverheadActual  19: 1 op, 726.00 ns, 726.0000 ns/op
OverheadActual  20: 1 op, 460.00 ns, 460.0000 ns/op

WorkloadWarmup   1: 1 op, 3982123.00 ns, 3.9821 ms/op
WorkloadWarmup   2: 1 op, 2926195.00 ns, 2.9262 ms/op
WorkloadWarmup   3: 1 op, 3733477.00 ns, 3.7335 ms/op

// BeforeActualRun
WorkloadActual   1: 1 op, 3038661.00 ns, 3.0387 ms/op
WorkloadActual   2: 1 op, 3753452.00 ns, 3.7535 ms/op
WorkloadActual   3: 1 op, 3722217.00 ns, 3.7222 ms/op
WorkloadActual   4: 1 op, 5698601.00 ns, 5.6986 ms/op
WorkloadActual   5: 1 op, 3596360.00 ns, 3.5964 ms/op

// AfterActualRun
WorkloadResult   1: 1 op, 3037970.50 ns, 3.0380 ms/op
WorkloadResult   2: 1 op, 3752761.50 ns, 3.7528 ms/op
WorkloadResult   3: 1 op, 3721526.50 ns, 3.7215 ms/op
WorkloadResult   4: 1 op, 3595669.50 ns, 3.5957 ms/op
// GC:  0 0 0 319496 1
// Threading:  0 0 1

// AfterAll
// Benchmark Process 1456 has exited with code 0.

Mean = 3.527 ms, StdErr = 0.167 ms (4.72%), N = 4, StdDev = 0.333 ms
Min = 3.038 ms, Q1 = 3.456 ms, Median = 3.659 ms, Q3 = 3.729 ms, Max = 3.753 ms
IQR = 0.273 ms, LowerFence = 3.047 ms, UpperFence = 4.139 ms
ConfidenceInterval = [1.375 ms; 5.679 ms] (CI 99.9%), Margin = 2.152 ms (61.01% of Mean)
Skewness = -0.66, Kurtosis = 1.24, MValue = 2

// ** Remained 45 (69.2%) benchmark(s) to run. Estimated finish 2026-08-16 3:33 (0h 8m from now) **
// **************************
// Benchmark: HostBuildBenchmarks.Needlr_Reflection_BuildHost: ShortRun(InvocationCount=1, IterationCount=5, LaunchCount=1, UnrollFactor=1, WarmupCount=3)
// *** Execute ***
// Launch: 1 / 1
// Execute: dotnet bf8bdc48-2475-4673-b310-6966704f044e.dll --anonymousPipes 163 164 --benchmarkName NexusLabs.Needlr.Benchmarks.Benchmarks.HostBuildBenchmarks.Needlr_Reflection_BuildHost --job ShortRun --benchmarkId 20 in /actions-runner/_work/needlr/needlr/src/NexusLabs.Needlr.Benchmarks/bin/Release/net10.0/bf8bdc48-2475-4673-b310-6966704f044e/bin/Release/net10.0
// Failed to set up high priority (Permission denied). In order to run benchmarks with high priority, make sure you have the right permissions.
// BeforeAnythingElse

// Benchmark Process Environment Information:
// BenchmarkDotNet v0.14.0
// Runtime=.NET 10.0.10 (10.0.1026.32716), X64 RyuJIT AVX2
// GC=Concurrent Workstation
// HardwareIntrinsics=AVX2,AES,BMI1,BMI2,FMA,LZCNT,PCLMUL,POPCNT,AvxVnni,SERIALIZE VectorSize=256
// Job: ShortRun(InvocationCount=1, IterationCount=5, LaunchCount=1, UnrollFactor=1, WarmupCount=3)

OverheadJitting  1: 1 op, 366255.00 ns, 366.2550 us/op
WorkloadJitting  1: 1 op, 91126223.00 ns, 91.1262 ms/op

OverheadWarmup   1: 1 op, 643.00 ns, 643.0000 ns/op
OverheadWarmup   2: 1 op, 485.00 ns, 485.0000 ns/op
OverheadWarmup   3: 1 op, 409.00 ns, 409.0000 ns/op
OverheadWarmup   4: 1 op, 475.00 ns, 475.0000 ns/op
OverheadWarmup   5: 1 op, 439.00 ns, 439.0000 ns/op
OverheadWarmup   6: 1 op, 395.00 ns, 395.0000 ns/op
OverheadWarmup   7: 1 op, 412.00 ns, 412.0000 ns/op
OverheadWarmup   8: 1 op, 413.00 ns, 413.0000 ns/op
OverheadWarmup   9: 1 op, 392.00 ns, 392.0000 ns/op

OverheadActual   1: 1 op, 409.00 ns, 409.0000 ns/op
OverheadActual   2: 1 op, 493.00 ns, 493.0000 ns/op
OverheadActual   3: 1 op, 734.00 ns, 734.0000 ns/op
OverheadActual   4: 1 op, 674.00 ns, 674.0000 ns/op
OverheadActual   5: 1 op, 763.00 ns, 763.0000 ns/op
OverheadActual   6: 1 op, 441.00 ns, 441.0000 ns/op
OverheadActual   7: 1 op, 390.00 ns, 390.0000 ns/op
OverheadActual   8: 1 op, 362.00 ns, 362.0000 ns/op
OverheadActual   9: 1 op, 347.00 ns, 347.0000 ns/op
OverheadActual  10: 1 op, 379.00 ns, 379.0000 ns/op
OverheadActual  11: 1 op, 354.00 ns, 354.0000 ns/op
OverheadActual  12: 1 op, 465.00 ns, 465.0000 ns/op
OverheadActual  13: 1 op, 355.00 ns, 355.0000 ns/op
OverheadActual  14: 1 op, 280.00 ns, 280.0000 ns/op
OverheadActual  15: 1 op, 439.00 ns, 439.0000 ns/op
OverheadActual  16: 1 op, 360.00 ns, 360.0000 ns/op
OverheadActual  17: 1 op, 271.00 ns, 271.0000 ns/op
OverheadActual  18: 1 op, 457.00 ns, 457.0000 ns/op
OverheadActual  19: 1 op, 510.00 ns, 510.0000 ns/op
OverheadActual  20: 1 op, 407.00 ns, 407.0000 ns/op

WorkloadWarmup   1: 1 op, 9594533.00 ns, 9.5945 ms/op
WorkloadWarmup   2: 1 op, 7849807.00 ns, 7.8498 ms/op
WorkloadWarmup   3: 1 op, 7752846.00 ns, 7.7528 ms/op

// BeforeActualRun
WorkloadActual   1: 1 op, 7577869.00 ns, 7.5779 ms/op
WorkloadActual   2: 1 op, 7284403.00 ns, 7.2844 ms/op
WorkloadActual   3: 1 op, 7222017.00 ns, 7.2220 ms/op
WorkloadActual   4: 1 op, 7458228.00 ns, 7.4582 ms/op
WorkloadActual   5: 1 op, 7128896.00 ns, 7.1289 ms/op

// AfterActualRun
WorkloadResult   1: 1 op, 7577461.00 ns, 7.5775 ms/op
WorkloadResult   2: 1 op, 7283995.00 ns, 7.2840 ms/op
WorkloadResult   3: 1 op, 7221609.00 ns, 7.2216 ms/op
WorkloadResult   4: 1 op, 7457820.00 ns, 7.4578 ms/op
WorkloadResult   5: 1 op, 7128488.00 ns, 7.1285 ms/op
// GC:  0 0 0 1578960 1
// Threading:  0 0 1

// AfterAll
// Benchmark Process 1483 has exited with code 0.

Mean = 7.334 ms, StdErr = 0.081 ms (1.11%), N = 5, StdDev = 0.182 ms
Min = 7.128 ms, Q1 = 7.222 ms, Median = 7.284 ms, Q3 = 7.458 ms, Max = 7.577 ms
IQR = 0.236 ms, LowerFence = 6.867 ms, UpperFence = 7.812 ms
ConfidenceInterval = [6.634 ms; 8.033 ms] (CI 99.9%), Margin = 0.699 ms (9.54% of Mean)
Skewness = 0.21, Kurtosis = 1.05, MValue = 2

// ** Remained 44 (67.7%) benchmark(s) to run. Estimated finish 2026-08-16 3:32 (0h 7m from now) **
// **************************
// Benchmark: HostBuildBenchmarks.Needlr_SourceGen_BuildHost: ShortRun(InvocationCount=1, IterationCount=5, LaunchCount=1, UnrollFactor=1, WarmupCount=3)
// *** Execute ***
// Launch: 1 / 1
// Execute: dotnet bf8bdc48-2475-4673-b310-6966704f044e.dll --anonymousPipes 163 164 --benchmarkName NexusLabs.Needlr.Benchmarks.Benchmarks.HostBuildBenchmarks.Needlr_SourceGen_BuildHost --job ShortRun --benchmarkId 21 in /actions-runner/_work/needlr/needlr/src/NexusLabs.Needlr.Benchmarks/bin/Release/net10.0/bf8bdc48-2475-4673-b310-6966704f044e/bin/Release/net10.0
// Failed to set up high priority (Permission denied). In order to run benchmarks with high priority, make sure you have the right permissions.
// BeforeAnythingElse

// Benchmark Process Environment Information:
// BenchmarkDotNet v0.14.0
// Runtime=.NET 10.0.10 (10.0.1026.32716), X64 RyuJIT AVX2
// GC=Concurrent Workstation
// HardwareIntrinsics=AVX2,AES,BMI1,BMI2,FMA,LZCNT,PCLMUL,POPCNT,AvxVnni,SERIALIZE VectorSize=256
// Job: ShortRun(InvocationCount=1, IterationCount=5, LaunchCount=1, UnrollFactor=1, WarmupCount=3)

OverheadJitting  1: 1 op, 277747.00 ns, 277.7470 us/op
WorkloadJitting  1: 1 op, 70173142.00 ns, 70.1731 ms/op

OverheadWarmup   1: 1 op, 451.00 ns, 451.0000 ns/op
OverheadWarmup   2: 1 op, 315.00 ns, 315.0000 ns/op
OverheadWarmup   3: 1 op, 284.00 ns, 284.0000 ns/op
OverheadWarmup   4: 1 op, 326.00 ns, 326.0000 ns/op
OverheadWarmup   5: 1 op, 323.00 ns, 323.0000 ns/op
OverheadWarmup   6: 1 op, 322.00 ns, 322.0000 ns/op
OverheadWarmup   7: 1 op, 264.00 ns, 264.0000 ns/op
OverheadWarmup   8: 1 op, 269.00 ns, 269.0000 ns/op
OverheadWarmup   9: 1 op, 301.00 ns, 301.0000 ns/op
OverheadWarmup  10: 1 op, 291.00 ns, 291.0000 ns/op

OverheadActual   1: 1 op, 270.00 ns, 270.0000 ns/op
OverheadActual   2: 1 op, 286.00 ns, 286.0000 ns/op
OverheadActual   3: 1 op, 415.00 ns, 415.0000 ns/op
OverheadActual   4: 1 op, 281.00 ns, 281.0000 ns/op
OverheadActual   5: 1 op, 296.00 ns, 296.0000 ns/op
OverheadActual   6: 1 op, 309.00 ns, 309.0000 ns/op
OverheadActual   7: 1 op, 267.00 ns, 267.0000 ns/op
OverheadActual   8: 1 op, 258.00 ns, 258.0000 ns/op
OverheadActual   9: 1 op, 264.00 ns, 264.0000 ns/op
OverheadActual  10: 1 op, 268.00 ns, 268.0000 ns/op
OverheadActual  11: 1 op, 291.00 ns, 291.0000 ns/op
OverheadActual  12: 1 op, 304.00 ns, 304.0000 ns/op
OverheadActual  13: 1 op, 301.00 ns, 301.0000 ns/op
OverheadActual  14: 1 op, 297.00 ns, 297.0000 ns/op
OverheadActual  15: 1 op, 270.00 ns, 270.0000 ns/op
OverheadActual  16: 1 op, 264.00 ns, 264.0000 ns/op
OverheadActual  17: 1 op, 306.00 ns, 306.0000 ns/op
OverheadActual  18: 1 op, 285.00 ns, 285.0000 ns/op
OverheadActual  19: 1 op, 302.00 ns, 302.0000 ns/op
OverheadActual  20: 1 op, 260.00 ns, 260.0000 ns/op

WorkloadWarmup   1: 1 op, 3761198.00 ns, 3.7612 ms/op
WorkloadWarmup   2: 1 op, 2704338.00 ns, 2.7043 ms/op
WorkloadWarmup   3: 1 op, 2513509.00 ns, 2.5135 ms/op

// BeforeActualRun
WorkloadActual   1: 1 op, 2530534.00 ns, 2.5305 ms/op
WorkloadActual   2: 1 op, 2624401.00 ns, 2.6244 ms/op
WorkloadActual   3: 1 op, 2405454.00 ns, 2.4055 ms/op
WorkloadActual   4: 1 op, 2376450.00 ns, 2.3765 ms/op
WorkloadActual   5: 1 op, 2415600.00 ns, 2.4156 ms/op

// AfterActualRun
WorkloadResult   1: 1 op, 2530248.50 ns, 2.5302 ms/op
WorkloadResult   2: 1 op, 2624115.50 ns, 2.6241 ms/op
WorkloadResult   3: 1 op, 2405168.50 ns, 2.4052 ms/op
WorkloadResult   4: 1 op, 2376164.50 ns, 2.3762 ms/op
WorkloadResult   5: 1 op, 2415314.50 ns, 2.4153 ms/op
// GC:  0 0 0 595760 1
// Threading:  0 0 1

// AfterAll
// Benchmark Process 1510 has exited with code 0.

Mean = 2.470 ms, StdErr = 0.047 ms (1.89%), N = 5, StdDev = 0.104 ms
Min = 2.376 ms, Q1 = 2.405 ms, Median = 2.415 ms, Q3 = 2.530 ms, Max = 2.624 ms
IQR = 0.125 ms, LowerFence = 2.218 ms, UpperFence = 2.718 ms
ConfidenceInterval = [2.069 ms; 2.871 ms] (CI 99.9%), Margin = 0.401 ms (16.23% of Mean)
Skewness = 0.46, Kurtosis = 1.16, MValue = 2

// ** Remained 43 (66.2%) benchmark(s) to run. Estimated finish 2026-08-16 3:32 (0h 7m from now) **
// **************************
// Benchmark: HostBuildBenchmarks.Needlr_SourceGenExplicit_BuildHost: ShortRun(InvocationCount=1, IterationCount=5, LaunchCount=1, UnrollFactor=1, WarmupCount=3)
// *** Execute ***
// Launch: 1 / 1
// Execute: dotnet bf8bdc48-2475-4673-b310-6966704f044e.dll --anonymousPipes 163 164 --benchmarkName NexusLabs.Needlr.Benchmarks.Benchmarks.HostBuildBenchmarks.Needlr_SourceGenExplicit_BuildHost --job ShortRun --benchmarkId 22 in /actions-runner/_work/needlr/needlr/src/NexusLabs.Needlr.Benchmarks/bin/Release/net10.0/bf8bdc48-2475-4673-b310-6966704f044e/bin/Release/net10.0
// Failed to set up high priority (Permission denied). In order to run benchmarks with high priority, make sure you have the right permissions.
// BeforeAnythingElse

// Benchmark Process Environment Information:
// BenchmarkDotNet v0.14.0
// Runtime=.NET 10.0.10 (10.0.1026.32716), X64 RyuJIT AVX2
// GC=Concurrent Workstation
// HardwareIntrinsics=AVX2,AES,BMI1,BMI2,FMA,LZCNT,PCLMUL,POPCNT,AvxVnni,SERIALIZE VectorSize=256
// Job: ShortRun(InvocationCount=1, IterationCount=5, LaunchCount=1, UnrollFactor=1, WarmupCount=3)

OverheadJitting  1: 1 op, 265902.00 ns, 265.9020 us/op
WorkloadJitting  1: 1 op, 55489118.00 ns, 55.4891 ms/op

OverheadWarmup   1: 1 op, 429.00 ns, 429.0000 ns/op
OverheadWarmup   2: 1 op, 364.00 ns, 364.0000 ns/op
OverheadWarmup   3: 1 op, 307.00 ns, 307.0000 ns/op
OverheadWarmup   4: 1 op, 305.00 ns, 305.0000 ns/op
OverheadWarmup   5: 1 op, 303.00 ns, 303.0000 ns/op
OverheadWarmup   6: 1 op, 284.00 ns, 284.0000 ns/op
OverheadWarmup   7: 1 op, 304.00 ns, 304.0000 ns/op
OverheadWarmup   8: 1 op, 320.00 ns, 320.0000 ns/op
OverheadWarmup   9: 1 op, 287.00 ns, 287.0000 ns/op
OverheadWarmup  10: 1 op, 259.00 ns, 259.0000 ns/op

OverheadActual   1: 1 op, 264.00 ns, 264.0000 ns/op
OverheadActual   2: 1 op, 297.00 ns, 297.0000 ns/op
OverheadActual   3: 1 op, 294.00 ns, 294.0000 ns/op
OverheadActual   4: 1 op, 351.00 ns, 351.0000 ns/op
OverheadActual   5: 1 op, 359.00 ns, 359.0000 ns/op
OverheadActual   6: 1 op, 281.00 ns, 281.0000 ns/op
OverheadActual   7: 1 op, 269.00 ns, 269.0000 ns/op
OverheadActual   8: 1 op, 333.00 ns, 333.0000 ns/op
OverheadActual   9: 1 op, 273.00 ns, 273.0000 ns/op
OverheadActual  10: 1 op, 278.00 ns, 278.0000 ns/op
OverheadActual  11: 1 op, 300.00 ns, 300.0000 ns/op
OverheadActual  12: 1 op, 287.00 ns, 287.0000 ns/op
OverheadActual  13: 1 op, 272.00 ns, 272.0000 ns/op
OverheadActual  14: 1 op, 283.00 ns, 283.0000 ns/op
OverheadActual  15: 1 op, 309.00 ns, 309.0000 ns/op
OverheadActual  16: 1 op, 300.00 ns, 300.0000 ns/op
OverheadActual  17: 1 op, 291.00 ns, 291.0000 ns/op
OverheadActual  18: 1 op, 300.00 ns, 300.0000 ns/op
OverheadActual  19: 1 op, 270.00 ns, 270.0000 ns/op
OverheadActual  20: 1 op, 258.00 ns, 258.0000 ns/op

WorkloadWarmup   1: 1 op, 3340339.00 ns, 3.3403 ms/op
WorkloadWarmup   2: 1 op, 2444648.00 ns, 2.4446 ms/op
WorkloadWarmup   3: 1 op, 2400748.00 ns, 2.4007 ms/op

// BeforeActualRun
WorkloadActual   1: 1 op, 2417138.00 ns, 2.4171 ms/op
WorkloadActual   2: 1 op, 2682255.00 ns, 2.6823 ms/op
WorkloadActual   3: 1 op, 2348289.00 ns, 2.3483 ms/op
WorkloadActual   4: 1 op, 2883769.00 ns, 2.8838 ms/op
WorkloadActual   5: 1 op, 3790568.00 ns, 3.7906 ms/op

// AfterActualRun
WorkloadResult   1: 1 op, 2416849.00 ns, 2.4168 ms/op
WorkloadResult   2: 1 op, 2681966.00 ns, 2.6820 ms/op
WorkloadResult   3: 1 op, 2348000.00 ns, 2.3480 ms/op
WorkloadResult   4: 1 op, 2883480.00 ns, 2.8835 ms/op
// GC:  0 0 0 495488 1
// Threading:  0 1 1

// AfterAll
// Benchmark Process 1537 has exited with code 0.

Mean = 2.583 ms, StdErr = 0.123 ms (4.78%), N = 4, StdDev = 0.247 ms
Min = 2.348 ms, Q1 = 2.400 ms, Median = 2.549 ms, Q3 = 2.732 ms, Max = 2.883 ms
IQR = 0.333 ms, LowerFence = 1.901 ms, UpperFence = 3.231 ms
ConfidenceInterval = [0.987 ms; 4.178 ms] (CI 99.9%), Margin = 1.596 ms (61.78% of Mean)
Skewness = 0.18, Kurtosis = 0.81, MValue = 2

// ** Remained 42 (64.6%) benchmark(s) to run. Estimated finish 2026-08-16 3:32 (0h 6m from now) **
// ***** BenchmarkRunner: Finish  *****

// * Export *
  actions-runner/_work/needlr/needlr/benchmark-results/results/NexusLabs.Needlr.Benchmarks.Benchmarks.HostBuildBenchmarks-report.csv
  actions-runner/_work/needlr/needlr/benchmark-results/results/NexusLabs.Needlr.Benchmarks.Benchmarks.HostBuildBenchmarks-report-github.md
  actions-runner/_work/needlr/needlr/benchmark-results/results/NexusLabs.Needlr.Benchmarks.Benchmarks.HostBuildBenchmarks-report.html
  actions-runner/_work/needlr/needlr/benchmark-results/results/NexusLabs.Needlr.Benchmarks.Benchmarks.HostBuildBenchmarks-report-full-compressed.json
  actions-runner/_work/needlr/needlr/benchmark-results/results/NexusLabs.Needlr.Benchmarks.Benchmarks.HostBuildBenchmarks-report-default.md

// * Detailed results *
HostBuildBenchmarks.ManualDI_BuildHost: ShortRun(InvocationCount=1, IterationCount=5, LaunchCount=1, UnrollFactor=1, WarmupCount=3)
Runtime = .NET 10.0.10 (10.0.1026.32716), X64 RyuJIT AVX2; GC = Concurrent Workstation
Mean = 3.527 ms, StdErr = 0.167 ms (4.72%), N = 4, StdDev = 0.333 ms
Min = 3.038 ms, Q1 = 3.456 ms, Median = 3.659 ms, Q3 = 3.729 ms, Max = 3.753 ms
IQR = 0.273 ms, LowerFence = 3.047 ms, UpperFence = 4.139 ms
ConfidenceInterval = [1.375 ms; 5.679 ms] (CI 99.9%), Margin = 2.152 ms (61.01% of Mean)
Skewness = -0.66, Kurtosis = 1.24, MValue = 2
-------------------- Histogram --------------------
[2.763 ms ; 3.399 ms) | @
[3.399 ms ; 4.028 ms) | @@@
---------------------------------------------------

HostBuildBenchmarks.Needlr_Reflection_BuildHost: ShortRun(InvocationCount=1, IterationCount=5, LaunchCount=1, UnrollFactor=1, WarmupCount=3)
Runtime = .NET 10.0.10 (10.0.1026.32716), X64 RyuJIT AVX2; GC = Concurrent Workstation
Mean = 7.334 ms, StdErr = 0.081 ms (1.11%), N = 5, StdDev = 0.182 ms
Min = 7.128 ms, Q1 = 7.222 ms, Median = 7.284 ms, Q3 = 7.458 ms, Max = 7.577 ms
IQR = 0.236 ms, LowerFence = 6.867 ms, UpperFence = 7.812 ms
ConfidenceInterval = [6.634 ms; 8.033 ms] (CI 99.9%), Margin = 0.699 ms (9.54% of Mean)
Skewness = 0.21, Kurtosis = 1.05, MValue = 2
-------------------- Histogram --------------------
[7.067 ms ; 7.346 ms) | @@@
[7.346 ms ; 7.657 ms) | @@
---------------------------------------------------

HostBuildBenchmarks.Needlr_SourceGen_BuildHost: ShortRun(InvocationCount=1, IterationCount=5, LaunchCount=1, UnrollFactor=1, WarmupCount=3)
Runtime = .NET 10.0.10 (10.0.1026.32716), X64 RyuJIT AVX2; GC = Concurrent Workstation
Mean = 2.470 ms, StdErr = 0.047 ms (1.89%), N = 5, StdDev = 0.104 ms
Min = 2.376 ms, Q1 = 2.405 ms, Median = 2.415 ms, Q3 = 2.530 ms, Max = 2.624 ms
IQR = 0.125 ms, LowerFence = 2.218 ms, UpperFence = 2.718 ms
ConfidenceInterval = [2.069 ms; 2.871 ms] (CI 99.9%), Margin = 0.401 ms (16.23% of Mean)
Skewness = 0.46, Kurtosis = 1.16, MValue = 2
-------------------- Histogram --------------------
[2.373 ms ; 2.533 ms) | @@@@
[2.533 ms ; 2.704 ms) | @
---------------------------------------------------

HostBuildBenchmarks.Needlr_SourceGenExplicit_BuildHost: ShortRun(InvocationCount=1, IterationCount=5, LaunchCount=1, UnrollFactor=1, WarmupCount=3)
Runtime = .NET 10.0.10 (10.0.1026.32716), X64 RyuJIT AVX2; GC = Concurrent Workstation
Mean = 2.583 ms, StdErr = 0.123 ms (4.78%), N = 4, StdDev = 0.247 ms
Min = 2.348 ms, Q1 = 2.400 ms, Median = 2.549 ms, Q3 = 2.732 ms, Max = 2.883 ms
IQR = 0.333 ms, LowerFence = 1.901 ms, UpperFence = 3.231 ms
ConfidenceInterval = [0.987 ms; 4.178 ms] (CI 99.9%), Margin = 1.596 ms (61.78% of Mean)
Skewness = 0.18, Kurtosis = 0.81, MValue = 2
-------------------- Histogram --------------------
[2.311 ms ; 2.719 ms) | @@@
[2.719 ms ; 3.088 ms) | @
---------------------------------------------------

// * Summary *

BenchmarkDotNet v0.14.0, Ubuntu 24.04.4 LTS (Noble Numbat)
Intel Core 7 150U, 1 CPU, 12 logical and 6 physical cores
.NET SDK 10.0.302
  [Host]   : .NET 10.0.10 (10.0.1026.32716), X64 RyuJIT AVX2
  ShortRun : .NET 10.0.10 (10.0.1026.32716), X64 RyuJIT AVX2

Job=ShortRun  InvocationCount=1  IterationCount=5  
LaunchCount=1  UnrollFactor=1  WarmupCount=3  

| Method                             | Mean     | Error     | StdDev    | Ratio | RatioSD | Rank | Allocated  | Alloc Ratio |
|----------------------------------- |---------:|----------:|----------:|------:|--------:|-----:|-----------:|------------:|
| ManualDI_BuildHost                 | 3.527 ms | 2.1519 ms | 0.3330 ms |  1.01 |    0.13 |    2 |  312.01 KB |        1.00 |
| Needlr_Reflection_BuildHost        | 7.334 ms | 0.6994 ms | 0.1816 ms |  2.09 |    0.20 |    3 | 1541.95 KB |        4.94 |
| Needlr_SourceGen_BuildHost         | 2.470 ms | 0.4010 ms | 0.1041 ms |  0.71 |    0.07 |    1 |   581.8 KB |        1.86 |
| Needlr_SourceGenExplicit_BuildHost | 2.583 ms | 1.5956 ms | 0.2469 ms |  0.74 |    0.09 |    1 |  483.88 KB |        1.55 |

// * Warnings *
MinIterationTime
  HostBuildBenchmarks.ManualDI_BuildHost: ShortRun                 -> The minimum observed iteration time is 3.039ms which is very small. It's recommended to increase it to at least 100ms using more operations.
  HostBuildBenchmarks.Needlr_Reflection_BuildHost: ShortRun        -> The minimum observed iteration time is 7.129ms which is very small. It's recommended to increase it to at least 100ms using more operations.
  HostBuildBenchmarks.Needlr_SourceGen_BuildHost: ShortRun         -> The minimum observed iteration time is 2.376ms which is very small. It's recommended to increase it to at least 100ms using more operations.
  HostBuildBenchmarks.Needlr_SourceGenExplicit_BuildHost: ShortRun -> The minimum observed iteration time is 2.348ms which is very small. It's recommended to increase it to at least 100ms using more operations.

// * Hints *
Outliers
  HostBuildBenchmarks.ManualDI_BuildHost: ShortRun                 -> 1 outlier  was  removed, 2 outliers were detected (3.04 ms, 5.70 ms)
  HostBuildBenchmarks.Needlr_SourceGenExplicit_BuildHost: ShortRun -> 1 outlier  was  removed (3.79 ms)
// * Config Issues *

// * Warnings *
Configuration
  Summary -> The exporter HtmlExporter is already present in configuration. There may be unexpected results.

// * Legends *
  Mean        : Arithmetic mean of all measurements
  Error       : Half of 99.9% confidence interval
  StdDev      : Standard deviation of all measurements
  Ratio       : Mean of the ratio distribution ([Current]/[Baseline])
  RatioSD     : Standard deviation of the ratio distribution ([Current]/[Baseline])
  Rank        : Relative position of current benchmark mean among all benchmarks (Arabic style)
  Allocated   : Allocated memory per single operation (managed only, inclusive, 1KB = 1024B)
  Alloc Ratio : Allocated memory ratio distribution ([Current]/[Baseline])
  1 ms        : 1 Millisecond (0.001 sec)

// * Diagnostic Output - MemoryDiagnoser *


// ***** BenchmarkRunner: End *****
Run time: 00:00:01 (1.15 sec), executed benchmarks: 4

// Found 3 benchmarks:
//   KeyedServiceResolutionBenchmarks.ManualDI_ResolveKeyed: ShortRun(IterationCount=5, LaunchCount=1, WarmupCount=3)
//   KeyedServiceResolutionBenchmarks.Needlr_Reflection_ResolveKeyed: ShortRun(IterationCount=5, LaunchCount=1, WarmupCount=3)
//   KeyedServiceResolutionBenchmarks.Needlr_SourceGen_ResolveKeyed: ShortRun(IterationCount=5, LaunchCount=1, WarmupCount=3)

// **************************
// Benchmark: KeyedServiceResolutionBenchmarks.ManualDI_ResolveKeyed: ShortRun(IterationCount=5, LaunchCount=1, WarmupCount=3)
// *** Execute ***
// Launch: 1 / 1
// Execute: dotnet bf8bdc48-2475-4673-b310-6966704f044e.dll --anonymousPipes 163 164 --benchmarkName NexusLabs.Needlr.Benchmarks.Benchmarks.KeyedServiceResolutionBenchmarks.ManualDI_ResolveKeyed --job ShortRun --benchmarkId 23 in /actions-runner/_work/needlr/needlr/src/NexusLabs.Needlr.Benchmarks/bin/Release/net10.0/bf8bdc48-2475-4673-b310-6966704f044e/bin/Release/net10.0
// Failed to set up high priority (Permission denied). In order to run benchmarks with high priority, make sure you have the right permissions.
// BeforeAnythingElse

// Benchmark Process Environment Information:
// BenchmarkDotNet v0.14.0
// Runtime=.NET 10.0.10 (10.0.1026.32716), X64 RyuJIT AVX2
// GC=Concurrent Workstation
// HardwareIntrinsics=AVX2,AES,BMI1,BMI2,FMA,LZCNT,PCLMUL,POPCNT,AvxVnni,SERIALIZE VectorSize=256
// Job: ShortRun(IterationCount=5, LaunchCount=1, WarmupCount=3)

OverheadJitting  1: 1 op, 267426.00 ns, 267.4260 us/op
WorkloadJitting  1: 1 op, 3145424.00 ns, 3.1454 ms/op

OverheadJitting  2: 16 op, 352430.00 ns, 22.0269 us/op
WorkloadJitting  2: 16 op, 430193.00 ns, 26.8871 us/op

WorkloadPilot    1: 16 op, 5868.00 ns, 366.7500 ns/op
WorkloadPilot    2: 32 op, 7420.00 ns, 231.8750 ns/op
WorkloadPilot    3: 64 op, 9115.00 ns, 142.4219 ns/op
WorkloadPilot    4: 128 op, 12784.00 ns, 99.8750 ns/op
WorkloadPilot    5: 256 op, 22101.00 ns, 86.3320 ns/op
WorkloadPilot    6: 512 op, 39212.00 ns, 76.5859 ns/op
WorkloadPilot    7: 1024 op, 71937.00 ns, 70.2510 ns/op
WorkloadPilot    8: 2048 op, 141186.00 ns, 68.9385 ns/op
WorkloadPilot    9: 4096 op, 280335.00 ns, 68.4412 ns/op
WorkloadPilot   10: 8192 op, 607309.00 ns, 74.1344 ns/op
WorkloadPilot   11: 16384 op, 1209635.00 ns, 73.8303 ns/op
WorkloadPilot   12: 32768 op, 2325827.00 ns, 70.9786 ns/op
WorkloadPilot   13: 65536 op, 4808929.00 ns, 73.3784 ns/op
WorkloadPilot   14: 131072 op, 9013653.00 ns, 68.7687 ns/op
WorkloadPilot   15: 262144 op, 18153952.00 ns, 69.2518 ns/op
WorkloadPilot   16: 524288 op, 47225244.00 ns, 90.0750 ns/op
WorkloadPilot   17: 1048576 op, 77507591.00 ns, 73.9170 ns/op
WorkloadPilot   18: 2097152 op, 111780684.00 ns, 53.3012 ns/op
WorkloadPilot   19: 4194304 op, 72066439.00 ns, 17.1820 ns/op
WorkloadPilot   20: 8388608 op, 151436928.00 ns, 18.0527 ns/op
WorkloadPilot   21: 16777216 op, 304146025.00 ns, 18.1285 ns/op
WorkloadPilot   22: 33554432 op, 574830182.00 ns, 17.1313 ns/op

OverheadWarmup   1: 33554432 op, 139838338.00 ns, 4.1675 ns/op
OverheadWarmup   2: 33554432 op, 121112873.00 ns, 3.6094 ns/op
OverheadWarmup   3: 33554432 op, 114117703.00 ns, 3.4010 ns/op
OverheadWarmup   4: 33554432 op, 139364130.00 ns, 4.1534 ns/op
OverheadWarmup   5: 33554432 op, 163108631.00 ns, 4.8610 ns/op
OverheadWarmup   6: 33554432 op, 149379964.00 ns, 4.4519 ns/op
OverheadWarmup   7: 33554432 op, 129679986.00 ns, 3.8648 ns/op
OverheadWarmup   8: 33554432 op, 130408228.00 ns, 3.8865 ns/op
OverheadWarmup   9: 33554432 op, 120580795.00 ns, 3.5936 ns/op

OverheadActual   1: 33554432 op, 119440164.00 ns, 3.5596 ns/op
OverheadActual   2: 33554432 op, 112922370.00 ns, 3.3653 ns/op
OverheadActual   3: 33554432 op, 110917480.00 ns, 3.3056 ns/op
OverheadActual   4: 33554432 op, 105776210.00 ns, 3.1524 ns/op
OverheadActual   5: 33554432 op, 115278108.00 ns, 3.4356 ns/op
OverheadActual   6: 33554432 op, 111927948.00 ns, 3.3357 ns/op
OverheadActual   7: 33554432 op, 109636013.00 ns, 3.2674 ns/op
OverheadActual   8: 33554432 op, 110360482.00 ns, 3.2890 ns/op
OverheadActual   9: 33554432 op, 108765293.00 ns, 3.2415 ns/op
OverheadActual  10: 33554432 op, 106979194.00 ns, 3.1882 ns/op
OverheadActual  11: 33554432 op, 103285177.00 ns, 3.0781 ns/op
OverheadActual  12: 33554432 op, 105671827.00 ns, 3.1493 ns/op
OverheadActual  13: 33554432 op, 103133487.00 ns, 3.0736 ns/op
OverheadActual  14: 33554432 op, 104938130.00 ns, 3.1274 ns/op
OverheadActual  15: 33554432 op, 105175709.00 ns, 3.1345 ns/op

WorkloadWarmup   1: 33554432 op, 546855752.00 ns, 16.2976 ns/op
WorkloadWarmup   2: 33554432 op, 596150028.00 ns, 17.7667 ns/op
WorkloadWarmup   3: 33554432 op, 679041195.00 ns, 20.2370 ns/op

// BeforeActualRun
WorkloadActual   1: 33554432 op, 583892623.00 ns, 17.4014 ns/op
WorkloadActual   2: 33554432 op, 553916447.00 ns, 16.5080 ns/op
WorkloadActual   3: 33554432 op, 578481289.00 ns, 17.2401 ns/op
WorkloadActual   4: 33554432 op, 550854913.00 ns, 16.4168 ns/op
WorkloadActual   5: 33554432 op, 656421295.00 ns, 19.5629 ns/op

// AfterActualRun
WorkloadResult   1: 33554432 op, 475127330.00 ns, 14.1599 ns/op
WorkloadResult   2: 33554432 op, 445151154.00 ns, 13.2665 ns/op
WorkloadResult   3: 33554432 op, 469715996.00 ns, 13.9986 ns/op
WorkloadResult   4: 33554432 op, 442089620.00 ns, 13.1753 ns/op
// GC:  0 0 0 1072 33554432
// Threading:  0 0 33554432

// AfterAll
// Benchmark Process 1564 has exited with code 0.

Mean = 13.650 ns, StdErr = 0.251 ns (1.84%), N = 4, StdDev = 0.501 ns
Min = 13.175 ns, Q1 = 13.244 ns, Median = 13.633 ns, Q3 = 14.039 ns, Max = 14.160 ns
IQR = 0.795 ns, LowerFence = 12.051 ns, UpperFence = 15.232 ns
ConfidenceInterval = [10.411 ns; 16.890 ns] (CI 99.9%), Margin = 3.239 ns (23.73% of Mean)
Skewness = 0.02, Kurtosis = 0.61, MValue = 2

// ** Remained 41 (63.1%) benchmark(s) to run. Estimated finish 2026-08-16 3:32 (0h 6m from now) **
// **************************
// Benchmark: KeyedServiceResolutionBenchmarks.Needlr_Reflection_ResolveKeyed: ShortRun(IterationCount=5, LaunchCount=1, WarmupCount=3)
// *** Execute ***
// Launch: 1 / 1
// Execute: dotnet bf8bdc48-2475-4673-b310-6966704f044e.dll --anonymousPipes 163 164 --benchmarkName NexusLabs.Needlr.Benchmarks.Benchmarks.KeyedServiceResolutionBenchmarks.Needlr_Reflection_ResolveKeyed --job ShortRun --benchmarkId 24 in /actions-runner/_work/needlr/needlr/src/NexusLabs.Needlr.Benchmarks/bin/Release/net10.0/bf8bdc48-2475-4673-b310-6966704f044e/bin/Release/net10.0
// Failed to set up high priority (Permission denied). In order to run benchmarks with high priority, make sure you have the right permissions.
// BeforeAnythingElse

// Benchmark Process Environment Information:
// BenchmarkDotNet v0.14.0
// Runtime=.NET 10.0.10 (10.0.1026.32716), X64 RyuJIT AVX2
// GC=Concurrent Workstation
// HardwareIntrinsics=AVX2,AES,BMI1,BMI2,FMA,LZCNT,PCLMUL,POPCNT,AvxVnni,SERIALIZE VectorSize=256
// Job: ShortRun(IterationCount=5, LaunchCount=1, WarmupCount=3)

OverheadJitting  1: 1 op, 264276.00 ns, 264.2760 us/op

System.Reflection.TargetInvocationException: Exception has been thrown by the target of an invocation.
 ---> System.InvalidOperationException: No keyed service for type 'NexusLabs.Needlr.Benchmarks.TestTypes.IKeyedService' using key type 'System.String' has been registered.
   at Microsoft.Extensions.DependencyInjection.ServiceLookup.ThrowHelper.ThrowInvalidOperationException_NoKeyedServiceRegistered(Type serviceType, Type keyType)
   at Microsoft.Extensions.DependencyInjection.ServiceProvider.GetRequiredKeyedService(Type serviceType, Object serviceKey, ServiceProviderEngineScope serviceProviderEngineScope)
   at Microsoft.Extensions.DependencyInjection.ServiceProviderKeyedServiceExtensions.GetRequiredKeyedService[T](IServiceProvider provider, Object serviceKey)
   at NexusLabs.Needlr.Benchmarks.Benchmarks.KeyedServiceResolutionBenchmarks.Needlr_Reflection_ResolveKeyed() in /_/src/NexusLabs.Needlr.Benchmarks/Benchmarks/KeyedServiceResolutionBenchmarks.cs:line 70
   at BenchmarkDotNet.Autogenerated.Runnable_24.WorkloadActionNoUnroll(Int64 invokeCount) in /_/src/NexusLabs.Needlr.Benchmarks/bin/Release/net10.0/bf8bdc48-2475-4673-b310-6966704f044e/bf8bdc48-2475-4673-b310-6966704f044e.notcs:line 4920
   at BenchmarkDotNet.Engines.Engine.Measure(Action`1 action, Int64 invokeCount)
   at BenchmarkDotNet.Engines.Engine.RunIteration(IterationData data)
   at BenchmarkDotNet.Engines.EngineFactory.Jit(Engine engine, Int32 jitIndex, Int32 invokeCount, Int32 unrollFactor)
   at BenchmarkDotNet.Engines.EngineFactory.CreateReadyToRun(EngineParameters engineParameters)
   at BenchmarkDotNet.Autogenerated.Runnable_24.Run(IHost host, String benchmarkName) in /_/src/NexusLabs.Needlr.Benchmarks/bin/Release/net10.0/bf8bdc48-2475-4673-b310-6966704f044e/bf8bdc48-2475-4673-b310-6966704f044e.notcs:line 4783
   at System.Reflection.MethodBaseInvoker.InterpretedInvoke_Method(Object obj, IntPtr* args)
   at System.Reflection.MethodBaseInvoker.InvokeDirectByRefWithFewArgs(Object obj, Span`1 copyOfArgs, BindingFlags invokeAttr)
   --- End of inner exception stack trace ---
   at System.Reflection.MethodBaseInvoker.InvokeDirectByRefWithFewArgs(Object obj, Span`1 copyOfArgs, BindingFlags invokeAttr)
   at System.Reflection.MethodBaseInvoker.InvokeWithFewArgs(Object obj, BindingFlags invokeAttr, Binder binder, Object[] parameters, CultureInfo culture)
   at System.Reflection.RuntimeMethodInfo.Invoke(Object obj, BindingFlags invokeAttr, Binder binder, Object[] parameters, CultureInfo culture)
   at BenchmarkDotNet.Autogenerated.UniqueProgramName.AfterAssemblyLoadingAttached(String[] args) in /_/src/NexusLabs.Needlr.Benchmarks/bin/Release/net10.0/bf8bdc48-2475-4673-b310-6966704f044e/bf8bdc48-2475-4673-b310-6966704f044e.notcs:line 57
// AfterAll
No Workload Results were obtained from the run.
// Benchmark Process 1574 has exited with code 255.

// ** Remained 40 (61.5%) benchmark(s) to run. Estimated finish 2026-08-16 3:31 (0h 6m from now) **
// **************************
// Benchmark: KeyedServiceResolutionBenchmarks.Needlr_SourceGen_ResolveKeyed: ShortRun(IterationCount=5, LaunchCount=1, WarmupCount=3)
// *** Execute ***
// Launch: 1 / 1
// Execute: dotnet bf8bdc48-2475-4673-b310-6966704f044e.dll --anonymousPipes 163 164 --benchmarkName NexusLabs.Needlr.Benchmarks.Benchmarks.KeyedServiceResolutionBenchmarks.Needlr_SourceGen_ResolveKeyed --job ShortRun --benchmarkId 25 in /actions-runner/_work/needlr/needlr/src/NexusLabs.Needlr.Benchmarks/bin/Release/net10.0/bf8bdc48-2475-4673-b310-6966704f044e/bin/Release/net10.0
// Failed to set up high priority (Permission denied). In order to run benchmarks with high priority, make sure you have the right permissions.
// BeforeAnythingElse

// Benchmark Process Environment Information:
// BenchmarkDotNet v0.14.0
// Runtime=.NET 10.0.10 (10.0.1026.32716), X64 RyuJIT AVX2
// GC=Concurrent Workstation
// HardwareIntrinsics=AVX2,AES,BMI1,BMI2,FMA,LZCNT,PCLMUL,POPCNT,AvxVnni,SERIALIZE VectorSize=256
// Job: ShortRun(IterationCount=5, LaunchCount=1, WarmupCount=3)

OverheadJitting  1: 1 op, 256684.00 ns, 256.6840 us/op
WorkloadJitting  1: 1 op, 2170457.00 ns, 2.1705 ms/op

OverheadJitting  2: 16 op, 381068.00 ns, 23.8168 us/op
WorkloadJitting  2: 16 op, 395334.00 ns, 24.7084 us/op

WorkloadPilot    1: 16 op, 5702.00 ns, 356.3750 ns/op
WorkloadPilot    2: 32 op, 6481.00 ns, 202.5313 ns/op
WorkloadPilot    3: 64 op, 8964.00 ns, 140.0625 ns/op
WorkloadPilot    4: 128 op, 12519.00 ns, 97.8047 ns/op
WorkloadPilot    5: 256 op, 21691.00 ns, 84.7305 ns/op
WorkloadPilot    6: 512 op, 38310.00 ns, 74.8242 ns/op
WorkloadPilot    7: 1024 op, 73175.00 ns, 71.4600 ns/op
WorkloadPilot    8: 2048 op, 141337.00 ns, 69.0122 ns/op
WorkloadPilot    9: 4096 op, 441729.00 ns, 107.8440 ns/op
WorkloadPilot   10: 8192 op, 731957.00 ns, 89.3502 ns/op
WorkloadPilot   11: 16384 op, 1233184.00 ns, 75.2676 ns/op
WorkloadPilot   12: 32768 op, 2313815.00 ns, 70.6120 ns/op
WorkloadPilot   13: 65536 op, 5419162.00 ns, 82.6898 ns/op
WorkloadPilot   14: 131072 op, 9778152.00 ns, 74.6014 ns/op
WorkloadPilot   15: 262144 op, 18844872.00 ns, 71.8875 ns/op
WorkloadPilot   16: 524288 op, 37209451.00 ns, 70.9714 ns/op
WorkloadPilot   17: 1048576 op, 78895932.00 ns, 75.2410 ns/op
WorkloadPilot   18: 2097152 op, 38439535.00 ns, 18.3294 ns/op
WorkloadPilot   19: 4194304 op, 72332105.00 ns, 17.2453 ns/op
WorkloadPilot   20: 8388608 op, 148543794.00 ns, 17.7078 ns/op
WorkloadPilot   21: 16777216 op, 296459094.00 ns, 17.6703 ns/op
WorkloadPilot   22: 33554432 op, 591222972.00 ns, 17.6198 ns/op

OverheadWarmup   1: 33554432 op, 152288474.00 ns, 4.5386 ns/op
OverheadWarmup   2: 33554432 op, 123826417.00 ns, 3.6903 ns/op
OverheadWarmup   3: 33554432 op, 121359455.00 ns, 3.6168 ns/op
OverheadWarmup   4: 33554432 op, 140285886.00 ns, 4.1808 ns/op
OverheadWarmup   5: 33554432 op, 160145335.00 ns, 4.7727 ns/op
OverheadWarmup   6: 33554432 op, 146989740.00 ns, 4.3806 ns/op
OverheadWarmup   7: 33554432 op, 130860531.00 ns, 3.8999 ns/op
OverheadWarmup   8: 33554432 op, 122514571.00 ns, 3.6512 ns/op
OverheadWarmup   9: 33554432 op, 116707265.00 ns, 3.4781 ns/op
OverheadWarmup  10: 33554432 op, 118770031.00 ns, 3.5396 ns/op

OverheadActual   1: 33554432 op, 111634080.00 ns, 3.3270 ns/op
OverheadActual   2: 33554432 op, 108142427.00 ns, 3.2229 ns/op
OverheadActual   3: 33554432 op, 105407400.00 ns, 3.1414 ns/op
OverheadActual   4: 33554432 op, 120917257.00 ns, 3.6036 ns/op
OverheadActual   5: 33554432 op, 118667834.00 ns, 3.5366 ns/op
OverheadActual   6: 33554432 op, 112776099.00 ns, 3.3610 ns/op
OverheadActual   7: 33554432 op, 116749518.00 ns, 3.4794 ns/op
OverheadActual   8: 33554432 op, 115916684.00 ns, 3.4546 ns/op
OverheadActual   9: 33554432 op, 122513100.00 ns, 3.6512 ns/op
OverheadActual  10: 33554432 op, 123898822.00 ns, 3.6925 ns/op
OverheadActual  11: 33554432 op, 119422088.00 ns, 3.5591 ns/op
OverheadActual  12: 33554432 op, 116545774.00 ns, 3.4733 ns/op
OverheadActual  13: 33554432 op, 112180740.00 ns, 3.3432 ns/op
OverheadActual  14: 33554432 op, 109530699.00 ns, 3.2643 ns/op
OverheadActual  15: 33554432 op, 116291306.00 ns, 3.4658 ns/op

WorkloadWarmup   1: 33554432 op, 577165031.00 ns, 17.2009 ns/op
WorkloadWarmup   2: 33554432 op, 749718831.00 ns, 22.3434 ns/op
WorkloadWarmup   3: 33554432 op, 645281168.00 ns, 19.2309 ns/op

// BeforeActualRun
WorkloadActual   1: 33554432 op, 588990208.00 ns, 17.5533 ns/op
WorkloadActual   2: 33554432 op, 603640979.00 ns, 17.9899 ns/op
WorkloadActual   3: 33554432 op, 573674827.00 ns, 17.0968 ns/op
WorkloadActual   4: 33554432 op, 577397251.00 ns, 17.2078 ns/op
WorkloadActual   5: 33554432 op, 717837102.00 ns, 21.3932 ns/op

// AfterActualRun
WorkloadResult   1: 33554432 op, 472698902.00 ns, 14.0875 ns/op
WorkloadResult   2: 33554432 op, 487349673.00 ns, 14.5242 ns/op
WorkloadResult   3: 33554432 op, 457383521.00 ns, 13.6311 ns/op
WorkloadResult   4: 33554432 op, 461105945.00 ns, 13.7420 ns/op
// GC:  0 0 0 1072 33554432
// Threading:  0 0 33554432

// AfterAll
// Benchmark Process 1581 has exited with code 0.

Mean = 13.996 ns, StdErr = 0.201 ns (1.44%), N = 4, StdDev = 0.402 ns
Min = 13.631 ns, Q1 = 13.714 ns, Median = 13.915 ns, Q3 = 14.197 ns, Max = 14.524 ns
IQR = 0.482 ns, LowerFence = 12.991 ns, UpperFence = 14.920 ns
ConfidenceInterval = [11.398 ns; 16.594 ns] (CI 99.9%), Margin = 2.598 ns (18.56% of Mean)
Skewness = 0.32, Kurtosis = 0.95, MValue = 2

// ** Remained 39 (60.0%) benchmark(s) to run. Estimated finish 2026-08-16 3:31 (0h 5m from now) **
// ***** BenchmarkRunner: Finish  *****

// * Export *
  actions-runner/_work/needlr/needlr/benchmark-results/results/NexusLabs.Needlr.Benchmarks.Benchmarks.KeyedServiceResolutionBenchmarks-report.csv
  actions-runner/_work/needlr/needlr/benchmark-results/results/NexusLabs.Needlr.Benchmarks.Benchmarks.KeyedServiceResolutionBenchmarks-report-github.md
  actions-runner/_work/needlr/needlr/benchmark-results/results/NexusLabs.Needlr.Benchmarks.Benchmarks.KeyedServiceResolutionBenchmarks-report.html
  actions-runner/_work/needlr/needlr/benchmark-results/results/NexusLabs.Needlr.Benchmarks.Benchmarks.KeyedServiceResolutionBenchmarks-report-full-compressed.json
  actions-runner/_work/needlr/needlr/benchmark-results/results/NexusLabs.Needlr.Benchmarks.Benchmarks.KeyedServiceResolutionBenchmarks-report-default.md

// * Detailed results *
KeyedServiceResolutionBenchmarks.ManualDI_ResolveKeyed: ShortRun(IterationCount=5, LaunchCount=1, WarmupCount=3)
Runtime = .NET 10.0.10 (10.0.1026.32716), X64 RyuJIT AVX2; GC = Concurrent Workstation
Mean = 13.650 ns, StdErr = 0.251 ns (1.84%), N = 4, StdDev = 0.501 ns
Min = 13.175 ns, Q1 = 13.244 ns, Median = 13.633 ns, Q3 = 14.039 ns, Max = 14.160 ns
IQR = 0.795 ns, LowerFence = 12.051 ns, UpperFence = 15.232 ns
ConfidenceInterval = [10.411 ns; 16.890 ns] (CI 99.9%), Margin = 3.239 ns (23.73% of Mean)
Skewness = 0.02, Kurtosis = 0.61, MValue = 2
-------------------- Histogram --------------------
[13.172 ns ; 14.001 ns) | @@@
[14.001 ns ; 14.574 ns) | @
---------------------------------------------------

KeyedServiceResolutionBenchmarks.Needlr_Reflection_ResolveKeyed: ShortRun(IterationCount=5, LaunchCount=1, WarmupCount=3)
Runtime = .NET 10.0.10 (10.0.1026.32716), X64 RyuJIT AVX2; GC = Concurrent Workstation
There are not any results runs

KeyedServiceResolutionBenchmarks.Needlr_SourceGen_ResolveKeyed: ShortRun(IterationCount=5, LaunchCount=1, WarmupCount=3)
Runtime = .NET 10.0.10 (10.0.1026.32716), X64 RyuJIT AVX2; GC = Concurrent Workstation
Mean = 13.996 ns, StdErr = 0.201 ns (1.44%), N = 4, StdDev = 0.402 ns
Min = 13.631 ns, Q1 = 13.714 ns, Median = 13.915 ns, Q3 = 14.197 ns, Max = 14.524 ns
IQR = 0.482 ns, LowerFence = 12.991 ns, UpperFence = 14.920 ns
ConfidenceInterval = [11.398 ns; 16.594 ns] (CI 99.9%), Margin = 2.598 ns (18.56% of Mean)
Skewness = 0.32, Kurtosis = 0.95, MValue = 2
-------------------- Histogram --------------------
[13.527 ns ; 14.192 ns) | @@@
[14.192 ns ; 14.857 ns) | @
---------------------------------------------------

// * Summary *

BenchmarkDotNet v0.14.0, Ubuntu 24.04.4 LTS (Noble Numbat)
Intel Core 7 150U, 1 CPU, 12 logical and 6 physical cores
.NET SDK 10.0.302
  [Host]   : .NET 10.0.10 (10.0.1026.32716), X64 RyuJIT AVX2
  ShortRun : .NET 10.0.10 (10.0.1026.32716), X64 RyuJIT AVX2

Job=ShortRun  IterationCount=5  LaunchCount=1  
WarmupCount=3  

| Method                         | Mean     | Error    | StdDev   | Ratio | RatioSD | Rank | Allocated | Alloc Ratio |
|------------------------------- |---------:|---------:|---------:|------:|--------:|-----:|----------:|------------:|
| ManualDI_ResolveKeyed          | 13.65 ns | 3.239 ns | 0.501 ns |  1.00 |    0.05 |    1 |         - |          NA |
| Needlr_Reflection_ResolveKeyed |       NA |       NA |       NA |     ? |       ? |    ? |        NA |           ? |
| Needlr_SourceGen_ResolveKeyed  | 14.00 ns | 2.598 ns | 0.402 ns |  1.03 |    0.04 |    1 |         - |          NA |

Benchmarks with issues:
  KeyedServiceResolutionBenchmarks.Needlr_Reflection_ResolveKeyed: ShortRun(IterationCount=5, LaunchCount=1, WarmupCount=3)

// * Warnings *
BaselineCustomAnalyzer
  Summary -> A question mark '?' symbol indicates that it was not possible to compute the (Ratio, RatioSD, Alloc Ratio) column(s) because the baseline value is too close to zero.

// * Hints *
Outliers
  KeyedServiceResolutionBenchmarks.ManualDI_ResolveKeyed: ShortRun         -> 1 outlier  was  removed (19.56 ns)
  KeyedServiceResolutionBenchmarks.Needlr_SourceGen_ResolveKeyed: ShortRun -> 1 outlier  was  removed (21.39 ns)
// * Config Issues *

// * Warnings *
Configuration
  Summary -> The exporter HtmlExporter is already present in configuration. There may be unexpected results.

// * Legends *
  Mean        : Arithmetic mean of all measurements
  Error       : Half of 99.9% confidence interval
  StdDev      : Standard deviation of all measurements
  Ratio       : Mean of the ratio distribution ([Current]/[Baseline])
  RatioSD     : Standard deviation of the ratio distribution ([Current]/[Baseline])
  Rank        : Relative position of current benchmark mean among all benchmarks (Arabic style)
  Allocated   : Allocated memory per single operation (managed only, inclusive, 1KB = 1024B)
  Alloc Ratio : Allocated memory ratio distribution ([Current]/[Baseline])
  1 ns        : 1 Nanosecond (0.000000001 sec)

// * Diagnostic Output - MemoryDiagnoser *


// ***** BenchmarkRunner: End *****
Run time: 00:00:20 (20.31 sec), executed benchmarks: 3

// Found 3 benchmarks:
//   OpenGenericBenchmarks.ManualDI_ResolveOpenGeneric: ShortRun(IterationCount=5, LaunchCount=1, WarmupCount=3)
//   OpenGenericBenchmarks.Needlr_Reflection_ResolveOpenGeneric: ShortRun(IterationCount=5, LaunchCount=1, WarmupCount=3)
//   OpenGenericBenchmarks.Needlr_SourceGen_ResolveOpenGeneric: ShortRun(IterationCount=5, LaunchCount=1, WarmupCount=3)

// **************************
// Benchmark: OpenGenericBenchmarks.ManualDI_ResolveOpenGeneric: ShortRun(IterationCount=5, LaunchCount=1, WarmupCount=3)
// *** Execute ***
// Launch: 1 / 1
// Execute: dotnet bf8bdc48-2475-4673-b310-6966704f044e.dll --anonymousPipes 163 164 --benchmarkName NexusLabs.Needlr.Benchmarks.Benchmarks.OpenGenericBenchmarks.ManualDI_ResolveOpenGeneric --job ShortRun --benchmarkId 26 in /actions-runner/_work/needlr/needlr/src/NexusLabs.Needlr.Benchmarks/bin/Release/net10.0/bf8bdc48-2475-4673-b310-6966704f044e/bin/Release/net10.0
// Failed to set up high priority (Permission denied). In order to run benchmarks with high priority, make sure you have the right permissions.
// BeforeAnythingElse

// Benchmark Process Environment Information:
// BenchmarkDotNet v0.14.0
// Runtime=.NET 10.0.10 (10.0.1026.32716), X64 RyuJIT AVX2
// GC=Concurrent Workstation
// HardwareIntrinsics=AVX2,AES,BMI1,BMI2,FMA,LZCNT,PCLMUL,POPCNT,AvxVnni,SERIALIZE VectorSize=256
// Job: ShortRun(IterationCount=5, LaunchCount=1, WarmupCount=3)

OverheadJitting  1: 1 op, 412318.00 ns, 412.3180 us/op
WorkloadJitting  1: 1 op, 3395996.00 ns, 3.3960 ms/op

OverheadJitting  2: 16 op, 439230.00 ns, 27.4519 us/op
WorkloadJitting  2: 16 op, 1701945.00 ns, 106.3716 us/op

WorkloadPilot    1: 16 op, 122115.00 ns, 7.6322 us/op
WorkloadPilot    2: 32 op, 19123.00 ns, 597.5938 ns/op
WorkloadPilot    3: 64 op, 7897.00 ns, 123.3906 ns/op
WorkloadPilot    4: 128 op, 12218.00 ns, 95.4531 ns/op
WorkloadPilot    5: 256 op, 25871.00 ns, 101.0586 ns/op
WorkloadPilot    6: 512 op, 40108.00 ns, 78.3359 ns/op
WorkloadPilot    7: 1024 op, 83125.00 ns, 81.1768 ns/op
WorkloadPilot    8: 2048 op, 148580.00 ns, 72.5488 ns/op
WorkloadPilot    9: 4096 op, 286290.00 ns, 69.8950 ns/op
WorkloadPilot   10: 8192 op, 585095.00 ns, 71.4227 ns/op
WorkloadPilot   11: 16384 op, 1133606.00 ns, 69.1898 ns/op
WorkloadPilot   12: 32768 op, 2255814.00 ns, 68.8420 ns/op
WorkloadPilot   13: 65536 op, 4520714.00 ns, 68.9806 ns/op
WorkloadPilot   14: 131072 op, 9086273.00 ns, 69.3228 ns/op
WorkloadPilot   15: 262144 op, 19018833.00 ns, 72.5511 ns/op
WorkloadPilot   16: 524288 op, 36363325.00 ns, 69.3575 ns/op
WorkloadPilot   17: 1048576 op, 68770763.00 ns, 65.5849 ns/op
WorkloadPilot   18: 2097152 op, 51079774.00 ns, 24.3567 ns/op
WorkloadPilot   19: 4194304 op, 79159045.00 ns, 18.8730 ns/op
WorkloadPilot   20: 8388608 op, 150800202.00 ns, 17.9768 ns/op
WorkloadPilot   21: 16777216 op, 290580220.00 ns, 17.3199 ns/op
WorkloadPilot   22: 33554432 op, 618231405.00 ns, 18.4247 ns/op

OverheadWarmup   1: 33554432 op, 132397453.00 ns, 3.9458 ns/op
OverheadWarmup   2: 33554432 op, 146766230.00 ns, 4.3740 ns/op
OverheadWarmup   3: 33554432 op, 160359464.00 ns, 4.7791 ns/op
OverheadWarmup   4: 33554432 op, 145141163.00 ns, 4.3255 ns/op
OverheadWarmup   5: 33554432 op, 129125360.00 ns, 3.8482 ns/op
OverheadWarmup   6: 33554432 op, 122701301.00 ns, 3.6568 ns/op
OverheadWarmup   7: 33554432 op, 116611941.00 ns, 3.4753 ns/op
OverheadWarmup   8: 33554432 op, 109323707.00 ns, 3.2581 ns/op
OverheadWarmup   9: 33554432 op, 108824916.00 ns, 3.2432 ns/op
OverheadWarmup  10: 33554432 op, 105317658.00 ns, 3.1387 ns/op

OverheadActual   1: 33554432 op, 102999195.00 ns, 3.0696 ns/op
OverheadActual   2: 33554432 op, 109605374.00 ns, 3.2665 ns/op
OverheadActual   3: 33554432 op, 107521346.00 ns, 3.2044 ns/op
OverheadActual   4: 33554432 op, 108200312.00 ns, 3.2246 ns/op
OverheadActual   5: 33554432 op, 109420969.00 ns, 3.2610 ns/op
OverheadActual   6: 33554432 op, 110079399.00 ns, 3.2806 ns/op
OverheadActual   7: 33554432 op, 108698685.00 ns, 3.2395 ns/op
OverheadActual   8: 33554432 op, 104896818.00 ns, 3.1262 ns/op
OverheadActual   9: 33554432 op, 103078423.00 ns, 3.0720 ns/op
OverheadActual  10: 33554432 op, 100928487.00 ns, 3.0079 ns/op
OverheadActual  11: 33554432 op, 106892247.00 ns, 3.1856 ns/op
OverheadActual  12: 33554432 op, 108500608.00 ns, 3.2336 ns/op
OverheadActual  13: 33554432 op, 109085386.00 ns, 3.2510 ns/op
OverheadActual  14: 33554432 op, 107867607.00 ns, 3.2147 ns/op
OverheadActual  15: 33554432 op, 112031358.00 ns, 3.3388 ns/op

WorkloadWarmup   1: 33554432 op, 577355017.00 ns, 17.2065 ns/op
WorkloadWarmup   2: 33554432 op, 779265305.00 ns, 23.2239 ns/op
WorkloadWarmup   3: 33554432 op, 625505060.00 ns, 18.6415 ns/op

// BeforeActualRun
WorkloadActual   1: 33554432 op, 590556443.00 ns, 17.6000 ns/op
WorkloadActual   2: 33554432 op, 612933560.00 ns, 18.2668 ns/op
WorkloadActual   3: 33554432 op, 593049598.00 ns, 17.6743 ns/op
WorkloadActual   4: 33554432 op, 666821158.00 ns, 19.8728 ns/op
WorkloadActual   5: 33554432 op, 720663899.00 ns, 21.4775 ns/op

// AfterActualRun
WorkloadResult   1: 33554432 op, 482356131.00 ns, 14.3753 ns/op
WorkloadResult   2: 33554432 op, 504733248.00 ns, 15.0422 ns/op
WorkloadResult   3: 33554432 op, 484849286.00 ns, 14.4496 ns/op
WorkloadResult   4: 33554432 op, 558620846.00 ns, 16.6482 ns/op
WorkloadResult   5: 33554432 op, 612463587.00 ns, 18.2528 ns/op
// GC:  128 0 0 805307728 33554432
// Threading:  0 0 33554432

// AfterAll
// Benchmark Process 1595 has exited with code 0.

Mean = 15.754 ns, StdErr = 0.747 ns (4.74%), N = 5, StdDev = 1.670 ns
Min = 14.375 ns, Q1 = 14.450 ns, Median = 15.042 ns, Q3 = 16.648 ns, Max = 18.253 ns
IQR = 2.199 ns, LowerFence = 11.152 ns, UpperFence = 19.946 ns
ConfidenceInterval = [9.324 ns; 22.183 ns] (CI 99.9%), Margin = 6.430 ns (40.81% of Mean)
Skewness = 0.48, Kurtosis = 1.19, MValue = 2

// ** Remained 38 (58.5%) benchmark(s) to run. Estimated finish 2026-08-16 3:31 (0h 5m from now) **
// **************************
// Benchmark: OpenGenericBenchmarks.Needlr_Reflection_ResolveOpenGeneric: ShortRun(IterationCount=5, LaunchCount=1, WarmupCount=3)
// *** Execute ***
// Launch: 1 / 1
// Execute: dotnet bf8bdc48-2475-4673-b310-6966704f044e.dll --anonymousPipes 163 164 --benchmarkName NexusLabs.Needlr.Benchmarks.Benchmarks.OpenGenericBenchmarks.Needlr_Reflection_ResolveOpenGeneric --job ShortRun --benchmarkId 27 in /actions-runner/_work/needlr/needlr/src/NexusLabs.Needlr.Benchmarks/bin/Release/net10.0/bf8bdc48-2475-4673-b310-6966704f044e/bin/Release/net10.0
// Failed to set up high priority (Permission denied). In order to run benchmarks with high priority, make sure you have the right permissions.
// BeforeAnythingElse

// Benchmark Process Environment Information:
// BenchmarkDotNet v0.14.0
// Runtime=.NET 10.0.10 (10.0.1026.32716), X64 RyuJIT AVX2
// GC=Concurrent Workstation
// HardwareIntrinsics=AVX2,AES,BMI1,BMI2,FMA,LZCNT,PCLMUL,POPCNT,AvxVnni,SERIALIZE VectorSize=256
// Job: ShortRun(IterationCount=5, LaunchCount=1, WarmupCount=3)

OverheadJitting  1: 1 op, 323823.00 ns, 323.8230 us/op
WorkloadJitting  1: 1 op, 3467147.00 ns, 3.4671 ms/op

OverheadJitting  2: 16 op, 417893.00 ns, 26.1183 us/op
WorkloadJitting  2: 16 op, 2063492.00 ns, 128.9683 us/op

WorkloadPilot    1: 16 op, 128562.00 ns, 8.0351 us/op
WorkloadPilot    2: 32 op, 7418.00 ns, 231.8125 ns/op
WorkloadPilot    3: 64 op, 9019.00 ns, 140.9219 ns/op
WorkloadPilot    4: 128 op, 12735.00 ns, 99.4922 ns/op
WorkloadPilot    5: 256 op, 29850.00 ns, 116.6016 ns/op
WorkloadPilot    6: 512 op, 41451.00 ns, 80.9590 ns/op
WorkloadPilot    7: 1024 op, 82578.00 ns, 80.6426 ns/op
WorkloadPilot    8: 2048 op, 179425.00 ns, 87.6099 ns/op
WorkloadPilot    9: 4096 op, 297620.00 ns, 72.6611 ns/op
WorkloadPilot   10: 8192 op, 611682.00 ns, 74.6682 ns/op
WorkloadPilot   11: 16384 op, 1189090.00 ns, 72.5763 ns/op
WorkloadPilot   12: 32768 op, 2320380.00 ns, 70.8124 ns/op
WorkloadPilot   13: 65536 op, 4654894.00 ns, 71.0280 ns/op
WorkloadPilot   14: 131072 op, 9247999.00 ns, 70.5566 ns/op
WorkloadPilot   15: 262144 op, 18472365.00 ns, 70.4665 ns/op
WorkloadPilot   16: 524288 op, 34876262.00 ns, 66.5212 ns/op
WorkloadPilot   17: 1048576 op, 62810585.00 ns, 59.9008 ns/op
WorkloadPilot   18: 2097152 op, 38127339.00 ns, 18.1805 ns/op
WorkloadPilot   19: 4194304 op, 72982708.00 ns, 17.4004 ns/op
WorkloadPilot   20: 8388608 op, 144089186.00 ns, 17.1768 ns/op
WorkloadPilot   21: 16777216 op, 299651415.00 ns, 17.8606 ns/op
WorkloadPilot   22: 33554432 op, 656132187.00 ns, 19.5543 ns/op

OverheadWarmup   1: 33554432 op, 180847119.00 ns, 5.3897 ns/op
OverheadWarmup   2: 33554432 op, 149486024.00 ns, 4.4550 ns/op
OverheadWarmup   3: 33554432 op, 139330446.00 ns, 4.1524 ns/op
OverheadWarmup   4: 33554432 op, 129661580.00 ns, 3.8642 ns/op
OverheadWarmup   5: 33554432 op, 118101906.00 ns, 3.5197 ns/op
OverheadWarmup   6: 33554432 op, 114697819.00 ns, 3.4183 ns/op
OverheadWarmup   7: 33554432 op, 107587424.00 ns, 3.2064 ns/op
OverheadWarmup   8: 33554432 op, 105977183.00 ns, 3.1584 ns/op
OverheadWarmup   9: 33554432 op, 103227993.00 ns, 3.0764 ns/op
OverheadWarmup  10: 33554432 op, 114804405.00 ns, 3.4214 ns/op

OverheadActual   1: 33554432 op, 108044501.00 ns, 3.2200 ns/op
OverheadActual   2: 33554432 op, 108718292.00 ns, 3.2401 ns/op
OverheadActual   3: 33554432 op, 110238422.00 ns, 3.2854 ns/op
OverheadActual   4: 33554432 op, 110771601.00 ns, 3.3013 ns/op
OverheadActual   5: 33554432 op, 110556717.00 ns, 3.2948 ns/op
OverheadActual   6: 33554432 op, 106749646.00 ns, 3.1814 ns/op
OverheadActual   7: 33554432 op, 104290432.00 ns, 3.1081 ns/op
OverheadActual   8: 33554432 op, 101322239.00 ns, 3.0196 ns/op
OverheadActual   9: 33554432 op, 107593426.00 ns, 3.2065 ns/op
OverheadActual  10: 33554432 op, 105208286.00 ns, 3.1355 ns/op
OverheadActual  11: 33554432 op, 110728699.00 ns, 3.3000 ns/op
OverheadActual  12: 33554432 op, 111346460.00 ns, 3.3184 ns/op
OverheadActual  13: 33554432 op, 110352155.00 ns, 3.2888 ns/op
OverheadActual  14: 33554432 op, 111112325.00 ns, 3.3114 ns/op
OverheadActual  15: 33554432 op, 108133120.00 ns, 3.2226 ns/op

WorkloadWarmup   1: 33554432 op, 629800363.00 ns, 18.7695 ns/op
WorkloadWarmup   2: 33554432 op, 690061700.00 ns, 20.5654 ns/op
WorkloadWarmup   3: 33554432 op, 603844678.00 ns, 17.9960 ns/op

// BeforeActualRun
WorkloadActual   1: 33554432 op, 564502583.00 ns, 16.8235 ns/op
WorkloadActual   2: 33554432 op, 608313522.00 ns, 18.1292 ns/op
WorkloadActual   3: 33554432 op, 572982098.00 ns, 17.0762 ns/op
WorkloadActual   4: 33554432 op, 727286540.00 ns, 21.6748 ns/op
WorkloadActual   5: 33554432 op, 630189834.00 ns, 18.7811 ns/op

// AfterActualRun
WorkloadResult   1: 33554432 op, 455784291.00 ns, 13.5834 ns/op
WorkloadResult   2: 33554432 op, 499595230.00 ns, 14.8891 ns/op
WorkloadResult   3: 33554432 op, 464263806.00 ns, 13.8361 ns/op
WorkloadResult   4: 33554432 op, 521471542.00 ns, 15.5411 ns/op
// GC:  128 0 0 805307728 33554432
// Threading:  0 0 33554432

// AfterAll
// Benchmark Process 1610 has exited with code 0.

Mean = 14.462 ns, StdErr = 0.457 ns (3.16%), N = 4, StdDev = 0.915 ns
Min = 13.583 ns, Q1 = 13.773 ns, Median = 14.363 ns, Q3 = 15.052 ns, Max = 15.541 ns
IQR = 1.279 ns, LowerFence = 11.854 ns, UpperFence = 16.971 ns
ConfidenceInterval = [8.551 ns; 20.374 ns] (CI 99.9%), Margin = 5.911 ns (40.87% of Mean)
Skewness = 0.13, Kurtosis = 0.76, MValue = 2

// ** Remained 37 (56.9%) benchmark(s) to run. Estimated finish 2026-08-16 3:31 (0h 5m from now) **
// **************************
// Benchmark: OpenGenericBenchmarks.Needlr_SourceGen_ResolveOpenGeneric: ShortRun(IterationCount=5, LaunchCount=1, WarmupCount=3)
// *** Execute ***
// Launch: 1 / 1
// Execute: dotnet bf8bdc48-2475-4673-b310-6966704f044e.dll --anonymousPipes 163 164 --benchmarkName NexusLabs.Needlr.Benchmarks.Benchmarks.OpenGenericBenchmarks.Needlr_SourceGen_ResolveOpenGeneric --job ShortRun --benchmarkId 28 in /actions-runner/_work/needlr/needlr/src/NexusLabs.Needlr.Benchmarks/bin/Release/net10.0/bf8bdc48-2475-4673-b310-6966704f044e/bin/Release/net10.0
// Failed to set up high priority (Permission denied). In order to run benchmarks with high priority, make sure you have the right permissions.
// BeforeAnythingElse

// Benchmark Process Environment Information:
// BenchmarkDotNet v0.14.0
// Runtime=.NET 10.0.10 (10.0.1026.32716), X64 RyuJIT AVX2
// GC=Concurrent Workstation
// HardwareIntrinsics=AVX2,AES,BMI1,BMI2,FMA,LZCNT,PCLMUL,POPCNT,AvxVnni,SERIALIZE VectorSize=256
// Job: ShortRun(IterationCount=5, LaunchCount=1, WarmupCount=3)

OverheadJitting  1: 1 op, 321468.00 ns, 321.4680 us/op
WorkloadJitting  1: 1 op, 3594335.00 ns, 3.5943 ms/op

OverheadJitting  2: 16 op, 422543.00 ns, 26.4089 us/op
WorkloadJitting  2: 16 op, 1980014.00 ns, 123.7509 us/op

WorkloadPilot    1: 16 op, 133623.00 ns, 8.3514 us/op
WorkloadPilot    2: 32 op, 7008.00 ns, 219.0000 ns/op
WorkloadPilot    3: 64 op, 8887.00 ns, 138.8594 ns/op
WorkloadPilot    4: 128 op, 12502.00 ns, 97.6719 ns/op
WorkloadPilot    5: 256 op, 47681.00 ns, 186.2539 ns/op
WorkloadPilot    6: 512 op, 38679.00 ns, 75.5449 ns/op
WorkloadPilot    7: 1024 op, 94557.00 ns, 92.3408 ns/op
WorkloadPilot    8: 2048 op, 162677.00 ns, 79.4321 ns/op
WorkloadPilot    9: 4096 op, 289776.00 ns, 70.7461 ns/op
WorkloadPilot   10: 8192 op, 585521.00 ns, 71.4747 ns/op
WorkloadPilot   11: 16384 op, 1105911.00 ns, 67.4995 ns/op
WorkloadPilot   12: 32768 op, 2272137.00 ns, 69.3401 ns/op
WorkloadPilot   13: 65536 op, 4503209.00 ns, 68.7135 ns/op
WorkloadPilot   14: 131072 op, 8841687.00 ns, 67.4567 ns/op
WorkloadPilot   15: 262144 op, 17836871.00 ns, 68.0423 ns/op
WorkloadPilot   16: 524288 op, 33003259.00 ns, 62.9487 ns/op
WorkloadPilot   17: 1048576 op, 70106275.00 ns, 66.8586 ns/op
WorkloadPilot   18: 2097152 op, 41561949.00 ns, 19.8183 ns/op
WorkloadPilot   19: 4194304 op, 72822471.00 ns, 17.3622 ns/op
WorkloadPilot   20: 8388608 op, 146403080.00 ns, 17.4526 ns/op
WorkloadPilot   21: 16777216 op, 297284927.00 ns, 17.7196 ns/op
WorkloadPilot   22: 33554432 op, 757016563.00 ns, 22.5609 ns/op

OverheadWarmup   1: 33554432 op, 170011616.00 ns, 5.0667 ns/op
OverheadWarmup   2: 33554432 op, 133576800.00 ns, 3.9809 ns/op
OverheadWarmup   3: 33554432 op, 124742762.00 ns, 3.7176 ns/op
OverheadWarmup   4: 33554432 op, 116536061.00 ns, 3.4730 ns/op
OverheadWarmup   5: 33554432 op, 111549742.00 ns, 3.3244 ns/op
OverheadWarmup   6: 33554432 op, 110235988.00 ns, 3.2853 ns/op
OverheadWarmup   7: 33554432 op, 109179033.00 ns, 3.2538 ns/op
OverheadWarmup   8: 33554432 op, 109009032.00 ns, 3.2487 ns/op
OverheadWarmup   9: 33554432 op, 107387235.00 ns, 3.2004 ns/op
OverheadWarmup  10: 33554432 op, 108759496.00 ns, 3.2413 ns/op

OverheadActual   1: 33554432 op, 108617408.00 ns, 3.2371 ns/op
OverheadActual   2: 33554432 op, 119927143.00 ns, 3.5741 ns/op
OverheadActual   3: 33554432 op, 128202019.00 ns, 3.8207 ns/op
OverheadActual   4: 33554432 op, 130553007.00 ns, 3.8908 ns/op
OverheadActual   5: 33554432 op, 126926585.00 ns, 3.7827 ns/op
OverheadActual   6: 33554432 op, 118658708.00 ns, 3.5363 ns/op
OverheadActual   7: 33554432 op, 121597401.00 ns, 3.6239 ns/op
OverheadActual   8: 33554432 op, 114211911.00 ns, 3.4038 ns/op
OverheadActual   9: 33554432 op, 112343944.00 ns, 3.3481 ns/op
OverheadActual  10: 33554432 op, 114348703.00 ns, 3.4079 ns/op
OverheadActual  11: 33554432 op, 110332580.00 ns, 3.2882 ns/op
OverheadActual  12: 33554432 op, 105111449.00 ns, 3.1326 ns/op
OverheadActual  13: 33554432 op, 106275968.00 ns, 3.1673 ns/op
OverheadActual  14: 33554432 op, 108739853.00 ns, 3.2407 ns/op
OverheadActual  15: 33554432 op, 107171556.00 ns, 3.1940 ns/op
OverheadActual  16: 33554432 op, 113181521.00 ns, 3.3731 ns/op
OverheadActual  17: 33554432 op, 135142932.00 ns, 4.0276 ns/op
OverheadActual  18: 33554432 op, 154884292.00 ns, 4.6159 ns/op
OverheadActual  19: 33554432 op, 189491656.00 ns, 5.6473 ns/op
OverheadActual  20: 33554432 op, 209372848.00 ns, 6.2398 ns/op

WorkloadWarmup   1: 33554432 op, 907223082.00 ns, 27.0374 ns/op
WorkloadWarmup   2: 33554432 op, 665566464.00 ns, 19.8354 ns/op
WorkloadWarmup   3: 33554432 op, 653073037.00 ns, 19.4631 ns/op

// BeforeActualRun
WorkloadActual   1: 33554432 op, 656731703.00 ns, 19.5721 ns/op
WorkloadActual   2: 33554432 op, 800968748.00 ns, 23.8707 ns/op
WorkloadActual   3: 33554432 op, 610156294.00 ns, 18.1841 ns/op
WorkloadActual   4: 33554432 op, 582817957.00 ns, 17.3693 ns/op
WorkloadActual   5: 33554432 op, 574284264.00 ns, 17.1150 ns/op

// AfterActualRun
WorkloadResult   1: 33554432 op, 540227997.50 ns, 16.1000 ns/op
WorkloadResult   2: 33554432 op, 493652588.50 ns, 14.7120 ns/op
WorkloadResult   3: 33554432 op, 466314251.50 ns, 13.8972 ns/op
WorkloadResult   4: 33554432 op, 457780558.50 ns, 13.6429 ns/op
// GC:  128 0 0 805307728 33554432
// Threading:  0 0 33554432

// AfterAll
// Benchmark Process 1622 has exited with code 0.

Mean = 14.588 ns, StdErr = 0.553 ns (3.79%), N = 4, StdDev = 1.106 ns
Min = 13.643 ns, Q1 = 13.834 ns, Median = 14.305 ns, Q3 = 15.059 ns, Max = 16.100 ns
IQR = 1.225 ns, LowerFence = 11.996 ns, UpperFence = 16.897 ns
ConfidenceInterval = [7.439 ns; 21.737 ns] (CI 99.9%), Margin = 7.149 ns (49.01% of Mean)
Skewness = 0.42, Kurtosis = 1.04, MValue = 2

// ** Remained 36 (55.4%) benchmark(s) to run. Estimated finish 2026-08-16 3:31 (0h 5m from now) **
// ***** BenchmarkRunner: Finish  *****

// * Export *
  actions-runner/_work/needlr/needlr/benchmark-results/results/NexusLabs.Needlr.Benchmarks.Benchmarks.OpenGenericBenchmarks-report.csv
  actions-runner/_work/needlr/needlr/benchmark-results/results/NexusLabs.Needlr.Benchmarks.Benchmarks.OpenGenericBenchmarks-report-github.md
  actions-runner/_work/needlr/needlr/benchmark-results/results/NexusLabs.Needlr.Benchmarks.Benchmarks.OpenGenericBenchmarks-report.html
  actions-runner/_work/needlr/needlr/benchmark-results/results/NexusLabs.Needlr.Benchmarks.Benchmarks.OpenGenericBenchmarks-report-full-compressed.json
  actions-runner/_work/needlr/needlr/benchmark-results/results/NexusLabs.Needlr.Benchmarks.Benchmarks.OpenGenericBenchmarks-report-default.md

// * Detailed results *
OpenGenericBenchmarks.ManualDI_ResolveOpenGeneric: ShortRun(IterationCount=5, LaunchCount=1, WarmupCount=3)
Runtime = .NET 10.0.10 (10.0.1026.32716), X64 RyuJIT AVX2; GC = Concurrent Workstation
Mean = 15.754 ns, StdErr = 0.747 ns (4.74%), N = 5, StdDev = 1.670 ns
Min = 14.375 ns, Q1 = 14.450 ns, Median = 15.042 ns, Q3 = 16.648 ns, Max = 18.253 ns
IQR = 2.199 ns, LowerFence = 11.152 ns, UpperFence = 19.946 ns
ConfidenceInterval = [9.324 ns; 22.183 ns] (CI 99.9%), Margin = 6.430 ns (40.81% of Mean)
Skewness = 0.48, Kurtosis = 1.19, MValue = 2
-------------------- Histogram --------------------
[14.230 ns ; 16.793 ns) | @@@@
[16.793 ns ; 19.535 ns) | @
---------------------------------------------------

OpenGenericBenchmarks.Needlr_Reflection_ResolveOpenGeneric: ShortRun(IterationCount=5, LaunchCount=1, WarmupCount=3)
Runtime = .NET 10.0.10 (10.0.1026.32716), X64 RyuJIT AVX2; GC = Concurrent Workstation
Mean = 14.462 ns, StdErr = 0.457 ns (3.16%), N = 4, StdDev = 0.915 ns
Min = 13.583 ns, Q1 = 13.773 ns, Median = 14.363 ns, Q3 = 15.052 ns, Max = 15.541 ns
IQR = 1.279 ns, LowerFence = 11.854 ns, UpperFence = 16.971 ns
ConfidenceInterval = [8.551 ns; 20.374 ns] (CI 99.9%), Margin = 5.911 ns (40.87% of Mean)
Skewness = 0.13, Kurtosis = 0.76, MValue = 2
-------------------- Histogram --------------------
[13.480 ns ; 14.993 ns) | @@@
[14.993 ns ; 16.297 ns) | @
---------------------------------------------------

OpenGenericBenchmarks.Needlr_SourceGen_ResolveOpenGeneric: ShortRun(IterationCount=5, LaunchCount=1, WarmupCount=3)
Runtime = .NET 10.0.10 (10.0.1026.32716), X64 RyuJIT AVX2; GC = Concurrent Workstation
Mean = 14.588 ns, StdErr = 0.553 ns (3.79%), N = 4, StdDev = 1.106 ns
Min = 13.643 ns, Q1 = 13.834 ns, Median = 14.305 ns, Q3 = 15.059 ns, Max = 16.100 ns
IQR = 1.225 ns, LowerFence = 11.996 ns, UpperFence = 16.897 ns
ConfidenceInterval = [7.439 ns; 21.737 ns] (CI 99.9%), Margin = 7.149 ns (49.01% of Mean)
Skewness = 0.42, Kurtosis = 1.04, MValue = 2
-------------------- Histogram --------------------
[13.263 ns ; 15.092 ns) | @@@
[15.092 ns ; 17.015 ns) | @
---------------------------------------------------

// * Summary *

BenchmarkDotNet v0.14.0, Ubuntu 24.04.4 LTS (Noble Numbat)
Intel Core 7 150U, 1 CPU, 12 logical and 6 physical cores
.NET SDK 10.0.302
  [Host]   : .NET 10.0.10 (10.0.1026.32716), X64 RyuJIT AVX2
  ShortRun : .NET 10.0.10 (10.0.1026.32716), X64 RyuJIT AVX2

Job=ShortRun  IterationCount=5  LaunchCount=1  
WarmupCount=3  

| Method                               | Mean     | Error    | StdDev   | Ratio | RatioSD | Rank | Gen0   | Allocated | Alloc Ratio |
|------------------------------------- |---------:|---------:|---------:|------:|--------:|-----:|-------:|----------:|------------:|
| ManualDI_ResolveOpenGeneric          | 15.75 ns | 6.430 ns | 1.670 ns |  1.01 |    0.13 |    1 | 0.0038 |      24 B |        1.00 |
| Needlr_Reflection_ResolveOpenGeneric | 14.46 ns | 5.911 ns | 0.915 ns |  0.93 |    0.10 |    1 | 0.0038 |      24 B |        1.00 |
| Needlr_SourceGen_ResolveOpenGeneric  | 14.59 ns | 7.149 ns | 1.106 ns |  0.93 |    0.11 |    1 | 0.0038 |      24 B |        1.00 |

// * Hints *
Outliers
  OpenGenericBenchmarks.Needlr_Reflection_ResolveOpenGeneric: ShortRun -> 1 outlier  was  removed (21.67 ns)
  OpenGenericBenchmarks.Needlr_SourceGen_ResolveOpenGeneric: ShortRun  -> 1 outlier  was  removed (23.87 ns)
// * Config Issues *

// * Warnings *
Configuration
  Summary -> The exporter HtmlExporter is already present in configuration. There may be unexpected results.

// * Legends *
  Mean        : Arithmetic mean of all measurements
  Error       : Half of 99.9% confidence interval
  StdDev      : Standard deviation of all measurements
  Ratio       : Mean of the ratio distribution ([Current]/[Baseline])
  RatioSD     : Standard deviation of the ratio distribution ([Current]/[Baseline])
  Rank        : Relative position of current benchmark mean among all benchmarks (Arabic style)
  Gen0        : GC Generation 0 collects per 1000 operations
  Allocated   : Allocated memory per single operation (managed only, inclusive, 1KB = 1024B)
  Alloc Ratio : Allocated memory ratio distribution ([Current]/[Baseline])
  1 ns        : 1 Nanosecond (0.000000001 sec)

// * Diagnostic Output - MemoryDiagnoser *


// ***** BenchmarkRunner: End *****
Run time: 00:00:32 (32.02 sec), executed benchmarks: 3

// Found 3 benchmarks:
//   OptionsResolutionBenchmarks.ManualDI_ResolveOptions: ShortRun(IterationCount=5, LaunchCount=1, WarmupCount=3)
//   OptionsResolutionBenchmarks.Needlr_Reflection_ResolveOptions: ShortRun(IterationCount=5, LaunchCount=1, WarmupCount=3)
//   OptionsResolutionBenchmarks.Needlr_SourceGen_ResolveOptions: ShortRun(IterationCount=5, LaunchCount=1, WarmupCount=3)

// **************************
// Benchmark: OptionsResolutionBenchmarks.ManualDI_ResolveOptions: ShortRun(IterationCount=5, LaunchCount=1, WarmupCount=3)
// *** Execute ***
// Launch: 1 / 1
// Execute: dotnet bf8bdc48-2475-4673-b310-6966704f044e.dll --anonymousPipes 163 164 --benchmarkName NexusLabs.Needlr.Benchmarks.Benchmarks.OptionsResolutionBenchmarks.ManualDI_ResolveOptions --job ShortRun --benchmarkId 29 in /actions-runner/_work/needlr/needlr/src/NexusLabs.Needlr.Benchmarks/bin/Release/net10.0/bf8bdc48-2475-4673-b310-6966704f044e/bin/Release/net10.0
// Failed to set up high priority (Permission denied). In order to run benchmarks with high priority, make sure you have the right permissions.
// BeforeAnythingElse

// Benchmark Process Environment Information:
// BenchmarkDotNet v0.14.0
// Runtime=.NET 10.0.10 (10.0.1026.32716), X64 RyuJIT AVX2
// GC=Concurrent Workstation
// HardwareIntrinsics=AVX2,AES,BMI1,BMI2,FMA,LZCNT,PCLMUL,POPCNT,AvxVnni,SERIALIZE VectorSize=256
// Job: ShortRun(IterationCount=5, LaunchCount=1, WarmupCount=3)

OverheadJitting  1: 1 op, 320792.00 ns, 320.7920 us/op
WorkloadJitting  1: 1 op, 9176324.00 ns, 9.1763 ms/op

OverheadJitting  2: 16 op, 534897.00 ns, 33.4311 us/op
WorkloadJitting  2: 16 op, 498481.00 ns, 31.1551 us/op

WorkloadPilot    1: 16 op, 7072.00 ns, 442.0000 ns/op
WorkloadPilot    2: 32 op, 7771.00 ns, 242.8438 ns/op
WorkloadPilot    3: 64 op, 9023.00 ns, 140.9844 ns/op
WorkloadPilot    4: 128 op, 14055.00 ns, 109.8047 ns/op
WorkloadPilot    5: 256 op, 29403.00 ns, 114.8555 ns/op
WorkloadPilot    6: 512 op, 40516.00 ns, 79.1328 ns/op
WorkloadPilot    7: 1024 op, 107246.00 ns, 104.7324 ns/op
WorkloadPilot    8: 2048 op, 139886.00 ns, 68.3037 ns/op
WorkloadPilot    9: 4096 op, 299159.00 ns, 73.0369 ns/op
WorkloadPilot   10: 8192 op, 657910.00 ns, 80.3113 ns/op
WorkloadPilot   11: 16384 op, 1211948.00 ns, 73.9714 ns/op
WorkloadPilot   12: 32768 op, 2331571.00 ns, 71.1539 ns/op
WorkloadPilot   13: 65536 op, 4599026.00 ns, 70.1756 ns/op
WorkloadPilot   14: 131072 op, 8773890.00 ns, 66.9395 ns/op
WorkloadPilot   15: 262144 op, 17655208.00 ns, 67.3493 ns/op
WorkloadPilot   16: 524288 op, 33845211.00 ns, 64.5546 ns/op
WorkloadPilot   17: 1048576 op, 74244793.00 ns, 70.8054 ns/op
WorkloadPilot   18: 2097152 op, 81984563.00 ns, 39.0933 ns/op
WorkloadPilot   19: 4194304 op, 67205848.00 ns, 16.0231 ns/op
WorkloadPilot   20: 8388608 op, 133769310.00 ns, 15.9465 ns/op
WorkloadPilot   21: 16777216 op, 249097929.00 ns, 14.8474 ns/op
WorkloadPilot   22: 33554432 op, 513690149.00 ns, 15.3092 ns/op

OverheadWarmup   1: 33554432 op, 137709805.00 ns, 4.1041 ns/op
OverheadWarmup   2: 33554432 op, 120640158.00 ns, 3.5954 ns/op
OverheadWarmup   3: 33554432 op, 107301782.00 ns, 3.1978 ns/op
OverheadWarmup   4: 33554432 op, 103903201.00 ns, 3.0966 ns/op
OverheadWarmup   5: 33554432 op, 102781257.00 ns, 3.0631 ns/op
OverheadWarmup   6: 33554432 op, 104836743.00 ns, 3.1244 ns/op
OverheadWarmup   7: 33554432 op, 107014573.00 ns, 3.1893 ns/op
OverheadWarmup   8: 33554432 op, 111298825.00 ns, 3.3170 ns/op
OverheadWarmup   9: 33554432 op, 109109617.00 ns, 3.2517 ns/op
OverheadWarmup  10: 33554432 op, 106726778.00 ns, 3.1807 ns/op

OverheadActual   1: 33554432 op, 107097241.00 ns, 3.1917 ns/op
OverheadActual   2: 33554432 op, 104015440.00 ns, 3.0999 ns/op
OverheadActual   3: 33554432 op, 102768929.00 ns, 3.0628 ns/op
OverheadActual   4: 33554432 op, 101861451.00 ns, 3.0357 ns/op
OverheadActual   5: 33554432 op, 106419738.00 ns, 3.1716 ns/op
OverheadActual   6: 33554432 op, 124216780.00 ns, 3.7019 ns/op
OverheadActual   7: 33554432 op, 149791678.00 ns, 4.4641 ns/op
OverheadActual   8: 33554432 op, 160149515.00 ns, 4.7728 ns/op
OverheadActual   9: 33554432 op, 136276991.00 ns, 4.0614 ns/op
OverheadActual  10: 33554432 op, 119784773.00 ns, 3.5699 ns/op
OverheadActual  11: 33554432 op, 112491185.00 ns, 3.3525 ns/op
OverheadActual  12: 33554432 op, 106881448.00 ns, 3.1853 ns/op
OverheadActual  13: 33554432 op, 105377619.00 ns, 3.1405 ns/op
OverheadActual  14: 33554432 op, 109075788.00 ns, 3.2507 ns/op
OverheadActual  15: 33554432 op, 114647508.00 ns, 3.4168 ns/op
OverheadActual  16: 33554432 op, 110157885.00 ns, 3.2830 ns/op
OverheadActual  17: 33554432 op, 108325117.00 ns, 3.2283 ns/op
OverheadActual  18: 33554432 op, 109057635.00 ns, 3.2502 ns/op
OverheadActual  19: 33554432 op, 106727201.00 ns, 3.1807 ns/op
OverheadActual  20: 33554432 op, 104123542.00 ns, 3.1031 ns/op

WorkloadWarmup   1: 33554432 op, 495457239.00 ns, 14.7658 ns/op
WorkloadWarmup   2: 33554432 op, 506201050.00 ns, 15.0860 ns/op
WorkloadWarmup   3: 33554432 op, 492277077.00 ns, 14.6710 ns/op

// BeforeActualRun
WorkloadActual   1: 33554432 op, 491521717.00 ns, 14.6485 ns/op
WorkloadActual   2: 33554432 op, 500581466.00 ns, 14.9185 ns/op
WorkloadActual   3: 33554432 op, 495458598.00 ns, 14.7658 ns/op
WorkloadActual   4: 33554432 op, 504868963.00 ns, 15.0463 ns/op
WorkloadActual   5: 33554432 op, 501836803.00 ns, 14.9559 ns/op

// AfterActualRun
WorkloadResult   1: 33554432 op, 382830341.00 ns, 11.4092 ns/op
WorkloadResult   2: 33554432 op, 391890090.00 ns, 11.6792 ns/op
WorkloadResult   3: 33554432 op, 386767222.00 ns, 11.5266 ns/op
WorkloadResult   4: 33554432 op, 396177587.00 ns, 11.8070 ns/op
WorkloadResult   5: 33554432 op, 393145427.00 ns, 11.7166 ns/op
// GC:  0 0 0 1072 33554432
// Threading:  0 0 33554432

// AfterAll
// Benchmark Process 1640 has exited with code 0.

Mean = 11.628 ns, StdErr = 0.071 ns (0.61%), N = 5, StdDev = 0.159 ns
Min = 11.409 ns, Q1 = 11.527 ns, Median = 11.679 ns, Q3 = 11.717 ns, Max = 11.807 ns
IQR = 0.190 ns, LowerFence = 11.241 ns, UpperFence = 12.002 ns
ConfidenceInterval = [11.017 ns; 12.239 ns] (CI 99.9%), Margin = 0.611 ns (5.25% of Mean)
Skewness = -0.24, Kurtosis = 1.1, MValue = 2

// ** Remained 35 (53.8%) benchmark(s) to run. Estimated finish 2026-08-16 3:31 (0h 5m from now) **
// **************************
// Benchmark: OptionsResolutionBenchmarks.Needlr_Reflection_ResolveOptions: ShortRun(IterationCount=5, LaunchCount=1, WarmupCount=3)
// *** Execute ***
// Launch: 1 / 1
// Execute: dotnet bf8bdc48-2475-4673-b310-6966704f044e.dll --anonymousPipes 163 164 --benchmarkName NexusLabs.Needlr.Benchmarks.Benchmarks.OptionsResolutionBenchmarks.Needlr_Reflection_ResolveOptions --job ShortRun --benchmarkId 30 in /actions-runner/_work/needlr/needlr/src/NexusLabs.Needlr.Benchmarks/bin/Release/net10.0/bf8bdc48-2475-4673-b310-6966704f044e/bin/Release/net10.0
// Failed to set up high priority (Permission denied). In order to run benchmarks with high priority, make sure you have the right permissions.
// BeforeAnythingElse

// Benchmark Process Environment Information:
// BenchmarkDotNet v0.14.0
// Runtime=.NET 10.0.10 (10.0.1026.32716), X64 RyuJIT AVX2
// GC=Concurrent Workstation
// HardwareIntrinsics=AVX2,AES,BMI1,BMI2,FMA,LZCNT,PCLMUL,POPCNT,AvxVnni,SERIALIZE VectorSize=256
// Job: ShortRun(IterationCount=5, LaunchCount=1, WarmupCount=3)

OverheadJitting  1: 1 op, 292858.00 ns, 292.8580 us/op
WorkloadJitting  1: 1 op, 6994912.00 ns, 6.9949 ms/op

OverheadJitting  2: 16 op, 416278.00 ns, 26.0174 us/op
WorkloadJitting  2: 16 op, 411417.00 ns, 25.7136 us/op

WorkloadPilot    1: 16 op, 7212.00 ns, 450.7500 ns/op
WorkloadPilot    2: 32 op, 6040.00 ns, 188.7500 ns/op
WorkloadPilot    3: 64 op, 8102.00 ns, 126.5938 ns/op
WorkloadPilot    4: 128 op, 11039.00 ns, 86.2422 ns/op
WorkloadPilot    5: 256 op, 18231.00 ns, 71.2148 ns/op
WorkloadPilot    6: 512 op, 31386.00 ns, 61.3008 ns/op
WorkloadPilot    7: 1024 op, 59738.00 ns, 58.3379 ns/op
WorkloadPilot    8: 2048 op, 115620.00 ns, 56.4551 ns/op
WorkloadPilot    9: 4096 op, 226170.00 ns, 55.2173 ns/op
WorkloadPilot   10: 8192 op, 506555.00 ns, 61.8353 ns/op
WorkloadPilot   11: 16384 op, 942030.00 ns, 57.4969 ns/op
WorkloadPilot   12: 32768 op, 1870717.00 ns, 57.0898 ns/op
WorkloadPilot   13: 65536 op, 3717343.00 ns, 56.7222 ns/op
WorkloadPilot   14: 131072 op, 7146239.00 ns, 54.5215 ns/op
WorkloadPilot   15: 262144 op, 14770094.00 ns, 56.3434 ns/op
WorkloadPilot   16: 524288 op, 29585075.00 ns, 56.4291 ns/op
WorkloadPilot   17: 1048576 op, 60777040.00 ns, 57.9615 ns/op
WorkloadPilot   18: 2097152 op, 59785808.00 ns, 28.5081 ns/op
WorkloadPilot   19: 4194304 op, 62184521.00 ns, 14.8259 ns/op
WorkloadPilot   20: 8388608 op, 123246658.00 ns, 14.6921 ns/op
WorkloadPilot   21: 16777216 op, 247611913.00 ns, 14.7588 ns/op
WorkloadPilot   22: 33554432 op, 531346476.00 ns, 15.8354 ns/op

OverheadWarmup   1: 33554432 op, 134547532.00 ns, 4.0098 ns/op
OverheadWarmup   2: 33554432 op, 120201715.00 ns, 3.5823 ns/op
OverheadWarmup   3: 33554432 op, 107373016.00 ns, 3.2000 ns/op
OverheadWarmup   4: 33554432 op, 108301251.00 ns, 3.2276 ns/op
OverheadWarmup   5: 33554432 op, 113173645.00 ns, 3.3728 ns/op
OverheadWarmup   6: 33554432 op, 112767582.00 ns, 3.3607 ns/op
OverheadWarmup   7: 33554432 op, 108062424.00 ns, 3.2205 ns/op
OverheadWarmup   8: 33554432 op, 114389859.00 ns, 3.4091 ns/op
OverheadWarmup   9: 33554432 op, 129975512.00 ns, 3.8736 ns/op
OverheadWarmup  10: 33554432 op, 157129650.00 ns, 4.6828 ns/op

OverheadActual   1: 33554432 op, 147375960.00 ns, 4.3921 ns/op
OverheadActual   2: 33554432 op, 127574044.00 ns, 3.8020 ns/op
OverheadActual   3: 33554432 op, 125230128.00 ns, 3.7321 ns/op
OverheadActual   4: 33554432 op, 119809174.00 ns, 3.5706 ns/op
OverheadActual   5: 33554432 op, 111740558.00 ns, 3.3301 ns/op
OverheadActual   6: 33554432 op, 107782682.00 ns, 3.2122 ns/op
OverheadActual   7: 33554432 op, 108574215.00 ns, 3.2358 ns/op
OverheadActual   8: 33554432 op, 111455459.00 ns, 3.3216 ns/op
OverheadActual   9: 33554432 op, 111656116.00 ns, 3.3276 ns/op
OverheadActual  10: 33554432 op, 107757614.00 ns, 3.2114 ns/op
OverheadActual  11: 33554432 op, 107693119.00 ns, 3.2095 ns/op
OverheadActual  12: 33554432 op, 114884148.00 ns, 3.4238 ns/op
OverheadActual  13: 33554432 op, 112418980.00 ns, 3.3503 ns/op
OverheadActual  14: 33554432 op, 109059690.00 ns, 3.2502 ns/op
OverheadActual  15: 33554432 op, 105156707.00 ns, 3.1339 ns/op
OverheadActual  16: 33554432 op, 106267092.00 ns, 3.1670 ns/op
OverheadActual  17: 33554432 op, 104696757.00 ns, 3.1202 ns/op
OverheadActual  18: 33554432 op, 105334169.00 ns, 3.1392 ns/op
OverheadActual  19: 33554432 op, 105256906.00 ns, 3.1369 ns/op

WorkloadWarmup   1: 33554432 op, 502795310.00 ns, 14.9845 ns/op
WorkloadWarmup   2: 33554432 op, 825667243.00 ns, 24.6068 ns/op
WorkloadWarmup   3: 33554432 op, 601603523.00 ns, 17.9292 ns/op

// BeforeActualRun
WorkloadActual   1: 33554432 op, 547532297.00 ns, 16.3177 ns/op
WorkloadActual   2: 33554432 op, 507165308.00 ns, 15.1147 ns/op
WorkloadActual   3: 33554432 op, 516775218.00 ns, 15.4011 ns/op
WorkloadActual   4: 33554432 op, 496773149.00 ns, 14.8050 ns/op
WorkloadActual   5: 33554432 op, 684100863.00 ns, 20.3878 ns/op

// AfterActualRun
WorkloadResult   1: 33554432 op, 438472607.00 ns, 13.0675 ns/op
WorkloadResult   2: 33554432 op, 398105618.00 ns, 11.8645 ns/op
WorkloadResult   3: 33554432 op, 407715528.00 ns, 12.1509 ns/op
WorkloadResult   4: 33554432 op, 387713459.00 ns, 11.5548 ns/op
// GC:  0 0 0 1072 33554432
// Threading:  0 0 33554432

// AfterAll
// Benchmark Process 1651 has exited with code 0.

Mean = 12.159 ns, StdErr = 0.326 ns (2.68%), N = 4, StdDev = 0.653 ns
Min = 11.555 ns, Q1 = 11.787 ns, Median = 12.008 ns, Q3 = 12.380 ns, Max = 13.068 ns
IQR = 0.593 ns, LowerFence = 10.898 ns, UpperFence = 13.270 ns
ConfidenceInterval = [7.943 ns; 16.376 ns] (CI 99.9%), Margin = 4.216 ns (34.68% of Mean)
Skewness = 0.45, Kurtosis = 1.13, MValue = 2

// ** Remained 34 (52.3%) benchmark(s) to run. Estimated finish 2026-08-16 3:31 (0h 5m from now) **
// **************************
// Benchmark: OptionsResolutionBenchmarks.Needlr_SourceGen_ResolveOptions: ShortRun(IterationCount=5, LaunchCount=1, WarmupCount=3)
// *** Execute ***
// Launch: 1 / 1
// Execute: dotnet bf8bdc48-2475-4673-b310-6966704f044e.dll --anonymousPipes 163 164 --benchmarkName NexusLabs.Needlr.Benchmarks.Benchmarks.OptionsResolutionBenchmarks.Needlr_SourceGen_ResolveOptions --job ShortRun --benchmarkId 31 in /actions-runner/_work/needlr/needlr/src/NexusLabs.Needlr.Benchmarks/bin/Release/net10.0/bf8bdc48-2475-4673-b310-6966704f044e/bin/Release/net10.0
// Failed to set up high priority (Permission denied). In order to run benchmarks with high priority, make sure you have the right permissions.
// BeforeAnythingElse

// Benchmark Process Environment Information:
// BenchmarkDotNet v0.14.0
// Runtime=.NET 10.0.10 (10.0.1026.32716), X64 RyuJIT AVX2
// GC=Concurrent Workstation
// HardwareIntrinsics=AVX2,AES,BMI1,BMI2,FMA,LZCNT,PCLMUL,POPCNT,AvxVnni,SERIALIZE VectorSize=256
// Job: ShortRun(IterationCount=5, LaunchCount=1, WarmupCount=3)

OverheadJitting  1: 1 op, 286084.00 ns, 286.0840 us/op
WorkloadJitting  1: 1 op, 7024490.00 ns, 7.0245 ms/op

OverheadJitting  2: 16 op, 411512.00 ns, 25.7195 us/op
WorkloadJitting  2: 16 op, 410019.00 ns, 25.6262 us/op

WorkloadPilot    1: 16 op, 6917.00 ns, 432.3125 ns/op
WorkloadPilot    2: 32 op, 6497.00 ns, 203.0313 ns/op
WorkloadPilot    3: 64 op, 8431.00 ns, 131.7344 ns/op
WorkloadPilot    4: 128 op, 13897.00 ns, 108.5703 ns/op
WorkloadPilot    5: 256 op, 18576.00 ns, 72.5625 ns/op
WorkloadPilot    6: 512 op, 32106.00 ns, 62.7070 ns/op
WorkloadPilot    7: 1024 op, 62483.00 ns, 61.0186 ns/op
WorkloadPilot    8: 2048 op, 118208.00 ns, 57.7188 ns/op
WorkloadPilot    9: 4096 op, 233364.00 ns, 56.9736 ns/op
WorkloadPilot   10: 8192 op, 518466.00 ns, 63.2893 ns/op
WorkloadPilot   11: 16384 op, 1025096.00 ns, 62.5669 ns/op
WorkloadPilot   12: 32768 op, 1920135.00 ns, 58.5979 ns/op
WorkloadPilot   13: 65536 op, 3815678.00 ns, 58.2226 ns/op
WorkloadPilot   14: 131072 op, 7482996.00 ns, 57.0907 ns/op
WorkloadPilot   15: 262144 op, 15332279.00 ns, 58.4880 ns/op
WorkloadPilot   16: 524288 op, 29632036.00 ns, 56.5186 ns/op
WorkloadPilot   17: 1048576 op, 58633890.00 ns, 55.9176 ns/op
WorkloadPilot   18: 2097152 op, 58782014.00 ns, 28.0294 ns/op
WorkloadPilot   19: 4194304 op, 63800924.00 ns, 15.2113 ns/op
WorkloadPilot   20: 8388608 op, 128804736.00 ns, 15.3547 ns/op
WorkloadPilot   21: 16777216 op, 257516067.00 ns, 15.3492 ns/op
WorkloadPilot   22: 33554432 op, 538887137.00 ns, 16.0601 ns/op

OverheadWarmup   1: 33554432 op, 135936160.00 ns, 4.0512 ns/op
OverheadWarmup   2: 33554432 op, 136051524.00 ns, 4.0547 ns/op
OverheadWarmup   3: 33554432 op, 129691114.00 ns, 3.8651 ns/op
OverheadWarmup   4: 33554432 op, 131080290.00 ns, 3.9065 ns/op
OverheadWarmup   5: 33554432 op, 131867414.00 ns, 3.9300 ns/op
OverheadWarmup   6: 33554432 op, 125228741.00 ns, 3.7321 ns/op

OverheadActual   1: 33554432 op, 122240348.00 ns, 3.6430 ns/op
OverheadActual   2: 33554432 op, 142921534.00 ns, 4.2594 ns/op
OverheadActual   3: 33554432 op, 160019962.00 ns, 4.7690 ns/op
OverheadActual   4: 33554432 op, 142722352.00 ns, 4.2535 ns/op
OverheadActual   5: 33554432 op, 128185825.00 ns, 3.8202 ns/op
OverheadActual   6: 33554432 op, 123484188.00 ns, 3.6801 ns/op
OverheadActual   7: 33554432 op, 121597832.00 ns, 3.6239 ns/op
OverheadActual   8: 33554432 op, 113531126.00 ns, 3.3835 ns/op
OverheadActual   9: 33554432 op, 110655637.00 ns, 3.2978 ns/op
OverheadActual  10: 33554432 op, 108931244.00 ns, 3.2464 ns/op
OverheadActual  11: 33554432 op, 106537173.00 ns, 3.1751 ns/op
OverheadActual  12: 33554432 op, 116911657.00 ns, 3.4842 ns/op
OverheadActual  13: 33554432 op, 124007020.00 ns, 3.6957 ns/op
OverheadActual  14: 33554432 op, 131729375.00 ns, 3.9258 ns/op
OverheadActual  15: 33554432 op, 123123058.00 ns, 3.6694 ns/op
OverheadActual  16: 33554432 op, 127939082.00 ns, 3.8129 ns/op
OverheadActual  17: 33554432 op, 115318254.00 ns, 3.4368 ns/op
OverheadActual  18: 33554432 op, 108647534.00 ns, 3.2379 ns/op
OverheadActual  19: 33554432 op, 104690156.00 ns, 3.1200 ns/op
OverheadActual  20: 33554432 op, 104453545.00 ns, 3.1130 ns/op

WorkloadWarmup   1: 33554432 op, 516042556.00 ns, 15.3793 ns/op
WorkloadWarmup   2: 33554432 op, 645671998.00 ns, 19.2425 ns/op
WorkloadWarmup   3: 33554432 op, 558835904.00 ns, 16.6546 ns/op

// BeforeActualRun
WorkloadActual   1: 33554432 op, 498158863.00 ns, 14.8463 ns/op
WorkloadActual   2: 33554432 op, 517310808.00 ns, 15.4171 ns/op
WorkloadActual   3: 33554432 op, 495373581.00 ns, 14.7633 ns/op
WorkloadActual   4: 33554432 op, 506580745.00 ns, 15.0973 ns/op
WorkloadActual   5: 33554432 op, 525978922.00 ns, 15.6754 ns/op

// AfterActualRun
WorkloadResult   1: 33554432 op, 376239773.00 ns, 11.2128 ns/op
WorkloadResult   2: 33554432 op, 395391718.00 ns, 11.7836 ns/op
WorkloadResult   3: 33554432 op, 373454491.00 ns, 11.1298 ns/op
WorkloadResult   4: 33554432 op, 384661655.00 ns, 11.4638 ns/op
WorkloadResult   5: 33554432 op, 404059832.00 ns, 12.0419 ns/op
// GC:  0 0 0 1072 33554432
// Threading:  0 0 33554432

// AfterAll
// Benchmark Process 1662 has exited with code 0.

Mean = 11.526 ns, StdErr = 0.172 ns (1.49%), N = 5, StdDev = 0.385 ns
Min = 11.130 ns, Q1 = 11.213 ns, Median = 11.464 ns, Q3 = 11.784 ns, Max = 12.042 ns
IQR = 0.571 ns, LowerFence = 10.357 ns, UpperFence = 12.640 ns
ConfidenceInterval = [10.046 ns; 13.007 ns] (CI 99.9%), Margin = 1.481 ns (12.85% of Mean)
Skewness = 0.21, Kurtosis = 1, MValue = 2

// ** Remained 33 (50.8%) benchmark(s) to run. Estimated finish 2026-08-16 3:31 (0h 5m from now) **
// ***** BenchmarkRunner: Finish  *****

// * Export *
  actions-runner/_work/needlr/needlr/benchmark-results/results/NexusLabs.Needlr.Benchmarks.Benchmarks.OptionsResolutionBenchmarks-report.csv
  actions-runner/_work/needlr/needlr/benchmark-results/results/NexusLabs.Needlr.Benchmarks.Benchmarks.OptionsResolutionBenchmarks-report-github.md
  actions-runner/_work/needlr/needlr/benchmark-results/results/NexusLabs.Needlr.Benchmarks.Benchmarks.OptionsResolutionBenchmarks-report.html
  actions-runner/_work/needlr/needlr/benchmark-results/results/NexusLabs.Needlr.Benchmarks.Benchmarks.OptionsResolutionBenchmarks-report-full-compressed.json
  actions-runner/_work/needlr/needlr/benchmark-results/results/NexusLabs.Needlr.Benchmarks.Benchmarks.OptionsResolutionBenchmarks-report-default.md

// * Detailed results *
OptionsResolutionBenchmarks.ManualDI_ResolveOptions: ShortRun(IterationCount=5, LaunchCount=1, WarmupCount=3)
Runtime = .NET 10.0.10 (10.0.1026.32716), X64 RyuJIT AVX2; GC = Concurrent Workstation
Mean = 11.628 ns, StdErr = 0.071 ns (0.61%), N = 5, StdDev = 0.159 ns
Min = 11.409 ns, Q1 = 11.527 ns, Median = 11.679 ns, Q3 = 11.717 ns, Max = 11.807 ns
IQR = 0.190 ns, LowerFence = 11.241 ns, UpperFence = 12.002 ns
ConfidenceInterval = [11.017 ns; 12.239 ns] (CI 99.9%), Margin = 0.611 ns (5.25% of Mean)
Skewness = -0.24, Kurtosis = 1.1, MValue = 2
-------------------- Histogram --------------------
[11.346 ns ; 11.621 ns) | @@
[11.621 ns ; 11.865 ns) | @@@
---------------------------------------------------

OptionsResolutionBenchmarks.Needlr_Reflection_ResolveOptions: ShortRun(IterationCount=5, LaunchCount=1, WarmupCount=3)
Runtime = .NET 10.0.10 (10.0.1026.32716), X64 RyuJIT AVX2; GC = Concurrent Workstation
Mean = 12.159 ns, StdErr = 0.326 ns (2.68%), N = 4, StdDev = 0.653 ns
Min = 11.555 ns, Q1 = 11.787 ns, Median = 12.008 ns, Q3 = 12.380 ns, Max = 13.068 ns
IQR = 0.593 ns, LowerFence = 10.898 ns, UpperFence = 13.270 ns
ConfidenceInterval = [7.943 ns; 16.376 ns] (CI 99.9%), Margin = 4.216 ns (34.68% of Mean)
Skewness = 0.45, Kurtosis = 1.13, MValue = 2
-------------------- Histogram --------------------
[11.313 ns ; 12.392 ns) | @@@
[12.392 ns ; 13.607 ns) | @
---------------------------------------------------

OptionsResolutionBenchmarks.Needlr_SourceGen_ResolveOptions: ShortRun(IterationCount=5, LaunchCount=1, WarmupCount=3)
Runtime = .NET 10.0.10 (10.0.1026.32716), X64 RyuJIT AVX2; GC = Concurrent Workstation
Mean = 11.526 ns, StdErr = 0.172 ns (1.49%), N = 5, StdDev = 0.385 ns
Min = 11.130 ns, Q1 = 11.213 ns, Median = 11.464 ns, Q3 = 11.784 ns, Max = 12.042 ns
IQR = 0.571 ns, LowerFence = 10.357 ns, UpperFence = 12.640 ns
ConfidenceInterval = [10.046 ns; 13.007 ns] (CI 99.9%), Margin = 1.481 ns (12.85% of Mean)
Skewness = 0.21, Kurtosis = 1, MValue = 2
-------------------- Histogram --------------------
[11.002 ns ; 11.592 ns) | @@@
[11.592 ns ; 12.208 ns) | @@
---------------------------------------------------

// * Summary *

BenchmarkDotNet v0.14.0, Ubuntu 24.04.4 LTS (Noble Numbat)
Intel Core 7 150U, 1 CPU, 12 logical and 6 physical cores
.NET SDK 10.0.302
  [Host]   : .NET 10.0.10 (10.0.1026.32716), X64 RyuJIT AVX2
  ShortRun : .NET 10.0.10 (10.0.1026.32716), X64 RyuJIT AVX2

Job=ShortRun  IterationCount=5  LaunchCount=1  
WarmupCount=3  

| Method                           | Mean     | Error    | StdDev   | Ratio | RatioSD | Rank | Allocated | Alloc Ratio |
|--------------------------------- |---------:|---------:|---------:|------:|--------:|-----:|----------:|------------:|
| ManualDI_ResolveOptions          | 11.63 ns | 0.611 ns | 0.159 ns |  1.00 |    0.02 |    1 |         - |          NA |
| Needlr_Reflection_ResolveOptions | 12.16 ns | 4.216 ns | 0.653 ns |  1.05 |    0.05 |    1 |         - |          NA |
| Needlr_SourceGen_ResolveOptions  | 11.53 ns | 1.481 ns | 0.385 ns |  0.99 |    0.03 |    1 |         - |          NA |

// * Hints *
Outliers
  OptionsResolutionBenchmarks.Needlr_Reflection_ResolveOptions: ShortRun -> 1 outlier  was  removed (20.39 ns)
// * Config Issues *

// * Warnings *
Configuration
  Summary -> The exporter HtmlExporter is already present in configuration. There may be unexpected results.

// * Legends *
  Mean        : Arithmetic mean of all measurements
  Error       : Half of 99.9% confidence interval
  StdDev      : Standard deviation of all measurements
  Ratio       : Mean of the ratio distribution ([Current]/[Baseline])
  RatioSD     : Standard deviation of the ratio distribution ([Current]/[Baseline])
  Rank        : Relative position of current benchmark mean among all benchmarks (Arabic style)
  Allocated   : Allocated memory per single operation (managed only, inclusive, 1KB = 1024B)
  Alloc Ratio : Allocated memory ratio distribution ([Current]/[Baseline])
  1 ns        : 1 Nanosecond (0.000000001 sec)

// * Diagnostic Output - MemoryDiagnoser *


// ***** BenchmarkRunner: End *****
Run time: 00:00:28 (28.97 sec), executed benchmarks: 3

// Found 4 benchmarks:
//   ProviderBuildBenchmarks.ManualDI_ToServiceProvider: ShortRun(IterationCount=5, LaunchCount=1, WarmupCount=3)
//   ProviderBuildBenchmarks.Needlr_Reflection_ToServiceProvider: ShortRun(IterationCount=5, LaunchCount=1, WarmupCount=3)
//   ProviderBuildBenchmarks.Needlr_SourceGen_ToServiceProvider: ShortRun(IterationCount=5, LaunchCount=1, WarmupCount=3)
//   ProviderBuildBenchmarks.Needlr_SourceGen_ToProvider: ShortRun(IterationCount=5, LaunchCount=1, WarmupCount=3)

// **************************
// Benchmark: ProviderBuildBenchmarks.ManualDI_ToServiceProvider: ShortRun(IterationCount=5, LaunchCount=1, WarmupCount=3)
// *** Execute ***
// Launch: 1 / 1
// Execute: dotnet bf8bdc48-2475-4673-b310-6966704f044e.dll --anonymousPipes 163 164 --benchmarkName NexusLabs.Needlr.Benchmarks.Benchmarks.ProviderBuildBenchmarks.ManualDI_ToServiceProvider --job ShortRun --benchmarkId 32 in /actions-runner/_work/needlr/needlr/src/NexusLabs.Needlr.Benchmarks/bin/Release/net10.0/bf8bdc48-2475-4673-b310-6966704f044e/bin/Release/net10.0
// Failed to set up high priority (Permission denied). In order to run benchmarks with high priority, make sure you have the right permissions.
// BeforeAnythingElse

// Benchmark Process Environment Information:
// BenchmarkDotNet v0.14.0
// Runtime=.NET 10.0.10 (10.0.1026.32716), X64 RyuJIT AVX2
// GC=Concurrent Workstation
// HardwareIntrinsics=AVX2,AES,BMI1,BMI2,FMA,LZCNT,PCLMUL,POPCNT,AvxVnni,SERIALIZE VectorSize=256
// Job: ShortRun(IterationCount=5, LaunchCount=1, WarmupCount=3)

OverheadJitting  1: 1 op, 316964.00 ns, 316.9640 us/op
WorkloadJitting  1: 1 op, 5009703.00 ns, 5.0097 ms/op

OverheadJitting  2: 16 op, 397442.00 ns, 24.8401 us/op
WorkloadJitting  2: 16 op, 702494.00 ns, 43.9059 us/op

WorkloadPilot    1: 16 op, 115389.00 ns, 7.2118 us/op
WorkloadPilot    2: 32 op, 148686.00 ns, 4.6464 us/op
WorkloadPilot    3: 64 op, 261008.00 ns, 4.0783 us/op
WorkloadPilot    4: 128 op, 528430.00 ns, 4.1284 us/op
WorkloadPilot    5: 256 op, 1057790.00 ns, 4.1320 us/op
WorkloadPilot    6: 512 op, 2033868.00 ns, 3.9724 us/op
WorkloadPilot    7: 1024 op, 3970972.00 ns, 3.8779 us/op
WorkloadPilot    8: 2048 op, 6375135.00 ns, 3.1129 us/op
WorkloadPilot    9: 4096 op, 11586378.00 ns, 2.8287 us/op
WorkloadPilot   10: 8192 op, 20778755.00 ns, 2.5365 us/op
WorkloadPilot   11: 16384 op, 40070571.00 ns, 2.4457 us/op
WorkloadPilot   12: 32768 op, 103432989.00 ns, 3.1565 us/op
WorkloadPilot   13: 65536 op, 127299315.00 ns, 1.9424 us/op
WorkloadPilot   14: 131072 op, 167137553.00 ns, 1.2752 us/op
WorkloadPilot   15: 262144 op, 293529043.00 ns, 1.1197 us/op
WorkloadPilot   16: 524288 op, 586492554.00 ns, 1.1186 us/op

OverheadWarmup   1: 524288 op, 2095348.00 ns, 3.9966 ns/op
OverheadWarmup   2: 524288 op, 2367622.00 ns, 4.5159 ns/op
OverheadWarmup   3: 524288 op, 3769941.00 ns, 7.1906 ns/op
OverheadWarmup   4: 524288 op, 2623864.00 ns, 5.0046 ns/op
OverheadWarmup   5: 524288 op, 2327785.00 ns, 4.4399 ns/op
OverheadWarmup   6: 524288 op, 2169153.00 ns, 4.1373 ns/op
OverheadWarmup   7: 524288 op, 2196072.00 ns, 4.1887 ns/op
OverheadWarmup   8: 524288 op, 2260109.00 ns, 4.3108 ns/op
OverheadWarmup   9: 524288 op, 2384469.00 ns, 4.5480 ns/op
OverheadWarmup  10: 524288 op, 2158489.00 ns, 4.1170 ns/op

OverheadActual   1: 524288 op, 2181942.00 ns, 4.1617 ns/op
OverheadActual   2: 524288 op, 2213507.00 ns, 4.2219 ns/op
OverheadActual   3: 524288 op, 2190067.00 ns, 4.1772 ns/op
OverheadActual   4: 524288 op, 2143419.00 ns, 4.0882 ns/op
OverheadActual   5: 524288 op, 2138044.00 ns, 4.0780 ns/op
OverheadActual   6: 524288 op, 2175674.00 ns, 4.1498 ns/op
OverheadActual   7: 524288 op, 2198414.00 ns, 4.1931 ns/op
OverheadActual   8: 524288 op, 2166187.00 ns, 4.1317 ns/op
OverheadActual   9: 524288 op, 2146129.00 ns, 4.0934 ns/op
OverheadActual  10: 524288 op, 2170119.00 ns, 4.1392 ns/op
OverheadActual  11: 524288 op, 2188895.00 ns, 4.1750 ns/op
OverheadActual  12: 524288 op, 2147849.00 ns, 4.0967 ns/op
OverheadActual  13: 524288 op, 2186518.00 ns, 4.1705 ns/op
OverheadActual  14: 524288 op, 2187364.00 ns, 4.1721 ns/op
OverheadActual  15: 524288 op, 2229733.00 ns, 4.2529 ns/op

WorkloadWarmup   1: 524288 op, 600056953.00 ns, 1.1445 us/op
WorkloadWarmup   2: 524288 op, 636166255.00 ns, 1.2134 us/op
WorkloadWarmup   3: 524288 op, 763011094.00 ns, 1.4553 us/op

// BeforeActualRun
WorkloadActual   1: 524288 op, 589104119.00 ns, 1.1236 us/op
WorkloadActual   2: 524288 op, 590325791.00 ns, 1.1260 us/op
WorkloadActual   3: 524288 op, 588155409.00 ns, 1.1218 us/op
WorkloadActual   4: 524288 op, 745289162.00 ns, 1.4215 us/op
WorkloadActual   5: 524288 op, 706809018.00 ns, 1.3481 us/op

// AfterActualRun
WorkloadResult   1: 524288 op, 586922177.00 ns, 1.1195 us/op
WorkloadResult   2: 524288 op, 588143849.00 ns, 1.1218 us/op
WorkloadResult   3: 524288 op, 585973467.00 ns, 1.1177 us/op
WorkloadResult   4: 524288 op, 743107220.00 ns, 1.4174 us/op
WorkloadResult   5: 524288 op, 704627076.00 ns, 1.3440 us/op
// GC:  473 52 0 2969567968 524288
// Threading:  0 0 524288

// AfterAll
// Benchmark Process 1674 has exited with code 0.

Mean = 1.224 μs, StdErr = 0.065 μs (5.31%), N = 5, StdDev = 0.145 μs
Min = 1.118 μs, Q1 = 1.119 μs, Median = 1.122 μs, Q3 = 1.344 μs, Max = 1.417 μs
IQR = 0.225 μs, LowerFence = 0.783 μs, UpperFence = 1.681 μs
ConfidenceInterval = [0.664 μs; 1.784 μs] (CI 99.9%), Margin = 0.560 μs (45.71% of Mean)
Skewness = 0.36, Kurtosis = 0.88, MValue = 2

// ** Remained 32 (49.2%) benchmark(s) to run. Estimated finish 2026-08-16 3:31 (0h 4m from now) **
// **************************
// Benchmark: ProviderBuildBenchmarks.Needlr_Reflection_ToServiceProvider: ShortRun(IterationCount=5, LaunchCount=1, WarmupCount=3)
// *** Execute ***
// Launch: 1 / 1
// Execute: dotnet bf8bdc48-2475-4673-b310-6966704f044e.dll --anonymousPipes 163 164 --benchmarkName NexusLabs.Needlr.Benchmarks.Benchmarks.ProviderBuildBenchmarks.Needlr_Reflection_ToServiceProvider --job ShortRun --benchmarkId 33 in /actions-runner/_work/needlr/needlr/src/NexusLabs.Needlr.Benchmarks/bin/Release/net10.0/bf8bdc48-2475-4673-b310-6966704f044e/bin/Release/net10.0
// Failed to set up high priority (Permission denied). In order to run benchmarks with high priority, make sure you have the right permissions.
// BeforeAnythingElse

// Benchmark Process Environment Information:
// BenchmarkDotNet v0.14.0
// Runtime=.NET 10.0.10 (10.0.1026.32716), X64 RyuJIT AVX2
// GC=Concurrent Workstation
// HardwareIntrinsics=AVX2,AES,BMI1,BMI2,FMA,LZCNT,PCLMUL,POPCNT,AvxVnni,SERIALIZE VectorSize=256
// Job: ShortRun(IterationCount=5, LaunchCount=1, WarmupCount=3)

OverheadJitting  1: 1 op, 300792.00 ns, 300.7920 us/op
WorkloadJitting  1: 1 op, 28963153.00 ns, 28.9632 ms/op

OverheadJitting  2: 16 op, 376901.00 ns, 23.5563 us/op
WorkloadJitting  2: 16 op, 17974039.00 ns, 1.1234 ms/op

WorkloadPilot    1: 16 op, 17348070.00 ns, 1.0843 ms/op
WorkloadPilot    2: 32 op, 30810211.00 ns, 962.8191 us/op
WorkloadPilot    3: 64 op, 54624364.00 ns, 853.5057 us/op
WorkloadPilot    4: 128 op, 119804983.00 ns, 935.9764 us/op
WorkloadPilot    5: 256 op, 229404879.00 ns, 896.1128 us/op
WorkloadPilot    6: 512 op, 579620245.00 ns, 1.1321 ms/op

OverheadWarmup   1: 512 op, 4230.00 ns, 8.2617 ns/op
OverheadWarmup   2: 512 op, 2599.00 ns, 5.0762 ns/op
OverheadWarmup   3: 512 op, 5944.00 ns, 11.6094 ns/op
OverheadWarmup   4: 512 op, 2593.00 ns, 5.0645 ns/op
OverheadWarmup   5: 512 op, 2890.00 ns, 5.6445 ns/op
OverheadWarmup   6: 512 op, 2655.00 ns, 5.1855 ns/op

OverheadActual   1: 512 op, 2609.00 ns, 5.0957 ns/op
OverheadActual   2: 512 op, 2585.00 ns, 5.0488 ns/op
OverheadActual   3: 512 op, 2679.00 ns, 5.2324 ns/op
OverheadActual   4: 512 op, 2643.00 ns, 5.1621 ns/op
OverheadActual   5: 512 op, 2693.00 ns, 5.2598 ns/op
OverheadActual   6: 512 op, 2694.00 ns, 5.2617 ns/op
OverheadActual   7: 512 op, 2669.00 ns, 5.2129 ns/op
OverheadActual   8: 512 op, 2567.00 ns, 5.0137 ns/op
OverheadActual   9: 512 op, 2659.00 ns, 5.1934 ns/op
OverheadActual  10: 512 op, 2678.00 ns, 5.2305 ns/op
OverheadActual  11: 512 op, 2638.00 ns, 5.1523 ns/op
OverheadActual  12: 512 op, 2613.00 ns, 5.1035 ns/op
OverheadActual  13: 512 op, 2620.00 ns, 5.1172 ns/op
OverheadActual  14: 512 op, 2696.00 ns, 5.2656 ns/op
OverheadActual  15: 512 op, 2561.00 ns, 5.0020 ns/op

WorkloadWarmup   1: 512 op, 821651461.00 ns, 1.6048 ms/op
WorkloadWarmup   2: 512 op, 925772084.00 ns, 1.8081 ms/op
WorkloadWarmup   3: 512 op, 396377582.00 ns, 774.1750 us/op

// BeforeActualRun
WorkloadActual   1: 512 op, 286896462.00 ns, 560.3447 us/op
WorkloadActual   2: 512 op, 274640771.00 ns, 536.4078 us/op
WorkloadActual   3: 512 op, 282551712.00 ns, 551.8588 us/op
WorkloadActual   4: 512 op, 270474190.00 ns, 528.2699 us/op
WorkloadActual   5: 512 op, 251381882.00 ns, 490.9802 us/op

// AfterActualRun
WorkloadResult   1: 512 op, 286893819.00 ns, 560.3395 us/op
WorkloadResult   2: 512 op, 274638128.00 ns, 536.4026 us/op
WorkloadResult   3: 512 op, 282549069.00 ns, 551.8537 us/op
WorkloadResult   4: 512 op, 270471547.00 ns, 528.2647 us/op
WorkloadResult   5: 512 op, 251379239.00 ns, 490.9751 us/op
// GC:  21 1 0 136335824 512
// Threading:  0 0 512

// AfterAll
// Benchmark Process 1682 has exited with code 0.

Mean = 533.567 μs, StdErr = 12.044 μs (2.26%), N = 5, StdDev = 26.932 μs
Min = 490.975 μs, Q1 = 528.265 μs, Median = 536.403 μs, Q3 = 551.854 μs, Max = 560.339 μs
IQR = 23.589 μs, LowerFence = 492.881 μs, UpperFence = 587.237 μs
ConfidenceInterval = [429.860 μs; 637.274 μs] (CI 99.9%), Margin = 103.707 μs (19.44% of Mean)
Skewness = -0.53, Kurtosis = 1.49, MValue = 2

// ** Remained 31 (47.7%) benchmark(s) to run. Estimated finish 2026-08-16 3:31 (0h 4m from now) **
// **************************
// Benchmark: ProviderBuildBenchmarks.Needlr_SourceGen_ToServiceProvider: ShortRun(IterationCount=5, LaunchCount=1, WarmupCount=3)
// *** Execute ***
// Launch: 1 / 1
// Execute: dotnet bf8bdc48-2475-4673-b310-6966704f044e.dll --anonymousPipes 163 164 --benchmarkName NexusLabs.Needlr.Benchmarks.Benchmarks.ProviderBuildBenchmarks.Needlr_SourceGen_ToServiceProvider --job ShortRun --benchmarkId 34 in /actions-runner/_work/needlr/needlr/src/NexusLabs.Needlr.Benchmarks/bin/Release/net10.0/bf8bdc48-2475-4673-b310-6966704f044e/bin/Release/net10.0
// Failed to set up high priority (Permission denied). In order to run benchmarks with high priority, make sure you have the right permissions.
// BeforeAnythingElse

// Benchmark Process Environment Information:
// BenchmarkDotNet v0.14.0
// Runtime=.NET 10.0.10 (10.0.1026.32716), X64 RyuJIT AVX2
// GC=Concurrent Workstation
// HardwareIntrinsics=AVX2,AES,BMI1,BMI2,FMA,LZCNT,PCLMUL,POPCNT,AvxVnni,SERIALIZE VectorSize=256
// Job: ShortRun(IterationCount=5, LaunchCount=1, WarmupCount=3)

OverheadJitting  1: 1 op, 298658.00 ns, 298.6580 us/op
WorkloadJitting  1: 1 op, 34528805.00 ns, 34.5288 ms/op

WorkloadPilot    1: 2 op, 847631.00 ns, 423.8155 us/op
WorkloadPilot    2: 3 op, 1160119.00 ns, 386.7063 us/op
WorkloadPilot    3: 4 op, 1227913.00 ns, 306.9783 us/op
WorkloadPilot    4: 5 op, 1530915.00 ns, 306.1830 us/op
WorkloadPilot    5: 6 op, 1631330.00 ns, 271.8883 us/op
WorkloadPilot    6: 7 op, 2236991.00 ns, 319.5701 us/op
WorkloadPilot    7: 8 op, 2285542.00 ns, 285.6928 us/op
WorkloadPilot    8: 9 op, 2528501.00 ns, 280.9446 us/op
WorkloadPilot    9: 10 op, 2939362.00 ns, 293.9362 us/op
WorkloadPilot   10: 11 op, 3298642.00 ns, 299.8765 us/op
WorkloadPilot   11: 12 op, 3594954.00 ns, 299.5795 us/op
WorkloadPilot   12: 13 op, 3872369.00 ns, 297.8745 us/op
WorkloadPilot   13: 14 op, 4104582.00 ns, 293.1844 us/op
WorkloadPilot   14: 15 op, 4226634.00 ns, 281.7756 us/op
WorkloadPilot   15: 16 op, 4585284.00 ns, 286.5803 us/op
WorkloadPilot   16: 32 op, 10109511.00 ns, 315.9222 us/op
WorkloadPilot   17: 64 op, 18168452.00 ns, 283.8821 us/op
WorkloadPilot   18: 128 op, 41035592.00 ns, 320.5906 us/op
WorkloadPilot   19: 256 op, 106186246.00 ns, 414.7900 us/op
WorkloadPilot   20: 512 op, 278535614.00 ns, 544.0149 us/op
WorkloadPilot   21: 1024 op, 446298846.00 ns, 435.8387 us/op
WorkloadPilot   22: 2048 op, 598408921.00 ns, 292.1919 us/op

WorkloadWarmup   1: 2048 op, 285106492.00 ns, 139.2122 us/op
WorkloadWarmup   2: 2048 op, 206437990.00 ns, 100.7998 us/op
WorkloadWarmup   3: 2048 op, 184479227.00 ns, 90.0777 us/op

// BeforeActualRun
WorkloadActual   1: 2048 op, 174772387.00 ns, 85.3381 us/op
WorkloadActual   2: 2048 op, 179928121.00 ns, 87.8555 us/op
WorkloadActual   3: 2048 op, 178947108.00 ns, 87.3765 us/op
WorkloadActual   4: 2048 op, 172551636.00 ns, 84.2537 us/op
WorkloadActual   5: 2048 op, 172776714.00 ns, 84.3636 us/op

// AfterActualRun
WorkloadResult   1: 2048 op, 174772387.00 ns, 85.3381 us/op
WorkloadResult   2: 2048 op, 179928121.00 ns, 87.8555 us/op
WorkloadResult   3: 2048 op, 178947108.00 ns, 87.3765 us/op
WorkloadResult   4: 2048 op, 172551636.00 ns, 84.2537 us/op
WorkloadResult   5: 2048 op, 172776714.00 ns, 84.3636 us/op
// GC:  62 8 0 389850064 2048
// Threading:  0 0 2048

// AfterAll
// Benchmark Process 1692 has exited with code 0.

Mean = 85.837 μs, StdErr = 0.754 μs (0.88%), N = 5, StdDev = 1.686 μs
Min = 84.254 μs, Q1 = 84.364 μs, Median = 85.338 μs, Q3 = 87.377 μs, Max = 87.856 μs
IQR = 3.013 μs, LowerFence = 79.844 μs, UpperFence = 91.896 μs
ConfidenceInterval = [79.345 μs; 92.330 μs] (CI 99.9%), Margin = 6.492 μs (7.56% of Mean)
Skewness = 0.19, Kurtosis = 0.82, MValue = 2

// ** Remained 30 (46.2%) benchmark(s) to run. Estimated finish 2026-08-16 3:31 (0h 4m from now) **
// **************************
// Benchmark: ProviderBuildBenchmarks.Needlr_SourceGen_ToProvider: ShortRun(IterationCount=5, LaunchCount=1, WarmupCount=3)
// *** Execute ***
// Launch: 1 / 1
// Execute: dotnet bf8bdc48-2475-4673-b310-6966704f044e.dll --anonymousPipes 163 164 --benchmarkName NexusLabs.Needlr.Benchmarks.Benchmarks.ProviderBuildBenchmarks.Needlr_SourceGen_ToProvider --job ShortRun --benchmarkId 35 in /actions-runner/_work/needlr/needlr/src/NexusLabs.Needlr.Benchmarks/bin/Release/net10.0/bf8bdc48-2475-4673-b310-6966704f044e/bin/Release/net10.0
// Failed to set up high priority (Permission denied). In order to run benchmarks with high priority, make sure you have the right permissions.
// BeforeAnythingElse

// Benchmark Process Environment Information:
// BenchmarkDotNet v0.14.0
// Runtime=.NET 10.0.10 (10.0.1026.32716), X64 RyuJIT AVX2
// GC=Concurrent Workstation
// HardwareIntrinsics=AVX2,AES,BMI1,BMI2,FMA,LZCNT,PCLMUL,POPCNT,AvxVnni,SERIALIZE VectorSize=256
// Job: ShortRun(IterationCount=5, LaunchCount=1, WarmupCount=3)

OverheadJitting  1: 1 op, 387774.00 ns, 387.7740 us/op
WorkloadJitting  1: 1 op, 46220155.00 ns, 46.2202 ms/op

WorkloadPilot    1: 2 op, 1328474.00 ns, 664.2370 us/op
WorkloadPilot    2: 3 op, 1494228.00 ns, 498.0760 us/op
WorkloadPilot    3: 4 op, 1699025.00 ns, 424.7563 us/op
WorkloadPilot    4: 5 op, 2097128.00 ns, 419.4256 us/op
WorkloadPilot    5: 6 op, 2392276.00 ns, 398.7127 us/op
WorkloadPilot    6: 7 op, 2628351.00 ns, 375.4787 us/op
WorkloadPilot    7: 8 op, 3347435.00 ns, 418.4294 us/op
WorkloadPilot    8: 9 op, 3565262.00 ns, 396.1402 us/op
WorkloadPilot    9: 10 op, 4111424.00 ns, 411.1424 us/op
WorkloadPilot   10: 11 op, 4472687.00 ns, 406.6079 us/op
WorkloadPilot   11: 12 op, 5080920.00 ns, 423.4100 us/op
WorkloadPilot   12: 13 op, 5133563.00 ns, 394.8895 us/op
WorkloadPilot   13: 14 op, 5695064.00 ns, 406.7903 us/op
WorkloadPilot   14: 15 op, 5983116.00 ns, 398.8744 us/op
WorkloadPilot   15: 16 op, 5978151.00 ns, 373.6344 us/op
WorkloadPilot   16: 32 op, 13186096.00 ns, 412.0655 us/op
WorkloadPilot   17: 64 op, 24011708.00 ns, 375.1829 us/op
WorkloadPilot   18: 128 op, 61596461.00 ns, 481.2224 us/op
WorkloadPilot   19: 256 op, 104455228.00 ns, 408.0282 us/op
WorkloadPilot   20: 512 op, 202599377.00 ns, 395.7019 us/op
WorkloadPilot   21: 1024 op, 378387967.00 ns, 369.5195 us/op
WorkloadPilot   22: 2048 op, 730676570.00 ns, 356.7757 us/op

WorkloadWarmup   1: 2048 op, 442717826.00 ns, 216.1708 us/op
WorkloadWarmup   2: 2048 op, 263590295.00 ns, 128.7062 us/op
WorkloadWarmup   3: 2048 op, 194781857.00 ns, 95.1083 us/op

// BeforeActualRun
WorkloadActual   1: 2048 op, 193396451.00 ns, 94.4319 us/op
WorkloadActual   2: 2048 op, 185916363.00 ns, 90.7795 us/op
WorkloadActual   3: 2048 op, 199194017.00 ns, 97.2627 us/op
WorkloadActual   4: 2048 op, 303805885.00 ns, 148.3427 us/op
WorkloadActual   5: 2048 op, 239262323.00 ns, 116.8273 us/op

// AfterActualRun
WorkloadResult   1: 2048 op, 193396451.00 ns, 94.4319 us/op
WorkloadResult   2: 2048 op, 185916363.00 ns, 90.7795 us/op
WorkloadResult   3: 2048 op, 199194017.00 ns, 97.2627 us/op
WorkloadResult   4: 2048 op, 303805885.00 ns, 148.3427 us/op
WorkloadResult   5: 2048 op, 239262323.00 ns, 116.8273 us/op
// GC:  63 8 0 399671104 2048
// Threading:  0 0 2048

// AfterAll
// Benchmark Process 1701 has exited with code 0.

Mean = 109.529 μs, StdErr = 10.700 μs (9.77%), N = 5, StdDev = 23.925 μs
Min = 90.779 μs, Q1 = 94.432 μs, Median = 97.263 μs, Q3 = 116.827 μs, Max = 148.343 μs
IQR = 22.395 μs, LowerFence = 60.839 μs, UpperFence = 150.420 μs
ConfidenceInterval = [17.401 μs; 201.657 μs] (CI 99.9%), Margin = 92.128 μs (84.11% of Mean)
Skewness = 0.69, Kurtosis = 1.51, MValue = 2

// ** Remained 29 (44.6%) benchmark(s) to run. Estimated finish 2026-08-16 3:31 (0h 4m from now) **
// ***** BenchmarkRunner: Finish  *****

// * Export *
  actions-runner/_work/needlr/needlr/benchmark-results/results/NexusLabs.Needlr.Benchmarks.Benchmarks.ProviderBuildBenchmarks-report.csv
  actions-runner/_work/needlr/needlr/benchmark-results/results/NexusLabs.Needlr.Benchmarks.Benchmarks.ProviderBuildBenchmarks-report-github.md
  actions-runner/_work/needlr/needlr/benchmark-results/results/NexusLabs.Needlr.Benchmarks.Benchmarks.ProviderBuildBenchmarks-report.html
  actions-runner/_work/needlr/needlr/benchmark-results/results/NexusLabs.Needlr.Benchmarks.Benchmarks.ProviderBuildBenchmarks-report-full-compressed.json
  actions-runner/_work/needlr/needlr/benchmark-results/results/NexusLabs.Needlr.Benchmarks.Benchmarks.ProviderBuildBenchmarks-report-default.md

// * Detailed results *
ProviderBuildBenchmarks.ManualDI_ToServiceProvider: ShortRun(IterationCount=5, LaunchCount=1, WarmupCount=3)
Runtime = .NET 10.0.10 (10.0.1026.32716), X64 RyuJIT AVX2; GC = Concurrent Workstation
Mean = 1.224 μs, StdErr = 0.065 μs (5.31%), N = 5, StdDev = 0.145 μs
Min = 1.118 μs, Q1 = 1.119 μs, Median = 1.122 μs, Q3 = 1.344 μs, Max = 1.417 μs
IQR = 0.225 μs, LowerFence = 0.783 μs, UpperFence = 1.681 μs
ConfidenceInterval = [0.664 μs; 1.784 μs] (CI 99.9%), Margin = 0.560 μs (45.71% of Mean)
Skewness = 0.36, Kurtosis = 0.88, MValue = 2
-------------------- Histogram --------------------
[1.006 μs ; 1.269 μs) | @@@
[1.269 μs ; 1.529 μs) | @@
---------------------------------------------------

ProviderBuildBenchmarks.Needlr_Reflection_ToServiceProvider: ShortRun(IterationCount=5, LaunchCount=1, WarmupCount=3)
Runtime = .NET 10.0.10 (10.0.1026.32716), X64 RyuJIT AVX2; GC = Concurrent Workstation
Mean = 533.567 μs, StdErr = 12.044 μs (2.26%), N = 5, StdDev = 26.932 μs
Min = 490.975 μs, Q1 = 528.265 μs, Median = 536.403 μs, Q3 = 551.854 μs, Max = 560.339 μs
IQR = 23.589 μs, LowerFence = 492.881 μs, UpperFence = 587.237 μs
ConfidenceInterval = [429.860 μs; 637.274 μs] (CI 99.9%), Margin = 103.707 μs (19.44% of Mean)
Skewness = -0.53, Kurtosis = 1.49, MValue = 2
-------------------- Histogram --------------------
[470.303 μs ; 511.647 μs) | @
[511.647 μs ; 564.974 μs) | @@@@
---------------------------------------------------

ProviderBuildBenchmarks.Needlr_SourceGen_ToServiceProvider: ShortRun(IterationCount=5, LaunchCount=1, WarmupCount=3)
Runtime = .NET 10.0.10 (10.0.1026.32716), X64 RyuJIT AVX2; GC = Concurrent Workstation
Mean = 85.837 μs, StdErr = 0.754 μs (0.88%), N = 5, StdDev = 1.686 μs
Min = 84.254 μs, Q1 = 84.364 μs, Median = 85.338 μs, Q3 = 87.377 μs, Max = 87.856 μs
IQR = 3.013 μs, LowerFence = 79.844 μs, UpperFence = 91.896 μs
ConfidenceInterval = [79.345 μs; 92.330 μs] (CI 99.9%), Margin = 6.492 μs (7.56% of Mean)
Skewness = 0.19, Kurtosis = 0.82, MValue = 2
-------------------- Histogram --------------------
[83.502 μs ; 86.090 μs) | @@@
[86.090 μs ; 89.150 μs) | @@
---------------------------------------------------

ProviderBuildBenchmarks.Needlr_SourceGen_ToProvider: ShortRun(IterationCount=5, LaunchCount=1, WarmupCount=3)
Runtime = .NET 10.0.10 (10.0.1026.32716), X64 RyuJIT AVX2; GC = Concurrent Workstation
Mean = 109.529 μs, StdErr = 10.700 μs (9.77%), N = 5, StdDev = 23.925 μs
Min = 90.779 μs, Q1 = 94.432 μs, Median = 97.263 μs, Q3 = 116.827 μs, Max = 148.343 μs
IQR = 22.395 μs, LowerFence = 60.839 μs, UpperFence = 150.420 μs
ConfidenceInterval = [17.401 μs; 201.657 μs] (CI 99.9%), Margin = 92.128 μs (84.11% of Mean)
Skewness = 0.69, Kurtosis = 1.51, MValue = 2
-------------------- Histogram --------------------
[ 85.439 μs ; 129.979 μs) | @@@@
[129.979 μs ; 166.707 μs) | @
---------------------------------------------------

// * Summary *

BenchmarkDotNet v0.14.0, Ubuntu 24.04.4 LTS (Noble Numbat)
Intel Core 7 150U, 1 CPU, 12 logical and 6 physical cores
.NET SDK 10.0.302
  [Host]   : .NET 10.0.10 (10.0.1026.32716), X64 RyuJIT AVX2
  ShortRun : .NET 10.0.10 (10.0.1026.32716), X64 RyuJIT AVX2

Job=ShortRun  IterationCount=5  LaunchCount=1  
WarmupCount=3  

| Method                              | Mean       | Error       | StdDev     | Ratio  | RatioSD | Rank | Gen0    | Gen1   | Allocated | Alloc Ratio |
|------------------------------------ |-----------:|------------:|-----------:|-------:|--------:|-----:|--------:|-------:|----------:|------------:|
| ManualDI_ToServiceProvider          |   1.224 μs |   0.5596 μs |  0.1453 μs |   1.01 |    0.15 |    1 |  0.9022 | 0.0992 |   5.53 KB |        1.00 |
| Needlr_Reflection_ToServiceProvider | 533.567 μs | 103.7067 μs | 26.9323 μs | 440.62 |   49.78 |    3 | 41.0156 | 1.9531 | 260.04 KB |       47.01 |
| Needlr_SourceGen_ToServiceProvider  |  85.837 μs |   6.4924 μs |  1.6860 μs |  70.89 |    7.42 |    2 | 30.2734 | 3.9063 | 185.89 KB |       33.61 |
| Needlr_SourceGen_ToProvider         | 109.529 μs |  92.1282 μs | 23.9254 μs |  90.45 |   20.38 |    2 | 30.7617 | 3.9063 | 190.58 KB |       34.45 |

// * Hints *
Outliers
  ProviderBuildBenchmarks.Needlr_Reflection_ToServiceProvider: ShortRun -> 1 outlier  was  detected (490.98 μs)
// * Config Issues *

// * Warnings *
Configuration
  Summary -> The exporter HtmlExporter is already present in configuration. There may be unexpected results.

// * Legends *
  Mean        : Arithmetic mean of all measurements
  Error       : Half of 99.9% confidence interval
  StdDev      : Standard deviation of all measurements
  Ratio       : Mean of the ratio distribution ([Current]/[Baseline])
  RatioSD     : Standard deviation of the ratio distribution ([Current]/[Baseline])
  Rank        : Relative position of current benchmark mean among all benchmarks (Arabic style)
  Gen0        : GC Generation 0 collects per 1000 operations
  Gen1        : GC Generation 1 collects per 1000 operations
  Allocated   : Allocated memory per single operation (managed only, inclusive, 1KB = 1024B)
  Alloc Ratio : Allocated memory ratio distribution ([Current]/[Baseline])
  1 μs        : 1 Microsecond (0.000001 sec)

// * Diagnostic Output - MemoryDiagnoser *


// ***** BenchmarkRunner: End *****
Run time: 00:00:20 (20.06 sec), executed benchmarks: 4

// Found 7 benchmarks:
//   ProviderFactoryResolutionBenchmarks.ManualDI_FuncFactory_PreResolved: ShortRun(IterationCount=5, LaunchCount=1, WarmupCount=3)
//   ProviderFactoryResolutionBenchmarks.ManualDI_FuncFactory_WithResolution: ShortRun(IterationCount=5, LaunchCount=1, WarmupCount=3)
//   ProviderFactoryResolutionBenchmarks.DirectFactory_PreResolved: ShortRun(IterationCount=5, LaunchCount=1, WarmupCount=3)
//   ProviderFactoryResolutionBenchmarks.DirectFactory_WithResolution: ShortRun(IterationCount=5, LaunchCount=1, WarmupCount=3)
//   ProviderFactoryResolutionBenchmarks.Provider_FactoryShorthand: ShortRun(IterationCount=5, LaunchCount=1, WarmupCount=3)
//   ProviderFactoryResolutionBenchmarks.Provider_FactoryInterface: ShortRun(IterationCount=5, LaunchCount=1, WarmupCount=3)
//   ProviderFactoryResolutionBenchmarks.Provider_MixedShorthand: ShortRun(IterationCount=5, LaunchCount=1, WarmupCount=3)

// **************************
// Benchmark: ProviderFactoryResolutionBenchmarks.ManualDI_FuncFactory_PreResolved: ShortRun(IterationCount=5, LaunchCount=1, WarmupCount=3)
// *** Execute ***
// Launch: 1 / 1
// Execute: dotnet bf8bdc48-2475-4673-b310-6966704f044e.dll --anonymousPipes 163 164 --benchmarkName NexusLabs.Needlr.Benchmarks.Benchmarks.ProviderFactoryResolutionBenchmarks.ManualDI_FuncFactory_PreResolved --job ShortRun --benchmarkId 36 in /actions-runner/_work/needlr/needlr/src/NexusLabs.Needlr.Benchmarks/bin/Release/net10.0/bf8bdc48-2475-4673-b310-6966704f044e/bin/Release/net10.0
// Failed to set up high priority (Permission denied). In order to run benchmarks with high priority, make sure you have the right permissions.
// BeforeAnythingElse

// Benchmark Process Environment Information:
// BenchmarkDotNet v0.14.0
// Runtime=.NET 10.0.10 (10.0.1026.32716), X64 RyuJIT AVX2
// GC=Concurrent Workstation
// HardwareIntrinsics=AVX2,AES,BMI1,BMI2,FMA,LZCNT,PCLMUL,POPCNT,AvxVnni,SERIALIZE VectorSize=256
// Job: ShortRun(IterationCount=5, LaunchCount=1, WarmupCount=3)

OverheadJitting  1: 1 op, 291349.00 ns, 291.3490 us/op
WorkloadJitting  1: 1 op, 280666.00 ns, 280.6660 us/op

OverheadJitting  2: 16 op, 396866.00 ns, 24.8041 us/op
WorkloadJitting  2: 16 op, 407413.00 ns, 25.4633 us/op

WorkloadPilot    1: 16 op, 3290.00 ns, 205.6250 ns/op
WorkloadPilot    2: 32 op, 2743.00 ns, 85.7188 ns/op
WorkloadPilot    3: 64 op, 3442.00 ns, 53.7813 ns/op
WorkloadPilot    4: 128 op, 22030.00 ns, 172.1094 ns/op
WorkloadPilot    5: 256 op, 21853.00 ns, 85.3633 ns/op
WorkloadPilot    6: 512 op, 16247.00 ns, 31.7324 ns/op
WorkloadPilot    7: 1024 op, 38141.00 ns, 37.2471 ns/op
WorkloadPilot    8: 2048 op, 71113.00 ns, 34.7231 ns/op
WorkloadPilot    9: 4096 op, 124742.00 ns, 30.4546 ns/op
WorkloadPilot   10: 8192 op, 258729.00 ns, 31.5831 ns/op
WorkloadPilot   11: 16384 op, 523224.00 ns, 31.9351 ns/op
WorkloadPilot   12: 32768 op, 772014.00 ns, 23.5600 ns/op
WorkloadPilot   13: 65536 op, 1585941.00 ns, 24.1995 ns/op
WorkloadPilot   14: 131072 op, 3128044.00 ns, 23.8651 ns/op
WorkloadPilot   15: 262144 op, 6264531.00 ns, 23.8973 ns/op
WorkloadPilot   16: 524288 op, 8838654.00 ns, 16.8584 ns/op
WorkloadPilot   17: 1048576 op, 16635579.00 ns, 15.8649 ns/op
WorkloadPilot   18: 2097152 op, 31139811.00 ns, 14.8486 ns/op
WorkloadPilot   19: 4194304 op, 69114309.00 ns, 16.4781 ns/op
WorkloadPilot   20: 8388608 op, 88770604.00 ns, 10.5823 ns/op
WorkloadPilot   21: 16777216 op, 171941866.00 ns, 10.2485 ns/op
WorkloadPilot   22: 33554432 op, 318308551.00 ns, 9.4863 ns/op
WorkloadPilot   23: 67108864 op, 672434188.00 ns, 10.0201 ns/op

OverheadWarmup   1: 67108864 op, 268263543.00 ns, 3.9974 ns/op
OverheadWarmup   2: 67108864 op, 239309364.00 ns, 3.5660 ns/op
OverheadWarmup   3: 67108864 op, 263732415.00 ns, 3.9299 ns/op
OverheadWarmup   4: 67108864 op, 240158334.00 ns, 3.5786 ns/op
OverheadWarmup   5: 67108864 op, 265747539.00 ns, 3.9599 ns/op
OverheadWarmup   6: 67108864 op, 297629328.00 ns, 4.4350 ns/op
OverheadWarmup   7: 67108864 op, 242734482.00 ns, 3.6170 ns/op

OverheadActual   1: 67108864 op, 228700894.00 ns, 3.4079 ns/op
OverheadActual   2: 67108864 op, 211078983.00 ns, 3.1453 ns/op
OverheadActual   3: 67108864 op, 214494822.00 ns, 3.1962 ns/op
OverheadActual   4: 67108864 op, 254274557.00 ns, 3.7890 ns/op
OverheadActual   5: 67108864 op, 247669969.00 ns, 3.6906 ns/op
OverheadActual   6: 67108864 op, 225804746.00 ns, 3.3648 ns/op
OverheadActual   7: 67108864 op, 213029058.00 ns, 3.1744 ns/op
OverheadActual   8: 67108864 op, 207702530.00 ns, 3.0950 ns/op
OverheadActual   9: 67108864 op, 228228436.00 ns, 3.4009 ns/op
OverheadActual  10: 67108864 op, 222448836.00 ns, 3.3147 ns/op
OverheadActual  11: 67108864 op, 280480542.00 ns, 4.1795 ns/op
OverheadActual  12: 67108864 op, 286744113.00 ns, 4.2728 ns/op
OverheadActual  13: 67108864 op, 248603733.00 ns, 3.7045 ns/op
OverheadActual  14: 67108864 op, 234400492.00 ns, 3.4928 ns/op
OverheadActual  15: 67108864 op, 219661333.00 ns, 3.2732 ns/op
OverheadActual  16: 67108864 op, 220182089.00 ns, 3.2810 ns/op
OverheadActual  17: 67108864 op, 233467726.00 ns, 3.4789 ns/op
OverheadActual  18: 67108864 op, 261098354.00 ns, 3.8907 ns/op
OverheadActual  19: 67108864 op, 230557581.00 ns, 3.4356 ns/op
OverheadActual  20: 67108864 op, 238120013.00 ns, 3.5483 ns/op

WorkloadWarmup   1: 67108864 op, 711820056.00 ns, 10.6069 ns/op
WorkloadWarmup   2: 67108864 op, 809587833.00 ns, 12.0638 ns/op
WorkloadWarmup   3: 67108864 op, 682792007.00 ns, 10.1744 ns/op

// BeforeActualRun
WorkloadActual   1: 67108864 op, 632253500.00 ns, 9.4213 ns/op
WorkloadActual   2: 67108864 op, 655897282.00 ns, 9.7736 ns/op
WorkloadActual   3: 67108864 op, 639664036.00 ns, 9.5317 ns/op
WorkloadActual   4: 67108864 op, 760734500.00 ns, 11.3358 ns/op
WorkloadActual   5: 67108864 op, 705343245.00 ns, 10.5104 ns/op

// AfterActualRun
WorkloadResult   1: 67108864 op, 402624262.50 ns, 5.9996 ns/op
WorkloadResult   2: 67108864 op, 426268044.50 ns, 6.3519 ns/op
WorkloadResult   3: 67108864 op, 410034798.50 ns, 6.1100 ns/op
WorkloadResult   4: 67108864 op, 531105262.50 ns, 7.9141 ns/op
WorkloadResult   5: 67108864 op, 475714007.50 ns, 7.0887 ns/op
// GC:  342 0 0 2147484384 67108864
// Threading:  0 0 67108864

// AfterAll
// Benchmark Process 1712 has exited with code 0.

Mean = 6.693 ns, StdErr = 0.359 ns (5.37%), N = 5, StdDev = 0.804 ns
Min = 6.000 ns, Q1 = 6.110 ns, Median = 6.352 ns, Q3 = 7.089 ns, Max = 7.914 ns
IQR = 0.979 ns, LowerFence = 4.642 ns, UpperFence = 8.557 ns
ConfidenceInterval = [3.597 ns; 9.788 ns] (CI 99.9%), Margin = 3.095 ns (46.25% of Mean)
Skewness = 0.51, Kurtosis = 1.25, MValue = 2

// ** Remained 28 (43.1%) benchmark(s) to run. Estimated finish 2026-08-16 3:31 (0h 4m from now) **
// **************************
// Benchmark: ProviderFactoryResolutionBenchmarks.ManualDI_FuncFactory_WithResolution: ShortRun(IterationCount=5, LaunchCount=1, WarmupCount=3)
// *** Execute ***
// Launch: 1 / 1
// Execute: dotnet bf8bdc48-2475-4673-b310-6966704f044e.dll --anonymousPipes 163 164 --benchmarkName NexusLabs.Needlr.Benchmarks.Benchmarks.ProviderFactoryResolutionBenchmarks.ManualDI_FuncFactory_WithResolution --job ShortRun --benchmarkId 37 in /actions-runner/_work/needlr/needlr/src/NexusLabs.Needlr.Benchmarks/bin/Release/net10.0/bf8bdc48-2475-4673-b310-6966704f044e/bin/Release/net10.0
// Failed to set up high priority (Permission denied). In order to run benchmarks with high priority, make sure you have the right permissions.
// BeforeAnythingElse

// Benchmark Process Environment Information:
// BenchmarkDotNet v0.14.0
// Runtime=.NET 10.0.10 (10.0.1026.32716), X64 RyuJIT AVX2
// GC=Concurrent Workstation
// HardwareIntrinsics=AVX2,AES,BMI1,BMI2,FMA,LZCNT,PCLMUL,POPCNT,AvxVnni,SERIALIZE VectorSize=256
// Job: ShortRun(IterationCount=5, LaunchCount=1, WarmupCount=3)

OverheadJitting  1: 1 op, 257358.00 ns, 257.3580 us/op
WorkloadJitting  1: 1 op, 334448.00 ns, 334.4480 us/op

OverheadJitting  2: 16 op, 330977.00 ns, 20.6861 us/op
WorkloadJitting  2: 16 op, 380161.00 ns, 23.7601 us/op

WorkloadPilot    1: 16 op, 7090.00 ns, 443.1250 ns/op
WorkloadPilot    2: 32 op, 6525.00 ns, 203.9063 ns/op
WorkloadPilot    3: 64 op, 22012.00 ns, 343.9375 ns/op
WorkloadPilot    4: 128 op, 39139.00 ns, 305.7734 ns/op
WorkloadPilot    5: 256 op, 40095.00 ns, 156.6211 ns/op
WorkloadPilot    6: 512 op, 59386.00 ns, 115.9883 ns/op
WorkloadPilot    7: 1024 op, 79286.00 ns, 77.4277 ns/op
WorkloadPilot    8: 2048 op, 160568.00 ns, 78.4023 ns/op
WorkloadPilot    9: 4096 op, 308831.00 ns, 75.3982 ns/op
WorkloadPilot   10: 8192 op, 674671.00 ns, 82.3573 ns/op
WorkloadPilot   11: 16384 op, 1260799.00 ns, 76.9531 ns/op
WorkloadPilot   12: 32768 op, 2403388.00 ns, 73.3456 ns/op
WorkloadPilot   13: 65536 op, 4668299.00 ns, 71.2326 ns/op
WorkloadPilot   14: 131072 op, 9151627.00 ns, 69.8214 ns/op
WorkloadPilot   15: 262144 op, 18301266.00 ns, 69.8138 ns/op
WorkloadPilot   16: 524288 op, 33060563.00 ns, 63.0580 ns/op
WorkloadPilot   17: 1048576 op, 69048509.00 ns, 65.8498 ns/op
WorkloadPilot   18: 2097152 op, 79796813.00 ns, 38.0501 ns/op
WorkloadPilot   19: 4194304 op, 76943056.00 ns, 18.3447 ns/op
WorkloadPilot   20: 8388608 op, 163366162.00 ns, 19.4748 ns/op
WorkloadPilot   21: 16777216 op, 318457378.00 ns, 18.9815 ns/op
WorkloadPilot   22: 33554432 op, 722955341.00 ns, 21.5457 ns/op

OverheadWarmup   1: 33554432 op, 170380890.00 ns, 5.0777 ns/op
OverheadWarmup   2: 33554432 op, 136206186.00 ns, 4.0593 ns/op
OverheadWarmup   3: 33554432 op, 120762061.00 ns, 3.5990 ns/op
OverheadWarmup   4: 33554432 op, 116061054.00 ns, 3.4589 ns/op
OverheadWarmup   5: 33554432 op, 110696639.00 ns, 3.2990 ns/op
OverheadWarmup   6: 33554432 op, 107811951.00 ns, 3.2130 ns/op
OverheadWarmup   7: 33554432 op, 108684690.00 ns, 3.2391 ns/op
OverheadWarmup   8: 33554432 op, 110515840.00 ns, 3.2936 ns/op
OverheadWarmup   9: 33554432 op, 106490878.00 ns, 3.1737 ns/op
OverheadWarmup  10: 33554432 op, 106451954.00 ns, 3.1725 ns/op

OverheadActual   1: 33554432 op, 108796082.00 ns, 3.2424 ns/op
OverheadActual   2: 33554432 op, 107561140.00 ns, 3.2056 ns/op
OverheadActual   3: 33554432 op, 104795656.00 ns, 3.1232 ns/op
OverheadActual   4: 33554432 op, 104006217.00 ns, 3.0996 ns/op
OverheadActual   5: 33554432 op, 108313248.00 ns, 3.2280 ns/op
OverheadActual   6: 33554432 op, 107132835.00 ns, 3.1928 ns/op
OverheadActual   7: 33554432 op, 120675203.00 ns, 3.5964 ns/op
OverheadActual   8: 33554432 op, 123593690.00 ns, 3.6834 ns/op
OverheadActual   9: 33554432 op, 120236856.00 ns, 3.5833 ns/op
OverheadActual  10: 33554432 op, 115424134.00 ns, 3.4399 ns/op
OverheadActual  11: 33554432 op, 112024970.00 ns, 3.3386 ns/op
OverheadActual  12: 33554432 op, 107440565.00 ns, 3.2020 ns/op
OverheadActual  13: 33554432 op, 105427961.00 ns, 3.1420 ns/op
OverheadActual  14: 33554432 op, 107922595.00 ns, 3.2163 ns/op
OverheadActual  15: 33554432 op, 105745206.00 ns, 3.1515 ns/op
OverheadActual  16: 33554432 op, 105802037.00 ns, 3.1531 ns/op
OverheadActual  17: 33554432 op, 109811357.00 ns, 3.2726 ns/op

WorkloadWarmup   1: 33554432 op, 819144987.00 ns, 24.4124 ns/op
WorkloadWarmup   2: 33554432 op, 641821373.00 ns, 19.1278 ns/op
WorkloadWarmup   3: 33554432 op, 612505896.00 ns, 18.2541 ns/op

// BeforeActualRun
WorkloadActual   1: 33554432 op, 642840162.00 ns, 19.1581 ns/op
WorkloadActual   2: 33554432 op, 619326800.00 ns, 18.4574 ns/op
WorkloadActual   3: 33554432 op, 794531250.00 ns, 23.6789 ns/op
WorkloadActual   4: 33554432 op, 650892961.00 ns, 19.3981 ns/op
WorkloadActual   5: 33554432 op, 614157614.00 ns, 18.3033 ns/op

// AfterActualRun
WorkloadResult   1: 33554432 op, 534917567.00 ns, 15.9418 ns/op
WorkloadResult   2: 33554432 op, 511404205.00 ns, 15.2410 ns/op
WorkloadResult   3: 33554432 op, 542970366.00 ns, 16.1818 ns/op
WorkloadResult   4: 33554432 op, 506235019.00 ns, 15.0870 ns/op
// GC:  171 0 0 1073742560 33554432
// Threading:  0 0 33554432

// AfterAll
// Benchmark Process 1720 has exited with code 0.

Mean = 15.613 ns, StdErr = 0.266 ns (1.70%), N = 4, StdDev = 0.531 ns
Min = 15.087 ns, Q1 = 15.203 ns, Median = 15.591 ns, Q3 = 16.002 ns, Max = 16.182 ns
IQR = 0.799 ns, LowerFence = 14.004 ns, UpperFence = 17.201 ns
ConfidenceInterval = [12.180 ns; 19.046 ns] (CI 99.9%), Margin = 3.433 ns (21.99% of Mean)
Skewness = 0.04, Kurtosis = 0.67, MValue = 2

// ** Remained 27 (41.5%) benchmark(s) to run. Estimated finish 2026-08-16 3:31 (0h 4m from now) **
// **************************
// Benchmark: ProviderFactoryResolutionBenchmarks.DirectFactory_PreResolved: ShortRun(IterationCount=5, LaunchCount=1, WarmupCount=3)
// *** Execute ***
// Launch: 1 / 1
// Execute: dotnet bf8bdc48-2475-4673-b310-6966704f044e.dll --anonymousPipes 163 164 --benchmarkName NexusLabs.Needlr.Benchmarks.Benchmarks.ProviderFactoryResolutionBenchmarks.DirectFactory_PreResolved --job ShortRun --benchmarkId 38 in /actions-runner/_work/needlr/needlr/src/NexusLabs.Needlr.Benchmarks/bin/Release/net10.0/bf8bdc48-2475-4673-b310-6966704f044e/bin/Release/net10.0
// Failed to set up high priority (Permission denied). In order to run benchmarks with high priority, make sure you have the right permissions.
// BeforeAnythingElse

// Benchmark Process Environment Information:
// BenchmarkDotNet v0.14.0
// Runtime=.NET 10.0.10 (10.0.1026.32716), X64 RyuJIT AVX2
// GC=Concurrent Workstation
// HardwareIntrinsics=AVX2,AES,BMI1,BMI2,FMA,LZCNT,PCLMUL,POPCNT,AvxVnni,SERIALIZE VectorSize=256
// Job: ShortRun(IterationCount=5, LaunchCount=1, WarmupCount=3)

OverheadJitting  1: 1 op, 259375.00 ns, 259.3750 us/op
WorkloadJitting  1: 1 op, 271333.00 ns, 271.3330 us/op

OverheadJitting  2: 16 op, 363754.00 ns, 22.7346 us/op
WorkloadJitting  2: 16 op, 414014.00 ns, 25.8759 us/op

WorkloadPilot    1: 16 op, 2251.00 ns, 140.6875 ns/op
WorkloadPilot    2: 32 op, 2336.00 ns, 73.0000 ns/op
WorkloadPilot    3: 64 op, 2120.00 ns, 33.1250 ns/op
WorkloadPilot    4: 128 op, 13271.00 ns, 103.6797 ns/op
WorkloadPilot    5: 256 op, 15628.00 ns, 61.0469 ns/op
WorkloadPilot    6: 512 op, 12460.00 ns, 24.3359 ns/op
WorkloadPilot    7: 1024 op, 32526.00 ns, 31.7637 ns/op
WorkloadPilot    8: 2048 op, 55729.00 ns, 27.2114 ns/op
WorkloadPilot    9: 4096 op, 112257.00 ns, 27.4065 ns/op
WorkloadPilot   10: 8192 op, 200081.00 ns, 24.4240 ns/op
WorkloadPilot   11: 16384 op, 402277.00 ns, 24.5530 ns/op
WorkloadPilot   12: 32768 op, 688562.00 ns, 21.0132 ns/op
WorkloadPilot   13: 65536 op, 1495467.00 ns, 22.8190 ns/op
WorkloadPilot   14: 131072 op, 2864764.00 ns, 21.8564 ns/op
WorkloadPilot   15: 262144 op, 5022543.00 ns, 19.1595 ns/op
WorkloadPilot   16: 524288 op, 7662002.00 ns, 14.6141 ns/op
WorkloadPilot   17: 1048576 op, 14973983.00 ns, 14.2803 ns/op
WorkloadPilot   18: 2097152 op, 28339809.00 ns, 13.5135 ns/op
WorkloadPilot   19: 4194304 op, 62481864.00 ns, 14.8968 ns/op
WorkloadPilot   20: 8388608 op, 101053148.00 ns, 12.0465 ns/op
WorkloadPilot   21: 16777216 op, 188828480.00 ns, 11.2551 ns/op
WorkloadPilot   22: 33554432 op, 464525269.00 ns, 13.8439 ns/op
WorkloadPilot   23: 67108864 op, 680149293.00 ns, 10.1350 ns/op

OverheadWarmup   1: 67108864 op, 257350146.00 ns, 3.8348 ns/op
OverheadWarmup   2: 67108864 op, 231558954.00 ns, 3.4505 ns/op
OverheadWarmup   3: 67108864 op, 210816631.00 ns, 3.1414 ns/op
OverheadWarmup   4: 67108864 op, 205523461.00 ns, 3.0625 ns/op
OverheadWarmup   5: 67108864 op, 219849549.00 ns, 3.2760 ns/op
OverheadWarmup   6: 67108864 op, 220578063.00 ns, 3.2869 ns/op
OverheadWarmup   7: 67108864 op, 217130927.00 ns, 3.2355 ns/op
OverheadWarmup   8: 67108864 op, 205733904.00 ns, 3.0657 ns/op
OverheadWarmup   9: 67108864 op, 205426072.00 ns, 3.0611 ns/op
OverheadWarmup  10: 67108864 op, 210467256.00 ns, 3.1362 ns/op

OverheadActual   1: 67108864 op, 273021552.00 ns, 4.0683 ns/op
OverheadActual   2: 67108864 op, 304105015.00 ns, 4.5315 ns/op
OverheadActual   3: 67108864 op, 238651439.00 ns, 3.5562 ns/op
OverheadActual   4: 67108864 op, 245660201.00 ns, 3.6606 ns/op
OverheadActual   5: 67108864 op, 230824854.00 ns, 3.4396 ns/op
OverheadActual   6: 67108864 op, 219764899.00 ns, 3.2748 ns/op
OverheadActual   7: 67108864 op, 205231590.00 ns, 3.0582 ns/op
OverheadActual   8: 67108864 op, 209374119.00 ns, 3.1199 ns/op
OverheadActual   9: 67108864 op, 222821533.00 ns, 3.3203 ns/op
OverheadActual  10: 67108864 op, 222290647.00 ns, 3.3124 ns/op
OverheadActual  11: 67108864 op, 224517362.00 ns, 3.3456 ns/op
OverheadActual  12: 67108864 op, 207111941.00 ns, 3.0862 ns/op
OverheadActual  13: 67108864 op, 242373310.00 ns, 3.6116 ns/op
OverheadActual  14: 67108864 op, 269132907.00 ns, 4.0104 ns/op
OverheadActual  15: 67108864 op, 238164350.00 ns, 3.5489 ns/op
OverheadActual  16: 67108864 op, 303520064.00 ns, 4.5228 ns/op
OverheadActual  17: 67108864 op, 270919689.00 ns, 4.0370 ns/op
OverheadActual  18: 67108864 op, 241792695.00 ns, 3.6030 ns/op
OverheadActual  19: 67108864 op, 218656694.00 ns, 3.2582 ns/op
OverheadActual  20: 67108864 op, 206634992.00 ns, 3.0791 ns/op

WorkloadWarmup   1: 67108864 op, 748545873.00 ns, 11.1542 ns/op
WorkloadWarmup   2: 67108864 op, 642041597.00 ns, 9.5672 ns/op
WorkloadWarmup   3: 67108864 op, 798388317.00 ns, 11.8969 ns/op

// BeforeActualRun
WorkloadActual   1: 67108864 op, 720357999.00 ns, 10.7342 ns/op
WorkloadActual   2: 67108864 op, 677902198.00 ns, 10.1015 ns/op
WorkloadActual   3: 67108864 op, 630979369.00 ns, 9.4023 ns/op
WorkloadActual   4: 67108864 op, 651354007.00 ns, 9.7059 ns/op
WorkloadActual   5: 67108864 op, 792467508.00 ns, 11.8087 ns/op

// AfterActualRun
WorkloadResult   1: 67108864 op, 485863397.00 ns, 7.2399 ns/op
WorkloadResult   2: 67108864 op, 443407596.00 ns, 6.6073 ns/op
WorkloadResult   3: 67108864 op, 396484767.00 ns, 5.9081 ns/op
WorkloadResult   4: 67108864 op, 416859405.00 ns, 6.2117 ns/op
WorkloadResult   5: 67108864 op, 557972906.00 ns, 8.3144 ns/op
// GC:  342 0 0 2147484384 67108864
// Threading:  0 0 67108864

// AfterAll
// Benchmark Process 1731 has exited with code 0.

Mean = 6.856 ns, StdErr = 0.427 ns (6.23%), N = 5, StdDev = 0.955 ns
Min = 5.908 ns, Q1 = 6.212 ns, Median = 6.607 ns, Q3 = 7.240 ns, Max = 8.314 ns
IQR = 1.028 ns, LowerFence = 4.669 ns, UpperFence = 8.782 ns
ConfidenceInterval = [3.178 ns; 10.535 ns] (CI 99.9%), Margin = 3.678 ns (53.65% of Mean)
Skewness = 0.46, Kurtosis = 1.33, MValue = 2

// ** Remained 26 (40.0%) benchmark(s) to run. Estimated finish 2026-08-16 3:31 (0h 3m from now) **
// **************************
// Benchmark: ProviderFactoryResolutionBenchmarks.DirectFactory_WithResolution: ShortRun(IterationCount=5, LaunchCount=1, WarmupCount=3)
// *** Execute ***
// Launch: 1 / 1
// Execute: dotnet bf8bdc48-2475-4673-b310-6966704f044e.dll --anonymousPipes 163 164 --benchmarkName NexusLabs.Needlr.Benchmarks.Benchmarks.ProviderFactoryResolutionBenchmarks.DirectFactory_WithResolution --job ShortRun --benchmarkId 39 in /actions-runner/_work/needlr/needlr/src/NexusLabs.Needlr.Benchmarks/bin/Release/net10.0/bf8bdc48-2475-4673-b310-6966704f044e/bin/Release/net10.0
// Failed to set up high priority (Permission denied). In order to run benchmarks with high priority, make sure you have the right permissions.
// BeforeAnythingElse

// Benchmark Process Environment Information:
// BenchmarkDotNet v0.14.0
// Runtime=.NET 10.0.10 (10.0.1026.32716), X64 RyuJIT AVX2
// GC=Concurrent Workstation
// HardwareIntrinsics=AVX2,AES,BMI1,BMI2,FMA,LZCNT,PCLMUL,POPCNT,AvxVnni,SERIALIZE VectorSize=256
// Job: ShortRun(IterationCount=5, LaunchCount=1, WarmupCount=3)

OverheadJitting  1: 1 op, 361756.00 ns, 361.7560 us/op
WorkloadJitting  1: 1 op, 533419.00 ns, 533.4190 us/op

OverheadJitting  2: 16 op, 414947.00 ns, 25.9342 us/op
WorkloadJitting  2: 16 op, 822959.00 ns, 51.4349 us/op

WorkloadPilot    1: 16 op, 12966.00 ns, 810.3750 ns/op
WorkloadPilot    2: 32 op, 8147.00 ns, 254.5938 ns/op
WorkloadPilot    3: 64 op, 9635.00 ns, 150.5469 ns/op
WorkloadPilot    4: 128 op, 21367.00 ns, 166.9297 ns/op
WorkloadPilot    5: 256 op, 34897.00 ns, 136.3164 ns/op
WorkloadPilot    6: 512 op, 47138.00 ns, 92.0664 ns/op
WorkloadPilot    7: 1024 op, 109346.00 ns, 106.7832 ns/op
WorkloadPilot    8: 2048 op, 174366.00 ns, 85.1396 ns/op
WorkloadPilot    9: 4096 op, 337898.00 ns, 82.4946 ns/op
WorkloadPilot   10: 8192 op, 802601.00 ns, 97.9738 ns/op
WorkloadPilot   11: 16384 op, 1371663.00 ns, 83.7197 ns/op
WorkloadPilot   12: 32768 op, 2673448.00 ns, 81.5872 ns/op
WorkloadPilot   13: 65536 op, 5228876.00 ns, 79.7863 ns/op
WorkloadPilot   14: 131072 op, 10190719.00 ns, 77.7490 ns/op
WorkloadPilot   15: 262144 op, 19533274.00 ns, 74.5135 ns/op
WorkloadPilot   16: 524288 op, 36314536.00 ns, 69.2645 ns/op
WorkloadPilot   17: 1048576 op, 72687304.00 ns, 69.3200 ns/op
WorkloadPilot   18: 2097152 op, 65845271.00 ns, 31.3975 ns/op
WorkloadPilot   19: 4194304 op, 78753562.00 ns, 18.7763 ns/op
WorkloadPilot   20: 8388608 op, 157508833.00 ns, 18.7765 ns/op
WorkloadPilot   21: 16777216 op, 348682916.00 ns, 20.7831 ns/op
WorkloadPilot   22: 33554432 op, 659478487.00 ns, 19.6540 ns/op

OverheadWarmup   1: 33554432 op, 131196302.00 ns, 3.9100 ns/op
OverheadWarmup   2: 33554432 op, 123043870.00 ns, 3.6670 ns/op
OverheadWarmup   3: 33554432 op, 111912998.00 ns, 3.3353 ns/op
OverheadWarmup   4: 33554432 op, 109537661.00 ns, 3.2645 ns/op
OverheadWarmup   5: 33554432 op, 111935068.00 ns, 3.3359 ns/op
OverheadWarmup   6: 33554432 op, 110702992.00 ns, 3.2992 ns/op
OverheadWarmup   7: 33554432 op, 132158840.00 ns, 3.9386 ns/op
OverheadWarmup   8: 33554432 op, 150512385.00 ns, 4.4856 ns/op
OverheadWarmup   9: 33554432 op, 150079594.00 ns, 4.4727 ns/op

OverheadActual   1: 33554432 op, 130925359.00 ns, 3.9019 ns/op
OverheadActual   2: 33554432 op, 129351848.00 ns, 3.8550 ns/op
OverheadActual   3: 33554432 op, 115049737.00 ns, 3.4287 ns/op
OverheadActual   4: 33554432 op, 117905537.00 ns, 3.5139 ns/op
OverheadActual   5: 33554432 op, 112955702.00 ns, 3.3663 ns/op
OverheadActual   6: 33554432 op, 107703802.00 ns, 3.2098 ns/op
OverheadActual   7: 33554432 op, 105456674.00 ns, 3.1429 ns/op
OverheadActual   8: 33554432 op, 107288978.00 ns, 3.1975 ns/op
OverheadActual   9: 33554432 op, 106353100.00 ns, 3.1696 ns/op
OverheadActual  10: 33554432 op, 107473691.00 ns, 3.2030 ns/op
OverheadActual  11: 33554432 op, 111738415.00 ns, 3.3301 ns/op
OverheadActual  12: 33554432 op, 107779256.00 ns, 3.2121 ns/op
OverheadActual  13: 33554432 op, 109008804.00 ns, 3.2487 ns/op
OverheadActual  14: 33554432 op, 105258556.00 ns, 3.1369 ns/op
OverheadActual  15: 33554432 op, 104457124.00 ns, 3.1131 ns/op

WorkloadWarmup   1: 33554432 op, 651488125.00 ns, 19.4159 ns/op
WorkloadWarmup   2: 33554432 op, 820919401.00 ns, 24.4653 ns/op
WorkloadWarmup   3: 33554432 op, 679324539.00 ns, 20.2454 ns/op

// BeforeActualRun
WorkloadActual   1: 33554432 op, 701801150.00 ns, 20.9153 ns/op
WorkloadActual   2: 33554432 op, 669315732.00 ns, 19.9472 ns/op
WorkloadActual   3: 33554432 op, 642566595.00 ns, 19.1500 ns/op
WorkloadActual   4: 33554432 op, 832764349.00 ns, 24.8183 ns/op
WorkloadActual   5: 33554432 op, 691700746.00 ns, 20.6143 ns/op

// AfterActualRun
WorkloadResult   1: 33554432 op, 594021894.00 ns, 17.7032 ns/op
WorkloadResult   2: 33554432 op, 561536476.00 ns, 16.7351 ns/op
WorkloadResult   3: 33554432 op, 534787339.00 ns, 15.9379 ns/op
WorkloadResult   4: 33554432 op, 583921490.00 ns, 17.4022 ns/op
// GC:  171 0 0 1073742224 33554432
// Threading:  0 0 33554432

// AfterAll
// Benchmark Process 1741 has exited with code 0.

Mean = 16.945 ns, StdErr = 0.392 ns (2.31%), N = 4, StdDev = 0.784 ns
Min = 15.938 ns, Q1 = 16.536 ns, Median = 17.069 ns, Q3 = 17.477 ns, Max = 17.703 ns
IQR = 0.942 ns, LowerFence = 15.123 ns, UpperFence = 18.890 ns
ConfidenceInterval = [11.881 ns; 22.008 ns] (CI 99.9%), Margin = 5.064 ns (29.88% of Mean)
Skewness = -0.26, Kurtosis = 0.93, MValue = 2

// ** Remained 25 (38.5%) benchmark(s) to run. Estimated finish 2026-08-16 3:31 (0h 3m from now) **
// **************************
// Benchmark: ProviderFactoryResolutionBenchmarks.Provider_FactoryShorthand: ShortRun(IterationCount=5, LaunchCount=1, WarmupCount=3)
// *** Execute ***
// Launch: 1 / 1
// Execute: dotnet bf8bdc48-2475-4673-b310-6966704f044e.dll --anonymousPipes 163 164 --benchmarkName NexusLabs.Needlr.Benchmarks.Benchmarks.ProviderFactoryResolutionBenchmarks.Provider_FactoryShorthand --job ShortRun --benchmarkId 40 in /actions-runner/_work/needlr/needlr/src/NexusLabs.Needlr.Benchmarks/bin/Release/net10.0/bf8bdc48-2475-4673-b310-6966704f044e/bin/Release/net10.0
// Failed to set up high priority (Permission denied). In order to run benchmarks with high priority, make sure you have the right permissions.
// BeforeAnythingElse

// Benchmark Process Environment Information:
// BenchmarkDotNet v0.14.0
// Runtime=.NET 10.0.10 (10.0.1026.32716), X64 RyuJIT AVX2
// GC=Concurrent Workstation
// HardwareIntrinsics=AVX2,AES,BMI1,BMI2,FMA,LZCNT,PCLMUL,POPCNT,AvxVnni,SERIALIZE VectorSize=256
// Job: ShortRun(IterationCount=5, LaunchCount=1, WarmupCount=3)

OverheadJitting  1: 1 op, 286513.00 ns, 286.5130 us/op
WorkloadJitting  1: 1 op, 304813.00 ns, 304.8130 us/op

OverheadJitting  2: 16 op, 378372.00 ns, 23.6483 us/op
WorkloadJitting  2: 16 op, 462590.00 ns, 28.9119 us/op

WorkloadPilot    1: 16 op, 2478.00 ns, 154.8750 ns/op
WorkloadPilot    2: 32 op, 2386.00 ns, 74.5625 ns/op
WorkloadPilot    3: 64 op, 2624.00 ns, 41.0000 ns/op
WorkloadPilot    4: 128 op, 13716.00 ns, 107.1563 ns/op
WorkloadPilot    5: 256 op, 15311.00 ns, 59.8086 ns/op
WorkloadPilot    6: 512 op, 17056.00 ns, 33.3125 ns/op
WorkloadPilot    7: 1024 op, 41261.00 ns, 40.2939 ns/op
WorkloadPilot    8: 2048 op, 69379.00 ns, 33.8765 ns/op
WorkloadPilot    9: 4096 op, 155735.00 ns, 38.0212 ns/op
WorkloadPilot   10: 8192 op, 241698.00 ns, 29.5042 ns/op
WorkloadPilot   11: 16384 op, 436375.00 ns, 26.6342 ns/op
WorkloadPilot   12: 32768 op, 796118.00 ns, 24.2956 ns/op
WorkloadPilot   13: 65536 op, 1534960.00 ns, 23.4216 ns/op
WorkloadPilot   14: 131072 op, 2927560.00 ns, 22.3355 ns/op
WorkloadPilot   15: 262144 op, 5621092.00 ns, 21.4428 ns/op
WorkloadPilot   16: 524288 op, 8272390.00 ns, 15.7783 ns/op
WorkloadPilot   17: 1048576 op, 16889789.00 ns, 16.1074 ns/op
WorkloadPilot   18: 2097152 op, 33156437.00 ns, 15.8102 ns/op
WorkloadPilot   19: 4194304 op, 62354918.00 ns, 14.8666 ns/op
WorkloadPilot   20: 8388608 op, 102239314.00 ns, 12.1879 ns/op
WorkloadPilot   21: 16777216 op, 174683936.00 ns, 10.4120 ns/op
WorkloadPilot   22: 33554432 op, 328535365.00 ns, 9.7911 ns/op
WorkloadPilot   23: 67108864 op, 671404662.00 ns, 10.0047 ns/op

OverheadWarmup   1: 67108864 op, 346118462.00 ns, 5.1576 ns/op
OverheadWarmup   2: 67108864 op, 278678931.00 ns, 4.1526 ns/op
OverheadWarmup   3: 67108864 op, 236884969.00 ns, 3.5299 ns/op
OverheadWarmup   4: 67108864 op, 223266827.00 ns, 3.3269 ns/op
OverheadWarmup   5: 67108864 op, 221644064.00 ns, 3.3028 ns/op
OverheadWarmup   6: 67108864 op, 236084488.00 ns, 3.5179 ns/op
OverheadWarmup   7: 67108864 op, 237188582.00 ns, 3.5344 ns/op
OverheadWarmup   8: 67108864 op, 218788823.00 ns, 3.2602 ns/op
OverheadWarmup   9: 67108864 op, 215375457.00 ns, 3.2093 ns/op
OverheadWarmup  10: 67108864 op, 218795124.00 ns, 3.2603 ns/op

OverheadActual   1: 67108864 op, 214601798.00 ns, 3.1978 ns/op
OverheadActual   2: 67108864 op, 211950318.00 ns, 3.1583 ns/op
OverheadActual   3: 67108864 op, 269480628.00 ns, 4.0156 ns/op
OverheadActual   4: 67108864 op, 303713034.00 ns, 4.5257 ns/op
OverheadActual   5: 67108864 op, 241675662.00 ns, 3.6012 ns/op
OverheadActual   6: 67108864 op, 238651311.00 ns, 3.5562 ns/op
OverheadActual   7: 67108864 op, 223474775.00 ns, 3.3300 ns/op
OverheadActual   8: 67108864 op, 223037283.00 ns, 3.3235 ns/op
OverheadActual   9: 67108864 op, 222200530.00 ns, 3.3110 ns/op
OverheadActual  10: 67108864 op, 213814068.00 ns, 3.1861 ns/op
OverheadActual  11: 67108864 op, 205599881.00 ns, 3.0637 ns/op
OverheadActual  12: 67108864 op, 214004549.00 ns, 3.1889 ns/op
OverheadActual  13: 67108864 op, 219953618.00 ns, 3.2776 ns/op
OverheadActual  14: 67108864 op, 222555936.00 ns, 3.3163 ns/op
OverheadActual  15: 67108864 op, 210082950.00 ns, 3.1305 ns/op
OverheadActual  16: 67108864 op, 209886579.00 ns, 3.1276 ns/op
OverheadActual  17: 67108864 op, 215784027.00 ns, 3.2154 ns/op

WorkloadWarmup   1: 67108864 op, 866277534.00 ns, 12.9085 ns/op
WorkloadWarmup   2: 67108864 op, 702423872.00 ns, 10.4669 ns/op
WorkloadWarmup   3: 67108864 op, 647633213.00 ns, 9.6505 ns/op

// BeforeActualRun
WorkloadActual   1: 67108864 op, 684919467.00 ns, 10.2061 ns/op
WorkloadActual   2: 67108864 op, 773107285.00 ns, 11.5202 ns/op
WorkloadActual   3: 67108864 op, 861826159.00 ns, 12.8422 ns/op
WorkloadActual   4: 67108864 op, 701923860.00 ns, 10.4595 ns/op
WorkloadActual   5: 67108864 op, 698593083.00 ns, 10.4098 ns/op

// AfterActualRun
WorkloadResult   1: 67108864 op, 464965849.00 ns, 6.9285 ns/op
WorkloadResult   2: 67108864 op, 553153667.00 ns, 8.2426 ns/op
WorkloadResult   3: 67108864 op, 641872541.00 ns, 9.5646 ns/op
WorkloadResult   4: 67108864 op, 481970242.00 ns, 7.1819 ns/op
WorkloadResult   5: 67108864 op, 478639465.00 ns, 7.1323 ns/op
// GC:  342 0 0 2147484384 67108864
// Threading:  0 0 67108864

// AfterAll
// Benchmark Process 1750 has exited with code 0.

Mean = 7.810 ns, StdErr = 0.495 ns (6.34%), N = 5, StdDev = 1.106 ns
Min = 6.929 ns, Q1 = 7.132 ns, Median = 7.182 ns, Q3 = 8.243 ns, Max = 9.565 ns
IQR = 1.110 ns, LowerFence = 5.467 ns, UpperFence = 9.908 ns
ConfidenceInterval = [3.550 ns; 12.070 ns] (CI 99.9%), Margin = 4.260 ns (54.55% of Mean)
Skewness = 0.63, Kurtosis = 1.4, MValue = 2

// ** Remained 24 (36.9%) benchmark(s) to run. Estimated finish 2026-08-16 3:31 (0h 3m from now) **
// **************************
// Benchmark: ProviderFactoryResolutionBenchmarks.Provider_FactoryInterface: ShortRun(IterationCount=5, LaunchCount=1, WarmupCount=3)
// *** Execute ***
// Launch: 1 / 1
// Execute: dotnet bf8bdc48-2475-4673-b310-6966704f044e.dll --anonymousPipes 163 164 --benchmarkName NexusLabs.Needlr.Benchmarks.Benchmarks.ProviderFactoryResolutionBenchmarks.Provider_FactoryInterface --job ShortRun --benchmarkId 41 in /actions-runner/_work/needlr/needlr/src/NexusLabs.Needlr.Benchmarks/bin/Release/net10.0/bf8bdc48-2475-4673-b310-6966704f044e/bin/Release/net10.0
// Failed to set up high priority (Permission denied). In order to run benchmarks with high priority, make sure you have the right permissions.
// BeforeAnythingElse

// Benchmark Process Environment Information:
// BenchmarkDotNet v0.14.0
// Runtime=.NET 10.0.10 (10.0.1026.32716), X64 RyuJIT AVX2
// GC=Concurrent Workstation
// HardwareIntrinsics=AVX2,AES,BMI1,BMI2,FMA,LZCNT,PCLMUL,POPCNT,AvxVnni,SERIALIZE VectorSize=256
// Job: ShortRun(IterationCount=5, LaunchCount=1, WarmupCount=3)

OverheadJitting  1: 1 op, 661523.00 ns, 661.5230 us/op
WorkloadJitting  1: 1 op, 444676.00 ns, 444.6760 us/op

OverheadJitting  2: 16 op, 571425.00 ns, 35.7141 us/op
WorkloadJitting  2: 16 op, 606473.00 ns, 37.9046 us/op

WorkloadPilot    1: 16 op, 5432.00 ns, 339.5000 ns/op
WorkloadPilot    2: 32 op, 3260.00 ns, 101.8750 ns/op
WorkloadPilot    3: 64 op, 3530.00 ns, 55.1563 ns/op
WorkloadPilot    4: 128 op, 18462.00 ns, 144.2344 ns/op
WorkloadPilot    5: 256 op, 23333.00 ns, 91.1445 ns/op
WorkloadPilot    6: 512 op, 20736.00 ns, 40.5000 ns/op
WorkloadPilot    7: 1024 op, 49138.00 ns, 47.9863 ns/op
WorkloadPilot    8: 2048 op, 81772.00 ns, 39.9277 ns/op
WorkloadPilot    9: 4096 op, 159707.00 ns, 38.9910 ns/op
WorkloadPilot   10: 8192 op, 287453.00 ns, 35.0895 ns/op
WorkloadPilot   11: 16384 op, 1907348.00 ns, 116.4153 ns/op
WorkloadPilot   12: 32768 op, 1285762.00 ns, 39.2383 ns/op
WorkloadPilot   13: 65536 op, 2175655.00 ns, 33.1979 ns/op
WorkloadPilot   14: 131072 op, 4598598.00 ns, 35.0845 ns/op
WorkloadPilot   15: 262144 op, 9371879.00 ns, 35.7509 ns/op
WorkloadPilot   16: 524288 op, 12758776.00 ns, 24.3354 ns/op
WorkloadPilot   17: 1048576 op, 26885806.00 ns, 25.6403 ns/op
WorkloadPilot   18: 2097152 op, 42930909.00 ns, 20.4711 ns/op
WorkloadPilot   19: 4194304 op, 50813504.00 ns, 12.1149 ns/op
WorkloadPilot   20: 8388608 op, 93076185.00 ns, 11.0955 ns/op
WorkloadPilot   21: 16777216 op, 181996878.00 ns, 10.8479 ns/op
WorkloadPilot   22: 33554432 op, 335809234.00 ns, 10.0079 ns/op
WorkloadPilot   23: 67108864 op, 677166517.00 ns, 10.0906 ns/op

OverheadWarmup   1: 67108864 op, 283188697.00 ns, 4.2198 ns/op
OverheadWarmup   2: 67108864 op, 255889916.00 ns, 3.8131 ns/op
OverheadWarmup   3: 67108864 op, 257566875.00 ns, 3.8380 ns/op
OverheadWarmup   4: 67108864 op, 241744709.00 ns, 3.6023 ns/op
OverheadWarmup   5: 67108864 op, 219923932.00 ns, 3.2771 ns/op
OverheadWarmup   6: 67108864 op, 236204403.00 ns, 3.5197 ns/op
OverheadWarmup   7: 67108864 op, 230337367.00 ns, 3.4323 ns/op

OverheadActual   1: 67108864 op, 277916116.00 ns, 4.1413 ns/op
OverheadActual   2: 67108864 op, 312277979.00 ns, 4.6533 ns/op
OverheadActual   3: 67108864 op, 253430378.00 ns, 3.7764 ns/op
OverheadActual   4: 67108864 op, 231799230.00 ns, 3.4541 ns/op
OverheadActual   5: 67108864 op, 224669597.00 ns, 3.3478 ns/op
OverheadActual   6: 67108864 op, 222244691.00 ns, 3.3117 ns/op
OverheadActual   7: 67108864 op, 214173433.00 ns, 3.1914 ns/op
OverheadActual   8: 67108864 op, 225321351.00 ns, 3.3575 ns/op
OverheadActual   9: 67108864 op, 228155563.00 ns, 3.3998 ns/op
OverheadActual  10: 67108864 op, 221901229.00 ns, 3.3066 ns/op
OverheadActual  11: 67108864 op, 213092794.00 ns, 3.1753 ns/op
OverheadActual  12: 67108864 op, 214081537.00 ns, 3.1901 ns/op
OverheadActual  13: 67108864 op, 219451241.00 ns, 3.2701 ns/op
OverheadActual  14: 67108864 op, 224503625.00 ns, 3.3454 ns/op
OverheadActual  15: 67108864 op, 216303513.00 ns, 3.2232 ns/op

WorkloadWarmup   1: 67108864 op, 783137788.00 ns, 11.6697 ns/op
WorkloadWarmup   2: 67108864 op, 608642473.00 ns, 9.0695 ns/op
WorkloadWarmup   3: 67108864 op, 611173797.00 ns, 9.1072 ns/op

// BeforeActualRun
WorkloadActual   1: 67108864 op, 627977036.00 ns, 9.3576 ns/op
WorkloadActual   2: 67108864 op, 732264886.00 ns, 10.9116 ns/op
WorkloadActual   3: 67108864 op, 699170163.00 ns, 10.4184 ns/op
WorkloadActual   4: 67108864 op, 625351086.00 ns, 9.3185 ns/op
WorkloadActual   5: 67108864 op, 584178094.00 ns, 8.7049 ns/op

// AfterActualRun
WorkloadResult   1: 67108864 op, 403473411.00 ns, 6.0122 ns/op
WorkloadResult   2: 67108864 op, 507761261.00 ns, 7.5662 ns/op
WorkloadResult   3: 67108864 op, 474666538.00 ns, 7.0731 ns/op
WorkloadResult   4: 67108864 op, 400847461.00 ns, 5.9731 ns/op
WorkloadResult   5: 67108864 op, 359674469.00 ns, 5.3596 ns/op
// GC:  342 0 0 2147484384 67108864
// Threading:  0 0 67108864

// AfterAll
// Benchmark Process 1762 has exited with code 0.

Mean = 6.397 ns, StdErr = 0.402 ns (6.28%), N = 5, StdDev = 0.898 ns
Min = 5.360 ns, Q1 = 5.973 ns, Median = 6.012 ns, Q3 = 7.073 ns, Max = 7.566 ns
IQR = 1.100 ns, LowerFence = 4.323 ns, UpperFence = 8.723 ns
ConfidenceInterval = [2.938 ns; 9.856 ns] (CI 99.9%), Margin = 3.459 ns (54.08% of Mean)
Skewness = 0.18, Kurtosis = 1.01, MValue = 2

// ** Remained 23 (35.4%) benchmark(s) to run. Estimated finish 2026-08-16 3:32 (0h 3m from now) **
// **************************
// Benchmark: ProviderFactoryResolutionBenchmarks.Provider_MixedShorthand: ShortRun(IterationCount=5, LaunchCount=1, WarmupCount=3)
// *** Execute ***
// Launch: 1 / 1
// Execute: dotnet bf8bdc48-2475-4673-b310-6966704f044e.dll --anonymousPipes 163 164 --benchmarkName NexusLabs.Needlr.Benchmarks.Benchmarks.ProviderFactoryResolutionBenchmarks.Provider_MixedShorthand --job ShortRun --benchmarkId 42 in /actions-runner/_work/needlr/needlr/src/NexusLabs.Needlr.Benchmarks/bin/Release/net10.0/bf8bdc48-2475-4673-b310-6966704f044e/bin/Release/net10.0
// Failed to set up high priority (Permission denied). In order to run benchmarks with high priority, make sure you have the right permissions.
// BeforeAnythingElse

// Benchmark Process Environment Information:
// BenchmarkDotNet v0.14.0
// Runtime=.NET 10.0.10 (10.0.1026.32716), X64 RyuJIT AVX2
// GC=Concurrent Workstation
// HardwareIntrinsics=AVX2,AES,BMI1,BMI2,FMA,LZCNT,PCLMUL,POPCNT,AvxVnni,SERIALIZE VectorSize=256
// Job: ShortRun(IterationCount=5, LaunchCount=1, WarmupCount=3)

OverheadJitting  1: 1 op, 254842.00 ns, 254.8420 us/op
WorkloadJitting  1: 1 op, 287676.00 ns, 287.6760 us/op

OverheadJitting  2: 16 op, 353305.00 ns, 22.0816 us/op
WorkloadJitting  2: 16 op, 402952.00 ns, 25.1845 us/op

WorkloadPilot    1: 16 op, 2127.00 ns, 132.9375 ns/op
WorkloadPilot    2: 32 op, 2045.00 ns, 63.9063 ns/op
WorkloadPilot    3: 64 op, 3022.00 ns, 47.2188 ns/op
WorkloadPilot    4: 128 op, 12840.00 ns, 100.3125 ns/op
WorkloadPilot    5: 256 op, 16062.00 ns, 62.7422 ns/op
WorkloadPilot    6: 512 op, 12371.00 ns, 24.1621 ns/op
WorkloadPilot    7: 1024 op, 34205.00 ns, 33.4033 ns/op
WorkloadPilot    8: 2048 op, 58931.00 ns, 28.7749 ns/op
WorkloadPilot    9: 4096 op, 109548.00 ns, 26.7451 ns/op
WorkloadPilot   10: 8192 op, 218447.00 ns, 26.6659 ns/op
WorkloadPilot   11: 16384 op, 424880.00 ns, 25.9326 ns/op
WorkloadPilot   12: 32768 op, 699476.00 ns, 21.3463 ns/op
WorkloadPilot   13: 65536 op, 1589720.00 ns, 24.2572 ns/op
WorkloadPilot   14: 131072 op, 3161241.00 ns, 24.1184 ns/op
WorkloadPilot   15: 262144 op, 5179176.00 ns, 19.7570 ns/op
WorkloadPilot   16: 524288 op, 8124582.00 ns, 15.4964 ns/op
WorkloadPilot   17: 1048576 op, 15856830.00 ns, 15.1223 ns/op
WorkloadPilot   18: 2097152 op, 31662497.00 ns, 15.0979 ns/op
WorkloadPilot   19: 4194304 op, 59942337.00 ns, 14.2914 ns/op
WorkloadPilot   20: 8388608 op, 97743752.00 ns, 11.6520 ns/op
WorkloadPilot   21: 16777216 op, 166536053.00 ns, 9.9263 ns/op
WorkloadPilot   22: 33554432 op, 488680357.00 ns, 14.5638 ns/op
WorkloadPilot   23: 67108864 op, 728271991.00 ns, 10.8521 ns/op

OverheadWarmup   1: 67108864 op, 259706988.00 ns, 3.8699 ns/op
OverheadWarmup   2: 67108864 op, 215093569.00 ns, 3.2051 ns/op
OverheadWarmup   3: 67108864 op, 208589877.00 ns, 3.1082 ns/op
OverheadWarmup   4: 67108864 op, 224256062.00 ns, 3.3417 ns/op
OverheadWarmup   5: 67108864 op, 222311691.00 ns, 3.3127 ns/op
OverheadWarmup   6: 67108864 op, 227903453.00 ns, 3.3960 ns/op
OverheadWarmup   7: 67108864 op, 212227413.00 ns, 3.1624 ns/op

OverheadActual   1: 67108864 op, 215213370.00 ns, 3.2069 ns/op
OverheadActual   2: 67108864 op, 226777570.00 ns, 3.3792 ns/op
OverheadActual   3: 67108864 op, 213930575.00 ns, 3.1878 ns/op
OverheadActual   4: 67108864 op, 248206977.00 ns, 3.6986 ns/op
OverheadActual   5: 67108864 op, 305581243.00 ns, 4.5535 ns/op
OverheadActual   6: 67108864 op, 263872179.00 ns, 3.9320 ns/op
OverheadActual   7: 67108864 op, 225989712.00 ns, 3.3675 ns/op
OverheadActual   8: 67108864 op, 210626502.00 ns, 3.1386 ns/op
OverheadActual   9: 67108864 op, 217039657.00 ns, 3.2341 ns/op
OverheadActual  10: 67108864 op, 223523388.00 ns, 3.3308 ns/op
OverheadActual  11: 67108864 op, 216714616.00 ns, 3.2293 ns/op
OverheadActual  12: 67108864 op, 207538862.00 ns, 3.0926 ns/op
OverheadActual  13: 67108864 op, 201920612.00 ns, 3.0089 ns/op
OverheadActual  14: 67108864 op, 230321238.00 ns, 3.4321 ns/op
OverheadActual  15: 67108864 op, 244966317.00 ns, 3.6503 ns/op
OverheadActual  16: 67108864 op, 228506785.00 ns, 3.4050 ns/op
OverheadActual  17: 67108864 op, 273028822.00 ns, 4.0684 ns/op
OverheadActual  18: 67108864 op, 316822421.00 ns, 4.7210 ns/op
OverheadActual  19: 67108864 op, 255218167.00 ns, 3.8030 ns/op
OverheadActual  20: 67108864 op, 232281851.00 ns, 3.4613 ns/op

WorkloadWarmup   1: 67108864 op, 660783064.00 ns, 9.8464 ns/op
WorkloadWarmup   2: 67108864 op, 673288968.00 ns, 10.0328 ns/op
WorkloadWarmup   3: 67108864 op, 669287457.00 ns, 9.9732 ns/op

// BeforeActualRun
WorkloadActual   1: 67108864 op, 762891530.00 ns, 11.3680 ns/op
WorkloadActual   2: 67108864 op, 1103217454.00 ns, 16.4392 ns/op
WorkloadActual   3: 67108864 op, 740328308.00 ns, 11.0318 ns/op
WorkloadActual   4: 67108864 op, 686610909.00 ns, 10.2313 ns/op
WorkloadActual   5: 67108864 op, 815898462.00 ns, 12.1578 ns/op

// AfterActualRun
WorkloadResult   1: 67108864 op, 535249352.50 ns, 7.9758 ns/op
WorkloadResult   2: 67108864 op, 512686130.50 ns, 7.6396 ns/op
WorkloadResult   3: 67108864 op, 458968731.50 ns, 6.8392 ns/op
WorkloadResult   4: 67108864 op, 588256284.50 ns, 8.7657 ns/op
// GC:  342 0 0 2147484384 67108864
// Threading:  0 0 67108864

// AfterAll
// Benchmark Process 1771 has exited with code 0.

Mean = 7.805 ns, StdErr = 0.399 ns (5.11%), N = 4, StdDev = 0.798 ns
Min = 6.839 ns, Q1 = 7.440 ns, Median = 7.808 ns, Q3 = 8.173 ns, Max = 8.766 ns
IQR = 0.734 ns, LowerFence = 6.339 ns, UpperFence = 9.274 ns
ConfidenceInterval = [2.646 ns; 12.964 ns] (CI 99.9%), Margin = 5.159 ns (66.10% of Mean)
Skewness = -0.01, Kurtosis = 1.06, MValue = 2

// ** Remained 22 (33.8%) benchmark(s) to run. Estimated finish 2026-08-16 3:32 (0h 3m from now) **
// ***** BenchmarkRunner: Finish  *****

// * Export *
  actions-runner/_work/needlr/needlr/benchmark-results/results/NexusLabs.Needlr.Benchmarks.Benchmarks.ProviderFactoryResolutionBenchmarks-report.csv
  actions-runner/_work/needlr/needlr/benchmark-results/results/NexusLabs.Needlr.Benchmarks.Benchmarks.ProviderFactoryResolutionBenchmarks-report-github.md
  actions-runner/_work/needlr/needlr/benchmark-results/results/NexusLabs.Needlr.Benchmarks.Benchmarks.ProviderFactoryResolutionBenchmarks-report.html
  actions-runner/_work/needlr/needlr/benchmark-results/results/NexusLabs.Needlr.Benchmarks.Benchmarks.ProviderFactoryResolutionBenchmarks-report-full-compressed.json
  actions-runner/_work/needlr/needlr/benchmark-results/results/NexusLabs.Needlr.Benchmarks.Benchmarks.ProviderFactoryResolutionBenchmarks-report-default.md

// * Detailed results *
ProviderFactoryResolutionBenchmarks.ManualDI_FuncFactory_PreResolved: ShortRun(IterationCount=5, LaunchCount=1, WarmupCount=3)
Runtime = .NET 10.0.10 (10.0.1026.32716), X64 RyuJIT AVX2; GC = Concurrent Workstation
Mean = 6.693 ns, StdErr = 0.359 ns (5.37%), N = 5, StdDev = 0.804 ns
Min = 6.000 ns, Q1 = 6.110 ns, Median = 6.352 ns, Q3 = 7.089 ns, Max = 7.914 ns
IQR = 0.979 ns, LowerFence = 4.642 ns, UpperFence = 8.557 ns
ConfidenceInterval = [3.597 ns; 9.788 ns] (CI 99.9%), Margin = 3.095 ns (46.25% of Mean)
Skewness = 0.51, Kurtosis = 1.25, MValue = 2
-------------------- Histogram --------------------
[5.927 ns ; 7.161 ns) | @@@@
[7.161 ns ; 8.531 ns) | @
---------------------------------------------------

ProviderFactoryResolutionBenchmarks.ManualDI_FuncFactory_WithResolution: ShortRun(IterationCount=5, LaunchCount=1, WarmupCount=3)
Runtime = .NET 10.0.10 (10.0.1026.32716), X64 RyuJIT AVX2; GC = Concurrent Workstation
Mean = 15.613 ns, StdErr = 0.266 ns (1.70%), N = 4, StdDev = 0.531 ns
Min = 15.087 ns, Q1 = 15.203 ns, Median = 15.591 ns, Q3 = 16.002 ns, Max = 16.182 ns
IQR = 0.799 ns, LowerFence = 14.004 ns, UpperFence = 17.201 ns
ConfidenceInterval = [12.180 ns; 19.046 ns] (CI 99.9%), Margin = 3.433 ns (21.99% of Mean)
Skewness = 0.04, Kurtosis = 0.67, MValue = 2
-------------------- Histogram --------------------
[15.075 ns ; 15.954 ns) | @@@
[15.954 ns ; 16.621 ns) | @
---------------------------------------------------

ProviderFactoryResolutionBenchmarks.DirectFactory_PreResolved: ShortRun(IterationCount=5, LaunchCount=1, WarmupCount=3)
Runtime = .NET 10.0.10 (10.0.1026.32716), X64 RyuJIT AVX2; GC = Concurrent Workstation
Mean = 6.856 ns, StdErr = 0.427 ns (6.23%), N = 5, StdDev = 0.955 ns
Min = 5.908 ns, Q1 = 6.212 ns, Median = 6.607 ns, Q3 = 7.240 ns, Max = 8.314 ns
IQR = 1.028 ns, LowerFence = 4.669 ns, UpperFence = 8.782 ns
ConfidenceInterval = [3.178 ns; 10.535 ns] (CI 99.9%), Margin = 3.678 ns (53.65% of Mean)
Skewness = 0.46, Kurtosis = 1.33, MValue = 2
-------------------- Histogram --------------------
[5.841 ns ; 7.307 ns) | @@@@
[7.307 ns ; 9.048 ns) | @
---------------------------------------------------

ProviderFactoryResolutionBenchmarks.DirectFactory_WithResolution: ShortRun(IterationCount=5, LaunchCount=1, WarmupCount=3)
Runtime = .NET 10.0.10 (10.0.1026.32716), X64 RyuJIT AVX2; GC = Concurrent Workstation
Mean = 16.945 ns, StdErr = 0.392 ns (2.31%), N = 4, StdDev = 0.784 ns
Min = 15.938 ns, Q1 = 16.536 ns, Median = 17.069 ns, Q3 = 17.477 ns, Max = 17.703 ns
IQR = 0.942 ns, LowerFence = 15.123 ns, UpperFence = 18.890 ns
ConfidenceInterval = [11.881 ns; 22.008 ns] (CI 99.9%), Margin = 5.064 ns (29.88% of Mean)
Skewness = -0.26, Kurtosis = 0.93, MValue = 2
-------------------- Histogram --------------------
[15.290 ns ; 16.571 ns) | @
[16.571 ns ; 17.867 ns) | @@@
---------------------------------------------------

ProviderFactoryResolutionBenchmarks.Provider_FactoryShorthand: ShortRun(IterationCount=5, LaunchCount=1, WarmupCount=3)
Runtime = .NET 10.0.10 (10.0.1026.32716), X64 RyuJIT AVX2; GC = Concurrent Workstation
Mean = 7.810 ns, StdErr = 0.495 ns (6.34%), N = 5, StdDev = 1.106 ns
Min = 6.929 ns, Q1 = 7.132 ns, Median = 7.182 ns, Q3 = 8.243 ns, Max = 9.565 ns
IQR = 1.110 ns, LowerFence = 5.467 ns, UpperFence = 9.908 ns
ConfidenceInterval = [3.550 ns; 12.070 ns] (CI 99.9%), Margin = 4.260 ns (54.55% of Mean)
Skewness = 0.63, Kurtosis = 1.4, MValue = 2
-------------------- Histogram --------------------
[6.736 ns ;  8.435 ns) | @@@@
[8.435 ns ; 10.414 ns) | @
---------------------------------------------------

ProviderFactoryResolutionBenchmarks.Provider_FactoryInterface: ShortRun(IterationCount=5, LaunchCount=1, WarmupCount=3)
Runtime = .NET 10.0.10 (10.0.1026.32716), X64 RyuJIT AVX2; GC = Concurrent Workstation
Mean = 6.397 ns, StdErr = 0.402 ns (6.28%), N = 5, StdDev = 0.898 ns
Min = 5.360 ns, Q1 = 5.973 ns, Median = 6.012 ns, Q3 = 7.073 ns, Max = 7.566 ns
IQR = 1.100 ns, LowerFence = 4.323 ns, UpperFence = 8.723 ns
ConfidenceInterval = [2.938 ns; 9.856 ns] (CI 99.9%), Margin = 3.459 ns (54.08% of Mean)
Skewness = 0.18, Kurtosis = 1.01, MValue = 2
-------------------- Histogram --------------------
[4.996 ns ; 6.630 ns) | @@@
[6.630 ns ; 8.256 ns) | @@
---------------------------------------------------

ProviderFactoryResolutionBenchmarks.Provider_MixedShorthand: ShortRun(IterationCount=5, LaunchCount=1, WarmupCount=3)
Runtime = .NET 10.0.10 (10.0.1026.32716), X64 RyuJIT AVX2; GC = Concurrent Workstation
Mean = 7.805 ns, StdErr = 0.399 ns (5.11%), N = 4, StdDev = 0.798 ns
Min = 6.839 ns, Q1 = 7.440 ns, Median = 7.808 ns, Q3 = 8.173 ns, Max = 8.766 ns
IQR = 0.734 ns, LowerFence = 6.339 ns, UpperFence = 9.274 ns
ConfidenceInterval = [2.646 ns; 12.964 ns] (CI 99.9%), Margin = 5.159 ns (66.10% of Mean)
Skewness = -0.01, Kurtosis = 1.06, MValue = 2
-------------------- Histogram --------------------
[6.179 ns ; 7.543 ns) | @
[7.543 ns ; 8.863 ns) | @@@
---------------------------------------------------

// * Summary *

BenchmarkDotNet v0.14.0, Ubuntu 24.04.4 LTS (Noble Numbat)
Intel Core 7 150U, 1 CPU, 12 logical and 6 physical cores
.NET SDK 10.0.302
  [Host]   : .NET 10.0.10 (10.0.1026.32716), X64 RyuJIT AVX2
  ShortRun : .NET 10.0.10 (10.0.1026.32716), X64 RyuJIT AVX2

Job=ShortRun  IterationCount=5  LaunchCount=1  
WarmupCount=3  

| Method                              | Mean      | Error    | StdDev    | Ratio | RatioSD | Rank | Gen0   | Allocated | Alloc Ratio |
|------------------------------------ |----------:|---------:|----------:|------:|--------:|-----:|-------:|----------:|------------:|
| ManualDI_FuncFactory_PreResolved    |  6.693 ns | 3.095 ns | 0.8039 ns |  1.01 |    0.15 |    1 | 0.0051 |      32 B |        1.00 |
| ManualDI_FuncFactory_WithResolution | 15.613 ns | 3.433 ns | 0.5312 ns |  2.36 |    0.25 |    2 | 0.0051 |      32 B |        1.00 |
| DirectFactory_PreResolved           |  6.856 ns | 3.678 ns | 0.9552 ns |  1.04 |    0.17 |    1 | 0.0051 |      32 B |        1.00 |
| DirectFactory_WithResolution        | 16.945 ns | 5.064 ns | 0.7836 ns |  2.56 |    0.28 |    2 | 0.0051 |      32 B |        1.00 |
| Provider_FactoryShorthand           |  7.810 ns | 4.260 ns | 1.1064 ns |  1.18 |    0.20 |    1 | 0.0051 |      32 B |        1.00 |
| Provider_FactoryInterface           |  6.397 ns | 3.459 ns | 0.8984 ns |  0.97 |    0.16 |    1 | 0.0051 |      32 B |        1.00 |
| Provider_MixedShorthand             |  7.805 ns | 5.159 ns | 0.7984 ns |  1.18 |    0.16 |    1 | 0.0051 |      32 B |        1.00 |

// * Hints *
Outliers
  ProviderFactoryResolutionBenchmarks.ManualDI_FuncFactory_WithResolution: ShortRun -> 1 outlier  was  removed (23.68 ns)
  ProviderFactoryResolutionBenchmarks.DirectFactory_WithResolution: ShortRun        -> 1 outlier  was  removed (24.82 ns)
  ProviderFactoryResolutionBenchmarks.Provider_MixedShorthand: ShortRun             -> 1 outlier  was  removed (16.44 ns)
// * Config Issues *

// * Warnings *
Configuration
  Summary -> The exporter HtmlExporter is already present in configuration. There may be unexpected results.

// * Legends *
  Mean        : Arithmetic mean of all measurements
  Error       : Half of 99.9% confidence interval
  StdDev      : Standard deviation of all measurements
  Ratio       : Mean of the ratio distribution ([Current]/[Baseline])
  RatioSD     : Standard deviation of the ratio distribution ([Current]/[Baseline])
  Rank        : Relative position of current benchmark mean among all benchmarks (Arabic style)
  Gen0        : GC Generation 0 collects per 1000 operations
  Allocated   : Allocated memory per single operation (managed only, inclusive, 1KB = 1024B)
  Alloc Ratio : Allocated memory ratio distribution ([Current]/[Baseline])
  1 ns        : 1 Nanosecond (0.000000001 sec)

// * Diagnostic Output - MemoryDiagnoser *


// ***** BenchmarkRunner: End *****
Run time: 00:01:33 (93.77 sec), executed benchmarks: 7

// Found 5 benchmarks:
//   ProviderResolutionBenchmarks.ManualDI_ServiceProvider_GetService: ShortRun(IterationCount=5, LaunchCount=1, WarmupCount=3)
//   ProviderResolutionBenchmarks.Needlr_Reflection_GetService: ShortRun(IterationCount=5, LaunchCount=1, WarmupCount=3)
//   ProviderResolutionBenchmarks.Needlr_SourceGen_GetService: ShortRun(IterationCount=5, LaunchCount=1, WarmupCount=3)
//   ProviderResolutionBenchmarks.Provider_Interface_PropertyAccess: ShortRun(IterationCount=5, LaunchCount=1, WarmupCount=3)
//   ProviderResolutionBenchmarks.Provider_Shorthand_PropertyAccess: ShortRun(IterationCount=5, LaunchCount=1, WarmupCount=3)

// **************************
// Benchmark: ProviderResolutionBenchmarks.ManualDI_ServiceProvider_GetService: ShortRun(IterationCount=5, LaunchCount=1, WarmupCount=3)
// *** Execute ***
// Launch: 1 / 1
// Execute: dotnet bf8bdc48-2475-4673-b310-6966704f044e.dll --anonymousPipes 163 164 --benchmarkName NexusLabs.Needlr.Benchmarks.Benchmarks.ProviderResolutionBenchmarks.ManualDI_ServiceProvider_GetService --job ShortRun --benchmarkId 43 in /actions-runner/_work/needlr/needlr/src/NexusLabs.Needlr.Benchmarks/bin/Release/net10.0/bf8bdc48-2475-4673-b310-6966704f044e/bin/Release/net10.0
// Failed to set up high priority (Permission denied). In order to run benchmarks with high priority, make sure you have the right permissions.
// BeforeAnythingElse

// Benchmark Process Environment Information:
// BenchmarkDotNet v0.14.0
// Runtime=.NET 10.0.10 (10.0.1026.32716), X64 RyuJIT AVX2
// GC=Concurrent Workstation
// HardwareIntrinsics=AVX2,AES,BMI1,BMI2,FMA,LZCNT,PCLMUL,POPCNT,AvxVnni,SERIALIZE VectorSize=256
// Job: ShortRun(IterationCount=5, LaunchCount=1, WarmupCount=3)

OverheadJitting  1: 1 op, 264125.00 ns, 264.1250 us/op
WorkloadJitting  1: 1 op, 345924.00 ns, 345.9240 us/op

OverheadJitting  2: 16 op, 351905.00 ns, 21.9941 us/op
WorkloadJitting  2: 16 op, 450655.00 ns, 28.1659 us/op

WorkloadPilot    1: 16 op, 5905.00 ns, 369.0625 ns/op
WorkloadPilot    2: 32 op, 6108.00 ns, 190.8750 ns/op
WorkloadPilot    3: 64 op, 11154.00 ns, 174.2813 ns/op
WorkloadPilot    4: 128 op, 15045.00 ns, 117.5391 ns/op
WorkloadPilot    5: 256 op, 18035.00 ns, 70.4492 ns/op
WorkloadPilot    6: 512 op, 32521.00 ns, 63.5176 ns/op
WorkloadPilot    7: 1024 op, 60123.00 ns, 58.7139 ns/op
WorkloadPilot    8: 2048 op, 114983.00 ns, 56.1440 ns/op
WorkloadPilot    9: 4096 op, 228652.00 ns, 55.8232 ns/op
WorkloadPilot   10: 8192 op, 510688.00 ns, 62.3398 ns/op
WorkloadPilot   11: 16384 op, 976178.00 ns, 59.5812 ns/op
WorkloadPilot   12: 32768 op, 1906028.00 ns, 58.1674 ns/op
WorkloadPilot   13: 65536 op, 3732458.00 ns, 56.9528 ns/op
WorkloadPilot   14: 131072 op, 8013100.00 ns, 61.1351 ns/op
WorkloadPilot   15: 262144 op, 14361244.00 ns, 54.7838 ns/op
WorkloadPilot   16: 524288 op, 28683787.00 ns, 54.7100 ns/op
WorkloadPilot   17: 1048576 op, 59901604.00 ns, 57.1266 ns/op
WorkloadPilot   18: 2097152 op, 66341327.00 ns, 31.6340 ns/op
WorkloadPilot   19: 4194304 op, 65209533.00 ns, 15.5472 ns/op
WorkloadPilot   20: 8388608 op, 140700354.00 ns, 16.7728 ns/op
WorkloadPilot   21: 16777216 op, 278365725.00 ns, 16.5919 ns/op
WorkloadPilot   22: 33554432 op, 483397581.00 ns, 14.4064 ns/op
WorkloadPilot   23: 67108864 op, 1044293112.00 ns, 15.5612 ns/op

OverheadWarmup   1: 67108864 op, 320359222.00 ns, 4.7737 ns/op
OverheadWarmup   2: 67108864 op, 245444034.00 ns, 3.6574 ns/op
OverheadWarmup   3: 67108864 op, 223103898.00 ns, 3.3245 ns/op
OverheadWarmup   4: 67108864 op, 218144493.00 ns, 3.2506 ns/op
OverheadWarmup   5: 67108864 op, 220407356.00 ns, 3.2843 ns/op
OverheadWarmup   6: 67108864 op, 221120192.00 ns, 3.2949 ns/op
OverheadWarmup   7: 67108864 op, 222922149.00 ns, 3.3218 ns/op
OverheadWarmup   8: 67108864 op, 212010139.00 ns, 3.1592 ns/op
OverheadWarmup   9: 67108864 op, 211952525.00 ns, 3.1583 ns/op
OverheadWarmup  10: 67108864 op, 235565810.00 ns, 3.5102 ns/op

OverheadActual   1: 67108864 op, 221990889.00 ns, 3.3079 ns/op
OverheadActual   2: 67108864 op, 208666669.00 ns, 3.1094 ns/op
OverheadActual   3: 67108864 op, 217715751.00 ns, 3.2442 ns/op
OverheadActual   4: 67108864 op, 251843411.00 ns, 3.7528 ns/op
OverheadActual   5: 67108864 op, 316722269.00 ns, 4.7195 ns/op
OverheadActual   6: 67108864 op, 248097654.00 ns, 3.6969 ns/op
OverheadActual   7: 67108864 op, 223366178.00 ns, 3.3284 ns/op
OverheadActual   8: 67108864 op, 226543392.00 ns, 3.3758 ns/op
OverheadActual   9: 67108864 op, 216926246.00 ns, 3.2325 ns/op
OverheadActual  10: 67108864 op, 225860403.00 ns, 3.3656 ns/op
OverheadActual  11: 67108864 op, 210281098.00 ns, 3.1334 ns/op
OverheadActual  12: 67108864 op, 217414735.00 ns, 3.2397 ns/op
OverheadActual  13: 67108864 op, 222346567.00 ns, 3.3132 ns/op
OverheadActual  14: 67108864 op, 221211001.00 ns, 3.2963 ns/op
OverheadActual  15: 67108864 op, 216886588.00 ns, 3.2319 ns/op

WorkloadWarmup   1: 67108864 op, 894280277.00 ns, 13.3258 ns/op
WorkloadWarmup   2: 67108864 op, 895732307.00 ns, 13.3475 ns/op
WorkloadWarmup   3: 67108864 op, 900532222.00 ns, 13.4190 ns/op

// BeforeActualRun
WorkloadActual   1: 67108864 op, 902534979.00 ns, 13.4488 ns/op
WorkloadActual   2: 67108864 op, 903979524.00 ns, 13.4703 ns/op
WorkloadActual   3: 67108864 op, 898476900.00 ns, 13.3883 ns/op
WorkloadActual   4: 67108864 op, 1087366725.00 ns, 16.2030 ns/op
WorkloadActual   5: 67108864 op, 932004534.00 ns, 13.8879 ns/op

// AfterActualRun
WorkloadResult   1: 67108864 op, 680544090.00 ns, 10.1409 ns/op
WorkloadResult   2: 67108864 op, 681988635.00 ns, 10.1624 ns/op
WorkloadResult   3: 67108864 op, 676486011.00 ns, 10.0804 ns/op
WorkloadResult   4: 67108864 op, 710013645.00 ns, 10.5800 ns/op
// GC:  0 0 0 1072 67108864
// Threading:  0 0 67108864

// AfterAll
// Benchmark Process 1785 has exited with code 0.

Mean = 10.241 ns, StdErr = 0.114 ns (1.12%), N = 4, StdDev = 0.229 ns
Min = 10.080 ns, Q1 = 10.126 ns, Median = 10.152 ns, Q3 = 10.267 ns, Max = 10.580 ns
IQR = 0.141 ns, LowerFence = 9.914 ns, UpperFence = 10.478 ns
ConfidenceInterval = [8.763 ns; 11.719 ns] (CI 99.9%), Margin = 1.478 ns (14.43% of Mean)
Skewness = 0.7, Kurtosis = 1.28, MValue = 2

// ** Remained 21 (32.3%) benchmark(s) to run. Estimated finish 2026-08-16 3:32 (0h 3m from now) **
// **************************
// Benchmark: ProviderResolutionBenchmarks.Needlr_Reflection_GetService: ShortRun(IterationCount=5, LaunchCount=1, WarmupCount=3)
// *** Execute ***
// Launch: 1 / 1
// Execute: dotnet bf8bdc48-2475-4673-b310-6966704f044e.dll --anonymousPipes 163 164 --benchmarkName NexusLabs.Needlr.Benchmarks.Benchmarks.ProviderResolutionBenchmarks.Needlr_Reflection_GetService --job ShortRun --benchmarkId 44 in /actions-runner/_work/needlr/needlr/src/NexusLabs.Needlr.Benchmarks/bin/Release/net10.0/bf8bdc48-2475-4673-b310-6966704f044e/bin/Release/net10.0
// Failed to set up high priority (Permission denied). In order to run benchmarks with high priority, make sure you have the right permissions.
// BeforeAnythingElse

// Benchmark Process Environment Information:
// BenchmarkDotNet v0.14.0
// Runtime=.NET 10.0.10 (10.0.1026.32716), X64 RyuJIT AVX2
// GC=Concurrent Workstation
// HardwareIntrinsics=AVX2,AES,BMI1,BMI2,FMA,LZCNT,PCLMUL,POPCNT,AvxVnni,SERIALIZE VectorSize=256
// Job: ShortRun(IterationCount=5, LaunchCount=1, WarmupCount=3)

OverheadJitting  1: 1 op, 363299.00 ns, 363.2990 us/op

System.Reflection.TargetInvocationException: Exception has been thrown by the target of an invocation.
 ---> System.InvalidOperationException: No service for type 'NexusLabs.Needlr.Benchmarks.TestTypes.IProviderTargetService' has been registered.
   at Microsoft.Extensions.DependencyInjection.ServiceProviderServiceExtensions.GetRequiredService(IServiceProvider provider, Type serviceType)
   at Microsoft.Extensions.DependencyInjection.ServiceProviderServiceExtensions.GetRequiredService[T](IServiceProvider provider)
   at NexusLabs.Needlr.Benchmarks.Benchmarks.ProviderResolutionBenchmarks.Needlr_Reflection_GetService() in /_/src/NexusLabs.Needlr.Benchmarks/Benchmarks/ProviderResolutionBenchmarks.cs:line 79
   at BenchmarkDotNet.Autogenerated.Runnable_44.WorkloadActionNoUnroll(Int64 invokeCount) in /_/src/NexusLabs.Needlr.Benchmarks/bin/Release/net10.0/bf8bdc48-2475-4673-b310-6966704f044e/bf8bdc48-2475-4673-b310-6966704f044e.notcs:line 8920
   at BenchmarkDotNet.Engines.Engine.Measure(Action`1 action, Int64 invokeCount)
   at BenchmarkDotNet.Engines.Engine.RunIteration(IterationData data)
   at BenchmarkDotNet.Engines.EngineFactory.Jit(Engine engine, Int32 jitIndex, Int32 invokeCount, Int32 unrollFactor)
   at BenchmarkDotNet.Engines.EngineFactory.CreateReadyToRun(EngineParameters engineParameters)
   at BenchmarkDotNet.Autogenerated.Runnable_44.Run(IHost host, String benchmarkName) in /_/src/NexusLabs.Needlr.Benchmarks/bin/Release/net10.0/bf8bdc48-2475-4673-b310-6966704f044e/bf8bdc48-2475-4673-b310-6966704f044e.notcs:line 8783
   at System.Reflection.MethodBaseInvoker.InterpretedInvoke_Method(Object obj, IntPtr* args)
   at System.Reflection.MethodBaseInvoker.InvokeDirectByRefWithFewArgs(Object obj, Span`1 copyOfArgs, BindingFlags invokeAttr)
   --- End of inner exception stack trace ---
   at System.Reflection.MethodBaseInvoker.InvokeDirectByRefWithFewArgs(Object obj, Span`1 copyOfArgs, BindingFlags invokeAttr)
   at System.Reflection.MethodBaseInvoker.InvokeWithFewArgs(Object obj, BindingFlags invokeAttr, Binder binder, Object[] parameters, CultureInfo culture)
   at System.Reflection.RuntimeMethodInfo.Invoke(Object obj, BindingFlags invokeAttr, Binder binder, Object[] parameters, CultureInfo culture)
   at BenchmarkDotNet.Autogenerated.UniqueProgramName.AfterAssemblyLoadingAttached(String[] args) in /_/src/NexusLabs.Needlr.Benchmarks/bin/Release/net10.0/bf8bdc48-2475-4673-b310-6966704f044e/bf8bdc48-2475-4673-b310-6966704f044e.notcs:line 57
// AfterAll
No Workload Results were obtained from the run.
// Benchmark Process 1794 has exited with code 255.

// ** Remained 20 (30.8%) benchmark(s) to run. Estimated finish 2026-08-16 3:32 (0h 3m from now) **
// **************************
// Benchmark: ProviderResolutionBenchmarks.Needlr_SourceGen_GetService: ShortRun(IterationCount=5, LaunchCount=1, WarmupCount=3)
// *** Execute ***
// Launch: 1 / 1
// Execute: dotnet bf8bdc48-2475-4673-b310-6966704f044e.dll --anonymousPipes 163 164 --benchmarkName NexusLabs.Needlr.Benchmarks.Benchmarks.ProviderResolutionBenchmarks.Needlr_SourceGen_GetService --job ShortRun --benchmarkId 45 in /actions-runner/_work/needlr/needlr/src/NexusLabs.Needlr.Benchmarks/bin/Release/net10.0/bf8bdc48-2475-4673-b310-6966704f044e/bin/Release/net10.0
// Failed to set up high priority (Permission denied). In order to run benchmarks with high priority, make sure you have the right permissions.
// BeforeAnythingElse

// Benchmark Process Environment Information:
// BenchmarkDotNet v0.14.0
// Runtime=.NET 10.0.10 (10.0.1026.32716), X64 RyuJIT AVX2
// GC=Concurrent Workstation
// HardwareIntrinsics=AVX2,AES,BMI1,BMI2,FMA,LZCNT,PCLMUL,POPCNT,AvxVnni,SERIALIZE VectorSize=256
// Job: ShortRun(IterationCount=5, LaunchCount=1, WarmupCount=3)

OverheadJitting  1: 1 op, 250709.00 ns, 250.7090 us/op
WorkloadJitting  1: 1 op, 262834.00 ns, 262.8340 us/op

OverheadJitting  2: 16 op, 380961.00 ns, 23.8101 us/op
WorkloadJitting  2: 16 op, 370816.00 ns, 23.1760 us/op

WorkloadPilot    1: 16 op, 6077.00 ns, 379.8125 ns/op
WorkloadPilot    2: 32 op, 6515.00 ns, 203.5938 ns/op
WorkloadPilot    3: 64 op, 7781.00 ns, 121.5781 ns/op
WorkloadPilot    4: 128 op, 14353.00 ns, 112.1328 ns/op
WorkloadPilot    5: 256 op, 18198.00 ns, 71.0859 ns/op
WorkloadPilot    6: 512 op, 31462.00 ns, 61.4492 ns/op
WorkloadPilot    7: 1024 op, 59499.00 ns, 58.1045 ns/op
WorkloadPilot    8: 2048 op, 114650.00 ns, 55.9814 ns/op
WorkloadPilot    9: 4096 op, 225485.00 ns, 55.0500 ns/op
WorkloadPilot   10: 8192 op, 505883.00 ns, 61.7533 ns/op
WorkloadPilot   11: 16384 op, 1010635.00 ns, 61.6843 ns/op
WorkloadPilot   12: 32768 op, 1888978.00 ns, 57.6470 ns/op
WorkloadPilot   13: 65536 op, 3725004.00 ns, 56.8391 ns/op
WorkloadPilot   14: 131072 op, 7317716.00 ns, 55.8297 ns/op
WorkloadPilot   15: 262144 op, 14608240.00 ns, 55.7260 ns/op
WorkloadPilot   16: 524288 op, 29163766.00 ns, 55.6255 ns/op
WorkloadPilot   17: 1048576 op, 95131663.00 ns, 90.7246 ns/op
WorkloadPilot   18: 2097152 op, 140457980.00 ns, 66.9756 ns/op
WorkloadPilot   19: 4194304 op, 101507821.00 ns, 24.2014 ns/op
WorkloadPilot   20: 8388608 op, 239069102.00 ns, 28.4993 ns/op
WorkloadPilot   21: 16777216 op, 357762788.00 ns, 21.3243 ns/op
WorkloadPilot   22: 33554432 op, 595350427.00 ns, 17.7428 ns/op

OverheadWarmup   1: 33554432 op, 149919491.00 ns, 4.4679 ns/op
OverheadWarmup   2: 33554432 op, 127125666.00 ns, 3.7886 ns/op
OverheadWarmup   3: 33554432 op, 112979609.00 ns, 3.3671 ns/op
OverheadWarmup   4: 33554432 op, 108523440.00 ns, 3.2343 ns/op
OverheadWarmup   5: 33554432 op, 107349628.00 ns, 3.1993 ns/op
OverheadWarmup   6: 33554432 op, 105916666.00 ns, 3.1566 ns/op
OverheadWarmup   7: 33554432 op, 107554495.00 ns, 3.2054 ns/op
OverheadWarmup   8: 33554432 op, 106493268.00 ns, 3.1737 ns/op
OverheadWarmup   9: 33554432 op, 116167005.00 ns, 3.4620 ns/op
OverheadWarmup  10: 33554432 op, 117913490.00 ns, 3.5141 ns/op

OverheadActual   1: 33554432 op, 112439515.00 ns, 3.3510 ns/op
OverheadActual   2: 33554432 op, 107844001.00 ns, 3.2140 ns/op
OverheadActual   3: 33554432 op, 105462306.00 ns, 3.1430 ns/op
OverheadActual   4: 33554432 op, 106501952.00 ns, 3.1740 ns/op
OverheadActual   5: 33554432 op, 106797052.00 ns, 3.1828 ns/op
OverheadActual   6: 33554432 op, 109425672.00 ns, 3.2611 ns/op
OverheadActual   7: 33554432 op, 108366237.00 ns, 3.2296 ns/op
OverheadActual   8: 33554432 op, 115736133.00 ns, 3.4492 ns/op
OverheadActual   9: 33554432 op, 131992655.00 ns, 3.9337 ns/op
OverheadActual  10: 33554432 op, 158263656.00 ns, 4.7166 ns/op
OverheadActual  11: 33554432 op, 151732390.00 ns, 4.5220 ns/op
OverheadActual  12: 33554432 op, 134154967.00 ns, 3.9981 ns/op
OverheadActual  13: 33554432 op, 120890959.00 ns, 3.6028 ns/op
OverheadActual  14: 33554432 op, 116857094.00 ns, 3.4826 ns/op
OverheadActual  15: 33554432 op, 112484375.00 ns, 3.3523 ns/op
OverheadActual  16: 33554432 op, 118673560.00 ns, 3.5367 ns/op
OverheadActual  17: 33554432 op, 111694942.00 ns, 3.3288 ns/op
OverheadActual  18: 33554432 op, 110962026.00 ns, 3.3069 ns/op
OverheadActual  19: 33554432 op, 111554387.00 ns, 3.3246 ns/op
OverheadActual  20: 33554432 op, 109290325.00 ns, 3.2571 ns/op

WorkloadWarmup   1: 33554432 op, 477334325.00 ns, 14.2257 ns/op
WorkloadWarmup   2: 33554432 op, 513734159.00 ns, 15.3105 ns/op
WorkloadWarmup   3: 33554432 op, 480301057.00 ns, 14.3141 ns/op

// BeforeActualRun
WorkloadActual   1: 33554432 op, 470290418.00 ns, 14.0157 ns/op
WorkloadActual   2: 33554432 op, 666656556.00 ns, 19.8679 ns/op
WorkloadActual   3: 33554432 op, 508303708.00 ns, 15.1486 ns/op
WorkloadActual   4: 33554432 op, 480836841.00 ns, 14.3301 ns/op
WorkloadActual   5: 33554432 op, 484342603.00 ns, 14.4345 ns/op

// AfterActualRun
WorkloadResult   1: 33554432 op, 358223189.50 ns, 10.6759 ns/op
WorkloadResult   2: 33554432 op, 396236479.50 ns, 11.8088 ns/op
WorkloadResult   3: 33554432 op, 368769612.50 ns, 10.9902 ns/op
WorkloadResult   4: 33554432 op, 372275374.50 ns, 11.0947 ns/op
// GC:  0 0 0 1072 33554432
// Threading:  0 0 33554432

// AfterAll
// Benchmark Process 1803 has exited with code 0.

Mean = 11.142 ns, StdErr = 0.239 ns (2.15%), N = 4, StdDev = 0.479 ns
Min = 10.676 ns, Q1 = 10.912 ns, Median = 11.042 ns, Q3 = 11.273 ns, Max = 11.809 ns
IQR = 0.362 ns, LowerFence = 10.369 ns, UpperFence = 11.816 ns
ConfidenceInterval = [8.050 ns; 14.235 ns] (CI 99.9%), Margin = 3.093 ns (27.76% of Mean)
Skewness = 0.44, Kurtosis = 1.17, MValue = 2

// ** Remained 19 (29.2%) benchmark(s) to run. Estimated finish 2026-08-16 3:32 (0h 3m from now) **
// **************************
// Benchmark: ProviderResolutionBenchmarks.Provider_Interface_PropertyAccess: ShortRun(IterationCount=5, LaunchCount=1, WarmupCount=3)
// *** Execute ***
// Launch: 1 / 1
// Execute: dotnet bf8bdc48-2475-4673-b310-6966704f044e.dll --anonymousPipes 163 164 --benchmarkName NexusLabs.Needlr.Benchmarks.Benchmarks.ProviderResolutionBenchmarks.Provider_Interface_PropertyAccess --job ShortRun --benchmarkId 46 in /actions-runner/_work/needlr/needlr/src/NexusLabs.Needlr.Benchmarks/bin/Release/net10.0/bf8bdc48-2475-4673-b310-6966704f044e/bin/Release/net10.0
// Failed to set up high priority (Permission denied). In order to run benchmarks with high priority, make sure you have the right permissions.
// BeforeAnythingElse

// Benchmark Process Environment Information:
// BenchmarkDotNet v0.14.0
// Runtime=.NET 10.0.10 (10.0.1026.32716), X64 RyuJIT AVX2
// GC=Concurrent Workstation
// HardwareIntrinsics=AVX2,AES,BMI1,BMI2,FMA,LZCNT,PCLMUL,POPCNT,AvxVnni,SERIALIZE VectorSize=256
// Job: ShortRun(IterationCount=5, LaunchCount=1, WarmupCount=3)

OverheadJitting  1: 1 op, 266577.00 ns, 266.5770 us/op
WorkloadJitting  1: 1 op, 279974.00 ns, 279.9740 us/op

OverheadJitting  2: 16 op, 394353.00 ns, 24.6471 us/op
WorkloadJitting  2: 16 op, 422899.00 ns, 26.4312 us/op

WorkloadPilot    1: 16 op, 712.00 ns, 44.5000 ns/op
WorkloadPilot    2: 32 op, 805.00 ns, 25.1563 ns/op
WorkloadPilot    3: 64 op, 1024.00 ns, 16.0000 ns/op
WorkloadPilot    4: 128 op, 1393.00 ns, 10.8828 ns/op
WorkloadPilot    5: 256 op, 2035.00 ns, 7.9492 ns/op
WorkloadPilot    6: 512 op, 3411.00 ns, 6.6621 ns/op
WorkloadPilot    7: 1024 op, 6405.00 ns, 6.2549 ns/op
WorkloadPilot    8: 2048 op, 11754.00 ns, 5.7393 ns/op
WorkloadPilot    9: 4096 op, 23196.00 ns, 5.6631 ns/op
WorkloadPilot   10: 8192 op, 46090.00 ns, 5.6262 ns/op
WorkloadPilot   11: 16384 op, 89989.00 ns, 5.4925 ns/op
WorkloadPilot   12: 32768 op, 176559.00 ns, 5.3882 ns/op
WorkloadPilot   13: 65536 op, 345576.00 ns, 5.2731 ns/op
WorkloadPilot   14: 131072 op, 746828.00 ns, 5.6978 ns/op
WorkloadPilot   15: 262144 op, 1360167.00 ns, 5.1886 ns/op
WorkloadPilot   16: 524288 op, 2834133.00 ns, 5.4057 ns/op
WorkloadPilot   17: 1048576 op, 5633609.00 ns, 5.3726 ns/op
WorkloadPilot   18: 2097152 op, 11149694.00 ns, 5.3166 ns/op
WorkloadPilot   19: 4194304 op, 23136064.00 ns, 5.5161 ns/op
WorkloadPilot   20: 8388608 op, 44151066.00 ns, 5.2632 ns/op
WorkloadPilot   21: 16777216 op, 85015355.00 ns, 5.0673 ns/op
WorkloadPilot   22: 33554432 op, 170014373.00 ns, 5.0668 ns/op
WorkloadPilot   23: 67108864 op, 376669968.00 ns, 5.6128 ns/op
WorkloadPilot   24: 134217728 op, 561713665.00 ns, 4.1851 ns/op

OverheadWarmup   1: 134217728 op, 531092745.00 ns, 3.9569 ns/op
OverheadWarmup   2: 134217728 op, 503380383.00 ns, 3.7505 ns/op
OverheadWarmup   3: 134217728 op, 443015688.00 ns, 3.3007 ns/op
OverheadWarmup   4: 134217728 op, 430769430.00 ns, 3.2095 ns/op
OverheadWarmup   5: 134217728 op, 433312550.00 ns, 3.2284 ns/op
OverheadWarmup   6: 134217728 op, 637088811.00 ns, 4.7467 ns/op
OverheadWarmup   7: 134217728 op, 486377229.00 ns, 3.6238 ns/op
OverheadWarmup   8: 134217728 op, 459561321.00 ns, 3.4240 ns/op
OverheadWarmup   9: 134217728 op, 435594499.00 ns, 3.2454 ns/op
OverheadWarmup  10: 134217728 op, 440646668.00 ns, 3.2831 ns/op

OverheadActual   1: 134217728 op, 454033402.00 ns, 3.3828 ns/op
OverheadActual   2: 134217728 op, 463856123.00 ns, 3.4560 ns/op
OverheadActual   3: 134217728 op, 592540898.00 ns, 4.4148 ns/op
OverheadActual   4: 134217728 op, 535988033.00 ns, 3.9934 ns/op
OverheadActual   5: 134217728 op, 456465072.00 ns, 3.4009 ns/op
OverheadActual   6: 134217728 op, 435516494.00 ns, 3.2449 ns/op
OverheadActual   7: 134217728 op, 433566117.00 ns, 3.2303 ns/op
OverheadActual   8: 134217728 op, 451812956.00 ns, 3.3663 ns/op
OverheadActual   9: 134217728 op, 565685634.00 ns, 4.2147 ns/op
OverheadActual  10: 134217728 op, 538448715.00 ns, 4.0118 ns/op
OverheadActual  11: 134217728 op, 451421528.00 ns, 3.3634 ns/op
OverheadActual  12: 134217728 op, 448775072.00 ns, 3.3436 ns/op
OverheadActual  13: 134217728 op, 421079238.00 ns, 3.1373 ns/op
OverheadActual  14: 134217728 op, 440389828.00 ns, 3.2812 ns/op
OverheadActual  15: 134217728 op, 425401373.00 ns, 3.1695 ns/op
OverheadActual  16: 134217728 op, 432304187.00 ns, 3.2209 ns/op
OverheadActual  17: 134217728 op, 577427258.00 ns, 4.3022 ns/op
OverheadActual  18: 134217728 op, 473099870.00 ns, 3.5249 ns/op
OverheadActual  19: 134217728 op, 432731708.00 ns, 3.2241 ns/op
OverheadActual  20: 134217728 op, 429625240.00 ns, 3.2010 ns/op

WorkloadWarmup   1: 134217728 op, 532633154.00 ns, 3.9684 ns/op
WorkloadWarmup   2: 134217728 op, 522397482.00 ns, 3.8922 ns/op
WorkloadWarmup   3: 134217728 op, 513683760.00 ns, 3.8272 ns/op

// BeforeActualRun
WorkloadActual   1: 134217728 op, 688757740.00 ns, 5.1316 ns/op
WorkloadActual   2: 134217728 op, 526776294.00 ns, 3.9248 ns/op
WorkloadActual   3: 134217728 op, 544575328.00 ns, 4.0574 ns/op
WorkloadActual   4: 134217728 op, 507450982.00 ns, 3.7808 ns/op
WorkloadActual   5: 134217728 op, 534917879.00 ns, 3.9854 ns/op

// AfterActualRun
WorkloadResult   1: 134217728 op, 75159052.00 ns, 0.5600 ns/op
WorkloadResult   2: 134217728 op, 92958086.00 ns, 0.6926 ns/op
WorkloadResult   3: 134217728 op, 55833740.00 ns, 0.4160 ns/op
WorkloadResult   4: 134217728 op, 83300637.00 ns, 0.6206 ns/op
// GC:  0 0 0 1072 134217728
// Threading:  0 0 134217728

// AfterAll
// Benchmark Process 1816 has exited with code 0.

Mean = 0.572 ns, StdErr = 0.059 ns (10.26%), N = 4, StdDev = 0.117 ns
Min = 0.416 ns, Q1 = 0.524 ns, Median = 0.590 ns, Q3 = 0.639 ns, Max = 0.693 ns
IQR = 0.115 ns, LowerFence = 0.352 ns, UpperFence = 0.811 ns
ConfidenceInterval = [-0.187 ns; 1.331 ns] (CI 99.9%), Margin = 0.759 ns (132.63% of Mean)
Skewness = -0.3, Kurtosis = 1.07, MValue = 2

// ** Remained 18 (27.7%) benchmark(s) to run. Estimated finish 2026-08-16 3:32 (0h 2m from now) **
// **************************
// Benchmark: ProviderResolutionBenchmarks.Provider_Shorthand_PropertyAccess: ShortRun(IterationCount=5, LaunchCount=1, WarmupCount=3)
// *** Execute ***
// Launch: 1 / 1
// Execute: dotnet bf8bdc48-2475-4673-b310-6966704f044e.dll --anonymousPipes 163 164 --benchmarkName NexusLabs.Needlr.Benchmarks.Benchmarks.ProviderResolutionBenchmarks.Provider_Shorthand_PropertyAccess --job ShortRun --benchmarkId 47 in /actions-runner/_work/needlr/needlr/src/NexusLabs.Needlr.Benchmarks/bin/Release/net10.0/bf8bdc48-2475-4673-b310-6966704f044e/bin/Release/net10.0
// Failed to set up high priority (Permission denied). In order to run benchmarks with high priority, make sure you have the right permissions.
// BeforeAnythingElse

// Benchmark Process Environment Information:
// BenchmarkDotNet v0.14.0
// Runtime=.NET 10.0.10 (10.0.1026.32716), X64 RyuJIT AVX2
// GC=Concurrent Workstation
// HardwareIntrinsics=AVX2,AES,BMI1,BMI2,FMA,LZCNT,PCLMUL,POPCNT,AvxVnni,SERIALIZE VectorSize=256
// Job: ShortRun(IterationCount=5, LaunchCount=1, WarmupCount=3)

OverheadJitting  1: 1 op, 310253.00 ns, 310.2530 us/op
WorkloadJitting  1: 1 op, 291354.00 ns, 291.3540 us/op

OverheadJitting  2: 16 op, 411185.00 ns, 25.6991 us/op
WorkloadJitting  2: 16 op, 456367.00 ns, 28.5229 us/op

WorkloadPilot    1: 16 op, 977.00 ns, 61.0625 ns/op
WorkloadPilot    2: 32 op, 1056.00 ns, 33.0000 ns/op
WorkloadPilot    3: 64 op, 5746.00 ns, 89.7813 ns/op
WorkloadPilot    4: 128 op, 1597.00 ns, 12.4766 ns/op
WorkloadPilot    5: 256 op, 2246.00 ns, 8.7734 ns/op
WorkloadPilot    6: 512 op, 3863.00 ns, 7.5449 ns/op
WorkloadPilot    7: 1024 op, 6795.00 ns, 6.6357 ns/op
WorkloadPilot    8: 2048 op, 12994.00 ns, 6.3447 ns/op
WorkloadPilot    9: 4096 op, 24690.00 ns, 6.0278 ns/op
WorkloadPilot   10: 8192 op, 48227.00 ns, 5.8871 ns/op
WorkloadPilot   11: 16384 op, 110651.00 ns, 6.7536 ns/op
WorkloadPilot   12: 32768 op, 197114.00 ns, 6.0154 ns/op
WorkloadPilot   13: 65536 op, 385371.00 ns, 5.8803 ns/op
WorkloadPilot   14: 131072 op, 767799.00 ns, 5.8578 ns/op
WorkloadPilot   15: 262144 op, 1484628.00 ns, 5.6634 ns/op
WorkloadPilot   16: 524288 op, 3177942.00 ns, 6.0614 ns/op
WorkloadPilot   17: 1048576 op, 6179976.00 ns, 5.8937 ns/op
WorkloadPilot   18: 2097152 op, 12294519.00 ns, 5.8625 ns/op
WorkloadPilot   19: 4194304 op, 23588809.00 ns, 5.6240 ns/op
WorkloadPilot   20: 8388608 op, 47301202.00 ns, 5.6387 ns/op
WorkloadPilot   21: 16777216 op, 79317405.00 ns, 4.7277 ns/op
WorkloadPilot   22: 33554432 op, 136611334.00 ns, 4.0713 ns/op
WorkloadPilot   23: 67108864 op, 262545529.00 ns, 3.9122 ns/op
WorkloadPilot   24: 134217728 op, 547982370.00 ns, 4.0828 ns/op

OverheadWarmup   1: 134217728 op, 442027282.00 ns, 3.2934 ns/op
OverheadWarmup   2: 134217728 op, 444381708.00 ns, 3.3109 ns/op
OverheadWarmup   3: 134217728 op, 421722500.00 ns, 3.1421 ns/op
OverheadWarmup   4: 134217728 op, 431067409.00 ns, 3.2117 ns/op
OverheadWarmup   5: 134217728 op, 573086130.00 ns, 4.2698 ns/op
OverheadWarmup   6: 134217728 op, 462273832.00 ns, 3.4442 ns/op

OverheadActual   1: 134217728 op, 435542300.00 ns, 3.2450 ns/op
OverheadActual   2: 134217728 op, 424218218.00 ns, 3.1607 ns/op
OverheadActual   3: 134217728 op, 450110100.00 ns, 3.3536 ns/op
OverheadActual   4: 134217728 op, 430151032.00 ns, 3.2049 ns/op
OverheadActual   5: 134217728 op, 479419531.00 ns, 3.5720 ns/op
OverheadActual   6: 134217728 op, 524795373.00 ns, 3.9100 ns/op
OverheadActual   7: 134217728 op, 512959245.00 ns, 3.8218 ns/op
OverheadActual   8: 134217728 op, 427356358.00 ns, 3.1841 ns/op
OverheadActual   9: 134217728 op, 460338118.00 ns, 3.4298 ns/op
OverheadActual  10: 134217728 op, 440714341.00 ns, 3.2836 ns/op
OverheadActual  11: 134217728 op, 462422719.00 ns, 3.4453 ns/op
OverheadActual  12: 134217728 op, 461873529.00 ns, 3.4412 ns/op
OverheadActual  13: 134217728 op, 582690247.00 ns, 4.3414 ns/op
OverheadActual  14: 134217728 op, 458055328.00 ns, 3.4128 ns/op
OverheadActual  15: 134217728 op, 500136161.00 ns, 3.7263 ns/op
OverheadActual  16: 134217728 op, 505140996.00 ns, 3.7636 ns/op
OverheadActual  17: 134217728 op, 442098632.00 ns, 3.2939 ns/op
OverheadActual  18: 134217728 op, 471455712.00 ns, 3.5126 ns/op
OverheadActual  19: 134217728 op, 500810983.00 ns, 3.7313 ns/op
OverheadActual  20: 134217728 op, 628209039.00 ns, 4.6805 ns/op

WorkloadWarmup   1: 134217728 op, 564283279.00 ns, 4.2042 ns/op
WorkloadWarmup   2: 134217728 op, 616550915.00 ns, 4.5937 ns/op
WorkloadWarmup   3: 134217728 op, 561520981.00 ns, 4.1837 ns/op

// BeforeActualRun
WorkloadActual   1: 134217728 op, 520147676.00 ns, 3.8754 ns/op
WorkloadActual   2: 134217728 op, 516431456.00 ns, 3.8477 ns/op
WorkloadActual   3: 134217728 op, 717176929.00 ns, 5.3434 ns/op
WorkloadActual   4: 134217728 op, 559070459.00 ns, 4.1654 ns/op
WorkloadActual   5: 134217728 op, 539449866.00 ns, 4.0192 ns/op

// AfterActualRun
WorkloadResult   1: 134217728 op, 57999552.00 ns, 0.4321 ns/op
WorkloadResult   2: 134217728 op, 54283332.00 ns, 0.4044 ns/op
WorkloadResult   3: 134217728 op, 96922335.00 ns, 0.7221 ns/op
WorkloadResult   4: 134217728 op, 77301742.00 ns, 0.5759 ns/op
// GC:  0 0 0 1072 134217728
// Threading:  0 0 134217728

// AfterAll
// Benchmark Process 1828 has exited with code 0.

Mean = 0.534 ns, StdErr = 0.073 ns (13.72%), N = 4, StdDev = 0.146 ns
Min = 0.404 ns, Q1 = 0.425 ns, Median = 0.504 ns, Q3 = 0.612 ns, Max = 0.722 ns
IQR = 0.187 ns, LowerFence = 0.144 ns, UpperFence = 0.893 ns
ConfidenceInterval = [-0.412 ns; 1.480 ns] (CI 99.9%), Margin = 0.946 ns (177.29% of Mean)
Skewness = 0.28, Kurtosis = 0.9, MValue = 2

// ** Remained 17 (26.2%) benchmark(s) to run. Estimated finish 2026-08-16 3:32 (0h 2m from now) **
// ***** BenchmarkRunner: Finish  *****

// * Export *
  actions-runner/_work/needlr/needlr/benchmark-results/results/NexusLabs.Needlr.Benchmarks.Benchmarks.ProviderResolutionBenchmarks-report.csv
  actions-runner/_work/needlr/needlr/benchmark-results/results/NexusLabs.Needlr.Benchmarks.Benchmarks.ProviderResolutionBenchmarks-report-github.md
  actions-runner/_work/needlr/needlr/benchmark-results/results/NexusLabs.Needlr.Benchmarks.Benchmarks.ProviderResolutionBenchmarks-report.html
  actions-runner/_work/needlr/needlr/benchmark-results/results/NexusLabs.Needlr.Benchmarks.Benchmarks.ProviderResolutionBenchmarks-report-full-compressed.json
  actions-runner/_work/needlr/needlr/benchmark-results/results/NexusLabs.Needlr.Benchmarks.Benchmarks.ProviderResolutionBenchmarks-report-default.md

// * Detailed results *
ProviderResolutionBenchmarks.ManualDI_ServiceProvider_GetService: ShortRun(IterationCount=5, LaunchCount=1, WarmupCount=3)
Runtime = .NET 10.0.10 (10.0.1026.32716), X64 RyuJIT AVX2; GC = Concurrent Workstation
Mean = 10.241 ns, StdErr = 0.114 ns (1.12%), N = 4, StdDev = 0.229 ns
Min = 10.080 ns, Q1 = 10.126 ns, Median = 10.152 ns, Q3 = 10.267 ns, Max = 10.580 ns
IQR = 0.141 ns, LowerFence = 9.914 ns, UpperFence = 10.478 ns
ConfidenceInterval = [8.763 ns; 11.719 ns] (CI 99.9%), Margin = 1.478 ns (14.43% of Mean)
Skewness = 0.7, Kurtosis = 1.28, MValue = 2
-------------------- Histogram --------------------
[ 9.932 ns ; 10.391 ns) | @@@
[10.391 ns ; 10.769 ns) | @
---------------------------------------------------

ProviderResolutionBenchmarks.Needlr_Reflection_GetService: ShortRun(IterationCount=5, LaunchCount=1, WarmupCount=3)
Runtime = .NET 10.0.10 (10.0.1026.32716), X64 RyuJIT AVX2; GC = Concurrent Workstation
There are not any results runs

ProviderResolutionBenchmarks.Needlr_SourceGen_GetService: ShortRun(IterationCount=5, LaunchCount=1, WarmupCount=3)
Runtime = .NET 10.0.10 (10.0.1026.32716), X64 RyuJIT AVX2; GC = Concurrent Workstation
Mean = 11.142 ns, StdErr = 0.239 ns (2.15%), N = 4, StdDev = 0.479 ns
Min = 10.676 ns, Q1 = 10.912 ns, Median = 11.042 ns, Q3 = 11.273 ns, Max = 11.809 ns
IQR = 0.362 ns, LowerFence = 10.369 ns, UpperFence = 11.816 ns
ConfidenceInterval = [8.050 ns; 14.235 ns] (CI 99.9%), Margin = 3.093 ns (27.76% of Mean)
Skewness = 0.44, Kurtosis = 1.17, MValue = 2
-------------------- Histogram --------------------
[10.490 ns ; 11.281 ns) | @@@
[11.281 ns ; 12.205 ns) | @
---------------------------------------------------

ProviderResolutionBenchmarks.Provider_Interface_PropertyAccess: ShortRun(IterationCount=5, LaunchCount=1, WarmupCount=3)
Runtime = .NET 10.0.10 (10.0.1026.32716), X64 RyuJIT AVX2; GC = Concurrent Workstation
Mean = 0.572 ns, StdErr = 0.059 ns (10.26%), N = 4, StdDev = 0.117 ns
Min = 0.416 ns, Q1 = 0.524 ns, Median = 0.590 ns, Q3 = 0.639 ns, Max = 0.693 ns
IQR = 0.115 ns, LowerFence = 0.352 ns, UpperFence = 0.811 ns
ConfidenceInterval = [-0.187 ns; 1.331 ns] (CI 99.9%), Margin = 0.759 ns (132.63% of Mean)
Skewness = -0.3, Kurtosis = 1.07, MValue = 2
-------------------- Histogram --------------------
[0.319 ns ; 0.529 ns) | @
[0.529 ns ; 0.723 ns) | @@@
---------------------------------------------------

ProviderResolutionBenchmarks.Provider_Shorthand_PropertyAccess: ShortRun(IterationCount=5, LaunchCount=1, WarmupCount=3)
Runtime = .NET 10.0.10 (10.0.1026.32716), X64 RyuJIT AVX2; GC = Concurrent Workstation
Mean = 0.534 ns, StdErr = 0.073 ns (13.72%), N = 4, StdDev = 0.146 ns
Min = 0.404 ns, Q1 = 0.425 ns, Median = 0.504 ns, Q3 = 0.612 ns, Max = 0.722 ns
IQR = 0.187 ns, LowerFence = 0.144 ns, UpperFence = 0.893 ns
ConfidenceInterval = [-0.412 ns; 1.480 ns] (CI 99.9%), Margin = 0.946 ns (177.29% of Mean)
Skewness = 0.28, Kurtosis = 0.9, MValue = 2
-------------------- Histogram --------------------
[0.369 ns ; 0.611 ns) | @@@
[0.611 ns ; 0.843 ns) | @
---------------------------------------------------

// * Summary *

BenchmarkDotNet v0.14.0, Ubuntu 24.04.4 LTS (Noble Numbat)
Intel Core 7 150U, 1 CPU, 12 logical and 6 physical cores
.NET SDK 10.0.302
  [Host]   : .NET 10.0.10 (10.0.1026.32716), X64 RyuJIT AVX2
  ShortRun : .NET 10.0.10 (10.0.1026.32716), X64 RyuJIT AVX2

Job=ShortRun  IterationCount=5  LaunchCount=1  
WarmupCount=3  

| Method                              | Mean       | Error     | StdDev    | Ratio | RatioSD | Rank | Allocated | Alloc Ratio |
|------------------------------------ |-----------:|----------:|----------:|------:|--------:|-----:|----------:|------------:|
| ManualDI_ServiceProvider_GetService | 10.2409 ns | 1.4779 ns | 0.2287 ns |  1.00 |    0.03 |    2 |         - |          NA |
| Needlr_Reflection_GetService        |         NA |        NA |        NA |     ? |       ? |    ? |        NA |           ? |
| Needlr_SourceGen_GetService         | 11.1424 ns | 3.0926 ns | 0.4786 ns |  1.09 |    0.05 |    2 |         - |          NA |
| Provider_Interface_PropertyAccess   |  0.5723 ns | 0.7590 ns | 0.1175 ns |  0.06 |    0.01 |    1 |         - |          NA |
| Provider_Shorthand_PropertyAccess   |  0.5337 ns | 0.9461 ns | 0.1464 ns |  0.05 |    0.01 |    1 |         - |          NA |

Benchmarks with issues:
  ProviderResolutionBenchmarks.Needlr_Reflection_GetService: ShortRun(IterationCount=5, LaunchCount=1, WarmupCount=3)

// * Warnings *
BaselineCustomAnalyzer
  Summary -> A question mark '?' symbol indicates that it was not possible to compute the (Ratio, RatioSD, Alloc Ratio) column(s) because the baseline value is too close to zero.
ZeroMeasurement
  ProviderResolutionBenchmarks.Provider_Interface_PropertyAccess: ShortRun -> The method duration is indistinguishable from the empty method duration
  ProviderResolutionBenchmarks.Provider_Shorthand_PropertyAccess: ShortRun -> The method duration is indistinguishable from the empty method duration

// * Hints *
Outliers
  ProviderResolutionBenchmarks.ManualDI_ServiceProvider_GetService: ShortRun -> 1 outlier  was  removed (16.20 ns)
  ProviderResolutionBenchmarks.Needlr_SourceGen_GetService: ShortRun         -> 1 outlier  was  removed (19.87 ns)
  ProviderResolutionBenchmarks.Provider_Interface_PropertyAccess: ShortRun   -> 1 outlier  was  removed (5.13 ns)
  ProviderResolutionBenchmarks.Provider_Shorthand_PropertyAccess: ShortRun   -> 1 outlier  was  removed (5.34 ns)
// * Config Issues *

// * Warnings *
Configuration
  Summary -> The exporter HtmlExporter is already present in configuration. There may be unexpected results.

// * Legends *
  Mean        : Arithmetic mean of all measurements
  Error       : Half of 99.9% confidence interval
  StdDev      : Standard deviation of all measurements
  Ratio       : Mean of the ratio distribution ([Current]/[Baseline])
  RatioSD     : Standard deviation of the ratio distribution ([Current]/[Baseline])
  Rank        : Relative position of current benchmark mean among all benchmarks (Arabic style)
  Allocated   : Allocated memory per single operation (managed only, inclusive, 1KB = 1024B)
  Alloc Ratio : Allocated memory ratio distribution ([Current]/[Baseline])
  1 ns        : 1 Nanosecond (0.000000001 sec)

// * Diagnostic Output - MemoryDiagnoser *


// ***** BenchmarkRunner: End *****
Run time: 00:01:06 (66.36 sec), executed benchmarks: 5

// Found 3 benchmarks:
//   ScopedServiceResolutionBenchmarks.ManualDI_CreateScopeAndResolve: ShortRun(IterationCount=5, LaunchCount=1, WarmupCount=3)
//   ScopedServiceResolutionBenchmarks.Needlr_Reflection_CreateScopeAndResolve: ShortRun(IterationCount=5, LaunchCount=1, WarmupCount=3)
//   ScopedServiceResolutionBenchmarks.Needlr_SourceGen_CreateScopeAndResolve: ShortRun(IterationCount=5, LaunchCount=1, WarmupCount=3)

// **************************
// Benchmark: ScopedServiceResolutionBenchmarks.ManualDI_CreateScopeAndResolve: ShortRun(IterationCount=5, LaunchCount=1, WarmupCount=3)
// *** Execute ***
// Launch: 1 / 1
// Execute: dotnet bf8bdc48-2475-4673-b310-6966704f044e.dll --anonymousPipes 163 164 --benchmarkName NexusLabs.Needlr.Benchmarks.Benchmarks.ScopedServiceResolutionBenchmarks.ManualDI_CreateScopeAndResolve --job ShortRun --benchmarkId 48 in /actions-runner/_work/needlr/needlr/src/NexusLabs.Needlr.Benchmarks/bin/Release/net10.0/bf8bdc48-2475-4673-b310-6966704f044e/bin/Release/net10.0
// Failed to set up high priority (Permission denied). In order to run benchmarks with high priority, make sure you have the right permissions.
// BeforeAnythingElse

// Benchmark Process Environment Information:
// BenchmarkDotNet v0.14.0
// Runtime=.NET 10.0.10 (10.0.1026.32716), X64 RyuJIT AVX2
// GC=Concurrent Workstation
// HardwareIntrinsics=AVX2,AES,BMI1,BMI2,FMA,LZCNT,PCLMUL,POPCNT,AvxVnni,SERIALIZE VectorSize=256
// Job: ShortRun(IterationCount=5, LaunchCount=1, WarmupCount=3)

OverheadJitting  1: 1 op, 344675.00 ns, 344.6750 us/op
WorkloadJitting  1: 1 op, 4573543.00 ns, 4.5735 ms/op

OverheadJitting  2: 16 op, 386780.00 ns, 24.1738 us/op
WorkloadJitting  2: 16 op, 2572881.00 ns, 160.8051 us/op

WorkloadPilot    1: 16 op, 2042090.00 ns, 127.6306 us/op
WorkloadPilot    2: 32 op, 72513.00 ns, 2.2660 us/op
WorkloadPilot    3: 64 op, 127500.00 ns, 1.9922 us/op
WorkloadPilot    4: 128 op, 202870.00 ns, 1.5849 us/op
WorkloadPilot    5: 256 op, 470016.00 ns, 1.8360 us/op
WorkloadPilot    6: 512 op, 740089.00 ns, 1.4455 us/op
WorkloadPilot    7: 1024 op, 1500628.00 ns, 1.4655 us/op
WorkloadPilot    8: 2048 op, 3203117.00 ns, 1.5640 us/op
WorkloadPilot    9: 4096 op, 6367622.00 ns, 1.5546 us/op
WorkloadPilot   10: 8192 op, 12481942.00 ns, 1.5237 us/op
WorkloadPilot   11: 16384 op, 24639760.00 ns, 1.5039 us/op
WorkloadPilot   12: 32768 op, 45604835.00 ns, 1.3917 us/op
WorkloadPilot   13: 65536 op, 86565438.00 ns, 1.3209 us/op
WorkloadPilot   14: 131072 op, 144453464.00 ns, 1.1021 us/op
WorkloadPilot   15: 262144 op, 335149935.00 ns, 1.2785 us/op
WorkloadPilot   16: 524288 op, 713579075.00 ns, 1.3610 us/op

OverheadWarmup   1: 524288 op, 2196891.00 ns, 4.1902 ns/op
OverheadWarmup   2: 524288 op, 2241682.00 ns, 4.2757 ns/op
OverheadWarmup   3: 524288 op, 2262369.00 ns, 4.3151 ns/op
OverheadWarmup   4: 524288 op, 2193858.00 ns, 4.1845 ns/op
OverheadWarmup   5: 524288 op, 2306947.00 ns, 4.4002 ns/op
OverheadWarmup   6: 524288 op, 2265437.00 ns, 4.3210 ns/op

OverheadActual   1: 524288 op, 2246866.00 ns, 4.2856 ns/op
OverheadActual   2: 524288 op, 2281137.00 ns, 4.3509 ns/op
OverheadActual   3: 524288 op, 2240530.00 ns, 4.2735 ns/op
OverheadActual   4: 524288 op, 2243206.00 ns, 4.2786 ns/op
OverheadActual   5: 524288 op, 2261526.00 ns, 4.3135 ns/op
OverheadActual   6: 524288 op, 2311852.00 ns, 4.4095 ns/op
OverheadActual   7: 524288 op, 2255673.00 ns, 4.3024 ns/op
OverheadActual   8: 524288 op, 2288959.00 ns, 4.3658 ns/op
OverheadActual   9: 524288 op, 2245852.00 ns, 4.2836 ns/op
OverheadActual  10: 524288 op, 2268324.00 ns, 4.3265 ns/op
OverheadActual  11: 524288 op, 3788729.00 ns, 7.2264 ns/op
OverheadActual  12: 524288 op, 2698255.00 ns, 5.1465 ns/op
OverheadActual  13: 524288 op, 2297927.00 ns, 4.3829 ns/op
OverheadActual  14: 524288 op, 2378871.00 ns, 4.5373 ns/op
OverheadActual  15: 524288 op, 2303568.00 ns, 4.3937 ns/op

WorkloadWarmup   1: 524288 op, 585502047.00 ns, 1.1168 us/op
WorkloadWarmup   2: 524288 op, 564766938.00 ns, 1.0772 us/op
WorkloadWarmup   3: 524288 op, 582747513.00 ns, 1.1115 us/op

// BeforeActualRun
WorkloadActual   1: 524288 op, 542768465.00 ns, 1.0352 us/op
WorkloadActual   2: 524288 op, 689724591.00 ns, 1.3155 us/op
WorkloadActual   3: 524288 op, 624236799.00 ns, 1.1906 us/op
WorkloadActual   4: 524288 op, 561110085.00 ns, 1.0702 us/op
WorkloadActual   5: 524288 op, 563519046.00 ns, 1.0748 us/op

// AfterActualRun
WorkloadResult   1: 524288 op, 540487328.00 ns, 1.0309 us/op
WorkloadResult   2: 524288 op, 687443454.00 ns, 1.3112 us/op
WorkloadResult   3: 524288 op, 621955662.00 ns, 1.1863 us/op
WorkloadResult   4: 524288 op, 558828948.00 ns, 1.0659 us/op
WorkloadResult   5: 524288 op, 561237909.00 ns, 1.0705 us/op
// GC:  34 0 0 213910864 524288
// Threading:  0 0 524288

// AfterAll
// Benchmark Process 1838 has exited with code 0.

Mean = 1.133 μs, StdErr = 0.052 μs (4.56%), N = 5, StdDev = 0.116 μs
Min = 1.031 μs, Q1 = 1.066 μs, Median = 1.070 μs, Q3 = 1.186 μs, Max = 1.311 μs
IQR = 0.120 μs, LowerFence = 0.885 μs, UpperFence = 1.367 μs
ConfidenceInterval = [0.688 μs; 1.578 μs] (CI 99.9%), Margin = 0.445 μs (39.28% of Mean)
Skewness = 0.54, Kurtosis = 1.3, MValue = 2

// ** Remained 16 (24.6%) benchmark(s) to run. Estimated finish 2026-08-16 3:32 (0h 2m from now) **
// **************************
// Benchmark: ScopedServiceResolutionBenchmarks.Needlr_Reflection_CreateScopeAndResolve: ShortRun(IterationCount=5, LaunchCount=1, WarmupCount=3)
// *** Execute ***
// Launch: 1 / 1
// Execute: dotnet bf8bdc48-2475-4673-b310-6966704f044e.dll --anonymousPipes 163 164 --benchmarkName NexusLabs.Needlr.Benchmarks.Benchmarks.ScopedServiceResolutionBenchmarks.Needlr_Reflection_CreateScopeAndResolve --job ShortRun --benchmarkId 49 in /actions-runner/_work/needlr/needlr/src/NexusLabs.Needlr.Benchmarks/bin/Release/net10.0/bf8bdc48-2475-4673-b310-6966704f044e/bin/Release/net10.0
// Failed to set up high priority (Permission denied). In order to run benchmarks with high priority, make sure you have the right permissions.
// BeforeAnythingElse

// Benchmark Process Environment Information:
// BenchmarkDotNet v0.14.0
// Runtime=.NET 10.0.10 (10.0.1026.32716), X64 RyuJIT AVX2
// GC=Concurrent Workstation
// HardwareIntrinsics=AVX2,AES,BMI1,BMI2,FMA,LZCNT,PCLMUL,POPCNT,AvxVnni,SERIALIZE VectorSize=256
// Job: ShortRun(IterationCount=5, LaunchCount=1, WarmupCount=3)

OverheadJitting  1: 1 op, 274291.00 ns, 274.2910 us/op
WorkloadJitting  1: 1 op, 4556005.00 ns, 4.5560 ms/op

OverheadJitting  2: 16 op, 368608.00 ns, 23.0380 us/op
WorkloadJitting  2: 16 op, 2098922.00 ns, 131.1826 us/op

WorkloadPilot    1: 16 op, 1744137.00 ns, 109.0086 us/op
WorkloadPilot    2: 32 op, 62833.00 ns, 1.9635 us/op
WorkloadPilot    3: 64 op, 121642.00 ns, 1.9007 us/op
WorkloadPilot    4: 128 op, 213953.00 ns, 1.6715 us/op
WorkloadPilot    5: 256 op, 405246.00 ns, 1.5830 us/op
WorkloadPilot    6: 512 op, 758929.00 ns, 1.4823 us/op
WorkloadPilot    7: 1024 op, 1619246.00 ns, 1.5813 us/op
WorkloadPilot    8: 2048 op, 3325716.00 ns, 1.6239 us/op
WorkloadPilot    9: 4096 op, 7082079.00 ns, 1.7290 us/op
WorkloadPilot   10: 8192 op, 12871929.00 ns, 1.5713 us/op
WorkloadPilot   11: 16384 op, 24955204.00 ns, 1.5231 us/op
WorkloadPilot   12: 32768 op, 45909066.00 ns, 1.4010 us/op
WorkloadPilot   13: 65536 op, 86740419.00 ns, 1.3236 us/op
WorkloadPilot   14: 131072 op, 142827541.00 ns, 1.0897 us/op
WorkloadPilot   15: 262144 op, 292829364.00 ns, 1.1171 us/op
WorkloadPilot   16: 524288 op, 721138860.00 ns, 1.3755 us/op

OverheadWarmup   1: 524288 op, 2545635.00 ns, 4.8554 ns/op
OverheadWarmup   2: 524288 op, 2207618.00 ns, 4.2107 ns/op
OverheadWarmup   3: 524288 op, 2213238.00 ns, 4.2214 ns/op
OverheadWarmup   4: 524288 op, 2212737.00 ns, 4.2205 ns/op
OverheadWarmup   5: 524288 op, 2248150.00 ns, 4.2880 ns/op
OverheadWarmup   6: 524288 op, 2250284.00 ns, 4.2921 ns/op
OverheadWarmup   7: 524288 op, 2232788.00 ns, 4.2587 ns/op

OverheadActual   1: 524288 op, 2263498.00 ns, 4.3173 ns/op
OverheadActual   2: 524288 op, 2360121.00 ns, 4.5016 ns/op
OverheadActual   3: 524288 op, 2237142.00 ns, 4.2670 ns/op
OverheadActual   4: 524288 op, 2267750.00 ns, 4.3254 ns/op
OverheadActual   5: 524288 op, 2339034.00 ns, 4.4614 ns/op
OverheadActual   6: 524288 op, 2257025.00 ns, 4.3049 ns/op
OverheadActual   7: 524288 op, 2227781.00 ns, 4.2492 ns/op
OverheadActual   8: 524288 op, 2255413.00 ns, 4.3019 ns/op
OverheadActual   9: 524288 op, 2244656.00 ns, 4.2813 ns/op
OverheadActual  10: 524288 op, 2257819.00 ns, 4.3064 ns/op
OverheadActual  11: 524288 op, 2477113.00 ns, 4.7247 ns/op
OverheadActual  12: 524288 op, 2275868.00 ns, 4.3409 ns/op
OverheadActual  13: 524288 op, 2311902.00 ns, 4.4096 ns/op
OverheadActual  14: 524288 op, 2312719.00 ns, 4.4112 ns/op
OverheadActual  15: 524288 op, 2323616.00 ns, 4.4319 ns/op

WorkloadWarmup   1: 524288 op, 579369447.00 ns, 1.1051 us/op
WorkloadWarmup   2: 524288 op, 575787954.00 ns, 1.0982 us/op
WorkloadWarmup   3: 524288 op, 577167604.00 ns, 1.1009 us/op

// BeforeActualRun
WorkloadActual   1: 524288 op, 694145976.00 ns, 1.3240 us/op
WorkloadActual   2: 524288 op, 679166619.00 ns, 1.2954 us/op
WorkloadActual   3: 524288 op, 578550510.00 ns, 1.1035 us/op
WorkloadActual   4: 524288 op, 550769420.00 ns, 1.0505 us/op
WorkloadActual   5: 524288 op, 578073429.00 ns, 1.1026 us/op

// AfterActualRun
WorkloadResult   1: 524288 op, 691878226.00 ns, 1.3197 us/op
WorkloadResult   2: 524288 op, 676898869.00 ns, 1.2911 us/op
WorkloadResult   3: 524288 op, 576282760.00 ns, 1.0992 us/op
WorkloadResult   4: 524288 op, 548501670.00 ns, 1.0462 us/op
WorkloadResult   5: 524288 op, 575805679.00 ns, 1.0983 us/op
// GC:  34 0 0 213910864 524288
// Threading:  0 0 524288

// AfterAll
// Benchmark Process 1850 has exited with code 0.

Mean = 1.171 μs, StdErr = 0.056 μs (4.78%), N = 5, StdDev = 0.125 μs
Min = 1.046 μs, Q1 = 1.098 μs, Median = 1.099 μs, Q3 = 1.291 μs, Max = 1.320 μs
IQR = 0.193 μs, LowerFence = 0.809 μs, UpperFence = 1.580 μs
ConfidenceInterval = [0.689 μs; 1.652 μs] (CI 99.9%), Margin = 0.482 μs (41.12% of Mean)
Skewness = 0.24, Kurtosis = 0.81, MValue = 2

// ** Remained 15 (23.1%) benchmark(s) to run. Estimated finish 2026-08-16 3:32 (0h 2m from now) **
// **************************
// Benchmark: ScopedServiceResolutionBenchmarks.Needlr_SourceGen_CreateScopeAndResolve: ShortRun(IterationCount=5, LaunchCount=1, WarmupCount=3)
// *** Execute ***
// Launch: 1 / 1
// Execute: dotnet bf8bdc48-2475-4673-b310-6966704f044e.dll --anonymousPipes 163 164 --benchmarkName NexusLabs.Needlr.Benchmarks.Benchmarks.ScopedServiceResolutionBenchmarks.Needlr_SourceGen_CreateScopeAndResolve --job ShortRun --benchmarkId 50 in /actions-runner/_work/needlr/needlr/src/NexusLabs.Needlr.Benchmarks/bin/Release/net10.0/bf8bdc48-2475-4673-b310-6966704f044e/bin/Release/net10.0
// Failed to set up high priority (Permission denied). In order to run benchmarks with high priority, make sure you have the right permissions.
// BeforeAnythingElse

// Benchmark Process Environment Information:
// BenchmarkDotNet v0.14.0
// Runtime=.NET 10.0.10 (10.0.1026.32716), X64 RyuJIT AVX2
// GC=Concurrent Workstation
// HardwareIntrinsics=AVX2,AES,BMI1,BMI2,FMA,LZCNT,PCLMUL,POPCNT,AvxVnni,SERIALIZE VectorSize=256
// Job: ShortRun(IterationCount=5, LaunchCount=1, WarmupCount=3)

OverheadJitting  1: 1 op, 258477.00 ns, 258.4770 us/op
WorkloadJitting  1: 1 op, 3519647.00 ns, 3.5196 ms/op

OverheadJitting  2: 16 op, 363652.00 ns, 22.7283 us/op
WorkloadJitting  2: 16 op, 1856716.00 ns, 116.0448 us/op

WorkloadPilot    1: 16 op, 1643947.00 ns, 102.7467 us/op
WorkloadPilot    2: 32 op, 86142.00 ns, 2.6919 us/op
WorkloadPilot    3: 64 op, 130792.00 ns, 2.0436 us/op
WorkloadPilot    4: 128 op, 232407.00 ns, 1.8157 us/op
WorkloadPilot    5: 256 op, 464366.00 ns, 1.8139 us/op
WorkloadPilot    6: 512 op, 895317.00 ns, 1.7487 us/op
WorkloadPilot    7: 1024 op, 1770425.00 ns, 1.7289 us/op
WorkloadPilot    8: 2048 op, 4392536.00 ns, 2.1448 us/op
WorkloadPilot    9: 4096 op, 7219044.00 ns, 1.7625 us/op
WorkloadPilot   10: 8192 op, 16185856.00 ns, 1.9758 us/op
WorkloadPilot   11: 16384 op, 30124154.00 ns, 1.8386 us/op
WorkloadPilot   12: 32768 op, 68266224.00 ns, 2.0833 us/op
WorkloadPilot   13: 65536 op, 127704473.00 ns, 1.9486 us/op
WorkloadPilot   14: 131072 op, 228010782.00 ns, 1.7396 us/op
WorkloadPilot   15: 262144 op, 352040561.00 ns, 1.3429 us/op
WorkloadPilot   16: 524288 op, 625744069.00 ns, 1.1935 us/op

OverheadWarmup   1: 524288 op, 2176792.00 ns, 4.1519 ns/op
OverheadWarmup   2: 524288 op, 2139730.00 ns, 4.0812 ns/op
OverheadWarmup   3: 524288 op, 2229471.00 ns, 4.2524 ns/op
OverheadWarmup   4: 524288 op, 2254756.00 ns, 4.3006 ns/op
OverheadWarmup   5: 524288 op, 2311048.00 ns, 4.4080 ns/op
OverheadWarmup   6: 524288 op, 2258368.00 ns, 4.3075 ns/op
OverheadWarmup   7: 524288 op, 2218595.00 ns, 4.2316 ns/op
OverheadWarmup   8: 524288 op, 2167618.00 ns, 4.1344 ns/op
OverheadWarmup   9: 524288 op, 2181941.00 ns, 4.1617 ns/op
OverheadWarmup  10: 524288 op, 2291767.00 ns, 4.3712 ns/op

OverheadActual   1: 524288 op, 2251698.00 ns, 4.2948 ns/op
OverheadActual   2: 524288 op, 2154452.00 ns, 4.1093 ns/op
OverheadActual   3: 524288 op, 2243646.00 ns, 4.2794 ns/op
OverheadActual   4: 524288 op, 2207089.00 ns, 4.2097 ns/op
OverheadActual   5: 524288 op, 2181723.00 ns, 4.1613 ns/op
OverheadActual   6: 524288 op, 2215428.00 ns, 4.2256 ns/op
OverheadActual   7: 524288 op, 2201271.00 ns, 4.1986 ns/op
OverheadActual   8: 524288 op, 2205518.00 ns, 4.2067 ns/op
OverheadActual   9: 524288 op, 2265659.00 ns, 4.3214 ns/op
OverheadActual  10: 524288 op, 2203724.00 ns, 4.2033 ns/op
OverheadActual  11: 524288 op, 2212938.00 ns, 4.2208 ns/op
OverheadActual  12: 524288 op, 2159756.00 ns, 4.1194 ns/op
OverheadActual  13: 524288 op, 2237908.00 ns, 4.2685 ns/op
OverheadActual  14: 524288 op, 2224213.00 ns, 4.2423 ns/op
OverheadActual  15: 524288 op, 2176544.00 ns, 4.1514 ns/op

WorkloadWarmup   1: 524288 op, 593792833.00 ns, 1.1326 us/op
WorkloadWarmup   2: 524288 op, 604620467.00 ns, 1.1532 us/op
WorkloadWarmup   3: 524288 op, 594795450.00 ns, 1.1345 us/op

// BeforeActualRun
WorkloadActual   1: 524288 op, 743118783.00 ns, 1.4174 us/op
WorkloadActual   2: 524288 op, 631709558.00 ns, 1.2049 us/op
WorkloadActual   3: 524288 op, 587342278.00 ns, 1.1203 us/op
WorkloadActual   4: 524288 op, 584920547.00 ns, 1.1156 us/op
WorkloadActual   5: 524288 op, 645249197.00 ns, 1.2307 us/op

// AfterActualRun
WorkloadResult   1: 524288 op, 629502469.00 ns, 1.2007 us/op
WorkloadResult   2: 524288 op, 585135189.00 ns, 1.1161 us/op
WorkloadResult   3: 524288 op, 582713458.00 ns, 1.1114 us/op
WorkloadResult   4: 524288 op, 643042108.00 ns, 1.2265 us/op
// GC:  34 0 0 213910864 524288
// Threading:  0 0 524288

// AfterAll
// Benchmark Process 1865 has exited with code 0.

Mean = 1.164 μs, StdErr = 0.029 μs (2.52%), N = 4, StdDev = 0.059 μs
Min = 1.111 μs, Q1 = 1.115 μs, Median = 1.158 μs, Q3 = 1.207 μs, Max = 1.227 μs
IQR = 0.092 μs, LowerFence = 0.977 μs, UpperFence = 1.345 μs
ConfidenceInterval = [0.785 μs; 1.543 μs] (CI 99.9%), Margin = 0.379 μs (32.56% of Mean)
Skewness = 0.06, Kurtosis = 0.64, MValue = 2

// ** Remained 14 (21.5%) benchmark(s) to run. Estimated finish 2026-08-16 3:32 (0h 2m from now) **
// ***** BenchmarkRunner: Finish  *****

// * Export *
  actions-runner/_work/needlr/needlr/benchmark-results/results/NexusLabs.Needlr.Benchmarks.Benchmarks.ScopedServiceResolutionBenchmarks-report.csv
  actions-runner/_work/needlr/needlr/benchmark-results/results/NexusLabs.Needlr.Benchmarks.Benchmarks.ScopedServiceResolutionBenchmarks-report-github.md
  actions-runner/_work/needlr/needlr/benchmark-results/results/NexusLabs.Needlr.Benchmarks.Benchmarks.ScopedServiceResolutionBenchmarks-report.html
  actions-runner/_work/needlr/needlr/benchmark-results/results/NexusLabs.Needlr.Benchmarks.Benchmarks.ScopedServiceResolutionBenchmarks-report-full-compressed.json
  actions-runner/_work/needlr/needlr/benchmark-results/results/NexusLabs.Needlr.Benchmarks.Benchmarks.ScopedServiceResolutionBenchmarks-report-default.md

// * Detailed results *
ScopedServiceResolutionBenchmarks.ManualDI_CreateScopeAndResolve: ShortRun(IterationCount=5, LaunchCount=1, WarmupCount=3)
Runtime = .NET 10.0.10 (10.0.1026.32716), X64 RyuJIT AVX2; GC = Concurrent Workstation
Mean = 1.133 μs, StdErr = 0.052 μs (4.56%), N = 5, StdDev = 0.116 μs
Min = 1.031 μs, Q1 = 1.066 μs, Median = 1.070 μs, Q3 = 1.186 μs, Max = 1.311 μs
IQR = 0.120 μs, LowerFence = 0.885 μs, UpperFence = 1.367 μs
ConfidenceInterval = [0.688 μs; 1.578 μs] (CI 99.9%), Margin = 0.445 μs (39.28% of Mean)
Skewness = 0.54, Kurtosis = 1.3, MValue = 2
-------------------- Histogram --------------------
[1.020 μs ; 1.197 μs) | @@@@
[1.197 μs ; 1.400 μs) | @
---------------------------------------------------

ScopedServiceResolutionBenchmarks.Needlr_Reflection_CreateScopeAndResolve: ShortRun(IterationCount=5, LaunchCount=1, WarmupCount=3)
Runtime = .NET 10.0.10 (10.0.1026.32716), X64 RyuJIT AVX2; GC = Concurrent Workstation
Mean = 1.171 μs, StdErr = 0.056 μs (4.78%), N = 5, StdDev = 0.125 μs
Min = 1.046 μs, Q1 = 1.098 μs, Median = 1.099 μs, Q3 = 1.291 μs, Max = 1.320 μs
IQR = 0.193 μs, LowerFence = 0.809 μs, UpperFence = 1.580 μs
ConfidenceInterval = [0.689 μs; 1.652 μs] (CI 99.9%), Margin = 0.482 μs (41.12% of Mean)
Skewness = 0.24, Kurtosis = 0.81, MValue = 2
-------------------- Histogram --------------------
[0.977 μs ; 1.209 μs) | @@@
[1.209 μs ; 1.416 μs) | @@
---------------------------------------------------

ScopedServiceResolutionBenchmarks.Needlr_SourceGen_CreateScopeAndResolve: ShortRun(IterationCount=5, LaunchCount=1, WarmupCount=3)
Runtime = .NET 10.0.10 (10.0.1026.32716), X64 RyuJIT AVX2; GC = Concurrent Workstation
Mean = 1.164 μs, StdErr = 0.029 μs (2.52%), N = 4, StdDev = 0.059 μs
Min = 1.111 μs, Q1 = 1.115 μs, Median = 1.158 μs, Q3 = 1.207 μs, Max = 1.227 μs
IQR = 0.092 μs, LowerFence = 0.977 μs, UpperFence = 1.345 μs
ConfidenceInterval = [0.785 μs; 1.543 μs] (CI 99.9%), Margin = 0.379 μs (32.56% of Mean)
Skewness = 0.06, Kurtosis = 0.64, MValue = 2
-------------------- Histogram --------------------
[1.108 μs ; 1.205 μs) | @@@
[1.205 μs ; 1.275 μs) | @
---------------------------------------------------

// * Summary *

BenchmarkDotNet v0.14.0, Ubuntu 24.04.4 LTS (Noble Numbat)
Intel Core 7 150U, 1 CPU, 12 logical and 6 physical cores
.NET SDK 10.0.302
  [Host]   : .NET 10.0.10 (10.0.1026.32716), X64 RyuJIT AVX2
  ShortRun : .NET 10.0.10 (10.0.1026.32716), X64 RyuJIT AVX2

Job=ShortRun  IterationCount=5  LaunchCount=1  
WarmupCount=3  

| Method                                  | Mean     | Error     | StdDev    | Ratio | RatioSD | Rank | Gen0   | Allocated | Alloc Ratio |
|---------------------------------------- |---------:|----------:|----------:|------:|--------:|-----:|-------:|----------:|------------:|
| ManualDI_CreateScopeAndResolve          | 1.133 μs | 0.4450 μs | 0.1156 μs |  1.01 |    0.13 |    1 | 0.0648 |     408 B |        1.00 |
| Needlr_Reflection_CreateScopeAndResolve | 1.171 μs | 0.4815 μs | 0.1250 μs |  1.04 |    0.14 |    1 | 0.0648 |     408 B |        1.00 |
| Needlr_SourceGen_CreateScopeAndResolve  | 1.164 μs | 0.3789 μs | 0.0586 μs |  1.04 |    0.10 |    1 | 0.0648 |     408 B |        1.00 |

// * Hints *
Outliers
  ScopedServiceResolutionBenchmarks.Needlr_SourceGen_CreateScopeAndResolve: ShortRun -> 1 outlier  was  removed (1.42 μs)
// * Config Issues *

// * Warnings *
Configuration
  Summary -> The exporter HtmlExporter is already present in configuration. There may be unexpected results.

// * Legends *
  Mean        : Arithmetic mean of all measurements
  Error       : Half of 99.9% confidence interval
  StdDev      : Standard deviation of all measurements
  Ratio       : Mean of the ratio distribution ([Current]/[Baseline])
  RatioSD     : Standard deviation of the ratio distribution ([Current]/[Baseline])
  Rank        : Relative position of current benchmark mean among all benchmarks (Arabic style)
  Gen0        : GC Generation 0 collects per 1000 operations
  Allocated   : Allocated memory per single operation (managed only, inclusive, 1KB = 1024B)
  Alloc Ratio : Allocated memory ratio distribution ([Current]/[Baseline])
  1 μs        : 1 Microsecond (0.000001 sec)

// * Diagnostic Output - MemoryDiagnoser *


// ***** BenchmarkRunner: End *****
Run time: 00:00:21 (21.49 sec), executed benchmarks: 3

// Found 4 benchmarks:
//   ServiceProviderBuildBenchmarks.ManualDI_BuildServiceProvider: ShortRun(IterationCount=5, LaunchCount=1, WarmupCount=3)
//   ServiceProviderBuildBenchmarks.Needlr_Reflection_BuildServiceProvider: ShortRun(IterationCount=5, LaunchCount=1, WarmupCount=3)
//   ServiceProviderBuildBenchmarks.Needlr_SourceGenExplicit_BuildServiceProvider: ShortRun(IterationCount=5, LaunchCount=1, WarmupCount=3)
//   ServiceProviderBuildBenchmarks.Needlr_SourceGenImplicit_BuildServiceProvider: ShortRun(IterationCount=5, LaunchCount=1, WarmupCount=3)

// **************************
// Benchmark: ServiceProviderBuildBenchmarks.ManualDI_BuildServiceProvider: ShortRun(IterationCount=5, LaunchCount=1, WarmupCount=3)
// *** Execute ***
// Launch: 1 / 1
// Execute: dotnet bf8bdc48-2475-4673-b310-6966704f044e.dll --anonymousPipes 163 164 --benchmarkName NexusLabs.Needlr.Benchmarks.Benchmarks.ServiceProviderBuildBenchmarks.ManualDI_BuildServiceProvider --job ShortRun --benchmarkId 51 in /actions-runner/_work/needlr/needlr/src/NexusLabs.Needlr.Benchmarks/bin/Release/net10.0/bf8bdc48-2475-4673-b310-6966704f044e/bin/Release/net10.0
// Failed to set up high priority (Permission denied). In order to run benchmarks with high priority, make sure you have the right permissions.
// BeforeAnythingElse

// Benchmark Process Environment Information:
// BenchmarkDotNet v0.14.0
// Runtime=.NET 10.0.10 (10.0.1026.32716), X64 RyuJIT AVX2
// GC=Concurrent Workstation
// HardwareIntrinsics=AVX2,AES,BMI1,BMI2,FMA,LZCNT,PCLMUL,POPCNT,AvxVnni,SERIALIZE VectorSize=256
// Job: ShortRun(IterationCount=5, LaunchCount=1, WarmupCount=3)

OverheadJitting  1: 1 op, 263259.00 ns, 263.2590 us/op
WorkloadJitting  1: 1 op, 5142295.00 ns, 5.1423 ms/op

OverheadJitting  2: 16 op, 404344.00 ns, 25.2715 us/op
WorkloadJitting  2: 16 op, 732036.00 ns, 45.7523 us/op

WorkloadPilot    1: 16 op, 107342.00 ns, 6.7089 us/op
WorkloadPilot    2: 32 op, 168565.00 ns, 5.2677 us/op
WorkloadPilot    3: 64 op, 237593.00 ns, 3.7124 us/op
WorkloadPilot    4: 128 op, 602832.00 ns, 4.7096 us/op
WorkloadPilot    5: 256 op, 1060446.00 ns, 4.1424 us/op
WorkloadPilot    6: 512 op, 2279019.00 ns, 4.4512 us/op
WorkloadPilot    7: 1024 op, 4482244.00 ns, 4.3772 us/op
WorkloadPilot    8: 2048 op, 6867135.00 ns, 3.3531 us/op
WorkloadPilot    9: 4096 op, 11865055.00 ns, 2.8967 us/op
WorkloadPilot   10: 8192 op, 22355772.00 ns, 2.7290 us/op
WorkloadPilot   11: 16384 op, 43028654.00 ns, 2.6263 us/op
WorkloadPilot   12: 32768 op, 109252486.00 ns, 3.3341 us/op
WorkloadPilot   13: 65536 op, 115116199.00 ns, 1.7565 us/op
WorkloadPilot   14: 131072 op, 175295843.00 ns, 1.3374 us/op
WorkloadPilot   15: 262144 op, 346547020.00 ns, 1.3220 us/op
WorkloadPilot   16: 524288 op, 737440233.00 ns, 1.4066 us/op

OverheadWarmup   1: 524288 op, 2407512.00 ns, 4.5920 ns/op
OverheadWarmup   2: 524288 op, 2458427.00 ns, 4.6891 ns/op
OverheadWarmup   3: 524288 op, 2400592.00 ns, 4.5788 ns/op
OverheadWarmup   4: 524288 op, 2364868.00 ns, 4.5106 ns/op
OverheadWarmup   5: 524288 op, 2398270.00 ns, 4.5743 ns/op
OverheadWarmup   6: 524288 op, 2427708.00 ns, 4.6305 ns/op
OverheadWarmup   7: 524288 op, 2414801.00 ns, 4.6059 ns/op

OverheadActual   1: 524288 op, 2391928.00 ns, 4.5622 ns/op
OverheadActual   2: 524288 op, 2407600.00 ns, 4.5921 ns/op
OverheadActual   3: 524288 op, 2278109.00 ns, 4.3451 ns/op
OverheadActual   4: 524288 op, 2357204.00 ns, 4.4960 ns/op
OverheadActual   5: 524288 op, 2396432.00 ns, 4.5708 ns/op
OverheadActual   6: 524288 op, 2323712.00 ns, 4.4321 ns/op
OverheadActual   7: 524288 op, 2383513.00 ns, 4.5462 ns/op
OverheadActual   8: 524288 op, 2330430.00 ns, 4.4449 ns/op
OverheadActual   9: 524288 op, 2368612.00 ns, 4.5178 ns/op
OverheadActual  10: 524288 op, 2328505.00 ns, 4.4413 ns/op
OverheadActual  11: 524288 op, 2338429.00 ns, 4.4602 ns/op
OverheadActual  12: 524288 op, 2374603.00 ns, 4.5292 ns/op
OverheadActual  13: 524288 op, 2350561.00 ns, 4.4833 ns/op
OverheadActual  14: 524288 op, 2406707.00 ns, 4.5904 ns/op
OverheadActual  15: 524288 op, 2321882.00 ns, 4.4286 ns/op

WorkloadWarmup   1: 524288 op, 632254856.00 ns, 1.2059 us/op
WorkloadWarmup   2: 524288 op, 825159596.00 ns, 1.5739 us/op
WorkloadWarmup   3: 524288 op, 757986214.00 ns, 1.4457 us/op

// BeforeActualRun
WorkloadActual   1: 524288 op, 678210805.00 ns, 1.2936 us/op
WorkloadActual   2: 524288 op, 657478395.00 ns, 1.2540 us/op
WorkloadActual   3: 524288 op, 679494656.00 ns, 1.2960 us/op
WorkloadActual   4: 524288 op, 935134037.00 ns, 1.7836 us/op
WorkloadActual   5: 524288 op, 642836110.00 ns, 1.2261 us/op

// AfterActualRun
WorkloadResult   1: 524288 op, 675853601.00 ns, 1.2891 us/op
WorkloadResult   2: 524288 op, 655121191.00 ns, 1.2495 us/op
WorkloadResult   3: 524288 op, 677137452.00 ns, 1.2915 us/op
WorkloadResult   4: 524288 op, 640478906.00 ns, 1.2216 us/op
// GC:  486 53 0 3053454048 524288
// Threading:  0 0 524288

// AfterAll
// Benchmark Process 1886 has exited with code 0.

Mean = 1.263 μs, StdErr = 0.017 μs (1.33%), N = 4, StdDev = 0.034 μs
Min = 1.222 μs, Q1 = 1.243 μs, Median = 1.269 μs, Q3 = 1.290 μs, Max = 1.292 μs
IQR = 0.047 μs, LowerFence = 1.172 μs, UpperFence = 1.360 μs
ConfidenceInterval = [1.046 μs; 1.480 μs] (CI 99.9%), Margin = 0.217 μs (17.20% of Mean)
Skewness = -0.21, Kurtosis = 0.8, MValue = 2

// ** Remained 13 (20.0%) benchmark(s) to run. Estimated finish 2026-08-16 3:32 (0h 2m from now) **
// **************************
// Benchmark: ServiceProviderBuildBenchmarks.Needlr_Reflection_BuildServiceProvider: ShortRun(IterationCount=5, LaunchCount=1, WarmupCount=3)
// *** Execute ***
// Launch: 1 / 1
// Execute: dotnet bf8bdc48-2475-4673-b310-6966704f044e.dll --anonymousPipes 163 164 --benchmarkName NexusLabs.Needlr.Benchmarks.Benchmarks.ServiceProviderBuildBenchmarks.Needlr_Reflection_BuildServiceProvider --job ShortRun --benchmarkId 52 in /actions-runner/_work/needlr/needlr/src/NexusLabs.Needlr.Benchmarks/bin/Release/net10.0/bf8bdc48-2475-4673-b310-6966704f044e/bin/Release/net10.0
// Failed to set up high priority (Permission denied). In order to run benchmarks with high priority, make sure you have the right permissions.
// BeforeAnythingElse

// Benchmark Process Environment Information:
// BenchmarkDotNet v0.14.0
// Runtime=.NET 10.0.10 (10.0.1026.32716), X64 RyuJIT AVX2
// GC=Concurrent Workstation
// HardwareIntrinsics=AVX2,AES,BMI1,BMI2,FMA,LZCNT,PCLMUL,POPCNT,AvxVnni,SERIALIZE VectorSize=256
// Job: ShortRun(IterationCount=5, LaunchCount=1, WarmupCount=3)

OverheadJitting  1: 1 op, 331596.00 ns, 331.5960 us/op
WorkloadJitting  1: 1 op, 42835486.00 ns, 42.8355 ms/op

WorkloadPilot    1: 2 op, 7674860.00 ns, 3.8374 ms/op
WorkloadPilot    2: 3 op, 9947478.00 ns, 3.3158 ms/op
WorkloadPilot    3: 4 op, 22265116.00 ns, 5.5663 ms/op
WorkloadPilot    4: 5 op, 15263433.00 ns, 3.0527 ms/op
WorkloadPilot    5: 6 op, 18964799.00 ns, 3.1608 ms/op
WorkloadPilot    6: 7 op, 25046564.00 ns, 3.5781 ms/op
WorkloadPilot    7: 8 op, 26222543.00 ns, 3.2778 ms/op
WorkloadPilot    8: 9 op, 26491743.00 ns, 2.9435 ms/op
WorkloadPilot    9: 10 op, 37310294.00 ns, 3.7310 ms/op
WorkloadPilot   10: 11 op, 72990661.00 ns, 6.6355 ms/op
WorkloadPilot   11: 12 op, 56184345.00 ns, 4.6820 ms/op
WorkloadPilot   12: 13 op, 61570880.00 ns, 4.7362 ms/op
WorkloadPilot   13: 14 op, 66622683.00 ns, 4.7588 ms/op
WorkloadPilot   14: 15 op, 70650765.00 ns, 4.7101 ms/op
WorkloadPilot   15: 16 op, 73233994.00 ns, 4.5771 ms/op
WorkloadPilot   16: 32 op, 198781663.00 ns, 6.2119 ms/op
WorkloadPilot   17: 64 op, 504976153.00 ns, 7.8903 ms/op

WorkloadWarmup   1: 64 op, 365868725.00 ns, 5.7167 ms/op
WorkloadWarmup   2: 64 op, 347259951.00 ns, 5.4259 ms/op
WorkloadWarmup   3: 64 op, 368872343.00 ns, 5.7636 ms/op

// BeforeActualRun
WorkloadActual   1: 64 op, 292411136.00 ns, 4.5689 ms/op
WorkloadActual   2: 64 op, 277331717.00 ns, 4.3333 ms/op
WorkloadActual   3: 64 op, 289954074.00 ns, 4.5305 ms/op
WorkloadActual   4: 64 op, 290056353.00 ns, 4.5321 ms/op
WorkloadActual   5: 64 op, 230597952.00 ns, 3.6031 ms/op

// AfterActualRun
WorkloadResult   1: 64 op, 292411136.00 ns, 4.5689 ms/op
WorkloadResult   2: 64 op, 277331717.00 ns, 4.3333 ms/op
WorkloadResult   3: 64 op, 289954074.00 ns, 4.5305 ms/op
WorkloadResult   4: 64 op, 290056353.00 ns, 4.5321 ms/op
WorkloadResult   5: 64 op, 230597952.00 ns, 3.6031 ms/op
// GC:  10 1 0 63194160 64
// Threading:  0 0 64

// AfterAll
// Benchmark Process 1895 has exited with code 0.

Mean = 4.314 ms, StdErr = 0.182 ms (4.23%), N = 5, StdDev = 0.408 ms
Min = 3.603 ms, Q1 = 4.333 ms, Median = 4.531 ms, Q3 = 4.532 ms, Max = 4.569 ms
IQR = 0.199 ms, LowerFence = 4.035 ms, UpperFence = 4.830 ms
ConfidenceInterval = [2.743 ms; 5.884 ms] (CI 99.9%), Margin = 1.570 ms (36.40% of Mean)
Skewness = -0.95, Kurtosis = 1.91, MValue = 2

// ** Remained 12 (18.5%) benchmark(s) to run. Estimated finish 2026-08-16 3:32 (0h 1m from now) **
// **************************
// Benchmark: ServiceProviderBuildBenchmarks.Needlr_SourceGenExplicit_BuildServiceProvider: ShortRun(IterationCount=5, LaunchCount=1, WarmupCount=3)
// *** Execute ***
// Launch: 1 / 1
// Execute: dotnet bf8bdc48-2475-4673-b310-6966704f044e.dll --anonymousPipes 163 164 --benchmarkName NexusLabs.Needlr.Benchmarks.Benchmarks.ServiceProviderBuildBenchmarks.Needlr_SourceGenExplicit_BuildServiceProvider --job ShortRun --benchmarkId 53 in /actions-runner/_work/needlr/needlr/src/NexusLabs.Needlr.Benchmarks/bin/Release/net10.0/bf8bdc48-2475-4673-b310-6966704f044e/bin/Release/net10.0
// Failed to set up high priority (Permission denied). In order to run benchmarks with high priority, make sure you have the right permissions.
// BeforeAnythingElse

// Benchmark Process Environment Information:
// BenchmarkDotNet v0.14.0
// Runtime=.NET 10.0.10 (10.0.1026.32716), X64 RyuJIT AVX2
// GC=Concurrent Workstation
// HardwareIntrinsics=AVX2,AES,BMI1,BMI2,FMA,LZCNT,PCLMUL,POPCNT,AvxVnni,SERIALIZE VectorSize=256
// Job: ShortRun(IterationCount=5, LaunchCount=1, WarmupCount=3)

OverheadJitting  1: 1 op, 282439.00 ns, 282.4390 us/op
WorkloadJitting  1: 1 op, 32624790.00 ns, 32.6248 ms/op

OverheadJitting  2: 16 op, 411656.00 ns, 25.7285 us/op
WorkloadJitting  2: 16 op, 4721370.00 ns, 295.0856 us/op

WorkloadPilot    1: 16 op, 4083463.00 ns, 255.2164 us/op
WorkloadPilot    2: 32 op, 7775092.00 ns, 242.9716 us/op
WorkloadPilot    3: 64 op, 16807963.00 ns, 262.6244 us/op
WorkloadPilot    4: 128 op, 34347265.00 ns, 268.3380 us/op
WorkloadPilot    5: 256 op, 58621668.00 ns, 228.9909 us/op
WorkloadPilot    6: 512 op, 158819981.00 ns, 310.1953 us/op
WorkloadPilot    7: 1024 op, 425276654.00 ns, 415.3092 us/op
WorkloadPilot    8: 2048 op, 578138294.00 ns, 282.2941 us/op

OverheadWarmup   1: 2048 op, 11522.00 ns, 5.6260 ns/op
OverheadWarmup   2: 2048 op, 9623.00 ns, 4.6987 ns/op
OverheadWarmup   3: 2048 op, 9699.00 ns, 4.7358 ns/op
OverheadWarmup   4: 2048 op, 9760.00 ns, 4.7656 ns/op
OverheadWarmup   5: 2048 op, 9785.00 ns, 4.7778 ns/op
OverheadWarmup   6: 2048 op, 9729.00 ns, 4.7505 ns/op
OverheadWarmup   7: 2048 op, 9626.00 ns, 4.7002 ns/op
OverheadWarmup   8: 2048 op, 9701.00 ns, 4.7368 ns/op
OverheadWarmup   9: 2048 op, 9521.00 ns, 4.6489 ns/op

OverheadActual   1: 2048 op, 9655.00 ns, 4.7144 ns/op
OverheadActual   2: 2048 op, 9676.00 ns, 4.7246 ns/op
OverheadActual   3: 2048 op, 9795.00 ns, 4.7827 ns/op
OverheadActual   4: 2048 op, 9921.00 ns, 4.8442 ns/op
OverheadActual   5: 2048 op, 9691.00 ns, 4.7319 ns/op
OverheadActual   6: 2048 op, 9929.00 ns, 4.8481 ns/op
OverheadActual   7: 2048 op, 9582.00 ns, 4.6787 ns/op
OverheadActual   8: 2048 op, 9660.00 ns, 4.7168 ns/op
OverheadActual   9: 2048 op, 9642.00 ns, 4.7080 ns/op
OverheadActual  10: 2048 op, 9691.00 ns, 4.7319 ns/op
OverheadActual  11: 2048 op, 9556.00 ns, 4.6660 ns/op
OverheadActual  12: 2048 op, 9852.00 ns, 4.8105 ns/op
OverheadActual  13: 2048 op, 9717.00 ns, 4.7446 ns/op
OverheadActual  14: 2048 op, 9664.00 ns, 4.7188 ns/op
OverheadActual  15: 2048 op, 9719.00 ns, 4.7456 ns/op

WorkloadWarmup   1: 2048 op, 285433043.00 ns, 139.3716 us/op
WorkloadWarmup   2: 2048 op, 172343736.00 ns, 84.1522 us/op
WorkloadWarmup   3: 2048 op, 132453380.00 ns, 64.6745 us/op

// BeforeActualRun
WorkloadActual   1: 2048 op, 132180037.00 ns, 64.5410 us/op
WorkloadActual   2: 2048 op, 134008707.00 ns, 65.4339 us/op
WorkloadActual   3: 2048 op, 130025848.00 ns, 63.4892 us/op
WorkloadActual   4: 2048 op, 123752865.00 ns, 60.4262 us/op
WorkloadActual   5: 2048 op, 134036001.00 ns, 65.4473 us/op

// AfterActualRun
WorkloadResult   1: 2048 op, 132170346.00 ns, 64.5363 us/op
WorkloadResult   2: 2048 op, 133999016.00 ns, 65.4292 us/op
WorkloadResult   3: 2048 op, 130016157.00 ns, 63.4845 us/op
WorkloadResult   4: 2048 op, 123743174.00 ns, 60.4215 us/op
WorkloadResult   5: 2048 op, 134026310.00 ns, 65.4425 us/op
// GC:  36 4 0 227898472 2048
// Threading:  0 0 2048

// AfterAll
// Benchmark Process 1903 has exited with code 0.

Mean = 63.863 μs, StdErr = 0.932 μs (1.46%), N = 5, StdDev = 2.085 μs
Min = 60.421 μs, Q1 = 63.484 μs, Median = 64.536 μs, Q3 = 65.429 μs, Max = 65.443 μs
IQR = 1.945 μs, LowerFence = 60.567 μs, UpperFence = 68.346 μs
ConfidenceInterval = [55.834 μs; 71.891 μs] (CI 99.9%), Margin = 8.029 μs (12.57% of Mean)
Skewness = -0.72, Kurtosis = 1.62, MValue = 2

// ** Remained 11 (16.9%) benchmark(s) to run. Estimated finish 2026-08-16 3:32 (0h 1m from now) **
// **************************
// Benchmark: ServiceProviderBuildBenchmarks.Needlr_SourceGenImplicit_BuildServiceProvider: ShortRun(IterationCount=5, LaunchCount=1, WarmupCount=3)
// *** Execute ***
// Launch: 1 / 1
// Execute: dotnet bf8bdc48-2475-4673-b310-6966704f044e.dll --anonymousPipes 163 164 --benchmarkName NexusLabs.Needlr.Benchmarks.Benchmarks.ServiceProviderBuildBenchmarks.Needlr_SourceGenImplicit_BuildServiceProvider --job ShortRun --benchmarkId 54 in /actions-runner/_work/needlr/needlr/src/NexusLabs.Needlr.Benchmarks/bin/Release/net10.0/bf8bdc48-2475-4673-b310-6966704f044e/bin/Release/net10.0
// Failed to set up high priority (Permission denied). In order to run benchmarks with high priority, make sure you have the right permissions.
// BeforeAnythingElse

// Benchmark Process Environment Information:
// BenchmarkDotNet v0.14.0
// Runtime=.NET 10.0.10 (10.0.1026.32716), X64 RyuJIT AVX2
// GC=Concurrent Workstation
// HardwareIntrinsics=AVX2,AES,BMI1,BMI2,FMA,LZCNT,PCLMUL,POPCNT,AvxVnni,SERIALIZE VectorSize=256
// Job: ShortRun(IterationCount=5, LaunchCount=1, WarmupCount=3)

OverheadJitting  1: 1 op, 315169.00 ns, 315.1690 us/op
WorkloadJitting  1: 1 op, 33649350.00 ns, 33.6494 ms/op

WorkloadPilot    1: 2 op, 834566.00 ns, 417.2830 us/op
WorkloadPilot    2: 3 op, 1164213.00 ns, 388.0710 us/op
WorkloadPilot    3: 4 op, 1096008.00 ns, 274.0020 us/op
WorkloadPilot    4: 5 op, 1450200.00 ns, 290.0400 us/op
WorkloadPilot    5: 6 op, 1552413.00 ns, 258.7355 us/op
WorkloadPilot    6: 7 op, 2001155.00 ns, 285.8793 us/op
WorkloadPilot    7: 8 op, 2422984.00 ns, 302.8730 us/op
WorkloadPilot    8: 9 op, 2417380.00 ns, 268.5978 us/op
WorkloadPilot    9: 10 op, 2761001.00 ns, 276.1001 us/op
WorkloadPilot   10: 11 op, 3039397.00 ns, 276.3088 us/op
WorkloadPilot   11: 12 op, 3329599.00 ns, 277.4666 us/op
WorkloadPilot   12: 13 op, 3694427.00 ns, 284.1867 us/op
WorkloadPilot   13: 14 op, 4123731.00 ns, 294.5522 us/op
WorkloadPilot   14: 15 op, 4217323.00 ns, 281.1549 us/op
WorkloadPilot   15: 16 op, 4709709.00 ns, 294.3568 us/op
WorkloadPilot   16: 32 op, 11152006.00 ns, 348.5002 us/op
WorkloadPilot   17: 64 op, 17314963.00 ns, 270.5463 us/op
WorkloadPilot   18: 128 op, 35827640.00 ns, 279.9034 us/op
WorkloadPilot   19: 256 op, 66390108.00 ns, 259.3364 us/op
WorkloadPilot   20: 512 op, 174284089.00 ns, 340.3986 us/op
WorkloadPilot   21: 1024 op, 350942081.00 ns, 342.7169 us/op
WorkloadPilot   22: 2048 op, 735810104.00 ns, 359.2823 us/op

WorkloadWarmup   1: 2048 op, 269015623.00 ns, 131.3553 us/op
WorkloadWarmup   2: 2048 op, 183451666.00 ns, 89.5760 us/op
WorkloadWarmup   3: 2048 op, 170980042.00 ns, 83.4863 us/op

// BeforeActualRun
WorkloadActual   1: 2048 op, 197952727.00 ns, 96.6566 us/op
WorkloadActual   2: 2048 op, 181209104.00 ns, 88.4810 us/op
WorkloadActual   3: 2048 op, 170265125.00 ns, 83.1373 us/op
WorkloadActual   4: 2048 op, 163604945.00 ns, 79.8852 us/op
WorkloadActual   5: 2048 op, 163217007.00 ns, 79.6958 us/op

// AfterActualRun
WorkloadResult   1: 2048 op, 197952727.00 ns, 96.6566 us/op
WorkloadResult   2: 2048 op, 181209104.00 ns, 88.4810 us/op
WorkloadResult   3: 2048 op, 170265125.00 ns, 83.1373 us/op
WorkloadResult   4: 2048 op, 163604945.00 ns, 79.8852 us/op
WorkloadResult   5: 2048 op, 163217007.00 ns, 79.6958 us/op
// GC:  62 8 0 389847104 2048
// Threading:  0 0 2048

// AfterAll
// Benchmark Process 1910 has exited with code 0.

Mean = 85.571 μs, StdErr = 3.195 μs (3.73%), N = 5, StdDev = 7.144 μs
Min = 79.696 μs, Q1 = 79.885 μs, Median = 83.137 μs, Q3 = 88.481 μs, Max = 96.657 μs
IQR = 8.596 μs, LowerFence = 66.992 μs, UpperFence = 101.375 μs
ConfidenceInterval = [58.063 μs; 113.079 μs] (CI 99.9%), Margin = 27.508 μs (32.15% of Mean)
Skewness = 0.54, Kurtosis = 1.34, MValue = 2

// ** Remained 10 (15.4%) benchmark(s) to run. Estimated finish 2026-08-16 3:31 (0h 1m from now) **
// ***** BenchmarkRunner: Finish  *****

// * Export *
  actions-runner/_work/needlr/needlr/benchmark-results/results/NexusLabs.Needlr.Benchmarks.Benchmarks.ServiceProviderBuildBenchmarks-report.csv
  actions-runner/_work/needlr/needlr/benchmark-results/results/NexusLabs.Needlr.Benchmarks.Benchmarks.ServiceProviderBuildBenchmarks-report-github.md
  actions-runner/_work/needlr/needlr/benchmark-results/results/NexusLabs.Needlr.Benchmarks.Benchmarks.ServiceProviderBuildBenchmarks-report.html
  actions-runner/_work/needlr/needlr/benchmark-results/results/NexusLabs.Needlr.Benchmarks.Benchmarks.ServiceProviderBuildBenchmarks-report-full-compressed.json
  actions-runner/_work/needlr/needlr/benchmark-results/results/NexusLabs.Needlr.Benchmarks.Benchmarks.ServiceProviderBuildBenchmarks-report-default.md

// * Detailed results *
ServiceProviderBuildBenchmarks.ManualDI_BuildServiceProvider: ShortRun(IterationCount=5, LaunchCount=1, WarmupCount=3)
Runtime = .NET 10.0.10 (10.0.1026.32716), X64 RyuJIT AVX2; GC = Concurrent Workstation
Mean = 1.263 μs, StdErr = 0.017 μs (1.33%), N = 4, StdDev = 0.034 μs
Min = 1.222 μs, Q1 = 1.243 μs, Median = 1.269 μs, Q3 = 1.290 μs, Max = 1.292 μs
IQR = 0.047 μs, LowerFence = 1.172 μs, UpperFence = 1.360 μs
ConfidenceInterval = [1.046 μs; 1.480 μs] (CI 99.9%), Margin = 0.217 μs (17.20% of Mean)
Skewness = -0.21, Kurtosis = 0.8, MValue = 2
-------------------- Histogram --------------------
[1.194 μs ; 1.243 μs) | @
[1.243 μs ; 1.298 μs) | @@@
---------------------------------------------------

ServiceProviderBuildBenchmarks.Needlr_Reflection_BuildServiceProvider: ShortRun(IterationCount=5, LaunchCount=1, WarmupCount=3)
Runtime = .NET 10.0.10 (10.0.1026.32716), X64 RyuJIT AVX2; GC = Concurrent Workstation
Mean = 4.314 ms, StdErr = 0.182 ms (4.23%), N = 5, StdDev = 0.408 ms
Min = 3.603 ms, Q1 = 4.333 ms, Median = 4.531 ms, Q3 = 4.532 ms, Max = 4.569 ms
IQR = 0.199 ms, LowerFence = 4.035 ms, UpperFence = 4.830 ms
ConfidenceInterval = [2.743 ms; 5.884 ms] (CI 99.9%), Margin = 1.570 ms (36.40% of Mean)
Skewness = -0.95, Kurtosis = 1.91, MValue = 2
-------------------- Histogram --------------------
[3.290 ms ; 3.916 ms) | @
[3.916 ms ; 4.138 ms) | 
[4.138 ms ; 4.882 ms) | @@@@
---------------------------------------------------

ServiceProviderBuildBenchmarks.Needlr_SourceGenExplicit_BuildServiceProvider: ShortRun(IterationCount=5, LaunchCount=1, WarmupCount=3)
Runtime = .NET 10.0.10 (10.0.1026.32716), X64 RyuJIT AVX2; GC = Concurrent Workstation
Mean = 63.863 μs, StdErr = 0.932 μs (1.46%), N = 5, StdDev = 2.085 μs
Min = 60.421 μs, Q1 = 63.484 μs, Median = 64.536 μs, Q3 = 65.429 μs, Max = 65.443 μs
IQR = 1.945 μs, LowerFence = 60.567 μs, UpperFence = 68.346 μs
ConfidenceInterval = [55.834 μs; 71.891 μs] (CI 99.9%), Margin = 8.029 μs (12.57% of Mean)
Skewness = -0.72, Kurtosis = 1.62, MValue = 2
-------------------- Histogram --------------------
[58.821 μs ; 62.022 μs) | @
[62.022 μs ; 66.064 μs) | @@@@
---------------------------------------------------

ServiceProviderBuildBenchmarks.Needlr_SourceGenImplicit_BuildServiceProvider: ShortRun(IterationCount=5, LaunchCount=1, WarmupCount=3)
Runtime = .NET 10.0.10 (10.0.1026.32716), X64 RyuJIT AVX2; GC = Concurrent Workstation
Mean = 85.571 μs, StdErr = 3.195 μs (3.73%), N = 5, StdDev = 7.144 μs
Min = 79.696 μs, Q1 = 79.885 μs, Median = 83.137 μs, Q3 = 88.481 μs, Max = 96.657 μs
IQR = 8.596 μs, LowerFence = 66.992 μs, UpperFence = 101.375 μs
ConfidenceInterval = [58.063 μs; 113.079 μs] (CI 99.9%), Margin = 27.508 μs (32.15% of Mean)
Skewness = 0.54, Kurtosis = 1.34, MValue = 2
-------------------- Histogram --------------------
[78.605 μs ;  89.572 μs) | @@@@
[89.572 μs ; 102.140 μs) | @
---------------------------------------------------

// * Summary *

BenchmarkDotNet v0.14.0, Ubuntu 24.04.4 LTS (Noble Numbat)
Intel Core 7 150U, 1 CPU, 12 logical and 6 physical cores
.NET SDK 10.0.302
  [Host]   : .NET 10.0.10 (10.0.1026.32716), X64 RyuJIT AVX2
  ShortRun : .NET 10.0.10 (10.0.1026.32716), X64 RyuJIT AVX2

Job=ShortRun  IterationCount=5  LaunchCount=1  
WarmupCount=3  

| Method                                        | Mean         | Error         | StdDev      | Ratio    | RatioSD | Rank | Gen0     | Gen1    | Allocated | Alloc Ratio |
|---------------------------------------------- |-------------:|--------------:|------------:|---------:|--------:|-----:|---------:|--------:|----------:|------------:|
| ManualDI_BuildServiceProvider                 |     1.263 μs |     0.2172 μs |   0.0336 μs |     1.00 |    0.03 |    1 |   0.9270 |  0.1011 |   5.69 KB |        1.00 |
| Needlr_Reflection_BuildServiceProvider        | 4,313.598 μs | 1,570.3054 μs | 407.8033 μs | 3,417.33 |  307.53 |    4 | 156.2500 | 15.6250 | 964.27 KB |      169.54 |
| Needlr_SourceGenExplicit_BuildServiceProvider |    63.863 μs |     8.0285 μs |   2.0850 μs |    50.59 |    1.94 |    2 |  17.5781 |  1.9531 | 108.67 KB |       19.11 |
| Needlr_SourceGenImplicit_BuildServiceProvider |    85.571 μs |    27.5077 μs |   7.1437 μs |    67.79 |    5.44 |    3 |  30.2734 |  3.9063 | 185.89 KB |       32.68 |

// * Hints *
Outliers
  ServiceProviderBuildBenchmarks.ManualDI_BuildServiceProvider: ShortRun                 -> 1 outlier  was  removed (1.78 μs)
  ServiceProviderBuildBenchmarks.Needlr_Reflection_BuildServiceProvider: ShortRun        -> 1 outlier  was  detected (3.60 ms)
  ServiceProviderBuildBenchmarks.Needlr_SourceGenExplicit_BuildServiceProvider: ShortRun -> 1 outlier  was  detected (60.43 μs)
// * Config Issues *

// * Warnings *
Configuration
  Summary -> The exporter HtmlExporter is already present in configuration. There may be unexpected results.

// * Legends *
  Mean        : Arithmetic mean of all measurements
  Error       : Half of 99.9% confidence interval
  StdDev      : Standard deviation of all measurements
  Ratio       : Mean of the ratio distribution ([Current]/[Baseline])
  RatioSD     : Standard deviation of the ratio distribution ([Current]/[Baseline])
  Rank        : Relative position of current benchmark mean among all benchmarks (Arabic style)
  Gen0        : GC Generation 0 collects per 1000 operations
  Gen1        : GC Generation 1 collects per 1000 operations
  Allocated   : Allocated memory per single operation (managed only, inclusive, 1KB = 1024B)
  Alloc Ratio : Allocated memory ratio distribution ([Current]/[Baseline])
  1 μs        : 1 Microsecond (0.000001 sec)

// * Diagnostic Output - MemoryDiagnoser *


// ***** BenchmarkRunner: End *****
Run time: 00:00:18 (18.58 sec), executed benchmarks: 4

// Found 3 benchmarks:
//   SimpleServiceResolutionBenchmarks.ManualDI_ResolveSimple: ShortRun(IterationCount=5, LaunchCount=1, WarmupCount=3)
//   SimpleServiceResolutionBenchmarks.Needlr_Reflection_ResolveSimple: ShortRun(IterationCount=5, LaunchCount=1, WarmupCount=3)
//   SimpleServiceResolutionBenchmarks.Needlr_SourceGen_ResolveSimple: ShortRun(IterationCount=5, LaunchCount=1, WarmupCount=3)

// **************************
// Benchmark: SimpleServiceResolutionBenchmarks.ManualDI_ResolveSimple: ShortRun(IterationCount=5, LaunchCount=1, WarmupCount=3)
// *** Execute ***
// Launch: 1 / 1
// Execute: dotnet bf8bdc48-2475-4673-b310-6966704f044e.dll --anonymousPipes 163 164 --benchmarkName NexusLabs.Needlr.Benchmarks.Benchmarks.SimpleServiceResolutionBenchmarks.ManualDI_ResolveSimple --job ShortRun --benchmarkId 55 in /actions-runner/_work/needlr/needlr/src/NexusLabs.Needlr.Benchmarks/bin/Release/net10.0/bf8bdc48-2475-4673-b310-6966704f044e/bin/Release/net10.0
// Failed to set up high priority (Permission denied). In order to run benchmarks with high priority, make sure you have the right permissions.
// BeforeAnythingElse

// Benchmark Process Environment Information:
// BenchmarkDotNet v0.14.0
// Runtime=.NET 10.0.10 (10.0.1026.32716), X64 RyuJIT AVX2
// GC=Concurrent Workstation
// HardwareIntrinsics=AVX2,AES,BMI1,BMI2,FMA,LZCNT,PCLMUL,POPCNT,AvxVnni,SERIALIZE VectorSize=256
// Job: ShortRun(IterationCount=5, LaunchCount=1, WarmupCount=3)

OverheadJitting  1: 1 op, 345095.00 ns, 345.0950 us/op
WorkloadJitting  1: 1 op, 3125562.00 ns, 3.1256 ms/op

OverheadJitting  2: 16 op, 486425.00 ns, 30.4016 us/op
WorkloadJitting  2: 16 op, 472726.00 ns, 29.5454 us/op

WorkloadPilot    1: 16 op, 5394.00 ns, 337.1250 ns/op
WorkloadPilot    2: 32 op, 6041.00 ns, 188.7813 ns/op
WorkloadPilot    3: 64 op, 7783.00 ns, 121.6094 ns/op
WorkloadPilot    4: 128 op, 12208.00 ns, 95.3750 ns/op
WorkloadPilot    5: 256 op, 20956.00 ns, 81.8594 ns/op
WorkloadPilot    6: 512 op, 33469.00 ns, 65.3691 ns/op
WorkloadPilot    7: 1024 op, 65002.00 ns, 63.4785 ns/op
WorkloadPilot    8: 2048 op, 125514.00 ns, 61.2861 ns/op
WorkloadPilot    9: 4096 op, 241868.00 ns, 59.0498 ns/op
WorkloadPilot   10: 8192 op, 530229.00 ns, 64.7252 ns/op
WorkloadPilot   11: 16384 op, 1046638.00 ns, 63.8817 ns/op
WorkloadPilot   12: 32768 op, 2018140.00 ns, 61.5887 ns/op
WorkloadPilot   13: 65536 op, 4015721.00 ns, 61.2750 ns/op
WorkloadPilot   14: 131072 op, 8485749.00 ns, 64.7411 ns/op
WorkloadPilot   15: 262144 op, 15873393.00 ns, 60.5522 ns/op
WorkloadPilot   16: 524288 op, 31514590.00 ns, 60.1093 ns/op
WorkloadPilot   17: 1048576 op, 64570278.00 ns, 61.5790 ns/op
WorkloadPilot   18: 2097152 op, 40938106.00 ns, 19.5208 ns/op
WorkloadPilot   19: 4194304 op, 63509059.00 ns, 15.1417 ns/op
WorkloadPilot   20: 8388608 op, 125561681.00 ns, 14.9681 ns/op
WorkloadPilot   21: 16777216 op, 312325142.00 ns, 18.6160 ns/op
WorkloadPilot   22: 33554432 op, 609591893.00 ns, 18.1673 ns/op

OverheadWarmup   1: 33554432 op, 140792977.00 ns, 4.1960 ns/op
OverheadWarmup   2: 33554432 op, 119631134.00 ns, 3.5653 ns/op
OverheadWarmup   3: 33554432 op, 109971214.00 ns, 3.2774 ns/op
OverheadWarmup   4: 33554432 op, 108440075.00 ns, 3.2318 ns/op
OverheadWarmup   5: 33554432 op, 120844328.00 ns, 3.6014 ns/op
OverheadWarmup   6: 33554432 op, 116311953.00 ns, 3.4664 ns/op
OverheadWarmup   7: 33554432 op, 111893454.00 ns, 3.3347 ns/op
OverheadWarmup   8: 33554432 op, 111284270.00 ns, 3.3165 ns/op
OverheadWarmup   9: 33554432 op, 108544272.00 ns, 3.2349 ns/op
OverheadWarmup  10: 33554432 op, 105877315.00 ns, 3.1554 ns/op

OverheadActual   1: 33554432 op, 104921146.00 ns, 3.1269 ns/op
OverheadActual   2: 33554432 op, 105688071.00 ns, 3.1497 ns/op
OverheadActual   3: 33554432 op, 106134929.00 ns, 3.1631 ns/op
OverheadActual   4: 33554432 op, 115968405.00 ns, 3.4561 ns/op
OverheadActual   5: 33554432 op, 116089080.00 ns, 3.4597 ns/op
OverheadActual   6: 33554432 op, 113203494.00 ns, 3.3737 ns/op
OverheadActual   7: 33554432 op, 112966227.00 ns, 3.3667 ns/op
OverheadActual   8: 33554432 op, 109313022.00 ns, 3.2578 ns/op
OverheadActual   9: 33554432 op, 106660360.00 ns, 3.1787 ns/op
OverheadActual  10: 33554432 op, 104490541.00 ns, 3.1141 ns/op
OverheadActual  11: 33554432 op, 105783636.00 ns, 3.1526 ns/op
OverheadActual  12: 33554432 op, 107226052.00 ns, 3.1956 ns/op
OverheadActual  13: 33554432 op, 111061542.00 ns, 3.3099 ns/op
OverheadActual  14: 33554432 op, 122545053.00 ns, 3.6521 ns/op
OverheadActual  15: 33554432 op, 144957438.00 ns, 4.3201 ns/op
OverheadActual  16: 33554432 op, 167131567.00 ns, 4.9809 ns/op
OverheadActual  17: 33554432 op, 141118350.00 ns, 4.2057 ns/op
OverheadActual  18: 33554432 op, 125468387.00 ns, 3.7392 ns/op
OverheadActual  19: 33554432 op, 117411296.00 ns, 3.4991 ns/op
OverheadActual  20: 33554432 op, 114814361.00 ns, 3.4217 ns/op

WorkloadWarmup   1: 33554432 op, 494231319.00 ns, 14.7292 ns/op
WorkloadWarmup   2: 33554432 op, 480479425.00 ns, 14.3194 ns/op
WorkloadWarmup   3: 33554432 op, 504522650.00 ns, 15.0359 ns/op

// BeforeActualRun
WorkloadActual   1: 33554432 op, 485072742.00 ns, 14.4563 ns/op
WorkloadActual   2: 33554432 op, 497823777.00 ns, 14.8363 ns/op
WorkloadActual   3: 33554432 op, 612008166.00 ns, 18.2393 ns/op
WorkloadActual   4: 33554432 op, 558872013.00 ns, 16.6557 ns/op
WorkloadActual   5: 33554432 op, 552063445.00 ns, 16.4528 ns/op

// AfterActualRun
WorkloadResult   1: 33554432 op, 371987881.50 ns, 11.0861 ns/op
WorkloadResult   2: 33554432 op, 384738916.50 ns, 11.4661 ns/op
WorkloadResult   3: 33554432 op, 498923305.50 ns, 14.8691 ns/op
WorkloadResult   4: 33554432 op, 445787152.50 ns, 13.2855 ns/op
WorkloadResult   5: 33554432 op, 438978584.50 ns, 13.0826 ns/op
// GC:  0 0 0 1072 33554432
// Threading:  0 0 33554432

// AfterAll
// Benchmark Process 1917 has exited with code 0.

Mean = 12.758 ns, StdErr = 0.682 ns (5.35%), N = 5, StdDev = 1.525 ns
Min = 11.086 ns, Q1 = 11.466 ns, Median = 13.083 ns, Q3 = 13.285 ns, Max = 14.869 ns
IQR = 1.819 ns, LowerFence = 8.737 ns, UpperFence = 16.015 ns
ConfidenceInterval = [6.885 ns; 18.631 ns] (CI 99.9%), Margin = 5.873 ns (46.03% of Mean)
Skewness = 0.16, Kurtosis = 1.13, MValue = 2

// ** Remained 9 (13.8%) benchmark(s) to run. Estimated finish 2026-08-16 3:31 (0h 1m from now) **
// **************************
// Benchmark: SimpleServiceResolutionBenchmarks.Needlr_Reflection_ResolveSimple: ShortRun(IterationCount=5, LaunchCount=1, WarmupCount=3)
// *** Execute ***
// Launch: 1 / 1
// Execute: dotnet bf8bdc48-2475-4673-b310-6966704f044e.dll --anonymousPipes 163 164 --benchmarkName NexusLabs.Needlr.Benchmarks.Benchmarks.SimpleServiceResolutionBenchmarks.Needlr_Reflection_ResolveSimple --job ShortRun --benchmarkId 56 in /actions-runner/_work/needlr/needlr/src/NexusLabs.Needlr.Benchmarks/bin/Release/net10.0/bf8bdc48-2475-4673-b310-6966704f044e/bin/Release/net10.0
// Failed to set up high priority (Permission denied). In order to run benchmarks with high priority, make sure you have the right permissions.
// BeforeAnythingElse

// Benchmark Process Environment Information:
// BenchmarkDotNet v0.14.0
// Runtime=.NET 10.0.10 (10.0.1026.32716), X64 RyuJIT AVX2
// GC=Concurrent Workstation
// HardwareIntrinsics=AVX2,AES,BMI1,BMI2,FMA,LZCNT,PCLMUL,POPCNT,AvxVnni,SERIALIZE VectorSize=256
// Job: ShortRun(IterationCount=5, LaunchCount=1, WarmupCount=3)

OverheadJitting  1: 1 op, 379999.00 ns, 379.9990 us/op
WorkloadJitting  1: 1 op, 3885424.00 ns, 3.8854 ms/op

OverheadJitting  2: 16 op, 482040.00 ns, 30.1275 us/op
WorkloadJitting  2: 16 op, 603309.00 ns, 37.7068 us/op

WorkloadPilot    1: 16 op, 9775.00 ns, 610.9375 ns/op
WorkloadPilot    2: 32 op, 9058.00 ns, 283.0625 ns/op
WorkloadPilot    3: 64 op, 10698.00 ns, 167.1563 ns/op
WorkloadPilot    4: 128 op, 13472.00 ns, 105.2500 ns/op
WorkloadPilot    5: 256 op, 21722.00 ns, 84.8516 ns/op
WorkloadPilot    6: 512 op, 37482.00 ns, 73.2070 ns/op
WorkloadPilot    7: 1024 op, 67894.00 ns, 66.3027 ns/op
WorkloadPilot    8: 2048 op, 128543.00 ns, 62.7651 ns/op
WorkloadPilot    9: 4096 op, 258254.00 ns, 63.0503 ns/op
WorkloadPilot   10: 8192 op, 604758.00 ns, 73.8230 ns/op
WorkloadPilot   11: 16384 op, 1059439.00 ns, 64.6630 ns/op
WorkloadPilot   12: 32768 op, 2076764.00 ns, 63.3778 ns/op
WorkloadPilot   13: 65536 op, 4126847.00 ns, 62.9707 ns/op
WorkloadPilot   14: 131072 op, 8286892.00 ns, 63.2240 ns/op
WorkloadPilot   15: 262144 op, 15962436.00 ns, 60.8919 ns/op
WorkloadPilot   16: 524288 op, 31731535.00 ns, 60.5231 ns/op
WorkloadPilot   17: 1048576 op, 66526213.00 ns, 63.4443 ns/op
WorkloadPilot   18: 2097152 op, 37435142.00 ns, 17.8505 ns/op
WorkloadPilot   19: 4194304 op, 63813070.00 ns, 15.2142 ns/op
WorkloadPilot   20: 8388608 op, 125276414.00 ns, 14.9341 ns/op
WorkloadPilot   21: 16777216 op, 247279339.00 ns, 14.7390 ns/op
WorkloadPilot   22: 33554432 op, 638541982.00 ns, 19.0300 ns/op

OverheadWarmup   1: 33554432 op, 152917175.00 ns, 4.5573 ns/op
OverheadWarmup   2: 33554432 op, 139973445.00 ns, 4.1715 ns/op
OverheadWarmup   3: 33554432 op, 135702911.00 ns, 4.0443 ns/op
OverheadWarmup   4: 33554432 op, 136701366.00 ns, 4.0740 ns/op
OverheadWarmup   5: 33554432 op, 127376590.00 ns, 3.7961 ns/op
OverheadWarmup   6: 33554432 op, 129026724.00 ns, 3.8453 ns/op
OverheadWarmup   7: 33554432 op, 123319164.00 ns, 3.6752 ns/op

OverheadActual   1: 33554432 op, 128044537.00 ns, 3.8160 ns/op
OverheadActual   2: 33554432 op, 120687920.00 ns, 3.5968 ns/op
OverheadActual   3: 33554432 op, 113813821.00 ns, 3.3919 ns/op
OverheadActual   4: 33554432 op, 111407684.00 ns, 3.3202 ns/op
OverheadActual   5: 33554432 op, 109572773.00 ns, 3.2655 ns/op
OverheadActual   6: 33554432 op, 110843413.00 ns, 3.3034 ns/op
OverheadActual   7: 33554432 op, 113180357.00 ns, 3.3730 ns/op
OverheadActual   8: 33554432 op, 118280330.00 ns, 3.5250 ns/op
OverheadActual   9: 33554432 op, 112949341.00 ns, 3.3662 ns/op
OverheadActual  10: 33554432 op, 109326572.00 ns, 3.2582 ns/op
OverheadActual  11: 33554432 op, 105825825.00 ns, 3.1539 ns/op
OverheadActual  12: 33554432 op, 105881020.00 ns, 3.1555 ns/op
OverheadActual  13: 33554432 op, 104353087.00 ns, 3.1100 ns/op
OverheadActual  14: 33554432 op, 103099311.00 ns, 3.0726 ns/op
OverheadActual  15: 33554432 op, 108609392.00 ns, 3.2368 ns/op
OverheadActual  16: 33554432 op, 110928798.00 ns, 3.3059 ns/op

WorkloadWarmup   1: 33554432 op, 615161006.00 ns, 18.3332 ns/op
WorkloadWarmup   2: 33554432 op, 613521189.00 ns, 18.2844 ns/op
WorkloadWarmup   3: 33554432 op, 496389883.00 ns, 14.7936 ns/op

// BeforeActualRun
WorkloadActual   1: 33554432 op, 537140481.00 ns, 16.0080 ns/op
WorkloadActual   2: 33554432 op, 518226816.00 ns, 15.4444 ns/op
WorkloadActual   3: 33554432 op, 515210951.00 ns, 15.3545 ns/op
WorkloadActual   4: 33554432 op, 621286062.00 ns, 18.5158 ns/op
WorkloadActual   5: 33554432 op, 618448650.00 ns, 18.4312 ns/op

// AfterActualRun
WorkloadResult   1: 33554432 op, 426254375.50 ns, 12.7034 ns/op
WorkloadResult   2: 33554432 op, 407340710.50 ns, 12.1397 ns/op
WorkloadResult   3: 33554432 op, 404324845.50 ns, 12.0498 ns/op
WorkloadResult   4: 33554432 op, 510399956.50 ns, 15.2111 ns/op
WorkloadResult   5: 33554432 op, 507562544.50 ns, 15.1265 ns/op
// GC:  0 0 0 1072 33554432
// Threading:  0 0 33554432

// AfterAll
// Benchmark Process 1929 has exited with code 0.

Mean = 13.446 ns, StdErr = 0.712 ns (5.30%), N = 5, StdDev = 1.593 ns
Min = 12.050 ns, Q1 = 12.140 ns, Median = 12.703 ns, Q3 = 15.127 ns, Max = 15.211 ns
IQR = 2.987 ns, LowerFence = 7.659 ns, UpperFence = 19.607 ns
ConfidenceInterval = [7.313 ns; 19.579 ns] (CI 99.9%), Margin = 6.133 ns (45.61% of Mean)
Skewness = 0.24, Kurtosis = 0.77, MValue = 2

// ** Remained 8 (12.3%) benchmark(s) to run. Estimated finish 2026-08-16 3:31 (0h 1m from now) **
// **************************
// Benchmark: SimpleServiceResolutionBenchmarks.Needlr_SourceGen_ResolveSimple: ShortRun(IterationCount=5, LaunchCount=1, WarmupCount=3)
// *** Execute ***
// Launch: 1 / 1
// Execute: dotnet bf8bdc48-2475-4673-b310-6966704f044e.dll --anonymousPipes 163 164 --benchmarkName NexusLabs.Needlr.Benchmarks.Benchmarks.SimpleServiceResolutionBenchmarks.Needlr_SourceGen_ResolveSimple --job ShortRun --benchmarkId 57 in /actions-runner/_work/needlr/needlr/src/NexusLabs.Needlr.Benchmarks/bin/Release/net10.0/bf8bdc48-2475-4673-b310-6966704f044e/bin/Release/net10.0
// Failed to set up high priority (Permission denied). In order to run benchmarks with high priority, make sure you have the right permissions.
// BeforeAnythingElse

// Benchmark Process Environment Information:
// BenchmarkDotNet v0.14.0
// Runtime=.NET 10.0.10 (10.0.1026.32716), X64 RyuJIT AVX2
// GC=Concurrent Workstation
// HardwareIntrinsics=AVX2,AES,BMI1,BMI2,FMA,LZCNT,PCLMUL,POPCNT,AvxVnni,SERIALIZE VectorSize=256
// Job: ShortRun(IterationCount=5, LaunchCount=1, WarmupCount=3)

OverheadJitting  1: 1 op, 353400.00 ns, 353.4000 us/op
WorkloadJitting  1: 1 op, 2506561.00 ns, 2.5066 ms/op

OverheadJitting  2: 16 op, 436988.00 ns, 27.3118 us/op
WorkloadJitting  2: 16 op, 473548.00 ns, 29.5968 us/op

WorkloadPilot    1: 16 op, 7996.00 ns, 499.7500 ns/op
WorkloadPilot    2: 32 op, 7137.00 ns, 223.0313 ns/op
WorkloadPilot    3: 64 op, 8486.00 ns, 132.5938 ns/op
WorkloadPilot    4: 128 op, 12064.00 ns, 94.2500 ns/op
WorkloadPilot    5: 256 op, 20212.00 ns, 78.9531 ns/op
WorkloadPilot    6: 512 op, 36081.00 ns, 70.4707 ns/op
WorkloadPilot    7: 1024 op, 86035.00 ns, 84.0186 ns/op
WorkloadPilot    8: 2048 op, 128109.00 ns, 62.5532 ns/op
WorkloadPilot    9: 4096 op, 254621.00 ns, 62.1633 ns/op
WorkloadPilot   10: 8192 op, 559809.00 ns, 68.3361 ns/op
WorkloadPilot   11: 16384 op, 1050202.00 ns, 64.0992 ns/op
WorkloadPilot   12: 32768 op, 2001897.00 ns, 61.0930 ns/op
WorkloadPilot   13: 65536 op, 3960934.00 ns, 60.4391 ns/op
WorkloadPilot   14: 131072 op, 7886790.00 ns, 60.1714 ns/op
WorkloadPilot   15: 262144 op, 15598510.00 ns, 59.5036 ns/op
WorkloadPilot   16: 524288 op, 31470114.00 ns, 60.0245 ns/op
WorkloadPilot   17: 1048576 op, 61005312.00 ns, 58.1792 ns/op
WorkloadPilot   18: 2097152 op, 42199426.00 ns, 20.1223 ns/op
WorkloadPilot   19: 4194304 op, 61145715.00 ns, 14.5783 ns/op
WorkloadPilot   20: 8388608 op, 120275704.00 ns, 14.3380 ns/op
WorkloadPilot   21: 16777216 op, 235255098.00 ns, 14.0223 ns/op
WorkloadPilot   22: 33554432 op, 507211494.00 ns, 15.1161 ns/op

OverheadWarmup   1: 33554432 op, 137689520.00 ns, 4.1035 ns/op
OverheadWarmup   2: 33554432 op, 133418842.00 ns, 3.9762 ns/op
OverheadWarmup   3: 33554432 op, 139885502.00 ns, 4.1689 ns/op
OverheadWarmup   4: 33554432 op, 166350728.00 ns, 4.9576 ns/op
OverheadWarmup   5: 33554432 op, 153417103.00 ns, 4.5722 ns/op
OverheadWarmup   6: 33554432 op, 133870906.00 ns, 3.9897 ns/op
OverheadWarmup   7: 33554432 op, 122504931.00 ns, 3.6509 ns/op
OverheadWarmup   8: 33554432 op, 116282165.00 ns, 3.4655 ns/op
OverheadWarmup   9: 33554432 op, 109644869.00 ns, 3.2677 ns/op
OverheadWarmup  10: 33554432 op, 105776666.00 ns, 3.1524 ns/op

OverheadActual   1: 33554432 op, 106177030.00 ns, 3.1643 ns/op
OverheadActual   2: 33554432 op, 105673310.00 ns, 3.1493 ns/op
OverheadActual   3: 33554432 op, 115858841.00 ns, 3.4529 ns/op
OverheadActual   4: 33554432 op, 120805685.00 ns, 3.6003 ns/op
OverheadActual   5: 33554432 op, 115119505.00 ns, 3.4308 ns/op
OverheadActual   6: 33554432 op, 112172727.00 ns, 3.3430 ns/op
OverheadActual   7: 33554432 op, 106375018.00 ns, 3.1702 ns/op
OverheadActual   8: 33554432 op, 109810064.00 ns, 3.2726 ns/op
OverheadActual   9: 33554432 op, 107845158.00 ns, 3.2140 ns/op
OverheadActual  10: 33554432 op, 111735697.00 ns, 3.3300 ns/op
OverheadActual  11: 33554432 op, 109520248.00 ns, 3.2640 ns/op
OverheadActual  12: 33554432 op, 115005890.00 ns, 3.4274 ns/op
OverheadActual  13: 33554432 op, 116793816.00 ns, 3.4807 ns/op
OverheadActual  14: 33554432 op, 110887855.00 ns, 3.3047 ns/op
OverheadActual  15: 33554432 op, 107716627.00 ns, 3.2102 ns/op

WorkloadWarmup   1: 33554432 op, 430406821.00 ns, 12.8271 ns/op
WorkloadWarmup   2: 33554432 op, 507143165.00 ns, 15.1140 ns/op
WorkloadWarmup   3: 33554432 op, 613153572.00 ns, 18.2734 ns/op

// BeforeActualRun
WorkloadActual   1: 33554432 op, 490239767.00 ns, 14.6103 ns/op
WorkloadActual   2: 33554432 op, 450637278.00 ns, 13.4300 ns/op
WorkloadActual   3: 33554432 op, 489415506.00 ns, 14.5857 ns/op
WorkloadActual   4: 33554432 op, 449364274.00 ns, 13.3921 ns/op
WorkloadActual   5: 33554432 op, 464107114.00 ns, 13.8315 ns/op

// AfterActualRun
WorkloadResult   1: 33554432 op, 379351912.00 ns, 11.3056 ns/op
WorkloadResult   2: 33554432 op, 339749423.00 ns, 10.1253 ns/op
WorkloadResult   3: 33554432 op, 378527651.00 ns, 11.2810 ns/op
WorkloadResult   4: 33554432 op, 338476419.00 ns, 10.0874 ns/op
WorkloadResult   5: 33554432 op, 353219259.00 ns, 10.5268 ns/op
// GC:  0 0 0 1072 33554432
// Threading:  0 0 33554432

// AfterAll
// Benchmark Process 1938 has exited with code 0.

Mean = 10.665 ns, StdErr = 0.268 ns (2.51%), N = 5, StdDev = 0.599 ns
Min = 10.087 ns, Q1 = 10.125 ns, Median = 10.527 ns, Q3 = 11.281 ns, Max = 11.306 ns
IQR = 1.156 ns, LowerFence = 8.392 ns, UpperFence = 13.015 ns
ConfidenceInterval = [8.360 ns; 12.971 ns] (CI 99.9%), Margin = 2.305 ns (21.62% of Mean)
Skewness = 0.13, Kurtosis = 0.79, MValue = 2

// ** Remained 7 (10.8%) benchmark(s) to run. Estimated finish 2026-08-16 3:31 (0h 1m from now) **
// ***** BenchmarkRunner: Finish  *****

// * Export *
  actions-runner/_work/needlr/needlr/benchmark-results/results/NexusLabs.Needlr.Benchmarks.Benchmarks.SimpleServiceResolutionBenchmarks-report.csv
  actions-runner/_work/needlr/needlr/benchmark-results/results/NexusLabs.Needlr.Benchmarks.Benchmarks.SimpleServiceResolutionBenchmarks-report-github.md
  actions-runner/_work/needlr/needlr/benchmark-results/results/NexusLabs.Needlr.Benchmarks.Benchmarks.SimpleServiceResolutionBenchmarks-report.html
  actions-runner/_work/needlr/needlr/benchmark-results/results/NexusLabs.Needlr.Benchmarks.Benchmarks.SimpleServiceResolutionBenchmarks-report-full-compressed.json
  actions-runner/_work/needlr/needlr/benchmark-results/results/NexusLabs.Needlr.Benchmarks.Benchmarks.SimpleServiceResolutionBenchmarks-report-default.md

// * Detailed results *
SimpleServiceResolutionBenchmarks.ManualDI_ResolveSimple: ShortRun(IterationCount=5, LaunchCount=1, WarmupCount=3)
Runtime = .NET 10.0.10 (10.0.1026.32716), X64 RyuJIT AVX2; GC = Concurrent Workstation
Mean = 12.758 ns, StdErr = 0.682 ns (5.35%), N = 5, StdDev = 1.525 ns
Min = 11.086 ns, Q1 = 11.466 ns, Median = 13.083 ns, Q3 = 13.285 ns, Max = 14.869 ns
IQR = 1.819 ns, LowerFence = 8.737 ns, UpperFence = 16.015 ns
ConfidenceInterval = [6.885 ns; 18.631 ns] (CI 99.9%), Margin = 5.873 ns (46.03% of Mean)
Skewness = 0.16, Kurtosis = 1.13, MValue = 2
-------------------- Histogram --------------------
[11.015 ns ; 13.356 ns) | @@@@
[13.356 ns ; 16.040 ns) | @
---------------------------------------------------

SimpleServiceResolutionBenchmarks.Needlr_Reflection_ResolveSimple: ShortRun(IterationCount=5, LaunchCount=1, WarmupCount=3)
Runtime = .NET 10.0.10 (10.0.1026.32716), X64 RyuJIT AVX2; GC = Concurrent Workstation
Mean = 13.446 ns, StdErr = 0.712 ns (5.30%), N = 5, StdDev = 1.593 ns
Min = 12.050 ns, Q1 = 12.140 ns, Median = 12.703 ns, Q3 = 15.127 ns, Max = 15.211 ns
IQR = 2.987 ns, LowerFence = 7.659 ns, UpperFence = 19.607 ns
ConfidenceInterval = [7.313 ns; 19.579 ns] (CI 99.9%), Margin = 6.133 ns (45.61% of Mean)
Skewness = 0.24, Kurtosis = 0.77, MValue = 2
-------------------- Histogram --------------------
[11.154 ns ; 13.599 ns) | @@@
[13.599 ns ; 16.434 ns) | @@
---------------------------------------------------

SimpleServiceResolutionBenchmarks.Needlr_SourceGen_ResolveSimple: ShortRun(IterationCount=5, LaunchCount=1, WarmupCount=3)
Runtime = .NET 10.0.10 (10.0.1026.32716), X64 RyuJIT AVX2; GC = Concurrent Workstation
Mean = 10.665 ns, StdErr = 0.268 ns (2.51%), N = 5, StdDev = 0.599 ns
Min = 10.087 ns, Q1 = 10.125 ns, Median = 10.527 ns, Q3 = 11.281 ns, Max = 11.306 ns
IQR = 1.156 ns, LowerFence = 8.392 ns, UpperFence = 13.015 ns
ConfidenceInterval = [8.360 ns; 12.971 ns] (CI 99.9%), Margin = 2.305 ns (21.62% of Mean)
Skewness = 0.13, Kurtosis = 0.79, MValue = 2
-------------------- Histogram --------------------
[ 9.848 ns ; 10.767 ns) | @@@
[10.767 ns ; 11.765 ns) | @@
---------------------------------------------------

// * Summary *

BenchmarkDotNet v0.14.0, Ubuntu 24.04.4 LTS (Noble Numbat)
Intel Core 7 150U, 1 CPU, 12 logical and 6 physical cores
.NET SDK 10.0.302
  [Host]   : .NET 10.0.10 (10.0.1026.32716), X64 RyuJIT AVX2
  ShortRun : .NET 10.0.10 (10.0.1026.32716), X64 RyuJIT AVX2

Job=ShortRun  IterationCount=5  LaunchCount=1  
WarmupCount=3  

| Method                          | Mean     | Error    | StdDev   | Ratio | RatioSD | Rank | Allocated | Alloc Ratio |
|-------------------------------- |---------:|---------:|---------:|------:|--------:|-----:|----------:|------------:|
| ManualDI_ResolveSimple          | 12.76 ns | 5.873 ns | 1.525 ns |  1.01 |    0.16 |    1 |         - |          NA |
| Needlr_Reflection_ResolveSimple | 13.45 ns | 6.133 ns | 1.593 ns |  1.07 |    0.16 |    1 |         - |          NA |
| Needlr_SourceGen_ResolveSimple  | 10.67 ns | 2.305 ns | 0.599 ns |  0.85 |    0.10 |    1 |         - |          NA |
// * Config Issues *

// * Warnings *
Configuration
  Summary -> The exporter HtmlExporter is already present in configuration. There may be unexpected results.

// * Legends *
  Mean        : Arithmetic mean of all measurements
  Error       : Half of 99.9% confidence interval
  StdDev      : Standard deviation of all measurements
  Ratio       : Mean of the ratio distribution ([Current]/[Baseline])
  RatioSD     : Standard deviation of the ratio distribution ([Current]/[Baseline])
  Rank        : Relative position of current benchmark mean among all benchmarks (Arabic style)
  Allocated   : Allocated memory per single operation (managed only, inclusive, 1KB = 1024B)
  Alloc Ratio : Allocated memory ratio distribution ([Current]/[Baseline])
  1 ns        : 1 Nanosecond (0.000000001 sec)

// * Diagnostic Output - MemoryDiagnoser *


// ***** BenchmarkRunner: End *****
Run time: 00:00:27 (27.81 sec), executed benchmarks: 3

// Found 3 benchmarks:
//   TypeRegistrationBenchmarks.ManualDI_RegisterTypes: ShortRun(IterationCount=5, LaunchCount=1, WarmupCount=3)
//   TypeRegistrationBenchmarks.Needlr_Reflection_RegisterTypes: ShortRun(IterationCount=5, LaunchCount=1, WarmupCount=3)
//   TypeRegistrationBenchmarks.Needlr_SourceGen_RegisterTypes: ShortRun(IterationCount=5, LaunchCount=1, WarmupCount=3)

// **************************
// Benchmark: TypeRegistrationBenchmarks.ManualDI_RegisterTypes: ShortRun(IterationCount=5, LaunchCount=1, WarmupCount=3)
// *** Execute ***
// Launch: 1 / 1
// Execute: dotnet bf8bdc48-2475-4673-b310-6966704f044e.dll --anonymousPipes 163 164 --benchmarkName NexusLabs.Needlr.Benchmarks.Benchmarks.TypeRegistrationBenchmarks.ManualDI_RegisterTypes --job ShortRun --benchmarkId 58 in /actions-runner/_work/needlr/needlr/src/NexusLabs.Needlr.Benchmarks/bin/Release/net10.0/bf8bdc48-2475-4673-b310-6966704f044e/bin/Release/net10.0
// Failed to set up high priority (Permission denied). In order to run benchmarks with high priority, make sure you have the right permissions.
// BeforeAnythingElse

// Benchmark Process Environment Information:
// BenchmarkDotNet v0.14.0
// Runtime=.NET 10.0.10 (10.0.1026.32716), X64 RyuJIT AVX2
// GC=Concurrent Workstation
// HardwareIntrinsics=AVX2,AES,BMI1,BMI2,FMA,LZCNT,PCLMUL,POPCNT,AvxVnni,SERIALIZE VectorSize=256
// Job: ShortRun(IterationCount=5, LaunchCount=1, WarmupCount=3)

OverheadJitting  1: 1 op, 399520.00 ns, 399.5200 us/op
WorkloadJitting  1: 1 op, 826533.00 ns, 826.5330 us/op

OverheadJitting  2: 16 op, 638073.00 ns, 39.8796 us/op
WorkloadJitting  2: 16 op, 666466.00 ns, 41.6541 us/op

WorkloadPilot    1: 16 op, 38732.00 ns, 2.4208 us/op
WorkloadPilot    2: 32 op, 42647.00 ns, 1.3327 us/op
WorkloadPilot    3: 64 op, 77078.00 ns, 1.2043 us/op
WorkloadPilot    4: 128 op, 111260.00 ns, 869.2188 ns/op
WorkloadPilot    5: 256 op, 185747.00 ns, 725.5742 ns/op
WorkloadPilot    6: 512 op, 318226.00 ns, 621.5352 ns/op
WorkloadPilot    7: 1024 op, 612136.00 ns, 597.7891 ns/op
WorkloadPilot    8: 2048 op, 1155098.00 ns, 564.0127 ns/op
WorkloadPilot    9: 4096 op, 5590938.00 ns, 1.3650 us/op
WorkloadPilot   10: 8192 op, 5597363.00 ns, 683.2719 ns/op
WorkloadPilot   11: 16384 op, 11613115.00 ns, 708.8083 ns/op
WorkloadPilot   12: 32768 op, 16617388.00 ns, 507.1224 ns/op
WorkloadPilot   13: 65536 op, 43657902.00 ns, 666.1667 ns/op
WorkloadPilot   14: 131072 op, 56821950.00 ns, 433.5171 ns/op
WorkloadPilot   15: 262144 op, 42395887.00 ns, 161.7275 ns/op
WorkloadPilot   16: 524288 op, 61099190.00 ns, 116.5375 ns/op
WorkloadPilot   17: 1048576 op, 110293851.00 ns, 105.1844 ns/op
WorkloadPilot   18: 2097152 op, 192690937.00 ns, 91.8822 ns/op
WorkloadPilot   19: 4194304 op, 358956629.00 ns, 85.5819 ns/op
WorkloadPilot   20: 8388608 op, 742079332.00 ns, 88.4627 ns/op

OverheadWarmup   1: 8388608 op, 32084760.00 ns, 3.8248 ns/op
OverheadWarmup   2: 8388608 op, 31689215.00 ns, 3.7776 ns/op
OverheadWarmup   3: 8388608 op, 31026290.00 ns, 3.6986 ns/op
OverheadWarmup   4: 8388608 op, 31664264.00 ns, 3.7747 ns/op
OverheadWarmup   5: 8388608 op, 31568009.00 ns, 3.7632 ns/op
OverheadWarmup   6: 8388608 op, 30662626.00 ns, 3.6553 ns/op
OverheadWarmup   7: 8388608 op, 30988345.00 ns, 3.6941 ns/op
OverheadWarmup   8: 8388608 op, 31479890.00 ns, 3.7527 ns/op
OverheadWarmup   9: 8388608 op, 31207465.00 ns, 3.7202 ns/op

OverheadActual   1: 8388608 op, 30962833.00 ns, 3.6911 ns/op
OverheadActual   2: 8388608 op, 31304394.00 ns, 3.7318 ns/op
OverheadActual   3: 8388608 op, 35176150.00 ns, 4.1933 ns/op
OverheadActual   4: 8388608 op, 34651117.00 ns, 4.1307 ns/op
OverheadActual   5: 8388608 op, 35077759.00 ns, 4.1816 ns/op
OverheadActual   6: 8388608 op, 33976694.00 ns, 4.0503 ns/op
OverheadActual   7: 8388608 op, 36253224.00 ns, 4.3217 ns/op
OverheadActual   8: 8388608 op, 33751225.00 ns, 4.0235 ns/op
OverheadActual   9: 8388608 op, 31763121.00 ns, 3.7865 ns/op
OverheadActual  10: 8388608 op, 30113421.00 ns, 3.5898 ns/op
OverheadActual  11: 8388608 op, 30127994.00 ns, 3.5915 ns/op
OverheadActual  12: 8388608 op, 28519631.00 ns, 3.3998 ns/op
OverheadActual  13: 8388608 op, 28822761.00 ns, 3.4359 ns/op
OverheadActual  14: 8388608 op, 28171620.00 ns, 3.3583 ns/op
OverheadActual  15: 8388608 op, 28531931.00 ns, 3.4013 ns/op
OverheadActual  16: 8388608 op, 27711963.00 ns, 3.3035 ns/op
OverheadActual  17: 8388608 op, 29385756.00 ns, 3.5031 ns/op
OverheadActual  18: 8388608 op, 32953384.00 ns, 3.9283 ns/op
OverheadActual  19: 8388608 op, 28394523.00 ns, 3.3849 ns/op
OverheadActual  20: 8388608 op, 28370184.00 ns, 3.3820 ns/op

WorkloadWarmup   1: 8388608 op, 966463071.00 ns, 115.2114 ns/op
WorkloadWarmup   2: 8388608 op, 756802189.00 ns, 90.2179 ns/op
WorkloadWarmup   3: 8388608 op, 1116920715.00 ns, 133.1473 ns/op

// BeforeActualRun
WorkloadActual   1: 8388608 op, 842619413.00 ns, 100.4481 ns/op
WorkloadActual   2: 8388608 op, 918918564.00 ns, 109.5436 ns/op
WorkloadActual   3: 8388608 op, 723294344.00 ns, 86.2234 ns/op
WorkloadActual   4: 8388608 op, 729230562.00 ns, 86.9311 ns/op
WorkloadActual   5: 8388608 op, 721056154.00 ns, 85.9566 ns/op

// AfterActualRun
WorkloadResult   1: 8388608 op, 812073999.50 ns, 96.8068 ns/op
WorkloadResult   2: 8388608 op, 888373150.50 ns, 105.9023 ns/op
WorkloadResult   3: 8388608 op, 692748930.50 ns, 82.5821 ns/op
WorkloadResult   4: 8388608 op, 698685148.50 ns, 83.2898 ns/op
WorkloadResult   5: 8388608 op, 690510740.50 ns, 82.3153 ns/op
// GC:  706 1 0 4429185760 8388608
// Threading:  0 0 8388608

// AfterAll
// Benchmark Process 1954 has exited with code 0.

Mean = 90.179 ns, StdErr = 4.786 ns (5.31%), N = 5, StdDev = 10.702 ns
Min = 82.315 ns, Q1 = 82.582 ns, Median = 83.290 ns, Q3 = 96.807 ns, Max = 105.902 ns
IQR = 14.225 ns, LowerFence = 61.245 ns, UpperFence = 118.144 ns
ConfidenceInterval = [48.968 ns; 131.390 ns] (CI 99.9%), Margin = 41.211 ns (45.70% of Mean)
Skewness = 0.48, Kurtosis = 1.1, MValue = 2

// ** Remained 6 (9.2%) benchmark(s) to run. Estimated finish 2026-08-16 3:31 (0h 0m from now) **
// **************************
// Benchmark: TypeRegistrationBenchmarks.Needlr_Reflection_RegisterTypes: ShortRun(IterationCount=5, LaunchCount=1, WarmupCount=3)
// *** Execute ***
// Launch: 1 / 1
// Execute: dotnet bf8bdc48-2475-4673-b310-6966704f044e.dll --anonymousPipes 163 164 --benchmarkName NexusLabs.Needlr.Benchmarks.Benchmarks.TypeRegistrationBenchmarks.Needlr_Reflection_RegisterTypes --job ShortRun --benchmarkId 59 in /actions-runner/_work/needlr/needlr/src/NexusLabs.Needlr.Benchmarks/bin/Release/net10.0/bf8bdc48-2475-4673-b310-6966704f044e/bin/Release/net10.0
// Failed to set up high priority (Permission denied). In order to run benchmarks with high priority, make sure you have the right permissions.
// BeforeAnythingElse

// Benchmark Process Environment Information:
// BenchmarkDotNet v0.14.0
// Runtime=.NET 10.0.10 (10.0.1026.32716), X64 RyuJIT AVX2
// GC=Concurrent Workstation
// HardwareIntrinsics=AVX2,AES,BMI1,BMI2,FMA,LZCNT,PCLMUL,POPCNT,AvxVnni,SERIALIZE VectorSize=256
// Job: ShortRun(IterationCount=5, LaunchCount=1, WarmupCount=3)

OverheadJitting  1: 1 op, 338196.00 ns, 338.1960 us/op
WorkloadJitting  1: 1 op, 17558676.00 ns, 17.5587 ms/op

OverheadJitting  2: 16 op, 398720.00 ns, 24.9200 us/op
WorkloadJitting  2: 16 op, 33060593.00 ns, 2.0663 ms/op

WorkloadPilot    1: 16 op, 31407956.00 ns, 1.9630 ms/op
WorkloadPilot    2: 32 op, 59597540.00 ns, 1.8624 ms/op
WorkloadPilot    3: 64 op, 127627488.00 ns, 1.9942 ms/op
WorkloadPilot    4: 128 op, 272765894.00 ns, 2.1310 ms/op
WorkloadPilot    5: 256 op, 723969917.00 ns, 2.8280 ms/op

OverheadWarmup   1: 256 op, 3134.00 ns, 12.2422 ns/op
OverheadWarmup   2: 256 op, 1871.00 ns, 7.3086 ns/op
OverheadWarmup   3: 256 op, 1930.00 ns, 7.5391 ns/op
OverheadWarmup   4: 256 op, 1968.00 ns, 7.6875 ns/op
OverheadWarmup   5: 256 op, 2100.00 ns, 8.2031 ns/op
OverheadWarmup   6: 256 op, 1967.00 ns, 7.6836 ns/op
OverheadWarmup   7: 256 op, 1895.00 ns, 7.4023 ns/op
OverheadWarmup   8: 256 op, 1768.00 ns, 6.9063 ns/op
OverheadWarmup   9: 256 op, 2035.00 ns, 7.9492 ns/op
OverheadWarmup  10: 256 op, 1865.00 ns, 7.2852 ns/op

OverheadActual   1: 256 op, 1809.00 ns, 7.0664 ns/op
OverheadActual   2: 256 op, 1811.00 ns, 7.0742 ns/op
OverheadActual   3: 256 op, 1842.00 ns, 7.1953 ns/op
OverheadActual   4: 256 op, 1845.00 ns, 7.2070 ns/op
OverheadActual   5: 256 op, 1689.00 ns, 6.5977 ns/op
OverheadActual   6: 256 op, 1717.00 ns, 6.7070 ns/op
OverheadActual   7: 256 op, 1784.00 ns, 6.9688 ns/op
OverheadActual   8: 256 op, 1726.00 ns, 6.7422 ns/op
OverheadActual   9: 256 op, 1959.00 ns, 7.6523 ns/op
OverheadActual  10: 256 op, 1762.00 ns, 6.8828 ns/op
OverheadActual  11: 256 op, 1640.00 ns, 6.4063 ns/op
OverheadActual  12: 256 op, 1712.00 ns, 6.6875 ns/op
OverheadActual  13: 256 op, 1692.00 ns, 6.6094 ns/op
OverheadActual  14: 256 op, 1681.00 ns, 6.5664 ns/op
OverheadActual  15: 256 op, 1779.00 ns, 6.9492 ns/op

WorkloadWarmup   1: 256 op, 880561171.00 ns, 3.4397 ms/op
WorkloadWarmup   2: 256 op, 660883627.00 ns, 2.5816 ms/op
WorkloadWarmup   3: 256 op, 325750968.00 ns, 1.2725 ms/op

// BeforeActualRun
WorkloadActual   1: 256 op, 295235147.00 ns, 1.1533 ms/op
WorkloadActual   2: 256 op, 268496426.00 ns, 1.0488 ms/op
WorkloadActual   3: 256 op, 232375565.00 ns, 907.7171 us/op
WorkloadActual   4: 256 op, 236750933.00 ns, 924.8083 us/op
WorkloadActual   5: 256 op, 225432300.00 ns, 880.5949 us/op

// AfterActualRun
WorkloadResult   1: 256 op, 295233385.00 ns, 1.1533 ms/op
WorkloadResult   2: 256 op, 268494664.00 ns, 1.0488 ms/op
WorkloadResult   3: 256 op, 232373803.00 ns, 907.7102 us/op
WorkloadResult   4: 256 op, 236749171.00 ns, 924.8014 us/op
WorkloadResult   5: 256 op, 225430538.00 ns, 880.5880 us/op
// GC:  24 2 0 153208800 256
// Threading:  0 0 256

// AfterAll
// Benchmark Process 1966 has exited with code 0.

Mean = 983.032 μs, StdErr = 51.411 μs (5.23%), N = 5, StdDev = 114.958 μs
Min = 880.588 μs, Q1 = 907.710 μs, Median = 924.801 μs, Q3 = 1,048.807 μs, Max = 1,153.255 μs
IQR = 141.097 μs, LowerFence = 696.064 μs, UpperFence = 1,260.453 μs
ConfidenceInterval = [540.370 μs; 1,425.695 μs] (CI 99.9%), Margin = 442.662 μs (45.03% of Mean)
Skewness = 0.46, Kurtosis = 1.16, MValue = 2

// ** Remained 5 (7.7%) benchmark(s) to run. Estimated finish 2026-08-16 3:31 (0h 0m from now) **
// **************************
// Benchmark: TypeRegistrationBenchmarks.Needlr_SourceGen_RegisterTypes: ShortRun(IterationCount=5, LaunchCount=1, WarmupCount=3)
// *** Execute ***
// Launch: 1 / 1
// Execute: dotnet bf8bdc48-2475-4673-b310-6966704f044e.dll --anonymousPipes 163 164 --benchmarkName NexusLabs.Needlr.Benchmarks.Benchmarks.TypeRegistrationBenchmarks.Needlr_SourceGen_RegisterTypes --job ShortRun --benchmarkId 60 in /actions-runner/_work/needlr/needlr/src/NexusLabs.Needlr.Benchmarks/bin/Release/net10.0/bf8bdc48-2475-4673-b310-6966704f044e/bin/Release/net10.0
// Failed to set up high priority (Permission denied). In order to run benchmarks with high priority, make sure you have the right permissions.
// BeforeAnythingElse

// Benchmark Process Environment Information:
// BenchmarkDotNet v0.14.0
// Runtime=.NET 10.0.10 (10.0.1026.32716), X64 RyuJIT AVX2
// GC=Concurrent Workstation
// HardwareIntrinsics=AVX2,AES,BMI1,BMI2,FMA,LZCNT,PCLMUL,POPCNT,AvxVnni,SERIALIZE VectorSize=256
// Job: ShortRun(IterationCount=5, LaunchCount=1, WarmupCount=3)

OverheadJitting  1: 1 op, 324050.00 ns, 324.0500 us/op
WorkloadJitting  1: 1 op, 5564799.00 ns, 5.5648 ms/op

OverheadJitting  2: 16 op, 421988.00 ns, 26.3743 us/op
WorkloadJitting  2: 16 op, 1625381.00 ns, 101.5863 us/op

WorkloadPilot    1: 16 op, 1182598.00 ns, 73.9124 us/op
WorkloadPilot    2: 32 op, 2496446.00 ns, 78.0139 us/op
WorkloadPilot    3: 64 op, 5127817.00 ns, 80.1221 us/op
WorkloadPilot    4: 128 op, 10220149.00 ns, 79.8449 us/op
WorkloadPilot    5: 256 op, 18938202.00 ns, 73.9774 us/op
WorkloadPilot    6: 512 op, 33657339.00 ns, 65.7370 us/op
WorkloadPilot    7: 1024 op, 63842800.00 ns, 62.3465 us/op
WorkloadPilot    8: 2048 op, 155222282.00 ns, 75.7921 us/op
WorkloadPilot    9: 4096 op, 98823125.00 ns, 24.1267 us/op
WorkloadPilot   10: 8192 op, 109524818.00 ns, 13.3697 us/op
WorkloadPilot   11: 16384 op, 224592567.00 ns, 13.7080 us/op
WorkloadPilot   12: 32768 op, 406919600.00 ns, 12.4182 us/op
WorkloadPilot   13: 65536 op, 738621430.00 ns, 11.2705 us/op

OverheadWarmup   1: 65536 op, 293088.00 ns, 4.4722 ns/op
OverheadWarmup   2: 65536 op, 383946.00 ns, 5.8586 ns/op
OverheadWarmup   3: 65536 op, 279484.00 ns, 4.2646 ns/op
OverheadWarmup   4: 65536 op, 287548.00 ns, 4.3876 ns/op
OverheadWarmup   5: 65536 op, 278352.00 ns, 4.2473 ns/op

OverheadActual   1: 65536 op, 282508.00 ns, 4.3107 ns/op
OverheadActual   2: 65536 op, 283906.00 ns, 4.3321 ns/op
OverheadActual   3: 65536 op, 276066.00 ns, 4.2124 ns/op
OverheadActual   4: 65536 op, 275597.00 ns, 4.2053 ns/op
OverheadActual   5: 65536 op, 274125.00 ns, 4.1828 ns/op
OverheadActual   6: 65536 op, 267156.00 ns, 4.0765 ns/op
OverheadActual   7: 65536 op, 271103.00 ns, 4.1367 ns/op
OverheadActual   8: 65536 op, 271188.00 ns, 4.1380 ns/op
OverheadActual   9: 65536 op, 267139.00 ns, 4.0762 ns/op
OverheadActual  10: 65536 op, 270954.00 ns, 4.1344 ns/op
OverheadActual  11: 65536 op, 267130.00 ns, 4.0761 ns/op
OverheadActual  12: 65536 op, 273139.00 ns, 4.1678 ns/op
OverheadActual  13: 65536 op, 278323.00 ns, 4.2469 ns/op
OverheadActual  14: 65536 op, 278353.00 ns, 4.2473 ns/op
OverheadActual  15: 65536 op, 271365.00 ns, 4.1407 ns/op

WorkloadWarmup   1: 65536 op, 743102385.00 ns, 11.3388 us/op
WorkloadWarmup   2: 65536 op, 846820379.00 ns, 12.9215 us/op
WorkloadWarmup   3: 65536 op, 812068728.00 ns, 12.3912 us/op

// BeforeActualRun
WorkloadActual   1: 65536 op, 857352901.00 ns, 13.0822 us/op
WorkloadActual   2: 65536 op, 787110582.00 ns, 12.0104 us/op
WorkloadActual   3: 65536 op, 976068242.00 ns, 14.8936 us/op
WorkloadActual   4: 65536 op, 715768683.00 ns, 10.9218 us/op
WorkloadActual   5: 65536 op, 783609370.00 ns, 11.9569 us/op

// AfterActualRun
WorkloadResult   1: 65536 op, 857079762.00 ns, 13.0780 us/op
WorkloadResult   2: 65536 op, 786837443.00 ns, 12.0062 us/op
WorkloadResult   3: 65536 op, 715495544.00 ns, 10.9176 us/op
WorkloadResult   4: 65536 op, 783336231.00 ns, 11.9528 us/op
// GC:  323 23 0 2028995296 65536
// Threading:  0 0 65536

// AfterAll
// Benchmark Process 1978 has exited with code 0.

Mean = 11.989 μs, StdErr = 0.441 μs (3.68%), N = 4, StdDev = 0.882 μs
Min = 10.918 μs, Q1 = 11.694 μs, Median = 11.979 μs, Q3 = 12.274 μs, Max = 13.078 μs
IQR = 0.580 μs, LowerFence = 10.824 μs, UpperFence = 13.144 μs
ConfidenceInterval = [6.287 μs; 17.690 μs] (CI 99.9%), Margin = 5.702 μs (47.56% of Mean)
Skewness = 0.02, Kurtosis = 1.12, MValue = 2

// ** Remained 4 (6.2%) benchmark(s) to run. Estimated finish 2026-08-16 3:31 (0h 0m from now) **
// ***** BenchmarkRunner: Finish  *****

// * Export *
  actions-runner/_work/needlr/needlr/benchmark-results/results/NexusLabs.Needlr.Benchmarks.Benchmarks.TypeRegistrationBenchmarks-report.csv
  actions-runner/_work/needlr/needlr/benchmark-results/results/NexusLabs.Needlr.Benchmarks.Benchmarks.TypeRegistrationBenchmarks-report-github.md
  actions-runner/_work/needlr/needlr/benchmark-results/results/NexusLabs.Needlr.Benchmarks.Benchmarks.TypeRegistrationBenchmarks-report.html
  actions-runner/_work/needlr/needlr/benchmark-results/results/NexusLabs.Needlr.Benchmarks.Benchmarks.TypeRegistrationBenchmarks-report-full-compressed.json
  actions-runner/_work/needlr/needlr/benchmark-results/results/NexusLabs.Needlr.Benchmarks.Benchmarks.TypeRegistrationBenchmarks-report-default.md

// * Detailed results *
TypeRegistrationBenchmarks.ManualDI_RegisterTypes: ShortRun(IterationCount=5, LaunchCount=1, WarmupCount=3)
Runtime = .NET 10.0.10 (10.0.1026.32716), X64 RyuJIT AVX2; GC = Concurrent Workstation
Mean = 90.179 ns, StdErr = 4.786 ns (5.31%), N = 5, StdDev = 10.702 ns
Min = 82.315 ns, Q1 = 82.582 ns, Median = 83.290 ns, Q3 = 96.807 ns, Max = 105.902 ns
IQR = 14.225 ns, LowerFence = 61.245 ns, UpperFence = 118.144 ns
ConfidenceInterval = [48.968 ns; 131.390 ns] (CI 99.9%), Margin = 41.211 ns (45.70% of Mean)
Skewness = 0.48, Kurtosis = 1.1, MValue = 2
-------------------- Histogram --------------------
[81.346 ns ;  97.776 ns) | @@@@
[97.776 ns ; 114.117 ns) | @
---------------------------------------------------

TypeRegistrationBenchmarks.Needlr_Reflection_RegisterTypes: ShortRun(IterationCount=5, LaunchCount=1, WarmupCount=3)
Runtime = .NET 10.0.10 (10.0.1026.32716), X64 RyuJIT AVX2; GC = Concurrent Workstation
Mean = 983.032 μs, StdErr = 51.411 μs (5.23%), N = 5, StdDev = 114.958 μs
Min = 880.588 μs, Q1 = 907.710 μs, Median = 924.801 μs, Q3 = 1,048.807 μs, Max = 1,153.255 μs
IQR = 141.097 μs, LowerFence = 696.064 μs, UpperFence = 1,260.453 μs
ConfidenceInterval = [540.370 μs; 1,425.695 μs] (CI 99.9%), Margin = 442.662 μs (45.03% of Mean)
Skewness = 0.46, Kurtosis = 1.16, MValue = 2
-------------------- Histogram --------------------
[  876.461 μs ; 1,052.934 μs) | @@@@
[1,052.934 μs ; 1,241.492 μs) | @
---------------------------------------------------

TypeRegistrationBenchmarks.Needlr_SourceGen_RegisterTypes: ShortRun(IterationCount=5, LaunchCount=1, WarmupCount=3)
Runtime = .NET 10.0.10 (10.0.1026.32716), X64 RyuJIT AVX2; GC = Concurrent Workstation
Mean = 11.989 μs, StdErr = 0.441 μs (3.68%), N = 4, StdDev = 0.882 μs
Min = 10.918 μs, Q1 = 11.694 μs, Median = 11.979 μs, Q3 = 12.274 μs, Max = 13.078 μs
IQR = 0.580 μs, LowerFence = 10.824 μs, UpperFence = 13.144 μs
ConfidenceInterval = [6.287 μs; 17.690 μs] (CI 99.9%), Margin = 5.702 μs (47.56% of Mean)
Skewness = 0.02, Kurtosis = 1.12, MValue = 2
-------------------- Histogram --------------------
[10.732 μs ; 12.191 μs) | @@@
[12.191 μs ; 13.808 μs) | @
---------------------------------------------------

// * Summary *

BenchmarkDotNet v0.14.0, Ubuntu 24.04.4 LTS (Noble Numbat)
Intel Core 7 150U, 1 CPU, 12 logical and 6 physical cores
.NET SDK 10.0.302
  [Host]   : .NET 10.0.10 (10.0.1026.32716), X64 RyuJIT AVX2
  ShortRun : .NET 10.0.10 (10.0.1026.32716), X64 RyuJIT AVX2

Job=ShortRun  IterationCount=5  LaunchCount=1  
WarmupCount=3  

| Method                          | Mean          | Error         | StdDev        | Ratio     | RatioSD  | Rank | Gen0    | Gen1   | Allocated | Alloc Ratio |
|-------------------------------- |--------------:|--------------:|--------------:|----------:|---------:|-----:|--------:|-------:|----------:|------------:|
| ManualDI_RegisterTypes          |      90.18 ns |      41.21 ns |      10.70 ns |      1.01 |     0.15 |    1 |  0.0842 | 0.0001 |     528 B |        1.00 |
| Needlr_Reflection_RegisterTypes | 983,032.47 ns | 442,662.20 ns | 114,957.97 ns | 11,017.11 | 1,627.71 |    3 | 93.7500 | 7.8125 |  598472 B |    1,133.47 |
| Needlr_SourceGen_RegisterTypes  |  11,988.64 ns |   5,701.50 ns |     882.31 ns |    134.36 |    16.32 |    2 |  4.9286 | 0.3510 |   30960 B |       58.64 |

// * Hints *
Outliers
  TypeRegistrationBenchmarks.Needlr_SourceGen_RegisterTypes: ShortRun -> 1 outlier  was  removed (14.89 μs)
// * Config Issues *

// * Warnings *
Configuration
  Summary -> The exporter HtmlExporter is already present in configuration. There may be unexpected results.

// * Legends *
  Mean        : Arithmetic mean of all measurements
  Error       : Half of 99.9% confidence interval
  StdDev      : Standard deviation of all measurements
  Ratio       : Mean of the ratio distribution ([Current]/[Baseline])
  RatioSD     : Standard deviation of the ratio distribution ([Current]/[Baseline])
  Rank        : Relative position of current benchmark mean among all benchmarks (Arabic style)
  Gen0        : GC Generation 0 collects per 1000 operations
  Gen1        : GC Generation 1 collects per 1000 operations
  Allocated   : Allocated memory per single operation (managed only, inclusive, 1KB = 1024B)
  Alloc Ratio : Allocated memory ratio distribution ([Current]/[Baseline])
  1 ns        : 1 Nanosecond (0.000000001 sec)

// * Diagnostic Output - MemoryDiagnoser *


// ***** BenchmarkRunner: End *****
Run time: 00:00:24 (24.62 sec), executed benchmarks: 3

// Found 4 benchmarks:
//   WebApplicationBuildBenchmarks.ManualDI_BuildWebApp: ShortRun(InvocationCount=1, IterationCount=5, LaunchCount=1, UnrollFactor=1, WarmupCount=3)
//   WebApplicationBuildBenchmarks.Needlr_Reflection_BuildWebApp: ShortRun(InvocationCount=1, IterationCount=5, LaunchCount=1, UnrollFactor=1, WarmupCount=3)
//   WebApplicationBuildBenchmarks.Needlr_SourceGen_BuildWebApp: ShortRun(InvocationCount=1, IterationCount=5, LaunchCount=1, UnrollFactor=1, WarmupCount=3)
//   WebApplicationBuildBenchmarks.Needlr_SourceGenExplicit_BuildWebApp: ShortRun(InvocationCount=1, IterationCount=5, LaunchCount=1, UnrollFactor=1, WarmupCount=3)

// **************************
// Benchmark: WebApplicationBuildBenchmarks.ManualDI_BuildWebApp: ShortRun(InvocationCount=1, IterationCount=5, LaunchCount=1, UnrollFactor=1, WarmupCount=3)
// *** Execute ***
// Launch: 1 / 1
// Execute: dotnet bf8bdc48-2475-4673-b310-6966704f044e.dll --anonymousPipes 163 164 --benchmarkName NexusLabs.Needlr.Benchmarks.Benchmarks.WebApplicationBuildBenchmarks.ManualDI_BuildWebApp --job ShortRun --benchmarkId 61 in /actions-runner/_work/needlr/needlr/src/NexusLabs.Needlr.Benchmarks/bin/Release/net10.0/bf8bdc48-2475-4673-b310-6966704f044e/bin/Release/net10.0
// Failed to set up high priority (Permission denied). In order to run benchmarks with high priority, make sure you have the right permissions.
// BeforeAnythingElse

// Benchmark Process Environment Information:
// BenchmarkDotNet v0.14.0
// Runtime=.NET 10.0.10 (10.0.1026.32716), X64 RyuJIT AVX2
// GC=Concurrent Workstation
// HardwareIntrinsics=AVX2,AES,BMI1,BMI2,FMA,LZCNT,PCLMUL,POPCNT,AvxVnni,SERIALIZE VectorSize=256
// Job: ShortRun(InvocationCount=1, IterationCount=5, LaunchCount=1, UnrollFactor=1, WarmupCount=3)

OverheadJitting  1: 1 op, 263277.00 ns, 263.2770 us/op
WorkloadJitting  1: 1 op, 59234010.00 ns, 59.2340 ms/op

OverheadWarmup   1: 1 op, 645.00 ns, 645.0000 ns/op
OverheadWarmup   2: 1 op, 284.00 ns, 284.0000 ns/op
OverheadWarmup   3: 1 op, 303.00 ns, 303.0000 ns/op
OverheadWarmup   4: 1 op, 315.00 ns, 315.0000 ns/op
OverheadWarmup   5: 1 op, 290.00 ns, 290.0000 ns/op
OverheadWarmup   6: 1 op, 295.00 ns, 295.0000 ns/op
OverheadWarmup   7: 1 op, 313.00 ns, 313.0000 ns/op
OverheadWarmup   8: 1 op, 335.00 ns, 335.0000 ns/op
OverheadWarmup   9: 1 op, 319.00 ns, 319.0000 ns/op

OverheadActual   1: 1 op, 273.00 ns, 273.0000 ns/op
OverheadActual   2: 1 op, 292.00 ns, 292.0000 ns/op
OverheadActual   3: 1 op, 288.00 ns, 288.0000 ns/op
OverheadActual   4: 1 op, 300.00 ns, 300.0000 ns/op
OverheadActual   5: 1 op, 307.00 ns, 307.0000 ns/op
OverheadActual   6: 1 op, 341.00 ns, 341.0000 ns/op
OverheadActual   7: 1 op, 281.00 ns, 281.0000 ns/op
OverheadActual   8: 1 op, 330.00 ns, 330.0000 ns/op
OverheadActual   9: 1 op, 279.00 ns, 279.0000 ns/op
OverheadActual  10: 1 op, 317.00 ns, 317.0000 ns/op
OverheadActual  11: 1 op, 311.00 ns, 311.0000 ns/op
OverheadActual  12: 1 op, 322.00 ns, 322.0000 ns/op
OverheadActual  13: 1 op, 314.00 ns, 314.0000 ns/op
OverheadActual  14: 1 op, 288.00 ns, 288.0000 ns/op
OverheadActual  15: 1 op, 286.00 ns, 286.0000 ns/op
OverheadActual  16: 1 op, 299.00 ns, 299.0000 ns/op
OverheadActual  17: 1 op, 427.00 ns, 427.0000 ns/op
OverheadActual  18: 1 op, 349.00 ns, 349.0000 ns/op
OverheadActual  19: 1 op, 279.00 ns, 279.0000 ns/op
OverheadActual  20: 1 op, 308.00 ns, 308.0000 ns/op

WorkloadWarmup   1: 1 op, 3539236.00 ns, 3.5392 ms/op
WorkloadWarmup   2: 1 op, 2346274.00 ns, 2.3463 ms/op
WorkloadWarmup   3: 1 op, 2168265.00 ns, 2.1683 ms/op

// BeforeActualRun
WorkloadActual   1: 1 op, 2546953.00 ns, 2.5470 ms/op
WorkloadActual   2: 1 op, 2314803.00 ns, 2.3148 ms/op
WorkloadActual   3: 1 op, 2213834.00 ns, 2.2138 ms/op
WorkloadActual   4: 1 op, 2381788.00 ns, 2.3818 ms/op
WorkloadActual   5: 1 op, 2550816.00 ns, 2.5508 ms/op

// AfterActualRun
WorkloadResult   1: 1 op, 2546649.50 ns, 2.5466 ms/op
WorkloadResult   2: 1 op, 2314499.50 ns, 2.3145 ms/op
WorkloadResult   3: 1 op, 2213530.50 ns, 2.2135 ms/op
WorkloadResult   4: 1 op, 2381484.50 ns, 2.3815 ms/op
WorkloadResult   5: 1 op, 2550512.50 ns, 2.5505 ms/op
// GC:  0 0 0 519064 1
// Threading:  0 0 1

// AfterAll
// Benchmark Process 1988 has exited with code 0.

Mean = 2.401 ms, StdErr = 0.066 ms (2.74%), N = 5, StdDev = 0.147 ms
Min = 2.214 ms, Q1 = 2.314 ms, Median = 2.381 ms, Q3 = 2.547 ms, Max = 2.551 ms
IQR = 0.232 ms, LowerFence = 1.966 ms, UpperFence = 2.895 ms
ConfidenceInterval = [1.835 ms; 2.968 ms] (CI 99.9%), Margin = 0.567 ms (23.59% of Mean)
Skewness = -0.06, Kurtosis = 0.96, MValue = 2

// ** Remained 3 (4.6%) benchmark(s) to run. Estimated finish 2026-08-16 3:31 (0h 0m from now) **
// **************************
// Benchmark: WebApplicationBuildBenchmarks.Needlr_Reflection_BuildWebApp: ShortRun(InvocationCount=1, IterationCount=5, LaunchCount=1, UnrollFactor=1, WarmupCount=3)
// *** Execute ***
// Launch: 1 / 1
// Execute: dotnet bf8bdc48-2475-4673-b310-6966704f044e.dll --anonymousPipes 163 164 --benchmarkName NexusLabs.Needlr.Benchmarks.Benchmarks.WebApplicationBuildBenchmarks.Needlr_Reflection_BuildWebApp --job ShortRun --benchmarkId 62 in /actions-runner/_work/needlr/needlr/src/NexusLabs.Needlr.Benchmarks/bin/Release/net10.0/bf8bdc48-2475-4673-b310-6966704f044e/bin/Release/net10.0
// Failed to set up high priority (Permission denied). In order to run benchmarks with high priority, make sure you have the right permissions.
// BeforeAnythingElse

// Benchmark Process Environment Information:
// BenchmarkDotNet v0.14.0
// Runtime=.NET 10.0.10 (10.0.1026.32716), X64 RyuJIT AVX2
// GC=Concurrent Workstation
// HardwareIntrinsics=AVX2,AES,BMI1,BMI2,FMA,LZCNT,PCLMUL,POPCNT,AvxVnni,SERIALIZE VectorSize=256
// Job: ShortRun(InvocationCount=1, IterationCount=5, LaunchCount=1, UnrollFactor=1, WarmupCount=3)

OverheadJitting  1: 1 op, 325034.00 ns, 325.0340 us/op
WorkloadJitting  1: 1 op, 123086068.00 ns, 123.0861 ms/op

OverheadWarmup   1: 1 op, 760.00 ns, 760.0000 ns/op
OverheadWarmup   2: 1 op, 602.00 ns, 602.0000 ns/op
OverheadWarmup   3: 1 op, 865.00 ns, 865.0000 ns/op
OverheadWarmup   4: 1 op, 723.00 ns, 723.0000 ns/op
OverheadWarmup   5: 1 op, 661.00 ns, 661.0000 ns/op
OverheadWarmup   6: 1 op, 718.00 ns, 718.0000 ns/op
OverheadWarmup   7: 1 op, 570.00 ns, 570.0000 ns/op

OverheadActual   1: 1 op, 725.00 ns, 725.0000 ns/op
OverheadActual   2: 1 op, 1252.00 ns, 1.2520 us/op
OverheadActual   3: 1 op, 849.00 ns, 849.0000 ns/op
OverheadActual   4: 1 op, 1155.00 ns, 1.1550 us/op
OverheadActual   5: 1 op, 1296.00 ns, 1.2960 us/op
OverheadActual   6: 1 op, 851.00 ns, 851.0000 ns/op
OverheadActual   7: 1 op, 1077.00 ns, 1.0770 us/op
OverheadActual   8: 1 op, 748.00 ns, 748.0000 ns/op
OverheadActual   9: 1 op, 902.00 ns, 902.0000 ns/op
OverheadActual  10: 1 op, 981.00 ns, 981.0000 ns/op
OverheadActual  11: 1 op, 820.00 ns, 820.0000 ns/op
OverheadActual  12: 1 op, 677.00 ns, 677.0000 ns/op
OverheadActual  13: 1 op, 701.00 ns, 701.0000 ns/op
OverheadActual  14: 1 op, 569.00 ns, 569.0000 ns/op
OverheadActual  15: 1 op, 761.00 ns, 761.0000 ns/op
OverheadActual  16: 1 op, 952.00 ns, 952.0000 ns/op
OverheadActual  17: 1 op, 721.00 ns, 721.0000 ns/op
OverheadActual  18: 1 op, 806.00 ns, 806.0000 ns/op
OverheadActual  19: 1 op, 542.00 ns, 542.0000 ns/op
OverheadActual  20: 1 op, 651.00 ns, 651.0000 ns/op

WorkloadWarmup   1: 1 op, 13852327.00 ns, 13.8523 ms/op
WorkloadWarmup   2: 1 op, 10135870.00 ns, 10.1359 ms/op
WorkloadWarmup   3: 1 op, 10661027.00 ns, 10.6610 ms/op

// BeforeActualRun
WorkloadActual   1: 1 op, 18734377.00 ns, 18.7344 ms/op
WorkloadActual   2: 1 op, 17078697.00 ns, 17.0787 ms/op
WorkloadActual   3: 1 op, 18807540.00 ns, 18.8075 ms/op
WorkloadActual   4: 1 op, 17953717.00 ns, 17.9537 ms/op
WorkloadActual   5: 1 op, 11100084.00 ns, 11.1001 ms/op

// AfterActualRun
WorkloadResult   1: 1 op, 18733564.00 ns, 18.7336 ms/op
WorkloadResult   2: 1 op, 17077884.00 ns, 17.0779 ms/op
WorkloadResult   3: 1 op, 18806727.00 ns, 18.8067 ms/op
WorkloadResult   4: 1 op, 17952904.00 ns, 17.9529 ms/op
WorkloadResult   5: 1 op, 11099271.00 ns, 11.0993 ms/op
// GC:  0 0 0 1789520 1
// Threading:  0 0 1

// AfterAll
// Benchmark Process 2015 has exited with code 0.

Mean = 16.734 ms, StdErr = 1.443 ms (8.62%), N = 5, StdDev = 3.227 ms
Min = 11.099 ms, Q1 = 17.078 ms, Median = 17.953 ms, Q3 = 18.734 ms, Max = 18.807 ms
IQR = 1.656 ms, LowerFence = 14.594 ms, UpperFence = 21.217 ms
ConfidenceInterval = [4.309 ms; 29.159 ms] (CI 99.9%), Margin = 12.425 ms (74.25% of Mean)
Skewness = -0.95, Kurtosis = 1.93, MValue = 2

// ** Remained 2 (3.1%) benchmark(s) to run. Estimated finish 2026-08-16 3:31 (0h 0m from now) **
// **************************
// Benchmark: WebApplicationBuildBenchmarks.Needlr_SourceGen_BuildWebApp: ShortRun(InvocationCount=1, IterationCount=5, LaunchCount=1, UnrollFactor=1, WarmupCount=3)
// *** Execute ***
// Launch: 1 / 1
// Execute: dotnet bf8bdc48-2475-4673-b310-6966704f044e.dll --anonymousPipes 163 164 --benchmarkName NexusLabs.Needlr.Benchmarks.Benchmarks.WebApplicationBuildBenchmarks.Needlr_SourceGen_BuildWebApp --job ShortRun --benchmarkId 63 in /actions-runner/_work/needlr/needlr/src/NexusLabs.Needlr.Benchmarks/bin/Release/net10.0/bf8bdc48-2475-4673-b310-6966704f044e/bin/Release/net10.0
// Failed to set up high priority (Permission denied). In order to run benchmarks with high priority, make sure you have the right permissions.
// BeforeAnythingElse

// Benchmark Process Environment Information:
// BenchmarkDotNet v0.14.0
// Runtime=.NET 10.0.10 (10.0.1026.32716), X64 RyuJIT AVX2
// GC=Concurrent Workstation
// HardwareIntrinsics=AVX2,AES,BMI1,BMI2,FMA,LZCNT,PCLMUL,POPCNT,AvxVnni,SERIALIZE VectorSize=256
// Job: ShortRun(InvocationCount=1, IterationCount=5, LaunchCount=1, UnrollFactor=1, WarmupCount=3)

OverheadJitting  1: 1 op, 324612.00 ns, 324.6120 us/op
WorkloadJitting  1: 1 op, 85270763.00 ns, 85.2708 ms/op

OverheadWarmup   1: 1 op, 509.00 ns, 509.0000 ns/op
OverheadWarmup   2: 1 op, 355.00 ns, 355.0000 ns/op
OverheadWarmup   3: 1 op, 353.00 ns, 353.0000 ns/op
OverheadWarmup   4: 1 op, 367.00 ns, 367.0000 ns/op
OverheadWarmup   5: 1 op, 355.00 ns, 355.0000 ns/op
OverheadWarmup   6: 1 op, 367.00 ns, 367.0000 ns/op
OverheadWarmup   7: 1 op, 353.00 ns, 353.0000 ns/op

OverheadActual   1: 1 op, 445.00 ns, 445.0000 ns/op
OverheadActual   2: 1 op, 455.00 ns, 455.0000 ns/op
OverheadActual   3: 1 op, 412.00 ns, 412.0000 ns/op
OverheadActual   4: 1 op, 382.00 ns, 382.0000 ns/op
OverheadActual   5: 1 op, 324.00 ns, 324.0000 ns/op
OverheadActual   6: 1 op, 437.00 ns, 437.0000 ns/op
OverheadActual   7: 1 op, 367.00 ns, 367.0000 ns/op
OverheadActual   8: 1 op, 419.00 ns, 419.0000 ns/op
OverheadActual   9: 1 op, 388.00 ns, 388.0000 ns/op
OverheadActual  10: 1 op, 343.00 ns, 343.0000 ns/op
OverheadActual  11: 1 op, 394.00 ns, 394.0000 ns/op
OverheadActual  12: 1 op, 385.00 ns, 385.0000 ns/op
OverheadActual  13: 1 op, 393.00 ns, 393.0000 ns/op
OverheadActual  14: 1 op, 351.00 ns, 351.0000 ns/op
OverheadActual  15: 1 op, 462.00 ns, 462.0000 ns/op
OverheadActual  16: 1 op, 759.00 ns, 759.0000 ns/op
OverheadActual  17: 1 op, 375.00 ns, 375.0000 ns/op
OverheadActual  18: 1 op, 413.00 ns, 413.0000 ns/op
OverheadActual  19: 1 op, 418.00 ns, 418.0000 ns/op
OverheadActual  20: 1 op, 393.00 ns, 393.0000 ns/op

WorkloadWarmup   1: 1 op, 4917194.00 ns, 4.9172 ms/op
WorkloadWarmup   2: 1 op, 3340100.00 ns, 3.3401 ms/op
WorkloadWarmup   3: 1 op, 3324157.00 ns, 3.3242 ms/op

// BeforeActualRun
WorkloadActual   1: 1 op, 3371291.00 ns, 3.3713 ms/op
WorkloadActual   2: 1 op, 3497542.00 ns, 3.4975 ms/op
WorkloadActual   3: 1 op, 3311815.00 ns, 3.3118 ms/op
WorkloadActual   4: 1 op, 3127012.00 ns, 3.1270 ms/op
WorkloadActual   5: 1 op, 3263235.00 ns, 3.2632 ms/op

// AfterActualRun
WorkloadResult   1: 1 op, 3370897.50 ns, 3.3709 ms/op
WorkloadResult   2: 1 op, 3497148.50 ns, 3.4971 ms/op
WorkloadResult   3: 1 op, 3311421.50 ns, 3.3114 ms/op
WorkloadResult   4: 1 op, 3126618.50 ns, 3.1266 ms/op
WorkloadResult   5: 1 op, 3262841.50 ns, 3.2628 ms/op
// GC:  0 0 0 831112 1
// Threading:  0 0 1

// AfterAll
// Benchmark Process 2045 has exited with code 0.

Mean = 3.314 ms, StdErr = 0.061 ms (1.84%), N = 5, StdDev = 0.136 ms
Min = 3.127 ms, Q1 = 3.263 ms, Median = 3.311 ms, Q3 = 3.371 ms, Max = 3.497 ms
IQR = 0.108 ms, LowerFence = 3.101 ms, UpperFence = 3.533 ms
ConfidenceInterval = [2.788 ms; 3.839 ms] (CI 99.9%), Margin = 0.526 ms (15.86% of Mean)
Skewness = -0.03, Kurtosis = 1.37, MValue = 2

// ** Remained 1 (1.5%) benchmark(s) to run. Estimated finish 2026-08-16 3:31 (0h 0m from now) **
// **************************
// Benchmark: WebApplicationBuildBenchmarks.Needlr_SourceGenExplicit_BuildWebApp: ShortRun(InvocationCount=1, IterationCount=5, LaunchCount=1, UnrollFactor=1, WarmupCount=3)
// *** Execute ***
// Launch: 1 / 1
// Execute: dotnet bf8bdc48-2475-4673-b310-6966704f044e.dll --anonymousPipes 163 164 --benchmarkName NexusLabs.Needlr.Benchmarks.Benchmarks.WebApplicationBuildBenchmarks.Needlr_SourceGenExplicit_BuildWebApp --job ShortRun --benchmarkId 64 in /actions-runner/_work/needlr/needlr/src/NexusLabs.Needlr.Benchmarks/bin/Release/net10.0/bf8bdc48-2475-4673-b310-6966704f044e/bin/Release/net10.0
// Failed to set up high priority (Permission denied). In order to run benchmarks with high priority, make sure you have the right permissions.
// BeforeAnythingElse

// Benchmark Process Environment Information:
// BenchmarkDotNet v0.14.0
// Runtime=.NET 10.0.10 (10.0.1026.32716), X64 RyuJIT AVX2
// GC=Concurrent Workstation
// HardwareIntrinsics=AVX2,AES,BMI1,BMI2,FMA,LZCNT,PCLMUL,POPCNT,AvxVnni,SERIALIZE VectorSize=256
// Job: ShortRun(InvocationCount=1, IterationCount=5, LaunchCount=1, UnrollFactor=1, WarmupCount=3)

OverheadJitting  1: 1 op, 412883.00 ns, 412.8830 us/op
WorkloadJitting  1: 1 op, 134427640.00 ns, 134.4276 ms/op

OverheadWarmup   1: 1 op, 961.00 ns, 961.0000 ns/op
OverheadWarmup   2: 1 op, 526.00 ns, 526.0000 ns/op
OverheadWarmup   3: 1 op, 543.00 ns, 543.0000 ns/op
OverheadWarmup   4: 1 op, 532.00 ns, 532.0000 ns/op
OverheadWarmup   5: 1 op, 740.00 ns, 740.0000 ns/op
OverheadWarmup   6: 1 op, 759.00 ns, 759.0000 ns/op
OverheadWarmup   7: 1 op, 625.00 ns, 625.0000 ns/op

OverheadActual   1: 1 op, 837.00 ns, 837.0000 ns/op
OverheadActual   2: 1 op, 949.00 ns, 949.0000 ns/op
OverheadActual   3: 1 op, 1126.00 ns, 1.1260 us/op
OverheadActual   4: 1 op, 608.00 ns, 608.0000 ns/op
OverheadActual   5: 1 op, 906.00 ns, 906.0000 ns/op
OverheadActual   6: 1 op, 641.00 ns, 641.0000 ns/op
OverheadActual   7: 1 op, 679.00 ns, 679.0000 ns/op
OverheadActual   8: 1 op, 575.00 ns, 575.0000 ns/op
OverheadActual   9: 1 op, 933.00 ns, 933.0000 ns/op
OverheadActual  10: 1 op, 563.00 ns, 563.0000 ns/op
OverheadActual  11: 1 op, 1308.00 ns, 1.3080 us/op
OverheadActual  12: 1 op, 811.00 ns, 811.0000 ns/op
OverheadActual  13: 1 op, 703.00 ns, 703.0000 ns/op
OverheadActual  14: 1 op, 869.00 ns, 869.0000 ns/op
OverheadActual  15: 1 op, 810.00 ns, 810.0000 ns/op
OverheadActual  16: 1 op, 1051.00 ns, 1.0510 us/op
OverheadActual  17: 1 op, 1262.00 ns, 1.2620 us/op
OverheadActual  18: 1 op, 1023.00 ns, 1.0230 us/op
OverheadActual  19: 1 op, 1280.00 ns, 1.2800 us/op
OverheadActual  20: 1 op, 921.00 ns, 921.0000 ns/op

WorkloadWarmup   1: 1 op, 10233018.00 ns, 10.2330 ms/op
WorkloadWarmup   2: 1 op, 6297521.00 ns, 6.2975 ms/op
WorkloadWarmup   3: 1 op, 9497913.00 ns, 9.4979 ms/op

// BeforeActualRun
WorkloadActual   1: 1 op, 6182857.00 ns, 6.1829 ms/op
WorkloadActual   2: 1 op, 5975655.00 ns, 5.9757 ms/op
WorkloadActual   3: 1 op, 5806085.00 ns, 5.8061 ms/op
WorkloadActual   4: 1 op, 5190418.00 ns, 5.1904 ms/op
WorkloadActual   5: 1 op, 5279188.00 ns, 5.2792 ms/op

// AfterActualRun
WorkloadResult   1: 1 op, 6181969.50 ns, 6.1820 ms/op
WorkloadResult   2: 1 op, 5974767.50 ns, 5.9748 ms/op
WorkloadResult   3: 1 op, 5805197.50 ns, 5.8052 ms/op
WorkloadResult   4: 1 op, 5189530.50 ns, 5.1895 ms/op
WorkloadResult   5: 1 op, 5278300.50 ns, 5.2783 ms/op
// GC:  0 0 0 733616 1
// Threading:  0 0 1

// AfterAll
// Benchmark Process 2072 has exited with code 0.

Mean = 5.686 ms, StdErr = 0.194 ms (3.42%), N = 5, StdDev = 0.435 ms
Min = 5.190 ms, Q1 = 5.278 ms, Median = 5.805 ms, Q3 = 5.975 ms, Max = 6.182 ms
IQR = 0.696 ms, LowerFence = 4.234 ms, UpperFence = 7.019 ms
ConfidenceInterval = [4.012 ms; 7.360 ms] (CI 99.9%), Margin = 1.674 ms (29.45% of Mean)
Skewness = -0.1, Kurtosis = 0.87, MValue = 2

// ** Remained 0 (0.0%) benchmark(s) to run. Estimated finish 2026-08-16 3:31 (0h 0m from now) **
// ***** BenchmarkRunner: Finish  *****

// * Export *
  actions-runner/_work/needlr/needlr/benchmark-results/results/NexusLabs.Needlr.Benchmarks.Benchmarks.WebApplicationBuildBenchmarks-report.csv
  actions-runner/_work/needlr/needlr/benchmark-results/results/NexusLabs.Needlr.Benchmarks.Benchmarks.WebApplicationBuildBenchmarks-report-github.md
  actions-runner/_work/needlr/needlr/benchmark-results/results/NexusLabs.Needlr.Benchmarks.Benchmarks.WebApplicationBuildBenchmarks-report.html
  actions-runner/_work/needlr/needlr/benchmark-results/results/NexusLabs.Needlr.Benchmarks.Benchmarks.WebApplicationBuildBenchmarks-report-full-compressed.json
  actions-runner/_work/needlr/needlr/benchmark-results/results/NexusLabs.Needlr.Benchmarks.Benchmarks.WebApplicationBuildBenchmarks-report-default.md

// * Detailed results *
WebApplicationBuildBenchmarks.ManualDI_BuildWebApp: ShortRun(InvocationCount=1, IterationCount=5, LaunchCount=1, UnrollFactor=1, WarmupCount=3)
Runtime = .NET 10.0.10 (10.0.1026.32716), X64 RyuJIT AVX2; GC = Concurrent Workstation
Mean = 2.401 ms, StdErr = 0.066 ms (2.74%), N = 5, StdDev = 0.147 ms
Min = 2.214 ms, Q1 = 2.314 ms, Median = 2.381 ms, Q3 = 2.547 ms, Max = 2.551 ms
IQR = 0.232 ms, LowerFence = 1.966 ms, UpperFence = 2.895 ms
ConfidenceInterval = [1.835 ms; 2.968 ms] (CI 99.9%), Margin = 0.567 ms (23.59% of Mean)
Skewness = -0.06, Kurtosis = 0.96, MValue = 2
-------------------- Histogram --------------------
[2.185 ms ; 2.410 ms) | @@@
[2.410 ms ; 2.663 ms) | @@
---------------------------------------------------

WebApplicationBuildBenchmarks.Needlr_Reflection_BuildWebApp: ShortRun(InvocationCount=1, IterationCount=5, LaunchCount=1, UnrollFactor=1, WarmupCount=3)
Runtime = .NET 10.0.10 (10.0.1026.32716), X64 RyuJIT AVX2; GC = Concurrent Workstation
Mean = 16.734 ms, StdErr = 1.443 ms (8.62%), N = 5, StdDev = 3.227 ms
Min = 11.099 ms, Q1 = 17.078 ms, Median = 17.953 ms, Q3 = 18.734 ms, Max = 18.807 ms
IQR = 1.656 ms, LowerFence = 14.594 ms, UpperFence = 21.217 ms
ConfidenceInterval = [4.309 ms; 29.159 ms] (CI 99.9%), Margin = 12.425 ms (74.25% of Mean)
Skewness = -0.95, Kurtosis = 1.93, MValue = 2
-------------------- Histogram --------------------
[ 8.623 ms ; 13.576 ms) | @
[13.576 ms ; 15.466 ms) | 
[15.466 ms ; 21.283 ms) | @@@@
---------------------------------------------------

WebApplicationBuildBenchmarks.Needlr_SourceGen_BuildWebApp: ShortRun(InvocationCount=1, IterationCount=5, LaunchCount=1, UnrollFactor=1, WarmupCount=3)
Runtime = .NET 10.0.10 (10.0.1026.32716), X64 RyuJIT AVX2; GC = Concurrent Workstation
Mean = 3.314 ms, StdErr = 0.061 ms (1.84%), N = 5, StdDev = 0.136 ms
Min = 3.127 ms, Q1 = 3.263 ms, Median = 3.311 ms, Q3 = 3.371 ms, Max = 3.497 ms
IQR = 0.108 ms, LowerFence = 3.101 ms, UpperFence = 3.533 ms
ConfidenceInterval = [2.788 ms; 3.839 ms] (CI 99.9%), Margin = 0.526 ms (15.86% of Mean)
Skewness = -0.03, Kurtosis = 1.37, MValue = 2
-------------------- Histogram --------------------
[3.022 ms ; 3.212 ms) | @
[3.212 ms ; 3.422 ms) | @@@
[3.422 ms ; 3.602 ms) | @
---------------------------------------------------

WebApplicationBuildBenchmarks.Needlr_SourceGenExplicit_BuildWebApp: ShortRun(InvocationCount=1, IterationCount=5, LaunchCount=1, UnrollFactor=1, WarmupCount=3)
Runtime = .NET 10.0.10 (10.0.1026.32716), X64 RyuJIT AVX2; GC = Concurrent Workstation
Mean = 5.686 ms, StdErr = 0.194 ms (3.42%), N = 5, StdDev = 0.435 ms
Min = 5.190 ms, Q1 = 5.278 ms, Median = 5.805 ms, Q3 = 5.975 ms, Max = 6.182 ms
IQR = 0.696 ms, LowerFence = 4.234 ms, UpperFence = 7.019 ms
ConfidenceInterval = [4.012 ms; 7.360 ms] (CI 99.9%), Margin = 1.674 ms (29.45% of Mean)
Skewness = -0.1, Kurtosis = 0.87, MValue = 2
-------------------- Histogram --------------------
[4.856 ms ; 5.568 ms) | @@
[5.568 ms ; 6.327 ms) | @@@
---------------------------------------------------

// * Summary *

BenchmarkDotNet v0.14.0, Ubuntu 24.04.4 LTS (Noble Numbat)
Intel Core 7 150U, 1 CPU, 12 logical and 6 physical cores
.NET SDK 10.0.302
  [Host]   : .NET 10.0.10 (10.0.1026.32716), X64 RyuJIT AVX2
  ShortRun : .NET 10.0.10 (10.0.1026.32716), X64 RyuJIT AVX2

Job=ShortRun  InvocationCount=1  IterationCount=5  
LaunchCount=1  UnrollFactor=1  WarmupCount=3  

| Method                               | Mean      | Error      | StdDev    | Ratio | RatioSD | Rank | Allocated  | Alloc Ratio |
|------------------------------------- |----------:|-----------:|----------:|------:|--------:|-----:|-----------:|------------:|
| ManualDI_BuildWebApp                 |  2.401 ms |  0.5665 ms | 0.1471 ms |  1.00 |    0.08 |    1 |   506.9 KB |        1.00 |
| Needlr_Reflection_BuildWebApp        | 16.734 ms | 12.4252 ms | 3.2268 ms |  6.99 |    1.29 |    4 | 1747.58 KB |        3.45 |
| Needlr_SourceGen_BuildWebApp         |  3.314 ms |  0.5256 ms | 0.1365 ms |  1.38 |    0.09 |    2 |  811.63 KB |        1.60 |
| Needlr_SourceGenExplicit_BuildWebApp |  5.686 ms |  1.6743 ms | 0.4348 ms |  2.38 |    0.21 |    3 |  716.42 KB |        1.41 |

// * Warnings *
MinIterationTime
  WebApplicationBuildBenchmarks.ManualDI_BuildWebApp: ShortRun                 -> The minimum observed iteration time is 2.214ms which is very small. It's recommended to increase it to at least 100ms using more operations.
  WebApplicationBuildBenchmarks.Needlr_Reflection_BuildWebApp: ShortRun        -> The minimum observed iteration time is 11.1ms which is very small. It's recommended to increase it to at least 100ms using more operations.
  WebApplicationBuildBenchmarks.Needlr_SourceGen_BuildWebApp: ShortRun         -> The minimum observed iteration time is 3.127ms which is very small. It's recommended to increase it to at least 100ms using more operations.
  WebApplicationBuildBenchmarks.Needlr_SourceGenExplicit_BuildWebApp: ShortRun -> The minimum observed iteration time is 5.19ms which is very small. It's recommended to increase it to at least 100ms using more operations.

// * Hints *
Outliers
  WebApplicationBuildBenchmarks.Needlr_Reflection_BuildWebApp: ShortRun -> 1 outlier  was  detected (11.10 ms)
// * Config Issues *

// * Warnings *
Configuration
  Summary -> The exporter HtmlExporter is already present in configuration. There may be unexpected results.

// * Legends *
  Mean        : Arithmetic mean of all measurements
  Error       : Half of 99.9% confidence interval
  StdDev      : Standard deviation of all measurements
  Ratio       : Mean of the ratio distribution ([Current]/[Baseline])
  RatioSD     : Standard deviation of the ratio distribution ([Current]/[Baseline])
  Rank        : Relative position of current benchmark mean among all benchmarks (Arabic style)
  Allocated   : Allocated memory per single operation (managed only, inclusive, 1KB = 1024B)
  Alloc Ratio : Allocated memory ratio distribution ([Current]/[Baseline])
  1 ms        : 1 Millisecond (0.001 sec)

// * Diagnostic Output - MemoryDiagnoser *


// ***** BenchmarkRunner: End *****
Run time: 00:00:01 (1.49 sec), executed benchmarks: 4

Global total time: 00:10:13 (613.34 sec), executed benchmarks: 65
// * Artifacts cleanup *
Artifacts cleanup is finished
