// Validating benchmarks:
// ***** BenchmarkRunner: Start   *****
// ***** Found 65 benchmark(s) in total *****
// ***** Building 1 exe(s) in Parallel: Start   *****
// start dotnet  restore /p:UseSharedCompilation=false /p:BuildInParallel=false /m:1 /p:Deterministic=true /p:Optimize=true /p:IntermediateOutputPath="/actions-runner/_work/needlr/needlr/src/NexusLabs.Needlr.Benchmarks/bin/Release/net10.0/7626e42a-34fe-4a7e-846b-e96fd185430e/obj/Release/net10.0/" /p:OutDir="/actions-runner/_work/needlr/needlr/src/NexusLabs.Needlr.Benchmarks/bin/Release/net10.0/7626e42a-34fe-4a7e-846b-e96fd185430e/bin/Release/net10.0/" /p:OutputPath="/actions-runner/_work/needlr/needlr/src/NexusLabs.Needlr.Benchmarks/bin/Release/net10.0/7626e42a-34fe-4a7e-846b-e96fd185430e/bin/Release/net10.0/" in /actions-runner/_work/needlr/needlr/src/NexusLabs.Needlr.Benchmarks/bin/Release/net10.0/7626e42a-34fe-4a7e-846b-e96fd185430e
// command took 1.7 sec and exited with 0
// start dotnet  build -c Release --no-restore /p:UseSharedCompilation=false /p:BuildInParallel=false /m:1 /p:Deterministic=true /p:Optimize=true /p:IntermediateOutputPath="/actions-runner/_work/needlr/needlr/src/NexusLabs.Needlr.Benchmarks/bin/Release/net10.0/7626e42a-34fe-4a7e-846b-e96fd185430e/obj/Release/net10.0/" /p:OutDir="/actions-runner/_work/needlr/needlr/src/NexusLabs.Needlr.Benchmarks/bin/Release/net10.0/7626e42a-34fe-4a7e-846b-e96fd185430e/bin/Release/net10.0/" /p:OutputPath="/actions-runner/_work/needlr/needlr/src/NexusLabs.Needlr.Benchmarks/bin/Release/net10.0/7626e42a-34fe-4a7e-846b-e96fd185430e/bin/Release/net10.0/" --output "/actions-runner/_work/needlr/needlr/src/NexusLabs.Needlr.Benchmarks/bin/Release/net10.0/7626e42a-34fe-4a7e-846b-e96fd185430e/bin/Release/net10.0/" in /actions-runner/_work/needlr/needlr/src/NexusLabs.Needlr.Benchmarks/bin/Release/net10.0/7626e42a-34fe-4a7e-846b-e96fd185430e
// command took 21.74 sec and exited with 0
// ***** Done, took 00:00:23 (23.51 sec)   *****
// Found 3 benchmarks:
//   CollectionResolutionBenchmarks.ManualDI_ResolveCollection: ShortRun(IterationCount=5, LaunchCount=1, WarmupCount=3)
//   CollectionResolutionBenchmarks.Needlr_Reflection_ResolveCollection: ShortRun(IterationCount=5, LaunchCount=1, WarmupCount=3)
//   CollectionResolutionBenchmarks.Needlr_SourceGen_ResolveCollection: ShortRun(IterationCount=5, LaunchCount=1, WarmupCount=3)

// **************************
// Benchmark: CollectionResolutionBenchmarks.ManualDI_ResolveCollection: ShortRun(IterationCount=5, LaunchCount=1, WarmupCount=3)
// *** Execute ***
// Launch: 1 / 1
// Execute: dotnet 7626e42a-34fe-4a7e-846b-e96fd185430e.dll --anonymousPipes 159 160 --benchmarkName NexusLabs.Needlr.Benchmarks.Benchmarks.CollectionResolutionBenchmarks.ManualDI_ResolveCollection --job ShortRun --benchmarkId 0 in /actions-runner/_work/needlr/needlr/src/NexusLabs.Needlr.Benchmarks/bin/Release/net10.0/7626e42a-34fe-4a7e-846b-e96fd185430e/bin/Release/net10.0
// Failed to set up high priority (Permission denied). In order to run benchmarks with high priority, make sure you have the right permissions.
// BeforeAnythingElse

// Benchmark Process Environment Information:
// BenchmarkDotNet v0.14.0
// Runtime=.NET 10.0.10 (10.0.1026.32716), X64 RyuJIT AVX2
// GC=Concurrent Workstation
// HardwareIntrinsics=AVX2,AES,BMI1,BMI2,FMA,LZCNT,PCLMUL,POPCNT,AvxVnni,SERIALIZE VectorSize=256
// Job: ShortRun(IterationCount=5, LaunchCount=1, WarmupCount=3)

OverheadJitting  1: 1 op, 309879.00 ns, 309.8790 us/op
WorkloadJitting  1: 1 op, 5118231.00 ns, 5.1182 ms/op

OverheadJitting  2: 16 op, 554094.00 ns, 34.6309 us/op
WorkloadJitting  2: 16 op, 602289.00 ns, 37.6431 us/op

WorkloadPilot    1: 16 op, 14713.00 ns, 919.5625 ns/op
WorkloadPilot    2: 32 op, 14041.00 ns, 438.7813 ns/op
WorkloadPilot    3: 64 op, 15306.00 ns, 239.1563 ns/op
WorkloadPilot    4: 128 op, 30118.00 ns, 235.2969 ns/op
WorkloadPilot    5: 256 op, 49358.00 ns, 192.8047 ns/op
WorkloadPilot    6: 512 op, 87727.00 ns, 171.3418 ns/op
WorkloadPilot    7: 1024 op, 160199.00 ns, 156.4443 ns/op
WorkloadPilot    8: 2048 op, 318663.00 ns, 155.5972 ns/op
WorkloadPilot    9: 4096 op, 589849.00 ns, 144.0061 ns/op
WorkloadPilot   10: 8192 op, 1881143.00 ns, 229.6317 ns/op
WorkloadPilot   11: 16384 op, 3501102.00 ns, 213.6903 ns/op
WorkloadPilot   12: 32768 op, 4854748.00 ns, 148.1552 ns/op
WorkloadPilot   13: 65536 op, 11096155.00 ns, 169.3139 ns/op
WorkloadPilot   14: 131072 op, 21863758.00 ns, 166.8072 ns/op
WorkloadPilot   15: 262144 op, 43889635.00 ns, 167.4257 ns/op
WorkloadPilot   16: 524288 op, 63502092.00 ns, 121.1206 ns/op
WorkloadPilot   17: 1048576 op, 40756277.00 ns, 38.8682 ns/op
WorkloadPilot   18: 2097152 op, 73670977.00 ns, 35.1291 ns/op
WorkloadPilot   19: 4194304 op, 145091617.00 ns, 34.5925 ns/op
WorkloadPilot   20: 8388608 op, 287193382.00 ns, 34.2361 ns/op
WorkloadPilot   21: 16777216 op, 613968701.00 ns, 36.5954 ns/op

OverheadWarmup   1: 16777216 op, 70695067.00 ns, 4.2138 ns/op
OverheadWarmup   2: 16777216 op, 66717661.00 ns, 3.9767 ns/op
OverheadWarmup   3: 16777216 op, 69102837.00 ns, 4.1189 ns/op
OverheadWarmup   4: 16777216 op, 58161109.00 ns, 3.4667 ns/op
OverheadWarmup   5: 16777216 op, 60840199.00 ns, 3.6264 ns/op
OverheadWarmup   6: 16777216 op, 63236836.00 ns, 3.7692 ns/op
OverheadWarmup   7: 16777216 op, 62943731.00 ns, 3.7517 ns/op

OverheadActual   1: 16777216 op, 62226498.00 ns, 3.7090 ns/op
OverheadActual   2: 16777216 op, 64446982.00 ns, 3.8413 ns/op
OverheadActual   3: 16777216 op, 57464343.00 ns, 3.4251 ns/op
OverheadActual   4: 16777216 op, 59288478.00 ns, 3.5339 ns/op
OverheadActual   5: 16777216 op, 59291272.00 ns, 3.5340 ns/op
OverheadActual   6: 16777216 op, 69338798.00 ns, 4.1329 ns/op
OverheadActual   7: 16777216 op, 67346324.00 ns, 4.0142 ns/op
OverheadActual   8: 16777216 op, 62660044.00 ns, 3.7348 ns/op
OverheadActual   9: 16777216 op, 63937680.00 ns, 3.8110 ns/op
OverheadActual  10: 16777216 op, 68562309.00 ns, 4.0866 ns/op
OverheadActual  11: 16777216 op, 67704018.00 ns, 4.0355 ns/op
OverheadActual  12: 16777216 op, 58938286.00 ns, 3.5130 ns/op
OverheadActual  13: 16777216 op, 58325427.00 ns, 3.4765 ns/op
OverheadActual  14: 16777216 op, 59137024.00 ns, 3.5248 ns/op
OverheadActual  15: 16777216 op, 56207356.00 ns, 3.3502 ns/op
OverheadActual  16: 16777216 op, 58326475.00 ns, 3.4765 ns/op
OverheadActual  17: 16777216 op, 59017168.00 ns, 3.5177 ns/op
OverheadActual  18: 16777216 op, 56767967.00 ns, 3.3836 ns/op
OverheadActual  19: 16777216 op, 55435757.00 ns, 3.3042 ns/op
OverheadActual  20: 16777216 op, 58745768.00 ns, 3.5015 ns/op

WorkloadWarmup   1: 16777216 op, 635258720.00 ns, 37.8644 ns/op
WorkloadWarmup   2: 16777216 op, 645209338.00 ns, 38.4575 ns/op
WorkloadWarmup   3: 16777216 op, 652257634.00 ns, 38.8776 ns/op

// BeforeActualRun
WorkloadActual   1: 16777216 op, 663692289.00 ns, 39.5591 ns/op
WorkloadActual   2: 16777216 op, 623445397.00 ns, 37.1602 ns/op
WorkloadActual   3: 16777216 op, 625692891.00 ns, 37.2942 ns/op
WorkloadActual   4: 16777216 op, 622813842.00 ns, 37.1226 ns/op
WorkloadActual   5: 16777216 op, 588958907.00 ns, 35.1047 ns/op

// AfterActualRun
WorkloadResult   1: 16777216 op, 564232646.00 ns, 33.6309 ns/op
WorkloadResult   2: 16777216 op, 566480140.00 ns, 33.7648 ns/op
WorkloadResult   3: 16777216 op, 563601091.00 ns, 33.5932 ns/op
WorkloadResult   4: 16777216 op, 529746156.00 ns, 31.5753 ns/op
// GC:  64 0 0 805307440 16777216
// Threading:  0 0 16777216

// AfterAll
// Benchmark Process 1435 has exited with code 0.

Mean = 33.141 ns, StdErr = 0.523 ns (1.58%), N = 4, StdDev = 1.046 ns
Min = 31.575 ns, Q1 = 33.089 ns, Median = 33.612 ns, Q3 = 33.664 ns, Max = 33.765 ns
IQR = 0.576 ns, LowerFence = 32.225 ns, UpperFence = 34.528 ns
ConfidenceInterval = [26.379 ns; 39.903 ns] (CI 99.9%), Margin = 6.762 ns (20.40% of Mean)
Skewness = -0.74, Kurtosis = 1.31, MValue = 2

// ** Remained 64 (98.5%) benchmark(s) to run. Estimated finish 2026-08-02 4:21 (0h 9m from now) **
// **************************
// Benchmark: CollectionResolutionBenchmarks.Needlr_Reflection_ResolveCollection: ShortRun(IterationCount=5, LaunchCount=1, WarmupCount=3)
// *** Execute ***
// Launch: 1 / 1
// Execute: dotnet 7626e42a-34fe-4a7e-846b-e96fd185430e.dll --anonymousPipes 159 160 --benchmarkName NexusLabs.Needlr.Benchmarks.Benchmarks.CollectionResolutionBenchmarks.Needlr_Reflection_ResolveCollection --job ShortRun --benchmarkId 1 in /actions-runner/_work/needlr/needlr/src/NexusLabs.Needlr.Benchmarks/bin/Release/net10.0/7626e42a-34fe-4a7e-846b-e96fd185430e/bin/Release/net10.0
// Failed to set up high priority (Permission denied). In order to run benchmarks with high priority, make sure you have the right permissions.
// BeforeAnythingElse

// Benchmark Process Environment Information:
// BenchmarkDotNet v0.14.0
// Runtime=.NET 10.0.10 (10.0.1026.32716), X64 RyuJIT AVX2
// GC=Concurrent Workstation
// HardwareIntrinsics=AVX2,AES,BMI1,BMI2,FMA,LZCNT,PCLMUL,POPCNT,AvxVnni,SERIALIZE VectorSize=256
// Job: ShortRun(IterationCount=5, LaunchCount=1, WarmupCount=3)

OverheadJitting  1: 1 op, 429270.00 ns, 429.2700 us/op
WorkloadJitting  1: 1 op, 5352125.00 ns, 5.3521 ms/op

OverheadJitting  2: 16 op, 395130.00 ns, 24.6956 us/op
WorkloadJitting  2: 16 op, 490990.00 ns, 30.6869 us/op

WorkloadPilot    1: 16 op, 18557.00 ns, 1.1598 us/op
WorkloadPilot    2: 32 op, 27121.00 ns, 847.5313 ns/op
WorkloadPilot    3: 64 op, 15002.00 ns, 234.4063 ns/op
WorkloadPilot    4: 128 op, 40333.00 ns, 315.1016 ns/op
WorkloadPilot    5: 256 op, 50455.00 ns, 197.0898 ns/op
WorkloadPilot    6: 512 op, 79694.00 ns, 155.6523 ns/op
WorkloadPilot    7: 1024 op, 158231.00 ns, 154.5225 ns/op
WorkloadPilot    8: 2048 op, 501533.00 ns, 244.8892 ns/op
WorkloadPilot    9: 4096 op, 609306.00 ns, 148.7563 ns/op
WorkloadPilot   10: 8192 op, 1323246.00 ns, 161.5291 ns/op
WorkloadPilot   11: 16384 op, 2318785.00 ns, 141.5274 ns/op
WorkloadPilot   12: 32768 op, 4768780.00 ns, 145.5316 ns/op
WorkloadPilot   13: 65536 op, 9817877.00 ns, 149.8089 ns/op
WorkloadPilot   14: 131072 op, 19244469.00 ns, 146.8236 ns/op
WorkloadPilot   15: 262144 op, 33784906.00 ns, 128.8792 ns/op
WorkloadPilot   16: 524288 op, 69963517.00 ns, 133.4448 ns/op
WorkloadPilot   17: 1048576 op, 33908833.00 ns, 32.3380 ns/op
WorkloadPilot   18: 2097152 op, 72220731.00 ns, 34.4375 ns/op
WorkloadPilot   19: 4194304 op, 136645707.00 ns, 32.5789 ns/op
WorkloadPilot   20: 8388608 op, 297460670.00 ns, 35.4601 ns/op
WorkloadPilot   21: 16777216 op, 561586323.00 ns, 33.4732 ns/op

OverheadWarmup   1: 16777216 op, 71059747.00 ns, 4.2355 ns/op
OverheadWarmup   2: 16777216 op, 65918212.00 ns, 3.9290 ns/op
OverheadWarmup   3: 16777216 op, 59251592.00 ns, 3.5317 ns/op
OverheadWarmup   4: 16777216 op, 54812292.00 ns, 3.2671 ns/op
OverheadWarmup   5: 16777216 op, 61489457.00 ns, 3.6651 ns/op
OverheadWarmup   6: 16777216 op, 62444551.00 ns, 3.7220 ns/op
OverheadWarmup   7: 16777216 op, 63316914.00 ns, 3.7740 ns/op
OverheadWarmup   8: 16777216 op, 62799794.00 ns, 3.7432 ns/op
OverheadWarmup   9: 16777216 op, 62469883.00 ns, 3.7235 ns/op
OverheadWarmup  10: 16777216 op, 58941116.00 ns, 3.5132 ns/op

OverheadActual   1: 16777216 op, 62461762.00 ns, 3.7230 ns/op
OverheadActual   2: 16777216 op, 57889100.00 ns, 3.4505 ns/op
OverheadActual   3: 16777216 op, 56429072.00 ns, 3.3634 ns/op
OverheadActual   4: 16777216 op, 54416005.00 ns, 3.2434 ns/op
OverheadActual   5: 16777216 op, 56534130.00 ns, 3.3697 ns/op
OverheadActual   6: 16777216 op, 53272244.00 ns, 3.1753 ns/op
OverheadActual   7: 16777216 op, 62055181.00 ns, 3.6988 ns/op
OverheadActual   8: 16777216 op, 61431527.00 ns, 3.6616 ns/op
OverheadActual   9: 16777216 op, 58417997.00 ns, 3.4820 ns/op
OverheadActual  10: 16777216 op, 56100179.00 ns, 3.3438 ns/op
OverheadActual  11: 16777216 op, 53136264.00 ns, 3.1672 ns/op
OverheadActual  12: 16777216 op, 58745057.00 ns, 3.5015 ns/op
OverheadActual  13: 16777216 op, 63278387.00 ns, 3.7717 ns/op
OverheadActual  14: 16777216 op, 59866052.00 ns, 3.5683 ns/op
OverheadActual  15: 16777216 op, 69931091.00 ns, 4.1682 ns/op
OverheadActual  16: 16777216 op, 66536889.00 ns, 3.9659 ns/op
OverheadActual  17: 16777216 op, 62495252.00 ns, 3.7250 ns/op
OverheadActual  18: 16777216 op, 58147223.00 ns, 3.4658 ns/op
OverheadActual  19: 16777216 op, 56490774.00 ns, 3.3671 ns/op
OverheadActual  20: 16777216 op, 56833923.00 ns, 3.3876 ns/op

WorkloadWarmup   1: 16777216 op, 601700383.00 ns, 35.8641 ns/op
WorkloadWarmup   2: 16777216 op, 720419815.00 ns, 42.9404 ns/op
WorkloadWarmup   3: 16777216 op, 789360464.00 ns, 47.0496 ns/op

// BeforeActualRun
WorkloadActual   1: 16777216 op, 738147622.00 ns, 43.9970 ns/op
WorkloadActual   2: 16777216 op, 666733691.00 ns, 39.7404 ns/op
WorkloadActual   3: 16777216 op, 622576576.00 ns, 37.1085 ns/op
WorkloadActual   4: 16777216 op, 605432791.00 ns, 36.0866 ns/op
WorkloadActual   5: 16777216 op, 634767021.00 ns, 37.8351 ns/op

// AfterActualRun
WorkloadResult   1: 16777216 op, 608451081.00 ns, 36.2665 ns/op
WorkloadResult   2: 16777216 op, 564293966.00 ns, 33.6345 ns/op
WorkloadResult   3: 16777216 op, 547150181.00 ns, 32.6127 ns/op
WorkloadResult   4: 16777216 op, 576484411.00 ns, 34.3611 ns/op
// GC:  64 0 0 805307440 16777216
// Threading:  0 0 16777216

// AfterAll
// Benchmark Process 1445 has exited with code 0.

Mean = 34.219 ns, StdErr = 0.771 ns (2.25%), N = 4, StdDev = 1.542 ns
Min = 32.613 ns, Q1 = 33.379 ns, Median = 33.998 ns, Q3 = 34.837 ns, Max = 36.267 ns
IQR = 1.458 ns, LowerFence = 31.191 ns, UpperFence = 37.025 ns
ConfidenceInterval = [24.254 ns; 44.184 ns] (CI 99.9%), Margin = 9.965 ns (29.12% of Mean)
Skewness = 0.29, Kurtosis = 1.08, MValue = 2

// ** Remained 63 (96.9%) benchmark(s) to run. Estimated finish 2026-08-02 4:21 (0h 9m from now) **
// **************************
// Benchmark: CollectionResolutionBenchmarks.Needlr_SourceGen_ResolveCollection: ShortRun(IterationCount=5, LaunchCount=1, WarmupCount=3)
// *** Execute ***
// Launch: 1 / 1
// Execute: dotnet 7626e42a-34fe-4a7e-846b-e96fd185430e.dll --anonymousPipes 159 160 --benchmarkName NexusLabs.Needlr.Benchmarks.Benchmarks.CollectionResolutionBenchmarks.Needlr_SourceGen_ResolveCollection --job ShortRun --benchmarkId 2 in /actions-runner/_work/needlr/needlr/src/NexusLabs.Needlr.Benchmarks/bin/Release/net10.0/7626e42a-34fe-4a7e-846b-e96fd185430e/bin/Release/net10.0
// Failed to set up high priority (Permission denied). In order to run benchmarks with high priority, make sure you have the right permissions.
// BeforeAnythingElse

// Benchmark Process Environment Information:
// BenchmarkDotNet v0.14.0
// Runtime=.NET 10.0.10 (10.0.1026.32716), X64 RyuJIT AVX2
// GC=Concurrent Workstation
// HardwareIntrinsics=AVX2,AES,BMI1,BMI2,FMA,LZCNT,PCLMUL,POPCNT,AvxVnni,SERIALIZE VectorSize=256
// Job: ShortRun(IterationCount=5, LaunchCount=1, WarmupCount=3)

OverheadJitting  1: 1 op, 340963.00 ns, 340.9630 us/op
WorkloadJitting  1: 1 op, 6220848.00 ns, 6.2208 ms/op

OverheadJitting  2: 16 op, 549573.00 ns, 34.3483 us/op
WorkloadJitting  2: 16 op, 833334.00 ns, 52.0834 us/op

WorkloadPilot    1: 16 op, 42082.00 ns, 2.6301 us/op
WorkloadPilot    2: 32 op, 62473.00 ns, 1.9523 us/op
WorkloadPilot    3: 64 op, 53442.00 ns, 835.0313 ns/op
WorkloadPilot    4: 128 op, 59093.00 ns, 461.6641 ns/op
WorkloadPilot    5: 256 op, 60761.00 ns, 237.3477 ns/op
WorkloadPilot    6: 512 op, 95031.00 ns, 185.6074 ns/op
WorkloadPilot    7: 1024 op, 192143.00 ns, 187.6396 ns/op
WorkloadPilot    8: 2048 op, 576977.00 ns, 281.7271 ns/op
WorkloadPilot    9: 4096 op, 668081.00 ns, 163.1057 ns/op
WorkloadPilot   10: 8192 op, 1394050.00 ns, 170.1721 ns/op
WorkloadPilot   11: 16384 op, 2614427.00 ns, 159.5720 ns/op
WorkloadPilot   12: 32768 op, 5131846.00 ns, 156.6115 ns/op
WorkloadPilot   13: 65536 op, 9868202.00 ns, 150.5768 ns/op
WorkloadPilot   14: 131072 op, 24959013.00 ns, 190.4222 ns/op
WorkloadPilot   15: 262144 op, 37497470.00 ns, 143.0415 ns/op
WorkloadPilot   16: 524288 op, 50200549.00 ns, 95.7499 ns/op
WorkloadPilot   17: 1048576 op, 33172770.00 ns, 31.6360 ns/op
WorkloadPilot   18: 2097152 op, 69424320.00 ns, 33.1041 ns/op
WorkloadPilot   19: 4194304 op, 135196012.00 ns, 32.2332 ns/op
WorkloadPilot   20: 8388608 op, 379492778.00 ns, 45.2391 ns/op
WorkloadPilot   21: 16777216 op, 821985817.00 ns, 48.9942 ns/op

OverheadWarmup   1: 16777216 op, 85761141.00 ns, 5.1118 ns/op
OverheadWarmup   2: 16777216 op, 101323536.00 ns, 6.0394 ns/op
OverheadWarmup   3: 16777216 op, 77449762.00 ns, 4.6164 ns/op
OverheadWarmup   4: 16777216 op, 76475171.00 ns, 4.5583 ns/op
OverheadWarmup   5: 16777216 op, 66627010.00 ns, 3.9713 ns/op
OverheadWarmup   6: 16777216 op, 66276666.00 ns, 3.9504 ns/op
OverheadWarmup   7: 16777216 op, 67805882.00 ns, 4.0415 ns/op
OverheadWarmup   8: 16777216 op, 68021998.00 ns, 4.0544 ns/op
OverheadWarmup   9: 16777216 op, 65885814.00 ns, 3.9271 ns/op

OverheadActual   1: 16777216 op, 66850852.00 ns, 3.9846 ns/op
OverheadActual   2: 16777216 op, 64464786.00 ns, 3.8424 ns/op
OverheadActual   3: 16777216 op, 64131720.00 ns, 3.8225 ns/op
OverheadActual   4: 16777216 op, 71889954.00 ns, 4.2850 ns/op
OverheadActual   5: 16777216 op, 69086322.00 ns, 4.1179 ns/op
OverheadActual   6: 16777216 op, 72704608.00 ns, 4.3335 ns/op
OverheadActual   7: 16777216 op, 76195884.00 ns, 4.5416 ns/op
OverheadActual   8: 16777216 op, 81167184.00 ns, 4.8379 ns/op
OverheadActual   9: 16777216 op, 63352812.00 ns, 3.7761 ns/op
OverheadActual  10: 16777216 op, 58512421.00 ns, 3.4876 ns/op
OverheadActual  11: 16777216 op, 58275266.00 ns, 3.4735 ns/op
OverheadActual  12: 16777216 op, 55868637.00 ns, 3.3300 ns/op
OverheadActual  13: 16777216 op, 55198236.00 ns, 3.2901 ns/op
OverheadActual  14: 16777216 op, 56398735.00 ns, 3.3616 ns/op
OverheadActual  15: 16777216 op, 61297454.00 ns, 3.6536 ns/op
OverheadActual  16: 16777216 op, 56034161.00 ns, 3.3399 ns/op
OverheadActual  17: 16777216 op, 60300727.00 ns, 3.5942 ns/op
OverheadActual  18: 16777216 op, 59285431.00 ns, 3.5337 ns/op
OverheadActual  19: 16777216 op, 58983841.00 ns, 3.5157 ns/op
OverheadActual  20: 16777216 op, 62257776.00 ns, 3.7109 ns/op

WorkloadWarmup   1: 16777216 op, 646016769.00 ns, 38.5056 ns/op
WorkloadWarmup   2: 16777216 op, 656519873.00 ns, 39.1316 ns/op
WorkloadWarmup   3: 16777216 op, 791268032.00 ns, 47.1632 ns/op

// BeforeActualRun
WorkloadActual   1: 16777216 op, 702507404.00 ns, 41.8727 ns/op
WorkloadActual   2: 16777216 op, 653604927.00 ns, 38.9579 ns/op
WorkloadActual   3: 16777216 op, 738422068.00 ns, 44.0134 ns/op
WorkloadActual   4: 16777216 op, 774321222.00 ns, 46.1531 ns/op
WorkloadActual   5: 16777216 op, 612158123.00 ns, 36.4875 ns/op

// AfterActualRun
WorkloadResult   1: 16777216 op, 640729789.00 ns, 38.1905 ns/op
WorkloadResult   2: 16777216 op, 591827312.00 ns, 35.2757 ns/op
WorkloadResult   3: 16777216 op, 676644453.00 ns, 40.3312 ns/op
WorkloadResult   4: 16777216 op, 712543607.00 ns, 42.4709 ns/op
WorkloadResult   5: 16777216 op, 550380508.00 ns, 32.8052 ns/op
// GC:  64 0 0 805307152 16777216
// Threading:  0 0 16777216

// AfterAll
// Benchmark Process 1454 has exited with code 0.

Mean = 37.815 ns, StdErr = 1.728 ns (4.57%), N = 5, StdDev = 3.863 ns
Min = 32.805 ns, Q1 = 35.276 ns, Median = 38.190 ns, Q3 = 40.331 ns, Max = 42.471 ns
IQR = 5.055 ns, LowerFence = 27.692 ns, UpperFence = 47.914 ns
ConfidenceInterval = [22.939 ns; 52.690 ns] (CI 99.9%), Margin = 14.876 ns (39.34% of Mean)
Skewness = -0.09, Kurtosis = 1.06, MValue = 2

// ** Remained 62 (95.4%) benchmark(s) to run. Estimated finish 2026-08-02 4:22 (0h 9m from now) **
// ***** BenchmarkRunner: Finish  *****

// * Export *
  actions-runner/_work/needlr/needlr/benchmark-results/results/NexusLabs.Needlr.Benchmarks.Benchmarks.CollectionResolutionBenchmarks-report.csv
  actions-runner/_work/needlr/needlr/benchmark-results/results/NexusLabs.Needlr.Benchmarks.Benchmarks.CollectionResolutionBenchmarks-report-github.md
  actions-runner/_work/needlr/needlr/benchmark-results/results/NexusLabs.Needlr.Benchmarks.Benchmarks.CollectionResolutionBenchmarks-report.html
  actions-runner/_work/needlr/needlr/benchmark-results/results/NexusLabs.Needlr.Benchmarks.Benchmarks.CollectionResolutionBenchmarks-report-full-compressed.json
  actions-runner/_work/needlr/needlr/benchmark-results/results/NexusLabs.Needlr.Benchmarks.Benchmarks.CollectionResolutionBenchmarks-report-default.md

// * Detailed results *
CollectionResolutionBenchmarks.ManualDI_ResolveCollection: ShortRun(IterationCount=5, LaunchCount=1, WarmupCount=3)
Runtime = .NET 10.0.10 (10.0.1026.32716), X64 RyuJIT AVX2; GC = Concurrent Workstation
Mean = 33.141 ns, StdErr = 0.523 ns (1.58%), N = 4, StdDev = 1.046 ns
Min = 31.575 ns, Q1 = 33.089 ns, Median = 33.612 ns, Q3 = 33.664 ns, Max = 33.765 ns
IQR = 0.576 ns, LowerFence = 32.225 ns, UpperFence = 34.528 ns
ConfidenceInterval = [26.379 ns; 39.903 ns] (CI 99.9%), Margin = 6.762 ns (20.40% of Mean)
Skewness = -0.74, Kurtosis = 1.31, MValue = 2
-------------------- Histogram --------------------
[30.710 ns ; 32.814 ns) | @
[32.814 ns ; 34.630 ns) | @@@
---------------------------------------------------

CollectionResolutionBenchmarks.Needlr_Reflection_ResolveCollection: ShortRun(IterationCount=5, LaunchCount=1, WarmupCount=3)
Runtime = .NET 10.0.10 (10.0.1026.32716), X64 RyuJIT AVX2; GC = Concurrent Workstation
Mean = 34.219 ns, StdErr = 0.771 ns (2.25%), N = 4, StdDev = 1.542 ns
Min = 32.613 ns, Q1 = 33.379 ns, Median = 33.998 ns, Q3 = 34.837 ns, Max = 36.267 ns
IQR = 1.458 ns, LowerFence = 31.191 ns, UpperFence = 37.025 ns
ConfidenceInterval = [24.254 ns; 44.184 ns] (CI 99.9%), Margin = 9.965 ns (29.12% of Mean)
Skewness = 0.29, Kurtosis = 1.08, MValue = 2
-------------------- Histogram --------------------
[32.212 ns ; 34.762 ns) | @@@
[34.762 ns ; 37.542 ns) | @
---------------------------------------------------

CollectionResolutionBenchmarks.Needlr_SourceGen_ResolveCollection: ShortRun(IterationCount=5, LaunchCount=1, WarmupCount=3)
Runtime = .NET 10.0.10 (10.0.1026.32716), X64 RyuJIT AVX2; GC = Concurrent Workstation
Mean = 37.815 ns, StdErr = 1.728 ns (4.57%), N = 5, StdDev = 3.863 ns
Min = 32.805 ns, Q1 = 35.276 ns, Median = 38.190 ns, Q3 = 40.331 ns, Max = 42.471 ns
IQR = 5.055 ns, LowerFence = 27.692 ns, UpperFence = 47.914 ns
ConfidenceInterval = [22.939 ns; 52.690 ns] (CI 99.9%), Margin = 14.876 ns (39.34% of Mean)
Skewness = -0.09, Kurtosis = 1.06, MValue = 2
-------------------- Histogram --------------------
[31.075 ns ; 37.365 ns) | @@
[37.365 ns ; 43.296 ns) | @@@
---------------------------------------------------

// * Summary *

BenchmarkDotNet v0.14.0, Ubuntu 24.04.4 LTS (Noble Numbat)
12th Gen Intel Core i7-12700H, 1 CPU, 20 logical and 10 physical cores
.NET SDK 10.0.302
  [Host]   : .NET 10.0.10 (10.0.1026.32716), X64 RyuJIT AVX2
  ShortRun : .NET 10.0.10 (10.0.1026.32716), X64 RyuJIT AVX2

Job=ShortRun  IterationCount=5  LaunchCount=1  
WarmupCount=3  

| Method                              | Mean     | Error     | StdDev   | Ratio | RatioSD | Rank | Gen0   | Allocated | Alloc Ratio |
|------------------------------------ |---------:|----------:|---------:|------:|--------:|-----:|-------:|----------:|------------:|
| ManualDI_ResolveCollection          | 33.14 ns |  6.762 ns | 1.046 ns |  1.00 |    0.04 |    1 | 0.0038 |      48 B |        1.00 |
| Needlr_Reflection_ResolveCollection | 34.22 ns |  9.965 ns | 1.542 ns |  1.03 |    0.05 |    1 | 0.0038 |      48 B |        1.00 |
| Needlr_SourceGen_ResolveCollection  | 37.81 ns | 14.876 ns | 3.863 ns |  1.14 |    0.11 |    1 | 0.0038 |      48 B |        1.00 |

// * Hints *
Outliers
  CollectionResolutionBenchmarks.ManualDI_ResolveCollection: ShortRun          -> 1 outlier  was  removed, 2 outliers were detected (35.10 ns, 39.56 ns)
  CollectionResolutionBenchmarks.Needlr_Reflection_ResolveCollection: ShortRun -> 1 outlier  was  removed (44.00 ns)
// * Config Issues *

// * Warnings *
Configuration
  Summary -> The exporter HtmlExporter is already present in configuration. There may be unexpected results.

// * Legends *
  Mean        : Arithmetic mean of all measurements
  Error       : Half of 99.9% confidence interval
  StdDev      : Standard deviation of all measurements
  Ratio       : Mean of the ratio distribution ([Current]/[Baseline])
  RatioSD     : Standard deviation of the ratio distribution ([Current]/[Baseline])
  Rank        : Relative position of current benchmark mean among all benchmarks (Arabic style)
  Gen0        : GC Generation 0 collects per 1000 operations
  Allocated   : Allocated memory per single operation (managed only, inclusive, 1KB = 1024B)
  Alloc Ratio : Allocated memory ratio distribution ([Current]/[Baseline])
  1 ns        : 1 Nanosecond (0.000000001 sec)

// * Diagnostic Output - MemoryDiagnoser *


// ***** BenchmarkRunner: End *****
Run time: 00:00:28 (28.37 sec), executed benchmarks: 3

// Found 4 benchmarks:
//   CreatePluginsFromGenericTypeBenchmarks.Reflection_AssemblyListProvided: ShortRun(IterationCount=5, LaunchCount=1, WarmupCount=3)
//   CreatePluginsFromGenericTypeBenchmarks.SourceGen_AssemblyListProvided: ShortRun(IterationCount=5, LaunchCount=1, WarmupCount=3)
//   CreatePluginsFromGenericTypeBenchmarks.SourceGen_EmptyAssemblyList: ShortRun(IterationCount=5, LaunchCount=1, WarmupCount=3)
//   CreatePluginsFromGenericTypeBenchmarks.SourceGen_ParameterlessOverload: ShortRun(IterationCount=5, LaunchCount=1, WarmupCount=3)

// **************************
// Benchmark: CreatePluginsFromGenericTypeBenchmarks.Reflection_AssemblyListProvided: ShortRun(IterationCount=5, LaunchCount=1, WarmupCount=3)
// *** Execute ***
// Launch: 1 / 1
// Execute: dotnet 7626e42a-34fe-4a7e-846b-e96fd185430e.dll --anonymousPipes 165 166 --benchmarkName NexusLabs.Needlr.Benchmarks.Benchmarks.CreatePluginsFromGenericTypeBenchmarks.Reflection_AssemblyListProvided --job ShortRun --benchmarkId 3 in /actions-runner/_work/needlr/needlr/src/NexusLabs.Needlr.Benchmarks/bin/Release/net10.0/7626e42a-34fe-4a7e-846b-e96fd185430e/bin/Release/net10.0
// Failed to set up high priority (Permission denied). In order to run benchmarks with high priority, make sure you have the right permissions.
// BeforeAnythingElse

// Benchmark Process Environment Information:
// BenchmarkDotNet v0.14.0
// Runtime=.NET 10.0.10 (10.0.1026.32716), X64 RyuJIT AVX2
// GC=Concurrent Workstation
// HardwareIntrinsics=AVX2,AES,BMI1,BMI2,FMA,LZCNT,PCLMUL,POPCNT,AvxVnni,SERIALIZE VectorSize=256
// Job: ShortRun(IterationCount=5, LaunchCount=1, WarmupCount=3)

OverheadJitting  1: 1 op, 335689.00 ns, 335.6890 us/op
WorkloadJitting  1: 1 op, 9450733.00 ns, 9.4507 ms/op

OverheadJitting  2: 16 op, 627986.00 ns, 39.2491 us/op
WorkloadJitting  2: 16 op, 1228741.00 ns, 76.7963 us/op

WorkloadPilot    1: 16 op, 528846.00 ns, 33.0529 us/op
WorkloadPilot    2: 32 op, 1089868.00 ns, 34.0584 us/op
WorkloadPilot    3: 64 op, 1749099.00 ns, 27.3297 us/op
WorkloadPilot    4: 128 op, 3584089.00 ns, 28.0007 us/op
WorkloadPilot    5: 256 op, 6527637.00 ns, 25.4986 us/op
WorkloadPilot    6: 512 op, 12100647.00 ns, 23.6341 us/op
WorkloadPilot    7: 1024 op, 28829959.00 ns, 28.1543 us/op
WorkloadPilot    8: 2048 op, 69405967.00 ns, 33.8896 us/op
WorkloadPilot    9: 4096 op, 301396402.00 ns, 73.5831 us/op
WorkloadPilot   10: 8192 op, 421146307.00 ns, 51.4095 us/op
WorkloadPilot   11: 16384 op, 224232645.00 ns, 13.6861 us/op
WorkloadPilot   12: 32768 op, 303642380.00 ns, 9.2664 us/op
WorkloadPilot   13: 65536 op, 516810533.00 ns, 7.8859 us/op

OverheadWarmup   1: 65536 op, 302643.00 ns, 4.6180 ns/op
OverheadWarmup   2: 65536 op, 304136.00 ns, 4.6407 ns/op
OverheadWarmup   3: 65536 op, 299990.00 ns, 4.5775 ns/op
OverheadWarmup   4: 65536 op, 286843.00 ns, 4.3769 ns/op
OverheadWarmup   5: 65536 op, 294468.00 ns, 4.4932 ns/op
OverheadWarmup   6: 65536 op, 310608.00 ns, 4.7395 ns/op
OverheadWarmup   7: 65536 op, 323822.00 ns, 4.9411 ns/op
OverheadWarmup   8: 65536 op, 287771.00 ns, 4.3910 ns/op

OverheadActual   1: 65536 op, 267954.00 ns, 4.0887 ns/op
OverheadActual   2: 65536 op, 279559.00 ns, 4.2657 ns/op
OverheadActual   3: 65536 op, 266541.00 ns, 4.0671 ns/op
OverheadActual   4: 65536 op, 268535.00 ns, 4.0975 ns/op
OverheadActual   5: 65536 op, 262582.00 ns, 4.0067 ns/op
OverheadActual   6: 65536 op, 299263.00 ns, 4.5664 ns/op
OverheadActual   7: 65536 op, 279102.00 ns, 4.2588 ns/op
OverheadActual   8: 65536 op, 263582.00 ns, 4.0219 ns/op
OverheadActual   9: 65536 op, 262744.00 ns, 4.0092 ns/op
OverheadActual  10: 65536 op, 259710.00 ns, 3.9629 ns/op
OverheadActual  11: 65536 op, 264460.00 ns, 4.0353 ns/op
OverheadActual  12: 65536 op, 261819.00 ns, 3.9950 ns/op
OverheadActual  13: 65536 op, 264675.00 ns, 4.0386 ns/op
OverheadActual  14: 65536 op, 274610.00 ns, 4.1902 ns/op
OverheadActual  15: 65536 op, 269473.00 ns, 4.1118 ns/op

WorkloadWarmup   1: 65536 op, 520353701.00 ns, 7.9400 us/op
WorkloadWarmup   2: 65536 op, 485353074.00 ns, 7.4059 us/op
WorkloadWarmup   3: 65536 op, 592525214.00 ns, 9.0412 us/op

// BeforeActualRun
WorkloadActual   1: 65536 op, 511739575.00 ns, 7.8085 us/op
WorkloadActual   2: 65536 op, 557080329.00 ns, 8.5004 us/op
WorkloadActual   3: 65536 op, 489436559.00 ns, 7.4682 us/op
WorkloadActual   4: 65536 op, 533118873.00 ns, 8.1347 us/op
WorkloadActual   5: 65536 op, 492903120.00 ns, 7.5211 us/op

// AfterActualRun
WorkloadResult   1: 65536 op, 511473034.00 ns, 7.8045 us/op
WorkloadResult   2: 65536 op, 556813788.00 ns, 8.4963 us/op
WorkloadResult   3: 65536 op, 489170018.00 ns, 7.4641 us/op
WorkloadResult   4: 65536 op, 532852332.00 ns, 8.1307 us/op
WorkloadResult   5: 65536 op, 492636579.00 ns, 7.5170 us/op
// GC:  15 0 0 197256032 65536
// Threading:  0 0 65536

// AfterAll
// Benchmark Process 1469 has exited with code 0.

Mean = 7.883 μs, StdErr = 0.194 μs (2.46%), N = 5, StdDev = 0.434 μs
Min = 7.464 μs, Q1 = 7.517 μs, Median = 7.804 μs, Q3 = 8.131 μs, Max = 8.496 μs
IQR = 0.614 μs, LowerFence = 6.597 μs, UpperFence = 9.051 μs
ConfidenceInterval = [6.212 μs; 9.553 μs] (CI 99.9%), Margin = 1.671 μs (21.20% of Mean)
Skewness = 0.3, Kurtosis = 1.1, MValue = 2

// ** Remained 61 (93.8%) benchmark(s) to run. Estimated finish 2026-08-02 4:21 (0h 8m from now) **
// **************************
// Benchmark: CreatePluginsFromGenericTypeBenchmarks.SourceGen_AssemblyListProvided: ShortRun(IterationCount=5, LaunchCount=1, WarmupCount=3)
// *** Execute ***
// Launch: 1 / 1
// Execute: dotnet 7626e42a-34fe-4a7e-846b-e96fd185430e.dll --anonymousPipes 165 166 --benchmarkName NexusLabs.Needlr.Benchmarks.Benchmarks.CreatePluginsFromGenericTypeBenchmarks.SourceGen_AssemblyListProvided --job ShortRun --benchmarkId 4 in /actions-runner/_work/needlr/needlr/src/NexusLabs.Needlr.Benchmarks/bin/Release/net10.0/7626e42a-34fe-4a7e-846b-e96fd185430e/bin/Release/net10.0
// Failed to set up high priority (Permission denied). In order to run benchmarks with high priority, make sure you have the right permissions.
// BeforeAnythingElse

// Benchmark Process Environment Information:
// BenchmarkDotNet v0.14.0
// Runtime=.NET 10.0.10 (10.0.1026.32716), X64 RyuJIT AVX2
// GC=Concurrent Workstation
// HardwareIntrinsics=AVX2,AES,BMI1,BMI2,FMA,LZCNT,PCLMUL,POPCNT,AvxVnni,SERIALIZE VectorSize=256
// Job: ShortRun(IterationCount=5, LaunchCount=1, WarmupCount=3)

OverheadJitting  1: 1 op, 441490.00 ns, 441.4900 us/op
WorkloadJitting  1: 1 op, 19428063.00 ns, 19.4281 ms/op

OverheadJitting  2: 16 op, 602469.00 ns, 37.6543 us/op
WorkloadJitting  2: 16 op, 2517699.00 ns, 157.3562 us/op

WorkloadPilot    1: 16 op, 1336985.00 ns, 83.5616 us/op
WorkloadPilot    2: 32 op, 1870785.00 ns, 58.4620 us/op
WorkloadPilot    3: 64 op, 6638755.00 ns, 103.7305 us/op
WorkloadPilot    4: 128 op, 13093021.00 ns, 102.2892 us/op
WorkloadPilot    5: 256 op, 19977105.00 ns, 78.0356 us/op
WorkloadPilot    6: 512 op, 29746562.00 ns, 58.0988 us/op
WorkloadPilot    7: 1024 op, 44369631.00 ns, 43.3297 us/op
WorkloadPilot    8: 2048 op, 97622341.00 ns, 47.6672 us/op
WorkloadPilot    9: 4096 op, 159962477.00 ns, 39.0533 us/op
WorkloadPilot   10: 8192 op, 333998065.00 ns, 40.7712 us/op
WorkloadPilot   11: 16384 op, 430157683.00 ns, 26.2547 us/op
WorkloadPilot   12: 32768 op, 681636526.00 ns, 20.8019 us/op

OverheadWarmup   1: 32768 op, 146086.00 ns, 4.4582 ns/op
OverheadWarmup   2: 32768 op, 143806.00 ns, 4.3886 ns/op
OverheadWarmup   3: 32768 op, 146448.00 ns, 4.4692 ns/op
OverheadWarmup   4: 32768 op, 143785.00 ns, 4.3880 ns/op
OverheadWarmup   5: 32768 op, 147144.00 ns, 4.4905 ns/op
OverheadWarmup   6: 32768 op, 140747.00 ns, 4.2953 ns/op

OverheadActual   1: 32768 op, 141865.00 ns, 4.3294 ns/op
OverheadActual   2: 32768 op, 136351.00 ns, 4.1611 ns/op
OverheadActual   3: 32768 op, 138025.00 ns, 4.2122 ns/op
OverheadActual   4: 32768 op, 132194.00 ns, 4.0342 ns/op
OverheadActual   5: 32768 op, 137725.00 ns, 4.2030 ns/op
OverheadActual   6: 32768 op, 129858.00 ns, 3.9630 ns/op
OverheadActual   7: 32768 op, 138023.00 ns, 4.2121 ns/op
OverheadActual   8: 32768 op, 132594.00 ns, 4.0464 ns/op
OverheadActual   9: 32768 op, 137867.00 ns, 4.2074 ns/op
OverheadActual  10: 32768 op, 137207.00 ns, 4.1872 ns/op
OverheadActual  11: 32768 op, 143569.00 ns, 4.3814 ns/op
OverheadActual  12: 32768 op, 143807.00 ns, 4.3886 ns/op
OverheadActual  13: 32768 op, 133525.00 ns, 4.0749 ns/op
OverheadActual  14: 32768 op, 194157.00 ns, 5.9252 ns/op
OverheadActual  15: 32768 op, 133901.00 ns, 4.0863 ns/op

WorkloadWarmup   1: 32768 op, 664481380.00 ns, 20.2784 us/op
WorkloadWarmup   2: 32768 op, 688379312.00 ns, 21.0077 us/op
WorkloadWarmup   3: 32768 op, 721686911.00 ns, 22.0241 us/op

// BeforeActualRun
WorkloadActual   1: 32768 op, 706298601.00 ns, 21.5545 us/op
WorkloadActual   2: 32768 op, 679811879.00 ns, 20.7462 us/op
WorkloadActual   3: 32768 op, 694085812.00 ns, 21.1818 us/op
WorkloadActual   4: 32768 op, 716259103.00 ns, 21.8585 us/op
WorkloadActual   5: 32768 op, 850620409.00 ns, 25.9589 us/op

// AfterActualRun
WorkloadResult   1: 32768 op, 706160876.00 ns, 21.5503 us/op
WorkloadResult   2: 32768 op, 679674154.00 ns, 20.7420 us/op
WorkloadResult   3: 32768 op, 693948087.00 ns, 21.1776 us/op
WorkloadResult   4: 32768 op, 716121378.00 ns, 21.8543 us/op
// GC:  70 0 0 880542432 32768
// Threading:  0 0 32768

// AfterAll
// Benchmark Process 1481 has exited with code 0.

Mean = 21.331 μs, StdErr = 0.240 μs (1.13%), N = 4, StdDev = 0.480 μs
Min = 20.742 μs, Q1 = 21.069 μs, Median = 21.364 μs, Q3 = 21.626 μs, Max = 21.854 μs
IQR = 0.558 μs, LowerFence = 20.232 μs, UpperFence = 22.463 μs
ConfidenceInterval = [18.227 μs; 24.435 μs] (CI 99.9%), Margin = 3.104 μs (14.55% of Mean)
Skewness = -0.12, Kurtosis = 0.93, MValue = 2

// ** Remained 60 (92.3%) benchmark(s) to run. Estimated finish 2026-08-02 4:21 (0h 8m from now) **
// **************************
// Benchmark: CreatePluginsFromGenericTypeBenchmarks.SourceGen_EmptyAssemblyList: ShortRun(IterationCount=5, LaunchCount=1, WarmupCount=3)
// *** Execute ***
// Launch: 1 / 1
// Execute: dotnet 7626e42a-34fe-4a7e-846b-e96fd185430e.dll --anonymousPipes 165 166 --benchmarkName NexusLabs.Needlr.Benchmarks.Benchmarks.CreatePluginsFromGenericTypeBenchmarks.SourceGen_EmptyAssemblyList --job ShortRun --benchmarkId 5 in /actions-runner/_work/needlr/needlr/src/NexusLabs.Needlr.Benchmarks/bin/Release/net10.0/7626e42a-34fe-4a7e-846b-e96fd185430e/bin/Release/net10.0
// Failed to set up high priority (Permission denied). In order to run benchmarks with high priority, make sure you have the right permissions.
// BeforeAnythingElse

// Benchmark Process Environment Information:
// BenchmarkDotNet v0.14.0
// Runtime=.NET 10.0.10 (10.0.1026.32716), X64 RyuJIT AVX2
// GC=Concurrent Workstation
// HardwareIntrinsics=AVX2,AES,BMI1,BMI2,FMA,LZCNT,PCLMUL,POPCNT,AvxVnni,SERIALIZE VectorSize=256
// Job: ShortRun(IterationCount=5, LaunchCount=1, WarmupCount=3)

OverheadJitting  1: 1 op, 414459.00 ns, 414.4590 us/op
WorkloadJitting  1: 1 op, 11483561.00 ns, 11.4836 ms/op

OverheadJitting  2: 16 op, 479060.00 ns, 29.9413 us/op
WorkloadJitting  2: 16 op, 1183727.00 ns, 73.9829 us/op

WorkloadPilot    1: 16 op, 545100.00 ns, 34.0688 us/op
WorkloadPilot    2: 32 op, 1598143.00 ns, 49.9420 us/op
WorkloadPilot    3: 64 op, 6004547.00 ns, 93.8210 us/op
WorkloadPilot    4: 128 op, 5774850.00 ns, 45.1160 us/op
WorkloadPilot    5: 256 op, 12698282.00 ns, 49.6027 us/op
WorkloadPilot    6: 512 op, 18648354.00 ns, 36.4226 us/op
WorkloadPilot    7: 1024 op, 28721058.00 ns, 28.0479 us/op
WorkloadPilot    8: 2048 op, 61229168.00 ns, 29.8971 us/op
WorkloadPilot    9: 4096 op, 117945185.00 ns, 28.7952 us/op
WorkloadPilot   10: 8192 op, 182446381.00 ns, 22.2713 us/op
WorkloadPilot   11: 16384 op, 338628152.00 ns, 20.6682 us/op
WorkloadPilot   12: 32768 op, 625731395.00 ns, 19.0958 us/op

OverheadWarmup   1: 32768 op, 135607.00 ns, 4.1384 ns/op
OverheadWarmup   2: 32768 op, 134558.00 ns, 4.1064 ns/op
OverheadWarmup   3: 32768 op, 134657.00 ns, 4.1094 ns/op
OverheadWarmup   4: 32768 op, 167134.00 ns, 5.1005 ns/op
OverheadWarmup   5: 32768 op, 133532.00 ns, 4.0751 ns/op
OverheadWarmup   6: 32768 op, 137598.00 ns, 4.1992 ns/op
OverheadWarmup   7: 32768 op, 135525.00 ns, 4.1359 ns/op

OverheadActual   1: 32768 op, 134187.00 ns, 4.0951 ns/op
OverheadActual   2: 32768 op, 134808.00 ns, 4.1140 ns/op
OverheadActual   3: 32768 op, 134706.00 ns, 4.1109 ns/op
OverheadActual   4: 32768 op, 134499.00 ns, 4.1046 ns/op
OverheadActual   5: 32768 op, 134224.00 ns, 4.0962 ns/op
OverheadActual   6: 32768 op, 134364.00 ns, 4.1005 ns/op
OverheadActual   7: 32768 op, 121477.00 ns, 3.7072 ns/op
OverheadActual   8: 32768 op, 122559.00 ns, 3.7402 ns/op
OverheadActual   9: 32768 op, 120838.00 ns, 3.6877 ns/op
OverheadActual  10: 32768 op, 131484.00 ns, 4.0126 ns/op
OverheadActual  11: 32768 op, 134303.00 ns, 4.0986 ns/op
OverheadActual  12: 32768 op, 135642.00 ns, 4.1395 ns/op
OverheadActual  13: 32768 op, 133440.00 ns, 4.0723 ns/op
OverheadActual  14: 32768 op, 133769.00 ns, 4.0823 ns/op
OverheadActual  15: 32768 op, 132431.00 ns, 4.0415 ns/op

WorkloadWarmup   1: 32768 op, 675083255.00 ns, 20.6019 us/op
WorkloadWarmup   2: 32768 op, 623407791.00 ns, 19.0249 us/op
WorkloadWarmup   3: 32768 op, 622056552.00 ns, 18.9837 us/op

// BeforeActualRun
WorkloadActual   1: 32768 op, 602955182.00 ns, 18.4007 us/op
WorkloadActual   2: 32768 op, 607874621.00 ns, 18.5509 us/op
WorkloadActual   3: 32768 op, 610679321.00 ns, 18.6365 us/op
WorkloadActual   4: 32768 op, 591129973.00 ns, 18.0399 us/op
WorkloadActual   5: 32768 op, 601876091.00 ns, 18.3678 us/op

// AfterActualRun
WorkloadResult   1: 32768 op, 602820995.00 ns, 18.3966 us/op
WorkloadResult   2: 32768 op, 607740434.00 ns, 18.5468 us/op
WorkloadResult   3: 32768 op, 610545134.00 ns, 18.6324 us/op
WorkloadResult   4: 32768 op, 590995786.00 ns, 18.0358 us/op
WorkloadResult   5: 32768 op, 601741904.00 ns, 18.3637 us/op
// GC:  67 0 0 847512288 32768
// Threading:  0 0 32768

// AfterAll
// Benchmark Process 1489 has exited with code 0.

Mean = 18.395 μs, StdErr = 0.102 μs (0.56%), N = 5, StdDev = 0.229 μs
Min = 18.036 μs, Q1 = 18.364 μs, Median = 18.397 μs, Q3 = 18.547 μs, Max = 18.632 μs
IQR = 0.183 μs, LowerFence = 18.089 μs, UpperFence = 18.821 μs
ConfidenceInterval = [17.514 μs; 19.276 μs] (CI 99.9%), Margin = 0.881 μs (4.79% of Mean)
Skewness = -0.49, Kurtosis = 1.49, MValue = 2

// ** Remained 59 (90.8%) benchmark(s) to run. Estimated finish 2026-08-02 4:21 (0h 8m from now) **
// **************************
// Benchmark: CreatePluginsFromGenericTypeBenchmarks.SourceGen_ParameterlessOverload: ShortRun(IterationCount=5, LaunchCount=1, WarmupCount=3)
// *** Execute ***
// Launch: 1 / 1
// Execute: dotnet 7626e42a-34fe-4a7e-846b-e96fd185430e.dll --anonymousPipes 165 166 --benchmarkName NexusLabs.Needlr.Benchmarks.Benchmarks.CreatePluginsFromGenericTypeBenchmarks.SourceGen_ParameterlessOverload --job ShortRun --benchmarkId 6 in /actions-runner/_work/needlr/needlr/src/NexusLabs.Needlr.Benchmarks/bin/Release/net10.0/7626e42a-34fe-4a7e-846b-e96fd185430e/bin/Release/net10.0
// Failed to set up high priority (Permission denied). In order to run benchmarks with high priority, make sure you have the right permissions.
// BeforeAnythingElse

// Benchmark Process Environment Information:
// BenchmarkDotNet v0.14.0
// Runtime=.NET 10.0.10 (10.0.1026.32716), X64 RyuJIT AVX2
// GC=Concurrent Workstation
// HardwareIntrinsics=AVX2,AES,BMI1,BMI2,FMA,LZCNT,PCLMUL,POPCNT,AvxVnni,SERIALIZE VectorSize=256
// Job: ShortRun(IterationCount=5, LaunchCount=1, WarmupCount=3)

OverheadJitting  1: 1 op, 281242.00 ns, 281.2420 us/op
WorkloadJitting  1: 1 op, 11860768.00 ns, 11.8608 ms/op

OverheadJitting  2: 16 op, 430810.00 ns, 26.9256 us/op
WorkloadJitting  2: 16 op, 577476.00 ns, 36.0923 us/op

WorkloadPilot    1: 16 op, 122922.00 ns, 7.6826 us/op
WorkloadPilot    2: 32 op, 106573.00 ns, 3.3304 us/op
WorkloadPilot    3: 64 op, 157222.00 ns, 2.4566 us/op
WorkloadPilot    4: 128 op, 428078.00 ns, 3.3444 us/op
WorkloadPilot    5: 256 op, 1056087.00 ns, 4.1253 us/op
WorkloadPilot    6: 512 op, 2019420.00 ns, 3.9442 us/op
WorkloadPilot    7: 1024 op, 3032574.00 ns, 2.9615 us/op
WorkloadPilot    8: 2048 op, 4598478.00 ns, 2.2454 us/op
WorkloadPilot    9: 4096 op, 8081912.00 ns, 1.9731 us/op
WorkloadPilot   10: 8192 op, 15390193.00 ns, 1.8787 us/op
WorkloadPilot   11: 16384 op, 33785479.00 ns, 2.0621 us/op
WorkloadPilot   12: 32768 op, 62511015.00 ns, 1.9077 us/op
WorkloadPilot   13: 65536 op, 161763996.00 ns, 2.4683 us/op
WorkloadPilot   14: 131072 op, 66791850.00 ns, 509.5814 ns/op
WorkloadPilot   15: 262144 op, 108057613.00 ns, 412.2071 ns/op
WorkloadPilot   16: 524288 op, 220179614.00 ns, 419.9593 ns/op
WorkloadPilot   17: 1048576 op, 451760248.00 ns, 430.8321 ns/op
WorkloadPilot   18: 2097152 op, 1010885747.00 ns, 482.0279 ns/op

OverheadWarmup   1: 2097152 op, 10957839.00 ns, 5.2251 ns/op
OverheadWarmup   2: 2097152 op, 10905275.00 ns, 5.2000 ns/op
OverheadWarmup   3: 2097152 op, 9452792.00 ns, 4.5074 ns/op
OverheadWarmup   4: 2097152 op, 9995505.00 ns, 4.7662 ns/op
OverheadWarmup   5: 2097152 op, 9512405.00 ns, 4.5359 ns/op
OverheadWarmup   6: 2097152 op, 12611025.00 ns, 6.0134 ns/op
OverheadWarmup   7: 2097152 op, 9570883.00 ns, 4.5638 ns/op

OverheadActual   1: 2097152 op, 9912849.00 ns, 4.7268 ns/op
OverheadActual   2: 2097152 op, 9343933.00 ns, 4.4555 ns/op
OverheadActual   3: 2097152 op, 10246423.00 ns, 4.8859 ns/op
OverheadActual   4: 2097152 op, 10635589.00 ns, 5.0714 ns/op
OverheadActual   5: 2097152 op, 10246407.00 ns, 4.8859 ns/op
OverheadActual   6: 2097152 op, 10411052.00 ns, 4.9644 ns/op
OverheadActual   7: 2097152 op, 10000202.00 ns, 4.7685 ns/op
OverheadActual   8: 2097152 op, 10169433.00 ns, 4.8492 ns/op
OverheadActual   9: 2097152 op, 19155522.00 ns, 9.1341 ns/op
OverheadActual  10: 2097152 op, 10708654.00 ns, 5.1063 ns/op
OverheadActual  11: 2097152 op, 11024092.00 ns, 5.2567 ns/op
OverheadActual  12: 2097152 op, 10399406.00 ns, 4.9588 ns/op
OverheadActual  13: 2097152 op, 9846241.00 ns, 4.6951 ns/op
OverheadActual  14: 2097152 op, 11449697.00 ns, 5.4596 ns/op
OverheadActual  15: 2097152 op, 11352846.00 ns, 5.4135 ns/op
OverheadActual  16: 2097152 op, 10048451.00 ns, 4.7915 ns/op
OverheadActual  17: 2097152 op, 9752253.00 ns, 4.6502 ns/op
OverheadActual  18: 2097152 op, 10468842.00 ns, 4.9919 ns/op
OverheadActual  19: 2097152 op, 10489676.00 ns, 5.0019 ns/op

WorkloadWarmup   1: 2097152 op, 978416587.00 ns, 466.5454 ns/op
WorkloadWarmup   2: 2097152 op, 935364313.00 ns, 446.0165 ns/op
WorkloadWarmup   3: 2097152 op, 887043025.00 ns, 422.9751 ns/op

// BeforeActualRun
WorkloadActual   1: 2097152 op, 913021586.00 ns, 435.3626 ns/op
WorkloadActual   2: 2097152 op, 827837561.00 ns, 394.7437 ns/op
WorkloadActual   3: 2097152 op, 811024783.00 ns, 386.7268 ns/op
WorkloadActual   4: 2097152 op, 930538927.00 ns, 443.7155 ns/op
WorkloadActual   5: 2097152 op, 881283713.00 ns, 420.2288 ns/op

// AfterActualRun
WorkloadResult   1: 2097152 op, 902622180.00 ns, 430.4038 ns/op
WorkloadResult   2: 2097152 op, 817438155.00 ns, 389.7849 ns/op
WorkloadResult   3: 2097152 op, 800625377.00 ns, 381.7679 ns/op
WorkloadResult   4: 2097152 op, 920139521.00 ns, 438.7567 ns/op
WorkloadResult   5: 2097152 op, 870884307.00 ns, 415.2700 ns/op
// GC:  73 0 0 922747616 2097152
// Threading:  0 0 2097152

// AfterAll
// Benchmark Process 1500 has exited with code 0.

Mean = 411.197 ns, StdErr = 11.112 ns (2.70%), N = 5, StdDev = 24.847 ns
Min = 381.768 ns, Q1 = 389.785 ns, Median = 415.270 ns, Q3 = 430.404 ns, Max = 438.757 ns
IQR = 40.619 ns, LowerFence = 328.857 ns, UpperFence = 491.332 ns
ConfidenceInterval = [315.518 ns; 506.875 ns] (CI 99.9%), Margin = 95.679 ns (23.27% of Mean)
Skewness = -0.09, Kurtosis = 0.88, MValue = 2

// ** Remained 58 (89.2%) benchmark(s) to run. Estimated finish 2026-08-02 4:21 (0h 8m from now) **
// ***** BenchmarkRunner: Finish  *****

// * Export *
  actions-runner/_work/needlr/needlr/benchmark-results/results/NexusLabs.Needlr.Benchmarks.Benchmarks.CreatePluginsFromGenericTypeBenchmarks-report.csv
  actions-runner/_work/needlr/needlr/benchmark-results/results/NexusLabs.Needlr.Benchmarks.Benchmarks.CreatePluginsFromGenericTypeBenchmarks-report-github.md
  actions-runner/_work/needlr/needlr/benchmark-results/results/NexusLabs.Needlr.Benchmarks.Benchmarks.CreatePluginsFromGenericTypeBenchmarks-report.html
  actions-runner/_work/needlr/needlr/benchmark-results/results/NexusLabs.Needlr.Benchmarks.Benchmarks.CreatePluginsFromGenericTypeBenchmarks-report-full-compressed.json
  actions-runner/_work/needlr/needlr/benchmark-results/results/NexusLabs.Needlr.Benchmarks.Benchmarks.CreatePluginsFromGenericTypeBenchmarks-report-default.md

// * Detailed results *
CreatePluginsFromGenericTypeBenchmarks.Reflection_AssemblyListProvided: ShortRun(IterationCount=5, LaunchCount=1, WarmupCount=3)
Runtime = .NET 10.0.10 (10.0.1026.32716), X64 RyuJIT AVX2; GC = Concurrent Workstation
Mean = 7.883 μs, StdErr = 0.194 μs (2.46%), N = 5, StdDev = 0.434 μs
Min = 7.464 μs, Q1 = 7.517 μs, Median = 7.804 μs, Q3 = 8.131 μs, Max = 8.496 μs
IQR = 0.614 μs, LowerFence = 6.597 μs, UpperFence = 9.051 μs
ConfidenceInterval = [6.212 μs; 9.553 μs] (CI 99.9%), Margin = 1.671 μs (21.20% of Mean)
Skewness = 0.3, Kurtosis = 1.1, MValue = 2
-------------------- Histogram --------------------
[7.301 μs ; 7.967 μs) | @@@
[7.967 μs ; 8.647 μs) | @@
---------------------------------------------------

CreatePluginsFromGenericTypeBenchmarks.SourceGen_AssemblyListProvided: ShortRun(IterationCount=5, LaunchCount=1, WarmupCount=3)
Runtime = .NET 10.0.10 (10.0.1026.32716), X64 RyuJIT AVX2; GC = Concurrent Workstation
Mean = 21.331 μs, StdErr = 0.240 μs (1.13%), N = 4, StdDev = 0.480 μs
Min = 20.742 μs, Q1 = 21.069 μs, Median = 21.364 μs, Q3 = 21.626 μs, Max = 21.854 μs
IQR = 0.558 μs, LowerFence = 20.232 μs, UpperFence = 22.463 μs
ConfidenceInterval = [18.227 μs; 24.435 μs] (CI 99.9%), Margin = 3.104 μs (14.55% of Mean)
Skewness = -0.12, Kurtosis = 0.93, MValue = 2
-------------------- Histogram --------------------
[20.345 μs ; 21.119 μs) | @
[21.119 μs ; 21.913 μs) | @@@
---------------------------------------------------

CreatePluginsFromGenericTypeBenchmarks.SourceGen_EmptyAssemblyList: ShortRun(IterationCount=5, LaunchCount=1, WarmupCount=3)
Runtime = .NET 10.0.10 (10.0.1026.32716), X64 RyuJIT AVX2; GC = Concurrent Workstation
Mean = 18.395 μs, StdErr = 0.102 μs (0.56%), N = 5, StdDev = 0.229 μs
Min = 18.036 μs, Q1 = 18.364 μs, Median = 18.397 μs, Q3 = 18.547 μs, Max = 18.632 μs
IQR = 0.183 μs, LowerFence = 18.089 μs, UpperFence = 18.821 μs
ConfidenceInterval = [17.514 μs; 19.276 μs] (CI 99.9%), Margin = 0.881 μs (4.79% of Mean)
Skewness = -0.49, Kurtosis = 1.49, MValue = 2
-------------------- Histogram --------------------
[17.860 μs ; 18.683 μs) | @@@@@
---------------------------------------------------

CreatePluginsFromGenericTypeBenchmarks.SourceGen_ParameterlessOverload: ShortRun(IterationCount=5, LaunchCount=1, WarmupCount=3)
Runtime = .NET 10.0.10 (10.0.1026.32716), X64 RyuJIT AVX2; GC = Concurrent Workstation
Mean = 411.197 ns, StdErr = 11.112 ns (2.70%), N = 5, StdDev = 24.847 ns
Min = 381.768 ns, Q1 = 389.785 ns, Median = 415.270 ns, Q3 = 430.404 ns, Max = 438.757 ns
IQR = 40.619 ns, LowerFence = 328.857 ns, UpperFence = 491.332 ns
ConfidenceInterval = [315.518 ns; 506.875 ns] (CI 99.9%), Margin = 95.679 ns (23.27% of Mean)
Skewness = -0.09, Kurtosis = 0.88, MValue = 2
-------------------- Histogram --------------------
[362.696 ns ; 407.942 ns) | @@
[407.942 ns ; 446.085 ns) | @@@
---------------------------------------------------

// * Summary *

BenchmarkDotNet v0.14.0, Ubuntu 24.04.4 LTS (Noble Numbat)
12th Gen Intel Core i7-12700H, 1 CPU, 20 logical and 10 physical cores
.NET SDK 10.0.302
  [Host]   : .NET 10.0.10 (10.0.1026.32716), X64 RyuJIT AVX2
  ShortRun : .NET 10.0.10 (10.0.1026.32716), X64 RyuJIT AVX2

Job=ShortRun  IterationCount=5  LaunchCount=1  
WarmupCount=3  

| Method                          | Mean        | Error       | StdDev    | Ratio | RatioSD | Rank | Gen0   | Allocated | Alloc Ratio |
|-------------------------------- |------------:|------------:|----------:|------:|--------:|-----:|-------:|----------:|------------:|
| Reflection_AssemblyListProvided |  7,882.5 ns | 1,670.74 ns | 433.89 ns |  1.00 |    0.07 |    2 | 0.2289 |    3010 B |        1.00 |
| SourceGen_AssemblyListProvided  | 21,331.1 ns | 3,104.38 ns | 480.41 ns |  2.71 |    0.15 |    3 | 2.1362 |   26872 B |        8.93 |
| SourceGen_EmptyAssemblyList     | 18,395.0 ns |   881.05 ns | 228.81 ns |  2.34 |    0.12 |    3 | 2.0447 |   25864 B |        8.59 |
| SourceGen_ParameterlessOverload |    411.2 ns |    95.68 ns |  24.85 ns |  0.05 |    0.00 |    1 | 0.0348 |     440 B |        0.15 |

// * Hints *
Outliers
  CreatePluginsFromGenericTypeBenchmarks.SourceGen_AssemblyListProvided: ShortRun -> 1 outlier  was  removed (25.96 μs)
  CreatePluginsFromGenericTypeBenchmarks.SourceGen_EmptyAssemblyList: ShortRun    -> 1 outlier  was  detected (18.04 μs)
// * Config Issues *

// * Warnings *
Configuration
  Summary -> The exporter HtmlExporter is already present in configuration. There may be unexpected results.

// * Legends *
  Mean        : Arithmetic mean of all measurements
  Error       : Half of 99.9% confidence interval
  StdDev      : Standard deviation of all measurements
  Ratio       : Mean of the ratio distribution ([Current]/[Baseline])
  RatioSD     : Standard deviation of the ratio distribution ([Current]/[Baseline])
  Rank        : Relative position of current benchmark mean among all benchmarks (Arabic style)
  Gen0        : GC Generation 0 collects per 1000 operations
  Allocated   : Allocated memory per single operation (managed only, inclusive, 1KB = 1024B)
  Alloc Ratio : Allocated memory ratio distribution ([Current]/[Baseline])
  1 ns        : 1 Nanosecond (0.000000001 sec)

// * Diagnostic Output - MemoryDiagnoser *


// ***** BenchmarkRunner: End *****
Run time: 00:00:33 (33.19 sec), executed benchmarks: 4

// Found 3 benchmarks:
//   DecoratorResolutionBenchmarks.ManualDI_ResolveDecorated: ShortRun(IterationCount=5, LaunchCount=1, WarmupCount=3)
//   DecoratorResolutionBenchmarks.Needlr_Reflection_ResolveDecorated: ShortRun(IterationCount=5, LaunchCount=1, WarmupCount=3)
//   DecoratorResolutionBenchmarks.Needlr_SourceGen_ResolveDecorated: ShortRun(IterationCount=5, LaunchCount=1, WarmupCount=3)

// **************************
// Benchmark: DecoratorResolutionBenchmarks.ManualDI_ResolveDecorated: ShortRun(IterationCount=5, LaunchCount=1, WarmupCount=3)
// *** Execute ***
// Launch: 1 / 1
// Execute: dotnet 7626e42a-34fe-4a7e-846b-e96fd185430e.dll --anonymousPipes 165 166 --benchmarkName NexusLabs.Needlr.Benchmarks.Benchmarks.DecoratorResolutionBenchmarks.ManualDI_ResolveDecorated --job ShortRun --benchmarkId 7 in /actions-runner/_work/needlr/needlr/src/NexusLabs.Needlr.Benchmarks/bin/Release/net10.0/7626e42a-34fe-4a7e-846b-e96fd185430e/bin/Release/net10.0
// Failed to set up high priority (Permission denied). In order to run benchmarks with high priority, make sure you have the right permissions.
// BeforeAnythingElse

// Benchmark Process Environment Information:
// BenchmarkDotNet v0.14.0
// Runtime=.NET 10.0.10 (10.0.1026.32716), X64 RyuJIT AVX2
// GC=Concurrent Workstation
// HardwareIntrinsics=AVX2,AES,BMI1,BMI2,FMA,LZCNT,PCLMUL,POPCNT,AvxVnni,SERIALIZE VectorSize=256
// Job: ShortRun(IterationCount=5, LaunchCount=1, WarmupCount=3)

OverheadJitting  1: 1 op, 294575.00 ns, 294.5750 us/op
WorkloadJitting  1: 1 op, 2597931.00 ns, 2.5979 ms/op

OverheadJitting  2: 16 op, 472556.00 ns, 29.5348 us/op
WorkloadJitting  2: 16 op, 483815.00 ns, 30.2384 us/op

WorkloadPilot    1: 16 op, 13206.00 ns, 825.3750 ns/op
WorkloadPilot    2: 32 op, 10143.00 ns, 316.9688 ns/op
WorkloadPilot    3: 64 op, 9778.00 ns, 152.7813 ns/op
WorkloadPilot    4: 128 op, 12773.00 ns, 99.7891 ns/op
WorkloadPilot    5: 256 op, 19620.00 ns, 76.6406 ns/op
WorkloadPilot    6: 512 op, 34514.00 ns, 67.4102 ns/op
WorkloadPilot    7: 1024 op, 62192.00 ns, 60.7344 ns/op
WorkloadPilot    8: 2048 op, 119670.00 ns, 58.4326 ns/op
WorkloadPilot    9: 4096 op, 233692.00 ns, 57.0537 ns/op
WorkloadPilot   10: 8192 op, 512548.00 ns, 62.5669 ns/op
WorkloadPilot   11: 16384 op, 1051203.00 ns, 64.1603 ns/op
WorkloadPilot   12: 32768 op, 1916029.00 ns, 58.4726 ns/op
WorkloadPilot   13: 65536 op, 4441028.00 ns, 67.7647 ns/op
WorkloadPilot   14: 131072 op, 8246903.00 ns, 62.9189 ns/op
WorkloadPilot   15: 262144 op, 18975259.00 ns, 72.3849 ns/op
WorkloadPilot   16: 524288 op, 35377957.00 ns, 67.4781 ns/op
WorkloadPilot   17: 1048576 op, 64808510.00 ns, 61.8062 ns/op
WorkloadPilot   18: 2097152 op, 31172494.00 ns, 14.8642 ns/op
WorkloadPilot   19: 4194304 op, 61958319.00 ns, 14.7720 ns/op
WorkloadPilot   20: 8388608 op, 121201533.00 ns, 14.4483 ns/op
WorkloadPilot   21: 16777216 op, 235949625.00 ns, 14.0637 ns/op
WorkloadPilot   22: 33554432 op, 465457604.00 ns, 13.8717 ns/op
WorkloadPilot   23: 67108864 op, 950826218.00 ns, 14.1684 ns/op

OverheadWarmup   1: 67108864 op, 269531111.00 ns, 4.0163 ns/op
OverheadWarmup   2: 67108864 op, 230689182.00 ns, 3.4375 ns/op
OverheadWarmup   3: 67108864 op, 242512243.00 ns, 3.6137 ns/op
OverheadWarmup   4: 67108864 op, 230270621.00 ns, 3.4313 ns/op
OverheadWarmup   5: 67108864 op, 241825941.00 ns, 3.6035 ns/op
OverheadWarmup   6: 67108864 op, 232352659.00 ns, 3.4623 ns/op

OverheadActual   1: 67108864 op, 235383932.00 ns, 3.5075 ns/op
OverheadActual   2: 67108864 op, 234256094.00 ns, 3.4907 ns/op
OverheadActual   3: 67108864 op, 237449298.00 ns, 3.5383 ns/op
OverheadActual   4: 67108864 op, 232887707.00 ns, 3.4703 ns/op
OverheadActual   5: 67108864 op, 230718626.00 ns, 3.4380 ns/op
OverheadActual   6: 67108864 op, 263592639.00 ns, 3.9278 ns/op
OverheadActual   7: 67108864 op, 257532599.00 ns, 3.8375 ns/op
OverheadActual   8: 67108864 op, 233973288.00 ns, 3.4865 ns/op
OverheadActual   9: 67108864 op, 223857691.00 ns, 3.3357 ns/op
OverheadActual  10: 67108864 op, 226189501.00 ns, 3.3705 ns/op
OverheadActual  11: 67108864 op, 224719622.00 ns, 3.3486 ns/op
OverheadActual  12: 67108864 op, 234189397.00 ns, 3.4897 ns/op
OverheadActual  13: 67108864 op, 221559013.00 ns, 3.3015 ns/op
OverheadActual  14: 67108864 op, 227201918.00 ns, 3.3856 ns/op
OverheadActual  15: 67108864 op, 235243502.00 ns, 3.5054 ns/op

WorkloadWarmup   1: 67108864 op, 890916425.00 ns, 13.2757 ns/op
WorkloadWarmup   2: 67108864 op, 902387962.00 ns, 13.4466 ns/op
WorkloadWarmup   3: 67108864 op, 987489901.00 ns, 14.7147 ns/op

// BeforeActualRun
WorkloadActual   1: 67108864 op, 1040853486.00 ns, 15.5099 ns/op
WorkloadActual   2: 67108864 op, 998051312.00 ns, 14.8721 ns/op
WorkloadActual   3: 67108864 op, 1022119943.00 ns, 15.2308 ns/op
WorkloadActual   4: 67108864 op, 1023982720.00 ns, 15.2585 ns/op
WorkloadActual   5: 67108864 op, 1002405367.00 ns, 14.9370 ns/op

// AfterActualRun
WorkloadResult   1: 67108864 op, 806880198.00 ns, 12.0235 ns/op
WorkloadResult   2: 67108864 op, 764078024.00 ns, 11.3856 ns/op
WorkloadResult   3: 67108864 op, 788146655.00 ns, 11.7443 ns/op
WorkloadResult   4: 67108864 op, 790009432.00 ns, 11.7721 ns/op
WorkloadResult   5: 67108864 op, 768432079.00 ns, 11.4505 ns/op
// GC:  0 0 0 1072 67108864
// Threading:  0 0 67108864

// AfterAll
// Benchmark Process 1510 has exited with code 0.

Mean = 11.675 ns, StdErr = 0.116 ns (0.99%), N = 5, StdDev = 0.260 ns
Min = 11.386 ns, Q1 = 11.451 ns, Median = 11.744 ns, Q3 = 11.772 ns, Max = 12.023 ns
IQR = 0.322 ns, LowerFence = 10.968 ns, UpperFence = 12.254 ns
ConfidenceInterval = [10.675 ns; 12.675 ns] (CI 99.9%), Margin = 1.000 ns (8.56% of Mean)
Skewness = 0.09, Kurtosis = 1.07, MValue = 2

// ** Remained 57 (87.7%) benchmark(s) to run. Estimated finish 2026-08-02 4:22 (0h 9m from now) **
// **************************
// Benchmark: DecoratorResolutionBenchmarks.Needlr_Reflection_ResolveDecorated: ShortRun(IterationCount=5, LaunchCount=1, WarmupCount=3)
// *** Execute ***
// Launch: 1 / 1
// Execute: dotnet 7626e42a-34fe-4a7e-846b-e96fd185430e.dll --anonymousPipes 165 166 --benchmarkName NexusLabs.Needlr.Benchmarks.Benchmarks.DecoratorResolutionBenchmarks.Needlr_Reflection_ResolveDecorated --job ShortRun --benchmarkId 8 in /actions-runner/_work/needlr/needlr/src/NexusLabs.Needlr.Benchmarks/bin/Release/net10.0/7626e42a-34fe-4a7e-846b-e96fd185430e/bin/Release/net10.0
// Failed to set up high priority (Permission denied). In order to run benchmarks with high priority, make sure you have the right permissions.
// BeforeAnythingElse

// Benchmark Process Environment Information:
// BenchmarkDotNet v0.14.0
// Runtime=.NET 10.0.10 (10.0.1026.32716), X64 RyuJIT AVX2
// GC=Concurrent Workstation
// HardwareIntrinsics=AVX2,AES,BMI1,BMI2,FMA,LZCNT,PCLMUL,POPCNT,AvxVnni,SERIALIZE VectorSize=256
// Job: ShortRun(IterationCount=5, LaunchCount=1, WarmupCount=3)

OverheadJitting  1: 1 op, 261991.00 ns, 261.9910 us/op
WorkloadJitting  1: 1 op, 6130270.00 ns, 6.1303 ms/op

OverheadJitting  2: 16 op, 415323.00 ns, 25.9577 us/op
WorkloadJitting  2: 16 op, 463979.00 ns, 28.9987 us/op

WorkloadPilot    1: 16 op, 7444.00 ns, 465.2500 ns/op
WorkloadPilot    2: 32 op, 8962.00 ns, 280.0625 ns/op
WorkloadPilot    3: 64 op, 11195.00 ns, 174.9219 ns/op
WorkloadPilot    4: 128 op, 16489.00 ns, 128.8203 ns/op
WorkloadPilot    5: 256 op, 18610.00 ns, 72.6953 ns/op
WorkloadPilot    6: 512 op, 31594.00 ns, 61.7070 ns/op
WorkloadPilot    7: 1024 op, 60841.00 ns, 59.4150 ns/op
WorkloadPilot    8: 2048 op, 118905.00 ns, 58.0591 ns/op
WorkloadPilot    9: 4096 op, 230295.00 ns, 56.2244 ns/op
WorkloadPilot   10: 8192 op, 511715.00 ns, 62.4652 ns/op
WorkloadPilot   11: 16384 op, 927518.00 ns, 56.6112 ns/op
WorkloadPilot   12: 32768 op, 1914862.00 ns, 58.4370 ns/op
WorkloadPilot   13: 65536 op, 4031028.00 ns, 61.5086 ns/op
WorkloadPilot   14: 131072 op, 7202455.00 ns, 54.9504 ns/op
WorkloadPilot   15: 262144 op, 14295284.00 ns, 54.5322 ns/op
WorkloadPilot   16: 524288 op, 31977911.00 ns, 60.9930 ns/op
WorkloadPilot   17: 1048576 op, 57224521.00 ns, 54.5736 ns/op
WorkloadPilot   18: 2097152 op, 29166252.00 ns, 13.9076 ns/op
WorkloadPilot   19: 4194304 op, 60043973.00 ns, 14.3156 ns/op
WorkloadPilot   20: 8388608 op, 113170302.00 ns, 13.4910 ns/op
WorkloadPilot   21: 16777216 op, 229861748.00 ns, 13.7008 ns/op
WorkloadPilot   22: 33554432 op, 511891053.00 ns, 15.2555 ns/op

OverheadWarmup   1: 33554432 op, 166911023.00 ns, 4.9743 ns/op
OverheadWarmup   2: 33554432 op, 146348240.00 ns, 4.3615 ns/op
OverheadWarmup   3: 33554432 op, 124005184.00 ns, 3.6956 ns/op
OverheadWarmup   4: 33554432 op, 143014027.00 ns, 4.2622 ns/op
OverheadWarmup   5: 33554432 op, 130439271.00 ns, 3.8874 ns/op
OverheadWarmup   6: 33554432 op, 127605104.00 ns, 3.8029 ns/op
OverheadWarmup   7: 33554432 op, 128477076.00 ns, 3.8289 ns/op
OverheadWarmup   8: 33554432 op, 126509786.00 ns, 3.7703 ns/op

OverheadActual   1: 33554432 op, 127559195.00 ns, 3.8016 ns/op
OverheadActual   2: 33554432 op, 129396908.00 ns, 3.8563 ns/op
OverheadActual   3: 33554432 op, 130820443.00 ns, 3.8988 ns/op
OverheadActual   4: 33554432 op, 128220701.00 ns, 3.8213 ns/op
OverheadActual   5: 33554432 op, 127502480.00 ns, 3.7999 ns/op
OverheadActual   6: 33554432 op, 123051688.00 ns, 3.6672 ns/op
OverheadActual   7: 33554432 op, 133504331.00 ns, 3.9787 ns/op
OverheadActual   8: 33554432 op, 135264147.00 ns, 4.0312 ns/op
OverheadActual   9: 33554432 op, 120768855.00 ns, 3.5992 ns/op
OverheadActual  10: 33554432 op, 122629268.00 ns, 3.6546 ns/op
OverheadActual  11: 33554432 op, 128019602.00 ns, 3.8153 ns/op
OverheadActual  12: 33554432 op, 116797106.00 ns, 3.4808 ns/op
OverheadActual  13: 33554432 op, 117195629.00 ns, 3.4927 ns/op
OverheadActual  14: 33554432 op, 123259834.00 ns, 3.6734 ns/op
OverheadActual  15: 33554432 op, 131902201.00 ns, 3.9310 ns/op

WorkloadWarmup   1: 33554432 op, 609836947.00 ns, 18.1746 ns/op
WorkloadWarmup   2: 33554432 op, 585106158.00 ns, 17.4375 ns/op
WorkloadWarmup   3: 33554432 op, 493391129.00 ns, 14.7042 ns/op

// BeforeActualRun
WorkloadActual   1: 33554432 op, 481472420.00 ns, 14.3490 ns/op
WorkloadActual   2: 33554432 op, 511998112.00 ns, 15.2587 ns/op
WorkloadActual   3: 33554432 op, 513784203.00 ns, 15.3120 ns/op
WorkloadActual   4: 33554432 op, 589162579.00 ns, 17.5584 ns/op
WorkloadActual   5: 33554432 op, 502908694.00 ns, 14.9878 ns/op

// AfterActualRun
WorkloadResult   1: 33554432 op, 353913225.00 ns, 10.5474 ns/op
WorkloadResult   2: 33554432 op, 384438917.00 ns, 11.4572 ns/op
WorkloadResult   3: 33554432 op, 386225008.00 ns, 11.5104 ns/op
WorkloadResult   4: 33554432 op, 375349499.00 ns, 11.1863 ns/op
// GC:  0 0 0 1360 33554432
// Threading:  0 0 33554432

// AfterAll
// Benchmark Process 1527 has exited with code 0.

Mean = 11.175 ns, StdErr = 0.221 ns (1.98%), N = 4, StdDev = 0.442 ns
Min = 10.547 ns, Q1 = 11.027 ns, Median = 11.322 ns, Q3 = 11.470 ns, Max = 11.510 ns
IQR = 0.444 ns, LowerFence = 10.361 ns, UpperFence = 12.136 ns
ConfidenceInterval = [8.319 ns; 14.031 ns] (CI 99.9%), Margin = 2.856 ns (25.56% of Mean)
Skewness = -0.54, Kurtosis = 1.14, MValue = 2

// ** Remained 56 (86.2%) benchmark(s) to run. Estimated finish 2026-08-02 4:22 (0h 9m from now) **
// **************************
// Benchmark: DecoratorResolutionBenchmarks.Needlr_SourceGen_ResolveDecorated: ShortRun(IterationCount=5, LaunchCount=1, WarmupCount=3)
// *** Execute ***
// Launch: 1 / 1
// Execute: dotnet 7626e42a-34fe-4a7e-846b-e96fd185430e.dll --anonymousPipes 165 166 --benchmarkName NexusLabs.Needlr.Benchmarks.Benchmarks.DecoratorResolutionBenchmarks.Needlr_SourceGen_ResolveDecorated --job ShortRun --benchmarkId 9 in /actions-runner/_work/needlr/needlr/src/NexusLabs.Needlr.Benchmarks/bin/Release/net10.0/7626e42a-34fe-4a7e-846b-e96fd185430e/bin/Release/net10.0
// Failed to set up high priority (Permission denied). In order to run benchmarks with high priority, make sure you have the right permissions.
// BeforeAnythingElse

// Benchmark Process Environment Information:
// BenchmarkDotNet v0.14.0
// Runtime=.NET 10.0.10 (10.0.1026.32716), X64 RyuJIT AVX2
// GC=Concurrent Workstation
// HardwareIntrinsics=AVX2,AES,BMI1,BMI2,FMA,LZCNT,PCLMUL,POPCNT,AvxVnni,SERIALIZE VectorSize=256
// Job: ShortRun(IterationCount=5, LaunchCount=1, WarmupCount=3)

OverheadJitting  1: 1 op, 275468.00 ns, 275.4680 us/op
WorkloadJitting  1: 1 op, 5531992.00 ns, 5.5320 ms/op

OverheadJitting  2: 16 op, 613488.00 ns, 38.3430 us/op
WorkloadJitting  2: 16 op, 405073.00 ns, 25.3171 us/op

WorkloadPilot    1: 16 op, 11175.00 ns, 698.4375 ns/op
WorkloadPilot    2: 32 op, 7622.00 ns, 238.1875 ns/op
WorkloadPilot    3: 64 op, 7807.00 ns, 121.9844 ns/op
WorkloadPilot    4: 128 op, 16521.00 ns, 129.0703 ns/op
WorkloadPilot    5: 256 op, 17690.00 ns, 69.1016 ns/op
WorkloadPilot    6: 512 op, 32923.00 ns, 64.3027 ns/op
WorkloadPilot    7: 1024 op, 60357.00 ns, 58.9424 ns/op
WorkloadPilot    8: 2048 op, 124727.00 ns, 60.9019 ns/op
WorkloadPilot    9: 4096 op, 240641.00 ns, 58.7502 ns/op
WorkloadPilot   10: 8192 op, 592774.00 ns, 72.3601 ns/op
WorkloadPilot   11: 16384 op, 1050010.00 ns, 64.0875 ns/op
WorkloadPilot   12: 32768 op, 2031388.00 ns, 61.9930 ns/op
WorkloadPilot   13: 65536 op, 3954264.00 ns, 60.3373 ns/op
WorkloadPilot   14: 131072 op, 8140945.00 ns, 62.1105 ns/op
WorkloadPilot   15: 262144 op, 15479593.00 ns, 59.0500 ns/op
WorkloadPilot   16: 524288 op, 31030179.00 ns, 59.1854 ns/op
WorkloadPilot   17: 1048576 op, 68261103.00 ns, 65.0989 ns/op
WorkloadPilot   18: 2097152 op, 33381374.00 ns, 15.9175 ns/op
WorkloadPilot   19: 4194304 op, 62313869.00 ns, 14.8568 ns/op
WorkloadPilot   20: 8388608 op, 121522332.00 ns, 14.4866 ns/op
WorkloadPilot   21: 16777216 op, 259543153.00 ns, 15.4700 ns/op
WorkloadPilot   22: 33554432 op, 502169439.00 ns, 14.9658 ns/op

OverheadWarmup   1: 33554432 op, 137356698.00 ns, 4.0935 ns/op
OverheadWarmup   2: 33554432 op, 127093647.00 ns, 3.7877 ns/op
OverheadWarmup   3: 33554432 op, 118726314.00 ns, 3.5383 ns/op
OverheadWarmup   4: 33554432 op, 129740158.00 ns, 3.8666 ns/op
OverheadWarmup   5: 33554432 op, 123614416.00 ns, 3.6840 ns/op
OverheadWarmup   6: 33554432 op, 117693227.00 ns, 3.5075 ns/op
OverheadWarmup   7: 33554432 op, 127471675.00 ns, 3.7990 ns/op
OverheadWarmup   8: 33554432 op, 161213640.00 ns, 4.8045 ns/op
OverheadWarmup   9: 33554432 op, 125731191.00 ns, 3.7471 ns/op

OverheadActual   1: 33554432 op, 122463170.00 ns, 3.6497 ns/op
OverheadActual   2: 33554432 op, 119609409.00 ns, 3.5646 ns/op
OverheadActual   3: 33554432 op, 121760276.00 ns, 3.6287 ns/op
OverheadActual   4: 33554432 op, 117589392.00 ns, 3.5044 ns/op
OverheadActual   5: 33554432 op, 117277173.00 ns, 3.4951 ns/op
OverheadActual   6: 33554432 op, 120241159.00 ns, 3.5835 ns/op
OverheadActual   7: 33554432 op, 118721620.00 ns, 3.5382 ns/op
OverheadActual   8: 33554432 op, 123017914.00 ns, 3.6662 ns/op
OverheadActual   9: 33554432 op, 118730184.00 ns, 3.5384 ns/op
OverheadActual  10: 33554432 op, 118907649.00 ns, 3.5437 ns/op
OverheadActual  11: 33554432 op, 122838407.00 ns, 3.6609 ns/op
OverheadActual  12: 33554432 op, 115333892.00 ns, 3.4372 ns/op
OverheadActual  13: 33554432 op, 121028593.00 ns, 3.6069 ns/op
OverheadActual  14: 33554432 op, 113776199.00 ns, 3.3908 ns/op
OverheadActual  15: 33554432 op, 120766689.00 ns, 3.5991 ns/op

WorkloadWarmup   1: 33554432 op, 515732142.00 ns, 15.3700 ns/op
WorkloadWarmup   2: 33554432 op, 511201297.00 ns, 15.2350 ns/op
WorkloadWarmup   3: 33554432 op, 475237559.00 ns, 14.1632 ns/op

// BeforeActualRun
WorkloadActual   1: 33554432 op, 481066930.00 ns, 14.3369 ns/op
WorkloadActual   2: 33554432 op, 500513278.00 ns, 14.9165 ns/op
WorkloadActual   3: 33554432 op, 510934291.00 ns, 15.2270 ns/op
WorkloadActual   4: 33554432 op, 478261607.00 ns, 14.2533 ns/op
WorkloadActual   5: 33554432 op, 531980510.00 ns, 15.8543 ns/op

// AfterActualRun
WorkloadResult   1: 33554432 op, 361457521.00 ns, 10.7723 ns/op
WorkloadResult   2: 33554432 op, 380903869.00 ns, 11.3518 ns/op
WorkloadResult   3: 33554432 op, 391324882.00 ns, 11.6624 ns/op
WorkloadResult   4: 33554432 op, 358652198.00 ns, 10.6887 ns/op
WorkloadResult   5: 33554432 op, 412371101.00 ns, 12.2896 ns/op
// GC:  0 0 0 1360 33554432
// Threading:  0 0 33554432

// AfterAll
// Benchmark Process 1538 has exited with code 0.

Mean = 11.353 ns, StdErr = 0.296 ns (2.61%), N = 5, StdDev = 0.662 ns
Min = 10.689 ns, Q1 = 10.772 ns, Median = 11.352 ns, Q3 = 11.662 ns, Max = 12.290 ns
IQR = 0.890 ns, LowerFence = 9.437 ns, UpperFence = 12.998 ns
ConfidenceInterval = [8.805 ns; 13.901 ns] (CI 99.9%), Margin = 2.548 ns (22.44% of Mean)
Skewness = 0.25, Kurtosis = 1.13, MValue = 2

// ** Remained 55 (84.6%) benchmark(s) to run. Estimated finish 2026-08-02 4:22 (0h 8m from now) **
// ***** BenchmarkRunner: Finish  *****

// * Export *
  actions-runner/_work/needlr/needlr/benchmark-results/results/NexusLabs.Needlr.Benchmarks.Benchmarks.DecoratorResolutionBenchmarks-report.csv
  actions-runner/_work/needlr/needlr/benchmark-results/results/NexusLabs.Needlr.Benchmarks.Benchmarks.DecoratorResolutionBenchmarks-report-github.md
  actions-runner/_work/needlr/needlr/benchmark-results/results/NexusLabs.Needlr.Benchmarks.Benchmarks.DecoratorResolutionBenchmarks-report.html
  actions-runner/_work/needlr/needlr/benchmark-results/results/NexusLabs.Needlr.Benchmarks.Benchmarks.DecoratorResolutionBenchmarks-report-full-compressed.json
  actions-runner/_work/needlr/needlr/benchmark-results/results/NexusLabs.Needlr.Benchmarks.Benchmarks.DecoratorResolutionBenchmarks-report-default.md

// * Detailed results *
DecoratorResolutionBenchmarks.ManualDI_ResolveDecorated: ShortRun(IterationCount=5, LaunchCount=1, WarmupCount=3)
Runtime = .NET 10.0.10 (10.0.1026.32716), X64 RyuJIT AVX2; GC = Concurrent Workstation
Mean = 11.675 ns, StdErr = 0.116 ns (0.99%), N = 5, StdDev = 0.260 ns
Min = 11.386 ns, Q1 = 11.451 ns, Median = 11.744 ns, Q3 = 11.772 ns, Max = 12.023 ns
IQR = 0.322 ns, LowerFence = 10.968 ns, UpperFence = 12.254 ns
ConfidenceInterval = [10.675 ns; 12.675 ns] (CI 99.9%), Margin = 1.000 ns (8.56% of Mean)
Skewness = 0.09, Kurtosis = 1.07, MValue = 2
-------------------- Histogram --------------------
[11.380 ns ; 11.778 ns) | @@@@
[11.778 ns ; 12.223 ns) | @
---------------------------------------------------

DecoratorResolutionBenchmarks.Needlr_Reflection_ResolveDecorated: ShortRun(IterationCount=5, LaunchCount=1, WarmupCount=3)
Runtime = .NET 10.0.10 (10.0.1026.32716), X64 RyuJIT AVX2; GC = Concurrent Workstation
Mean = 11.175 ns, StdErr = 0.221 ns (1.98%), N = 4, StdDev = 0.442 ns
Min = 10.547 ns, Q1 = 11.027 ns, Median = 11.322 ns, Q3 = 11.470 ns, Max = 11.510 ns
IQR = 0.444 ns, LowerFence = 10.361 ns, UpperFence = 12.136 ns
ConfidenceInterval = [8.319 ns; 14.031 ns] (CI 99.9%), Margin = 2.856 ns (25.56% of Mean)
Skewness = -0.54, Kurtosis = 1.14, MValue = 2
-------------------- Histogram --------------------
[10.182 ns ; 10.983 ns) | @
[10.983 ns ; 11.714 ns) | @@@
---------------------------------------------------

DecoratorResolutionBenchmarks.Needlr_SourceGen_ResolveDecorated: ShortRun(IterationCount=5, LaunchCount=1, WarmupCount=3)
Runtime = .NET 10.0.10 (10.0.1026.32716), X64 RyuJIT AVX2; GC = Concurrent Workstation
Mean = 11.353 ns, StdErr = 0.296 ns (2.61%), N = 5, StdDev = 0.662 ns
Min = 10.689 ns, Q1 = 10.772 ns, Median = 11.352 ns, Q3 = 11.662 ns, Max = 12.290 ns
IQR = 0.890 ns, LowerFence = 9.437 ns, UpperFence = 12.998 ns
ConfidenceInterval = [8.805 ns; 13.901 ns] (CI 99.9%), Margin = 2.548 ns (22.44% of Mean)
Skewness = 0.25, Kurtosis = 1.13, MValue = 2
-------------------- Histogram --------------------
[10.668 ns ; 11.683 ns) | @@@@
[11.683 ns ; 12.798 ns) | @
---------------------------------------------------

// * Summary *

BenchmarkDotNet v0.14.0, Ubuntu 24.04.4 LTS (Noble Numbat)
12th Gen Intel Core i7-12700H, 1 CPU, 20 logical and 10 physical cores
.NET SDK 10.0.302
  [Host]   : .NET 10.0.10 (10.0.1026.32716), X64 RyuJIT AVX2
  ShortRun : .NET 10.0.10 (10.0.1026.32716), X64 RyuJIT AVX2

Job=ShortRun  IterationCount=5  LaunchCount=1  
WarmupCount=3  

| Method                             | Mean     | Error    | StdDev   | Ratio | RatioSD | Rank | Allocated | Alloc Ratio |
|----------------------------------- |---------:|---------:|---------:|------:|--------:|-----:|----------:|------------:|
| ManualDI_ResolveDecorated          | 11.68 ns | 1.000 ns | 0.260 ns |  1.00 |    0.03 |    1 |         - |          NA |
| Needlr_Reflection_ResolveDecorated | 11.18 ns | 2.856 ns | 0.442 ns |  0.96 |    0.04 |    1 |         - |          NA |
| Needlr_SourceGen_ResolveDecorated  | 11.35 ns | 2.548 ns | 0.662 ns |  0.97 |    0.06 |    1 |         - |          NA |

// * Hints *
Outliers
  DecoratorResolutionBenchmarks.Needlr_Reflection_ResolveDecorated: ShortRun -> 1 outlier  was  removed, 2 outliers were detected (14.35 ns, 17.56 ns)
// * Config Issues *

// * Warnings *
Configuration
  Summary -> The exporter HtmlExporter is already present in configuration. There may be unexpected results.

// * Legends *
  Mean        : Arithmetic mean of all measurements
  Error       : Half of 99.9% confidence interval
  StdDev      : Standard deviation of all measurements
  Ratio       : Mean of the ratio distribution ([Current]/[Baseline])
  RatioSD     : Standard deviation of the ratio distribution ([Current]/[Baseline])
  Rank        : Relative position of current benchmark mean among all benchmarks (Arabic style)
  Allocated   : Allocated memory per single operation (managed only, inclusive, 1KB = 1024B)
  Alloc Ratio : Allocated memory ratio distribution ([Current]/[Baseline])
  1 ns        : 1 Nanosecond (0.000000001 sec)

// * Diagnostic Output - MemoryDiagnoser *


// ***** BenchmarkRunner: End *****
Run time: 00:00:34 (34.03 sec), executed benchmarks: 3

// Found 3 benchmarks:
//   DeepDependencyChainBenchmarks.ManualDI_ResolveDeepChain: ShortRun(IterationCount=5, LaunchCount=1, WarmupCount=3)
//   DeepDependencyChainBenchmarks.Needlr_Reflection_ResolveDeepChain: ShortRun(IterationCount=5, LaunchCount=1, WarmupCount=3)
//   DeepDependencyChainBenchmarks.Needlr_SourceGen_ResolveDeepChain: ShortRun(IterationCount=5, LaunchCount=1, WarmupCount=3)

// **************************
// Benchmark: DeepDependencyChainBenchmarks.ManualDI_ResolveDeepChain: ShortRun(IterationCount=5, LaunchCount=1, WarmupCount=3)
// *** Execute ***
// Launch: 1 / 1
// Execute: dotnet 7626e42a-34fe-4a7e-846b-e96fd185430e.dll --anonymousPipes 163 164 --benchmarkName NexusLabs.Needlr.Benchmarks.Benchmarks.DeepDependencyChainBenchmarks.ManualDI_ResolveDeepChain --job ShortRun --benchmarkId 10 in /actions-runner/_work/needlr/needlr/src/NexusLabs.Needlr.Benchmarks/bin/Release/net10.0/7626e42a-34fe-4a7e-846b-e96fd185430e/bin/Release/net10.0
// Failed to set up high priority (Permission denied). In order to run benchmarks with high priority, make sure you have the right permissions.
// BeforeAnythingElse

// Benchmark Process Environment Information:
// BenchmarkDotNet v0.14.0
// Runtime=.NET 10.0.10 (10.0.1026.32716), X64 RyuJIT AVX2
// GC=Concurrent Workstation
// HardwareIntrinsics=AVX2,AES,BMI1,BMI2,FMA,LZCNT,PCLMUL,POPCNT,AvxVnni,SERIALIZE VectorSize=256
// Job: ShortRun(IterationCount=5, LaunchCount=1, WarmupCount=3)

OverheadJitting  1: 1 op, 286906.00 ns, 286.9060 us/op
WorkloadJitting  1: 1 op, 5551039.00 ns, 5.5510 ms/op

OverheadJitting  2: 16 op, 426748.00 ns, 26.6718 us/op
WorkloadJitting  2: 16 op, 468021.00 ns, 29.2513 us/op

WorkloadPilot    1: 16 op, 6638.00 ns, 414.8750 ns/op
WorkloadPilot    2: 32 op, 5675.00 ns, 177.3438 ns/op
WorkloadPilot    3: 64 op, 8586.00 ns, 134.1563 ns/op
WorkloadPilot    4: 128 op, 11197.00 ns, 87.4766 ns/op
WorkloadPilot    5: 256 op, 17563.00 ns, 68.6055 ns/op
WorkloadPilot    6: 512 op, 31083.00 ns, 60.7090 ns/op
WorkloadPilot    7: 1024 op, 61220.00 ns, 59.7852 ns/op
WorkloadPilot    8: 2048 op, 114133.00 ns, 55.7290 ns/op
WorkloadPilot    9: 4096 op, 224484.00 ns, 54.8057 ns/op
WorkloadPilot   10: 8192 op, 511735.00 ns, 62.4677 ns/op
WorkloadPilot   11: 16384 op, 1044335.00 ns, 63.7411 ns/op
WorkloadPilot   12: 32768 op, 1769329.00 ns, 53.9956 ns/op
WorkloadPilot   13: 65536 op, 4338419.00 ns, 66.1990 ns/op
WorkloadPilot   14: 131072 op, 8773791.00 ns, 66.9387 ns/op
WorkloadPilot   15: 262144 op, 20341626.00 ns, 77.5971 ns/op
WorkloadPilot   16: 524288 op, 33614788.00 ns, 64.1151 ns/op
WorkloadPilot   17: 1048576 op, 66143409.00 ns, 63.0793 ns/op
WorkloadPilot   18: 2097152 op, 36637058.00 ns, 17.4699 ns/op
WorkloadPilot   19: 4194304 op, 63912717.00 ns, 15.2380 ns/op
WorkloadPilot   20: 8388608 op, 114443080.00 ns, 13.6427 ns/op
WorkloadPilot   21: 16777216 op, 246394168.00 ns, 14.6862 ns/op
WorkloadPilot   22: 33554432 op, 482178894.00 ns, 14.3701 ns/op
WorkloadPilot   23: 67108864 op, 983403256.00 ns, 14.6539 ns/op

OverheadWarmup   1: 67108864 op, 266838593.00 ns, 3.9762 ns/op
OverheadWarmup   2: 67108864 op, 233914831.00 ns, 3.4856 ns/op
OverheadWarmup   3: 67108864 op, 225006629.00 ns, 3.3529 ns/op
OverheadWarmup   4: 67108864 op, 231718297.00 ns, 3.4529 ns/op
OverheadWarmup   5: 67108864 op, 241231720.00 ns, 3.5946 ns/op
OverheadWarmup   6: 67108864 op, 240637024.00 ns, 3.5858 ns/op
OverheadWarmup   7: 67108864 op, 227922802.00 ns, 3.3963 ns/op
OverheadWarmup   8: 67108864 op, 223448566.00 ns, 3.3296 ns/op
OverheadWarmup   9: 67108864 op, 229751882.00 ns, 3.4236 ns/op
OverheadWarmup  10: 67108864 op, 230194935.00 ns, 3.4302 ns/op

OverheadActual   1: 67108864 op, 231501046.00 ns, 3.4496 ns/op
OverheadActual   2: 67108864 op, 221221966.00 ns, 3.2965 ns/op
OverheadActual   3: 67108864 op, 229974524.00 ns, 3.4269 ns/op
OverheadActual   4: 67108864 op, 231036541.00 ns, 3.4427 ns/op
OverheadActual   5: 67108864 op, 231445537.00 ns, 3.4488 ns/op
OverheadActual   6: 67108864 op, 223424773.00 ns, 3.3293 ns/op
OverheadActual   7: 67108864 op, 249413926.00 ns, 3.7166 ns/op
OverheadActual   8: 67108864 op, 276358156.00 ns, 4.1181 ns/op
OverheadActual   9: 67108864 op, 296502312.00 ns, 4.4182 ns/op
OverheadActual  10: 67108864 op, 255470030.00 ns, 3.8068 ns/op
OverheadActual  11: 67108864 op, 262159753.00 ns, 3.9065 ns/op
OverheadActual  12: 67108864 op, 258388449.00 ns, 3.8503 ns/op
OverheadActual  13: 67108864 op, 251757223.00 ns, 3.7515 ns/op
OverheadActual  14: 67108864 op, 233400912.00 ns, 3.4779 ns/op
OverheadActual  15: 67108864 op, 235417457.00 ns, 3.5080 ns/op
OverheadActual  16: 67108864 op, 231406594.00 ns, 3.4482 ns/op
OverheadActual  17: 67108864 op, 243534154.00 ns, 3.6289 ns/op
OverheadActual  18: 67108864 op, 234245463.00 ns, 3.4905 ns/op
OverheadActual  19: 67108864 op, 225032921.00 ns, 3.3533 ns/op
OverheadActual  20: 67108864 op, 235526513.00 ns, 3.5096 ns/op

WorkloadWarmup   1: 67108864 op, 1031996101.00 ns, 15.3779 ns/op
WorkloadWarmup   2: 67108864 op, 1040850248.00 ns, 15.5099 ns/op
WorkloadWarmup   3: 67108864 op, 986832057.00 ns, 14.7049 ns/op

// BeforeActualRun
WorkloadActual   1: 67108864 op, 1102654226.00 ns, 16.4308 ns/op
WorkloadActual   2: 67108864 op, 991696693.00 ns, 14.7774 ns/op
WorkloadActual   3: 67108864 op, 949739846.00 ns, 14.1522 ns/op
WorkloadActual   4: 67108864 op, 959708419.00 ns, 14.3008 ns/op
WorkloadActual   5: 67108864 op, 962360602.00 ns, 14.3403 ns/op

// AfterActualRun
WorkloadResult   1: 67108864 op, 756865233.00 ns, 11.2782 ns/op
WorkloadResult   2: 67108864 op, 714908386.00 ns, 10.6530 ns/op
WorkloadResult   3: 67108864 op, 724876959.00 ns, 10.8015 ns/op
WorkloadResult   4: 67108864 op, 727529142.00 ns, 10.8410 ns/op
// GC:  0 0 0 1072 67108864
// Threading:  0 0 67108864

// AfterAll
// Benchmark Process 1558 has exited with code 0.

Mean = 10.893 ns, StdErr = 0.134 ns (1.23%), N = 4, StdDev = 0.269 ns
Min = 10.653 ns, Q1 = 10.764 ns, Median = 10.821 ns, Q3 = 10.950 ns, Max = 11.278 ns
IQR = 0.186 ns, LowerFence = 10.485 ns, UpperFence = 11.229 ns
ConfidenceInterval = [9.155 ns; 12.632 ns] (CI 99.9%), Margin = 1.738 ns (15.96% of Mean)
Skewness = 0.54, Kurtosis = 1.21, MValue = 2

// ** Remained 54 (83.1%) benchmark(s) to run. Estimated finish 2026-08-02 4:23 (0h 9m from now) **
// **************************
// Benchmark: DeepDependencyChainBenchmarks.Needlr_Reflection_ResolveDeepChain: ShortRun(IterationCount=5, LaunchCount=1, WarmupCount=3)
// *** Execute ***
// Launch: 1 / 1
// Execute: dotnet 7626e42a-34fe-4a7e-846b-e96fd185430e.dll --anonymousPipes 163 164 --benchmarkName NexusLabs.Needlr.Benchmarks.Benchmarks.DeepDependencyChainBenchmarks.Needlr_Reflection_ResolveDeepChain --job ShortRun --benchmarkId 11 in /actions-runner/_work/needlr/needlr/src/NexusLabs.Needlr.Benchmarks/bin/Release/net10.0/7626e42a-34fe-4a7e-846b-e96fd185430e/bin/Release/net10.0
// Failed to set up high priority (Permission denied). In order to run benchmarks with high priority, make sure you have the right permissions.
// BeforeAnythingElse

// Benchmark Process Environment Information:
// BenchmarkDotNet v0.14.0
// Runtime=.NET 10.0.10 (10.0.1026.32716), X64 RyuJIT AVX2
// GC=Concurrent Workstation
// HardwareIntrinsics=AVX2,AES,BMI1,BMI2,FMA,LZCNT,PCLMUL,POPCNT,AvxVnni,SERIALIZE VectorSize=256
// Job: ShortRun(IterationCount=5, LaunchCount=1, WarmupCount=3)

OverheadJitting  1: 1 op, 290297.00 ns, 290.2970 us/op
WorkloadJitting  1: 1 op, 5501501.00 ns, 5.5015 ms/op

OverheadJitting  2: 16 op, 500217.00 ns, 31.2636 us/op
WorkloadJitting  2: 16 op, 485540.00 ns, 30.3463 us/op

WorkloadPilot    1: 16 op, 10605.00 ns, 662.8125 ns/op
WorkloadPilot    2: 32 op, 10207.00 ns, 318.9688 ns/op
WorkloadPilot    3: 64 op, 8926.00 ns, 139.4688 ns/op
WorkloadPilot    4: 128 op, 17224.00 ns, 134.5625 ns/op
WorkloadPilot    5: 256 op, 19946.00 ns, 77.9141 ns/op
WorkloadPilot    6: 512 op, 35527.00 ns, 69.3887 ns/op
WorkloadPilot    7: 1024 op, 69213.00 ns, 67.5908 ns/op
WorkloadPilot    8: 2048 op, 131793.00 ns, 64.3521 ns/op
WorkloadPilot    9: 4096 op, 258158.00 ns, 63.0269 ns/op
WorkloadPilot   10: 8192 op, 569936.00 ns, 69.5723 ns/op
WorkloadPilot   11: 16384 op, 1131294.00 ns, 69.0487 ns/op
WorkloadPilot   12: 32768 op, 2209032.00 ns, 67.4143 ns/op
WorkloadPilot   13: 65536 op, 4257390.00 ns, 64.9626 ns/op
WorkloadPilot   14: 131072 op, 8474881.00 ns, 64.6582 ns/op
WorkloadPilot   15: 262144 op, 17228013.00 ns, 65.7197 ns/op
WorkloadPilot   16: 524288 op, 36664154.00 ns, 69.9313 ns/op
WorkloadPilot   17: 1048576 op, 70555174.00 ns, 67.2867 ns/op
WorkloadPilot   18: 2097152 op, 27983954.00 ns, 13.3438 ns/op
WorkloadPilot   19: 4194304 op, 57636192.00 ns, 13.7415 ns/op
WorkloadPilot   20: 8388608 op, 117552826.00 ns, 14.0134 ns/op
WorkloadPilot   21: 16777216 op, 237711866.00 ns, 14.1687 ns/op
WorkloadPilot   22: 33554432 op, 497204030.00 ns, 14.8178 ns/op
WorkloadPilot   23: 67108864 op, 996177071.00 ns, 14.8442 ns/op

OverheadWarmup   1: 67108864 op, 270495588.00 ns, 4.0307 ns/op
OverheadWarmup   2: 67108864 op, 233037493.00 ns, 3.4725 ns/op
OverheadWarmup   3: 67108864 op, 229032264.00 ns, 3.4128 ns/op
OverheadWarmup   4: 67108864 op, 228956292.00 ns, 3.4117 ns/op
OverheadWarmup   5: 67108864 op, 223967201.00 ns, 3.3374 ns/op
OverheadWarmup   6: 67108864 op, 235204111.00 ns, 3.5048 ns/op
OverheadWarmup   7: 67108864 op, 222352223.00 ns, 3.3133 ns/op
OverheadWarmup   8: 67108864 op, 236252493.00 ns, 3.5204 ns/op
OverheadWarmup   9: 67108864 op, 230699281.00 ns, 3.4377 ns/op

OverheadActual   1: 67108864 op, 230017793.00 ns, 3.4275 ns/op
OverheadActual   2: 67108864 op, 221604401.00 ns, 3.3022 ns/op
OverheadActual   3: 67108864 op, 225989896.00 ns, 3.3675 ns/op
OverheadActual   4: 67108864 op, 226331977.00 ns, 3.3726 ns/op
OverheadActual   5: 67108864 op, 231117133.00 ns, 3.4439 ns/op
OverheadActual   6: 67108864 op, 226799793.00 ns, 3.3796 ns/op
OverheadActual   7: 67108864 op, 227743210.00 ns, 3.3936 ns/op
OverheadActual   8: 67108864 op, 228294888.00 ns, 3.4019 ns/op
OverheadActual   9: 67108864 op, 224555797.00 ns, 3.3461 ns/op
OverheadActual  10: 67108864 op, 229971422.00 ns, 3.4268 ns/op
OverheadActual  11: 67108864 op, 227961265.00 ns, 3.3969 ns/op
OverheadActual  12: 67108864 op, 228830497.00 ns, 3.4098 ns/op
OverheadActual  13: 67108864 op, 230301072.00 ns, 3.4318 ns/op
OverheadActual  14: 67108864 op, 235976520.00 ns, 3.5163 ns/op
OverheadActual  15: 67108864 op, 237187520.00 ns, 3.5344 ns/op

WorkloadWarmup   1: 67108864 op, 977652668.00 ns, 14.5682 ns/op
WorkloadWarmup   2: 67108864 op, 1013776380.00 ns, 15.1064 ns/op
WorkloadWarmup   3: 67108864 op, 990042896.00 ns, 14.7528 ns/op

// BeforeActualRun
WorkloadActual   1: 67108864 op, 986391068.00 ns, 14.6984 ns/op
WorkloadActual   2: 67108864 op, 966675559.00 ns, 14.4046 ns/op
WorkloadActual   3: 67108864 op, 1027684382.00 ns, 15.3137 ns/op
WorkloadActual   4: 67108864 op, 962916937.00 ns, 14.3486 ns/op
WorkloadActual   5: 67108864 op, 980724723.00 ns, 14.6139 ns/op

// AfterActualRun
WorkloadResult   1: 67108864 op, 758096180.00 ns, 11.2965 ns/op
WorkloadResult   2: 67108864 op, 738380671.00 ns, 11.0027 ns/op
WorkloadResult   3: 67108864 op, 734622049.00 ns, 10.9467 ns/op
WorkloadResult   4: 67108864 op, 752429835.00 ns, 11.2121 ns/op
// GC:  0 0 0 1072 67108864
// Threading:  0 0 67108864

// AfterAll
// Benchmark Process 1568 has exited with code 0.

Mean = 11.115 ns, StdErr = 0.083 ns (0.75%), N = 4, StdDev = 0.167 ns
Min = 10.947 ns, Q1 = 10.989 ns, Median = 11.107 ns, Q3 = 11.233 ns, Max = 11.297 ns
IQR = 0.244 ns, LowerFence = 10.622 ns, UpperFence = 11.600 ns
ConfidenceInterval = [10.038 ns; 12.191 ns] (CI 99.9%), Margin = 1.077 ns (9.69% of Mean)
Skewness = 0.05, Kurtosis = 0.69, MValue = 2

// ** Remained 53 (81.5%) benchmark(s) to run. Estimated finish 2026-08-02 4:23 (0h 9m from now) **
// **************************
// Benchmark: DeepDependencyChainBenchmarks.Needlr_SourceGen_ResolveDeepChain: ShortRun(IterationCount=5, LaunchCount=1, WarmupCount=3)
// *** Execute ***
// Launch: 1 / 1
// Execute: dotnet 7626e42a-34fe-4a7e-846b-e96fd185430e.dll --anonymousPipes 163 164 --benchmarkName NexusLabs.Needlr.Benchmarks.Benchmarks.DeepDependencyChainBenchmarks.Needlr_SourceGen_ResolveDeepChain --job ShortRun --benchmarkId 12 in /actions-runner/_work/needlr/needlr/src/NexusLabs.Needlr.Benchmarks/bin/Release/net10.0/7626e42a-34fe-4a7e-846b-e96fd185430e/bin/Release/net10.0
// Failed to set up high priority (Permission denied). In order to run benchmarks with high priority, make sure you have the right permissions.
// BeforeAnythingElse

// Benchmark Process Environment Information:
// BenchmarkDotNet v0.14.0
// Runtime=.NET 10.0.10 (10.0.1026.32716), X64 RyuJIT AVX2
// GC=Concurrent Workstation
// HardwareIntrinsics=AVX2,AES,BMI1,BMI2,FMA,LZCNT,PCLMUL,POPCNT,AvxVnni,SERIALIZE VectorSize=256
// Job: ShortRun(IterationCount=5, LaunchCount=1, WarmupCount=3)

OverheadJitting  1: 1 op, 272297.00 ns, 272.2970 us/op
WorkloadJitting  1: 1 op, 5807289.00 ns, 5.8073 ms/op

OverheadJitting  2: 16 op, 482498.00 ns, 30.1561 us/op
WorkloadJitting  2: 16 op, 415996.00 ns, 25.9998 us/op

WorkloadPilot    1: 16 op, 7275.00 ns, 454.6875 ns/op
WorkloadPilot    2: 32 op, 6574.00 ns, 205.4375 ns/op
WorkloadPilot    3: 64 op, 8063.00 ns, 125.9844 ns/op
WorkloadPilot    4: 128 op, 15426.00 ns, 120.5156 ns/op
WorkloadPilot    5: 256 op, 19188.00 ns, 74.9531 ns/op
WorkloadPilot    6: 512 op, 33989.00 ns, 66.3848 ns/op
WorkloadPilot    7: 1024 op, 65060.00 ns, 63.5352 ns/op
WorkloadPilot    8: 2048 op, 125031.00 ns, 61.0503 ns/op
WorkloadPilot    9: 4096 op, 241128.00 ns, 58.8691 ns/op
WorkloadPilot   10: 8192 op, 594189.00 ns, 72.5328 ns/op
WorkloadPilot   11: 16384 op, 1065814.00 ns, 65.0521 ns/op
WorkloadPilot   12: 32768 op, 2096266.00 ns, 63.9730 ns/op
WorkloadPilot   13: 65536 op, 4186017.00 ns, 63.8736 ns/op
WorkloadPilot   14: 131072 op, 7926394.00 ns, 60.4736 ns/op
WorkloadPilot   15: 262144 op, 16123695.00 ns, 61.5070 ns/op
WorkloadPilot   16: 524288 op, 32768019.00 ns, 62.5000 ns/op
WorkloadPilot   17: 1048576 op, 67320729.00 ns, 64.2021 ns/op
WorkloadPilot   18: 2097152 op, 29487116.00 ns, 14.0606 ns/op
WorkloadPilot   19: 4194304 op, 63424718.00 ns, 15.1216 ns/op
WorkloadPilot   20: 8388608 op, 122716452.00 ns, 14.6289 ns/op
WorkloadPilot   21: 16777216 op, 246606280.00 ns, 14.6989 ns/op
WorkloadPilot   22: 33554432 op, 496802817.00 ns, 14.8059 ns/op
WorkloadPilot   23: 67108864 op, 1003128691.00 ns, 14.9478 ns/op

OverheadWarmup   1: 67108864 op, 274766467.00 ns, 4.0943 ns/op
OverheadWarmup   2: 67108864 op, 229975292.00 ns, 3.4269 ns/op
OverheadWarmup   3: 67108864 op, 239010379.00 ns, 3.5615 ns/op
OverheadWarmup   4: 67108864 op, 244295837.00 ns, 3.6403 ns/op
OverheadWarmup   5: 67108864 op, 256862910.00 ns, 3.8276 ns/op
OverheadWarmup   6: 67108864 op, 234985769.00 ns, 3.5016 ns/op
OverheadWarmup   7: 67108864 op, 234663381.00 ns, 3.4968 ns/op
OverheadWarmup   8: 67108864 op, 234425068.00 ns, 3.4932 ns/op
OverheadWarmup   9: 67108864 op, 233814439.00 ns, 3.4841 ns/op
OverheadWarmup  10: 67108864 op, 227407486.00 ns, 3.3886 ns/op

OverheadActual   1: 67108864 op, 228774523.00 ns, 3.4090 ns/op
OverheadActual   2: 67108864 op, 237185954.00 ns, 3.5343 ns/op
OverheadActual   3: 67108864 op, 234160371.00 ns, 3.4893 ns/op
OverheadActual   4: 67108864 op, 233024956.00 ns, 3.4723 ns/op
OverheadActual   5: 67108864 op, 248850048.00 ns, 3.7082 ns/op
OverheadActual   6: 67108864 op, 256856556.00 ns, 3.8275 ns/op
OverheadActual   7: 67108864 op, 230265975.00 ns, 3.4312 ns/op
OverheadActual   8: 67108864 op, 219953178.00 ns, 3.2776 ns/op
OverheadActual   9: 67108864 op, 233365236.00 ns, 3.4774 ns/op
OverheadActual  10: 67108864 op, 232786755.00 ns, 3.4688 ns/op
OverheadActual  11: 67108864 op, 227189658.00 ns, 3.3854 ns/op
OverheadActual  12: 67108864 op, 229056709.00 ns, 3.4132 ns/op
OverheadActual  13: 67108864 op, 231801688.00 ns, 3.4541 ns/op
OverheadActual  14: 67108864 op, 228093413.00 ns, 3.3989 ns/op
OverheadActual  15: 67108864 op, 228712675.00 ns, 3.4081 ns/op

WorkloadWarmup   1: 67108864 op, 960211942.00 ns, 14.3083 ns/op
WorkloadWarmup   2: 67108864 op, 1113482159.00 ns, 16.5922 ns/op
WorkloadWarmup   3: 67108864 op, 1076215628.00 ns, 16.0369 ns/op

// BeforeActualRun
WorkloadActual   1: 67108864 op, 994166297.00 ns, 14.8142 ns/op
WorkloadActual   2: 67108864 op, 1015417654.00 ns, 15.1309 ns/op
WorkloadActual   3: 67108864 op, 994012182.00 ns, 14.8119 ns/op
WorkloadActual   4: 67108864 op, 1007062660.00 ns, 15.0064 ns/op
WorkloadActual   5: 67108864 op, 1083106959.00 ns, 16.1396 ns/op

// AfterActualRun
WorkloadResult   1: 67108864 op, 762364609.00 ns, 11.3601 ns/op
WorkloadResult   2: 67108864 op, 783615966.00 ns, 11.6768 ns/op
WorkloadResult   3: 67108864 op, 762210494.00 ns, 11.3578 ns/op
WorkloadResult   4: 67108864 op, 775260972.00 ns, 11.5523 ns/op
// GC:  0 0 0 1072 67108864
// Threading:  0 0 67108864

// AfterAll
// Benchmark Process 1583 has exited with code 0.

Mean = 11.487 ns, StdErr = 0.078 ns (0.68%), N = 4, StdDev = 0.156 ns
Min = 11.358 ns, Q1 = 11.360 ns, Median = 11.456 ns, Q3 = 11.583 ns, Max = 11.677 ns
IQR = 0.224 ns, LowerFence = 11.024 ns, UpperFence = 11.919 ns
ConfidenceInterval = [10.478 ns; 12.495 ns] (CI 99.9%), Margin = 1.008 ns (8.78% of Mean)
Skewness = 0.2, Kurtosis = 0.78, MValue = 2

// ** Remained 52 (80.0%) benchmark(s) to run. Estimated finish 2026-08-02 4:24 (0h 9m from now) **
// ***** BenchmarkRunner: Finish  *****

// * Export *
  actions-runner/_work/needlr/needlr/benchmark-results/results/NexusLabs.Needlr.Benchmarks.Benchmarks.DeepDependencyChainBenchmarks-report.csv
  actions-runner/_work/needlr/needlr/benchmark-results/results/NexusLabs.Needlr.Benchmarks.Benchmarks.DeepDependencyChainBenchmarks-report-github.md
  actions-runner/_work/needlr/needlr/benchmark-results/results/NexusLabs.Needlr.Benchmarks.Benchmarks.DeepDependencyChainBenchmarks-report.html
  actions-runner/_work/needlr/needlr/benchmark-results/results/NexusLabs.Needlr.Benchmarks.Benchmarks.DeepDependencyChainBenchmarks-report-full-compressed.json
  actions-runner/_work/needlr/needlr/benchmark-results/results/NexusLabs.Needlr.Benchmarks.Benchmarks.DeepDependencyChainBenchmarks-report-default.md

// * Detailed results *
DeepDependencyChainBenchmarks.ManualDI_ResolveDeepChain: ShortRun(IterationCount=5, LaunchCount=1, WarmupCount=3)
Runtime = .NET 10.0.10 (10.0.1026.32716), X64 RyuJIT AVX2; GC = Concurrent Workstation
Mean = 10.893 ns, StdErr = 0.134 ns (1.23%), N = 4, StdDev = 0.269 ns
Min = 10.653 ns, Q1 = 10.764 ns, Median = 10.821 ns, Q3 = 10.950 ns, Max = 11.278 ns
IQR = 0.186 ns, LowerFence = 10.485 ns, UpperFence = 11.229 ns
ConfidenceInterval = [9.155 ns; 12.632 ns] (CI 99.9%), Margin = 1.738 ns (15.96% of Mean)
Skewness = 0.54, Kurtosis = 1.21, MValue = 2
-------------------- Histogram --------------------
[10.524 ns ; 10.969 ns) | @@@
[10.969 ns ; 11.501 ns) | @
---------------------------------------------------

DeepDependencyChainBenchmarks.Needlr_Reflection_ResolveDeepChain: ShortRun(IterationCount=5, LaunchCount=1, WarmupCount=3)
Runtime = .NET 10.0.10 (10.0.1026.32716), X64 RyuJIT AVX2; GC = Concurrent Workstation
Mean = 11.115 ns, StdErr = 0.083 ns (0.75%), N = 4, StdDev = 0.167 ns
Min = 10.947 ns, Q1 = 10.989 ns, Median = 11.107 ns, Q3 = 11.233 ns, Max = 11.297 ns
IQR = 0.244 ns, LowerFence = 10.622 ns, UpperFence = 11.600 ns
ConfidenceInterval = [10.038 ns; 12.191 ns] (CI 99.9%), Margin = 1.077 ns (9.69% of Mean)
Skewness = 0.05, Kurtosis = 0.69, MValue = 2
-------------------- Histogram --------------------
[10.942 ns ; 11.434 ns) | @@@@
---------------------------------------------------

DeepDependencyChainBenchmarks.Needlr_SourceGen_ResolveDeepChain: ShortRun(IterationCount=5, LaunchCount=1, WarmupCount=3)
Runtime = .NET 10.0.10 (10.0.1026.32716), X64 RyuJIT AVX2; GC = Concurrent Workstation
Mean = 11.487 ns, StdErr = 0.078 ns (0.68%), N = 4, StdDev = 0.156 ns
Min = 11.358 ns, Q1 = 11.360 ns, Median = 11.456 ns, Q3 = 11.583 ns, Max = 11.677 ns
IQR = 0.224 ns, LowerFence = 11.024 ns, UpperFence = 11.919 ns
ConfidenceInterval = [10.478 ns; 12.495 ns] (CI 99.9%), Margin = 1.008 ns (8.78% of Mean)
Skewness = 0.2, Kurtosis = 0.78, MValue = 2
-------------------- Histogram --------------------
[11.326 ns ; 11.806 ns) | @@@@
---------------------------------------------------

// * Summary *

BenchmarkDotNet v0.14.0, Ubuntu 24.04.4 LTS (Noble Numbat)
12th Gen Intel Core i7-12700H, 1 CPU, 20 logical and 10 physical cores
.NET SDK 10.0.302
  [Host]   : .NET 10.0.10 (10.0.1026.32716), X64 RyuJIT AVX2
  ShortRun : .NET 10.0.10 (10.0.1026.32716), X64 RyuJIT AVX2

Job=ShortRun  IterationCount=5  LaunchCount=1  
WarmupCount=3  

| Method                             | Mean     | Error    | StdDev   | Ratio | RatioSD | Rank | Allocated | Alloc Ratio |
|----------------------------------- |---------:|---------:|---------:|------:|--------:|-----:|----------:|------------:|
| ManualDI_ResolveDeepChain          | 10.89 ns | 1.738 ns | 0.269 ns |  1.00 |    0.03 |    1 |         - |          NA |
| Needlr_Reflection_ResolveDeepChain | 11.11 ns | 1.077 ns | 0.167 ns |  1.02 |    0.03 |    1 |         - |          NA |
| Needlr_SourceGen_ResolveDeepChain  | 11.49 ns | 1.008 ns | 0.156 ns |  1.05 |    0.03 |    1 |         - |          NA |

// * Hints *
Outliers
  DeepDependencyChainBenchmarks.ManualDI_ResolveDeepChain: ShortRun          -> 1 outlier  was  removed (16.43 ns)
  DeepDependencyChainBenchmarks.Needlr_Reflection_ResolveDeepChain: ShortRun -> 1 outlier  was  removed (15.31 ns)
  DeepDependencyChainBenchmarks.Needlr_SourceGen_ResolveDeepChain: ShortRun  -> 1 outlier  was  removed (16.14 ns)
// * Config Issues *

// * Warnings *
Configuration
  Summary -> The exporter HtmlExporter is already present in configuration. There may be unexpected results.

// * Legends *
  Mean        : Arithmetic mean of all measurements
  Error       : Half of 99.9% confidence interval
  StdDev      : Standard deviation of all measurements
  Ratio       : Mean of the ratio distribution ([Current]/[Baseline])
  RatioSD     : Standard deviation of the ratio distribution ([Current]/[Baseline])
  Rank        : Relative position of current benchmark mean among all benchmarks (Arabic style)
  Allocated   : Allocated memory per single operation (managed only, inclusive, 1KB = 1024B)
  Alloc Ratio : Allocated memory ratio distribution ([Current]/[Baseline])
  1 ns        : 1 Nanosecond (0.000000001 sec)

// * Diagnostic Output - MemoryDiagnoser *


// ***** BenchmarkRunner: End *****
Run time: 00:00:53 (53.18 sec), executed benchmarks: 3

// Found 3 benchmarks:
//   DependentServiceResolutionBenchmarks.ManualDI_ResolveDependent: ShortRun(IterationCount=5, LaunchCount=1, WarmupCount=3)
//   DependentServiceResolutionBenchmarks.Needlr_Reflection_ResolveDependent: ShortRun(IterationCount=5, LaunchCount=1, WarmupCount=3)
//   DependentServiceResolutionBenchmarks.Needlr_SourceGen_ResolveDependent: ShortRun(IterationCount=5, LaunchCount=1, WarmupCount=3)

// **************************
// Benchmark: DependentServiceResolutionBenchmarks.ManualDI_ResolveDependent: ShortRun(IterationCount=5, LaunchCount=1, WarmupCount=3)
// *** Execute ***
// Launch: 1 / 1
// Execute: dotnet 7626e42a-34fe-4a7e-846b-e96fd185430e.dll --anonymousPipes 163 164 --benchmarkName NexusLabs.Needlr.Benchmarks.Benchmarks.DependentServiceResolutionBenchmarks.ManualDI_ResolveDependent --job ShortRun --benchmarkId 13 in /actions-runner/_work/needlr/needlr/src/NexusLabs.Needlr.Benchmarks/bin/Release/net10.0/7626e42a-34fe-4a7e-846b-e96fd185430e/bin/Release/net10.0
// Failed to set up high priority (Permission denied). In order to run benchmarks with high priority, make sure you have the right permissions.
// BeforeAnythingElse

// Benchmark Process Environment Information:
// BenchmarkDotNet v0.14.0
// Runtime=.NET 10.0.10 (10.0.1026.32716), X64 RyuJIT AVX2
// GC=Concurrent Workstation
// HardwareIntrinsics=AVX2,AES,BMI1,BMI2,FMA,LZCNT,PCLMUL,POPCNT,AvxVnni,SERIALIZE VectorSize=256
// Job: ShortRun(IterationCount=5, LaunchCount=1, WarmupCount=3)

OverheadJitting  1: 1 op, 297528.00 ns, 297.5280 us/op
WorkloadJitting  1: 1 op, 4396751.00 ns, 4.3968 ms/op

OverheadJitting  2: 16 op, 597943.00 ns, 37.3714 us/op
WorkloadJitting  2: 16 op, 873009.00 ns, 54.5631 us/op

WorkloadPilot    1: 16 op, 12272.00 ns, 767.0000 ns/op
WorkloadPilot    2: 32 op, 8665.00 ns, 270.7813 ns/op
WorkloadPilot    3: 64 op, 9097.00 ns, 142.1406 ns/op
WorkloadPilot    4: 128 op, 12620.00 ns, 98.5938 ns/op
WorkloadPilot    5: 256 op, 19739.00 ns, 77.1055 ns/op
WorkloadPilot    6: 512 op, 32204.00 ns, 62.8984 ns/op
WorkloadPilot    7: 1024 op, 60259.00 ns, 58.8467 ns/op
WorkloadPilot    8: 2048 op, 117233.00 ns, 57.2427 ns/op
WorkloadPilot    9: 4096 op, 228155.00 ns, 55.7019 ns/op
WorkloadPilot   10: 8192 op, 519088.00 ns, 63.3652 ns/op
WorkloadPilot   11: 16384 op, 1015773.00 ns, 61.9979 ns/op
WorkloadPilot   12: 32768 op, 1893277.00 ns, 57.7782 ns/op
WorkloadPilot   13: 65536 op, 4198355.00 ns, 64.0618 ns/op
WorkloadPilot   14: 131072 op, 7595908.00 ns, 57.9522 ns/op
WorkloadPilot   15: 262144 op, 16836209.00 ns, 64.2250 ns/op
WorkloadPilot   16: 524288 op, 36655319.00 ns, 69.9145 ns/op
WorkloadPilot   17: 1048576 op, 70622250.00 ns, 67.3506 ns/op
WorkloadPilot   18: 2097152 op, 39209434.00 ns, 18.6965 ns/op
WorkloadPilot   19: 4194304 op, 63371403.00 ns, 15.1089 ns/op
WorkloadPilot   20: 8388608 op, 121518280.00 ns, 14.4861 ns/op
WorkloadPilot   21: 16777216 op, 266855614.00 ns, 15.9058 ns/op
WorkloadPilot   22: 33554432 op, 506312050.00 ns, 15.0893 ns/op

OverheadWarmup   1: 33554432 op, 126426804.00 ns, 3.7678 ns/op
OverheadWarmup   2: 33554432 op, 126573662.00 ns, 3.7722 ns/op
OverheadWarmup   3: 33554432 op, 121297039.00 ns, 3.6149 ns/op
OverheadWarmup   4: 33554432 op, 135805280.00 ns, 4.0473 ns/op
OverheadWarmup   5: 33554432 op, 124006833.00 ns, 3.6957 ns/op

OverheadActual   1: 33554432 op, 130157833.00 ns, 3.8790 ns/op
OverheadActual   2: 33554432 op, 130230884.00 ns, 3.8812 ns/op
OverheadActual   3: 33554432 op, 120203042.00 ns, 3.5823 ns/op
OverheadActual   4: 33554432 op, 112177335.00 ns, 3.3431 ns/op
OverheadActual   5: 33554432 op, 116536545.00 ns, 3.4731 ns/op
OverheadActual   6: 33554432 op, 120059618.00 ns, 3.5781 ns/op
OverheadActual   7: 33554432 op, 123547028.00 ns, 3.6820 ns/op
OverheadActual   8: 33554432 op, 129702983.00 ns, 3.8655 ns/op
OverheadActual   9: 33554432 op, 120172251.00 ns, 3.5814 ns/op
OverheadActual  10: 33554432 op, 126057336.00 ns, 3.7568 ns/op
OverheadActual  11: 33554432 op, 117282145.00 ns, 3.4953 ns/op
OverheadActual  12: 33554432 op, 122310667.00 ns, 3.6451 ns/op
OverheadActual  13: 33554432 op, 119793650.00 ns, 3.5701 ns/op
OverheadActual  14: 33554432 op, 117860958.00 ns, 3.5125 ns/op
OverheadActual  15: 33554432 op, 119476141.00 ns, 3.5607 ns/op

WorkloadWarmup   1: 33554432 op, 520462934.00 ns, 15.5110 ns/op
WorkloadWarmup   2: 33554432 op, 534625900.00 ns, 15.9331 ns/op
WorkloadWarmup   3: 33554432 op, 561647394.00 ns, 16.7384 ns/op

// BeforeActualRun
WorkloadActual   1: 33554432 op, 634008658.00 ns, 18.8949 ns/op
WorkloadActual   2: 33554432 op, 539638967.00 ns, 16.0825 ns/op
WorkloadActual   3: 33554432 op, 525215722.00 ns, 15.6526 ns/op
WorkloadActual   4: 33554432 op, 489064525.00 ns, 14.5753 ns/op
WorkloadActual   5: 33554432 op, 503530634.00 ns, 15.0064 ns/op

// AfterActualRun
WorkloadResult   1: 33554432 op, 419466716.00 ns, 12.5011 ns/op
WorkloadResult   2: 33554432 op, 405043471.00 ns, 12.0712 ns/op
WorkloadResult   3: 33554432 op, 368892274.00 ns, 10.9938 ns/op
WorkloadResult   4: 33554432 op, 383358383.00 ns, 11.4250 ns/op
// GC:  0 0 0 784 33554432
// Threading:  0 0 33554432

// AfterAll
// Benchmark Process 1594 has exited with code 0.

Mean = 11.748 ns, StdErr = 0.335 ns (2.85%), N = 4, StdDev = 0.670 ns
Min = 10.994 ns, Q1 = 11.317 ns, Median = 11.748 ns, Q3 = 12.179 ns, Max = 12.501 ns
IQR = 0.862 ns, LowerFence = 10.025 ns, UpperFence = 13.471 ns
ConfidenceInterval = [7.421 ns; 16.074 ns] (CI 99.9%), Margin = 4.326 ns (36.83% of Mean)
Skewness = -0, Kurtosis = 0.83, MValue = 2

// ** Remained 51 (78.5%) benchmark(s) to run. Estimated finish 2026-08-02 4:24 (0h 9m from now) **
// **************************
// Benchmark: DependentServiceResolutionBenchmarks.Needlr_Reflection_ResolveDependent: ShortRun(IterationCount=5, LaunchCount=1, WarmupCount=3)
// *** Execute ***
// Launch: 1 / 1
// Execute: dotnet 7626e42a-34fe-4a7e-846b-e96fd185430e.dll --anonymousPipes 163 164 --benchmarkName NexusLabs.Needlr.Benchmarks.Benchmarks.DependentServiceResolutionBenchmarks.Needlr_Reflection_ResolveDependent --job ShortRun --benchmarkId 14 in /actions-runner/_work/needlr/needlr/src/NexusLabs.Needlr.Benchmarks/bin/Release/net10.0/7626e42a-34fe-4a7e-846b-e96fd185430e/bin/Release/net10.0
// Failed to set up high priority (Permission denied). In order to run benchmarks with high priority, make sure you have the right permissions.
// BeforeAnythingElse

// Benchmark Process Environment Information:
// BenchmarkDotNet v0.14.0
// Runtime=.NET 10.0.10 (10.0.1026.32716), X64 RyuJIT AVX2
// GC=Concurrent Workstation
// HardwareIntrinsics=AVX2,AES,BMI1,BMI2,FMA,LZCNT,PCLMUL,POPCNT,AvxVnni,SERIALIZE VectorSize=256
// Job: ShortRun(IterationCount=5, LaunchCount=1, WarmupCount=3)

OverheadJitting  1: 1 op, 290494.00 ns, 290.4940 us/op
WorkloadJitting  1: 1 op, 4883813.00 ns, 4.8838 ms/op

OverheadJitting  2: 16 op, 464960.00 ns, 29.0600 us/op
WorkloadJitting  2: 16 op, 601678.00 ns, 37.6049 us/op

WorkloadPilot    1: 16 op, 14517.00 ns, 907.3125 ns/op
WorkloadPilot    2: 32 op, 12159.00 ns, 379.9688 ns/op
WorkloadPilot    3: 64 op, 11979.00 ns, 187.1719 ns/op
WorkloadPilot    4: 128 op, 19101.00 ns, 149.2266 ns/op
WorkloadPilot    5: 256 op, 21623.00 ns, 84.4648 ns/op
WorkloadPilot    6: 512 op, 34016.00 ns, 66.4375 ns/op
WorkloadPilot    7: 1024 op, 63856.00 ns, 62.3594 ns/op
WorkloadPilot    8: 2048 op, 124594.00 ns, 60.8369 ns/op
WorkloadPilot    9: 4096 op, 407063.00 ns, 99.3806 ns/op
WorkloadPilot   10: 8192 op, 513036.00 ns, 62.6265 ns/op
WorkloadPilot   11: 16384 op, 1104034.00 ns, 67.3849 ns/op
WorkloadPilot   12: 32768 op, 2043656.00 ns, 62.3674 ns/op
WorkloadPilot   13: 65536 op, 4974922.00 ns, 75.9113 ns/op
WorkloadPilot   14: 131072 op, 10049715.00 ns, 76.6732 ns/op
WorkloadPilot   15: 262144 op, 17483985.00 ns, 66.6961 ns/op
WorkloadPilot   16: 524288 op, 32873832.00 ns, 62.7019 ns/op
WorkloadPilot   17: 1048576 op, 67705670.00 ns, 64.5692 ns/op
WorkloadPilot   18: 2097152 op, 31376591.00 ns, 14.9615 ns/op
WorkloadPilot   19: 4194304 op, 59181446.00 ns, 14.1100 ns/op
WorkloadPilot   20: 8388608 op, 135025571.00 ns, 16.0963 ns/op
WorkloadPilot   21: 16777216 op, 231370012.00 ns, 13.7907 ns/op
WorkloadPilot   22: 33554432 op, 471841318.00 ns, 14.0620 ns/op
WorkloadPilot   23: 67108864 op, 930815479.00 ns, 13.8702 ns/op

OverheadWarmup   1: 67108864 op, 278693636.00 ns, 4.1529 ns/op
OverheadWarmup   2: 67108864 op, 281363181.00 ns, 4.1926 ns/op
OverheadWarmup   3: 67108864 op, 277397281.00 ns, 4.1335 ns/op
OverheadWarmup   4: 67108864 op, 262158341.00 ns, 3.9065 ns/op
OverheadWarmup   5: 67108864 op, 230545856.00 ns, 3.4354 ns/op
OverheadWarmup   6: 67108864 op, 237674246.00 ns, 3.5416 ns/op
OverheadWarmup   7: 67108864 op, 230402616.00 ns, 3.4333 ns/op

OverheadActual   1: 67108864 op, 251936107.00 ns, 3.7541 ns/op
OverheadActual   2: 67108864 op, 248778057.00 ns, 3.7071 ns/op
OverheadActual   3: 67108864 op, 231713305.00 ns, 3.4528 ns/op
OverheadActual   4: 67108864 op, 234750691.00 ns, 3.4981 ns/op
OverheadActual   5: 67108864 op, 239145362.00 ns, 3.5635 ns/op
OverheadActual   6: 67108864 op, 251523344.00 ns, 3.7480 ns/op
OverheadActual   7: 67108864 op, 233807952.00 ns, 3.4840 ns/op
OverheadActual   8: 67108864 op, 240536265.00 ns, 3.5843 ns/op
OverheadActual   9: 67108864 op, 241686901.00 ns, 3.6014 ns/op
OverheadActual  10: 67108864 op, 249645783.00 ns, 3.7200 ns/op
OverheadActual  11: 67108864 op, 234898913.00 ns, 3.5003 ns/op
OverheadActual  12: 67108864 op, 239656772.00 ns, 3.5712 ns/op
OverheadActual  13: 67108864 op, 230293968.00 ns, 3.4316 ns/op
OverheadActual  14: 67108864 op, 258931921.00 ns, 3.8584 ns/op
OverheadActual  15: 67108864 op, 239067314.00 ns, 3.5624 ns/op

WorkloadWarmup   1: 67108864 op, 986279956.00 ns, 14.6967 ns/op
WorkloadWarmup   2: 67108864 op, 1250789340.00 ns, 18.6382 ns/op
WorkloadWarmup   3: 67108864 op, 1009104979.00 ns, 15.0368 ns/op

// BeforeActualRun
WorkloadActual   1: 67108864 op, 978085907.00 ns, 14.5746 ns/op
WorkloadActual   2: 67108864 op, 968807588.00 ns, 14.4364 ns/op
WorkloadActual   3: 67108864 op, 985369200.00 ns, 14.6831 ns/op
WorkloadActual   4: 67108864 op, 1002921348.00 ns, 14.9447 ns/op
WorkloadActual   5: 67108864 op, 987828652.00 ns, 14.7198 ns/op

// AfterActualRun
WorkloadResult   1: 67108864 op, 738429135.00 ns, 11.0035 ns/op
WorkloadResult   2: 67108864 op, 729150816.00 ns, 10.8652 ns/op
WorkloadResult   3: 67108864 op, 745712428.00 ns, 11.1120 ns/op
WorkloadResult   4: 67108864 op, 748171880.00 ns, 11.1486 ns/op
// GC:  0 0 0 1072 67108864
// Threading:  0 0 67108864

// AfterAll
// Benchmark Process 1606 has exited with code 0.

Mean = 11.032 ns, StdErr = 0.064 ns (0.58%), N = 4, StdDev = 0.127 ns
Min = 10.865 ns, Q1 = 10.969 ns, Median = 11.058 ns, Q3 = 11.121 ns, Max = 11.149 ns
IQR = 0.152 ns, LowerFence = 10.741 ns, UpperFence = 11.350 ns
ConfidenceInterval = [10.210 ns; 11.855 ns] (CI 99.9%), Margin = 0.823 ns (7.46% of Mean)
Skewness = -0.32, Kurtosis = 0.95, MValue = 2

// ** Remained 50 (76.9%) benchmark(s) to run. Estimated finish 2026-08-02 4:24 (0h 9m from now) **
// **************************
// Benchmark: DependentServiceResolutionBenchmarks.Needlr_SourceGen_ResolveDependent: ShortRun(IterationCount=5, LaunchCount=1, WarmupCount=3)
// *** Execute ***
// Launch: 1 / 1
// Execute: dotnet 7626e42a-34fe-4a7e-846b-e96fd185430e.dll --anonymousPipes 163 164 --benchmarkName NexusLabs.Needlr.Benchmarks.Benchmarks.DependentServiceResolutionBenchmarks.Needlr_SourceGen_ResolveDependent --job ShortRun --benchmarkId 15 in /actions-runner/_work/needlr/needlr/src/NexusLabs.Needlr.Benchmarks/bin/Release/net10.0/7626e42a-34fe-4a7e-846b-e96fd185430e/bin/Release/net10.0
// Failed to set up high priority (Permission denied). In order to run benchmarks with high priority, make sure you have the right permissions.
// BeforeAnythingElse

// Benchmark Process Environment Information:
// BenchmarkDotNet v0.14.0
// Runtime=.NET 10.0.10 (10.0.1026.32716), X64 RyuJIT AVX2
// GC=Concurrent Workstation
// HardwareIntrinsics=AVX2,AES,BMI1,BMI2,FMA,LZCNT,PCLMUL,POPCNT,AvxVnni,SERIALIZE VectorSize=256
// Job: ShortRun(IterationCount=5, LaunchCount=1, WarmupCount=3)

OverheadJitting  1: 1 op, 306456.00 ns, 306.4560 us/op
WorkloadJitting  1: 1 op, 3097092.00 ns, 3.0971 ms/op

OverheadJitting  2: 16 op, 441301.00 ns, 27.5813 us/op
WorkloadJitting  2: 16 op, 428988.00 ns, 26.8118 us/op

WorkloadPilot    1: 16 op, 9630.00 ns, 601.8750 ns/op
WorkloadPilot    2: 32 op, 8245.00 ns, 257.6563 ns/op
WorkloadPilot    3: 64 op, 10304.00 ns, 161.0000 ns/op
WorkloadPilot    4: 128 op, 16996.00 ns, 132.7813 ns/op
WorkloadPilot    5: 256 op, 19822.00 ns, 77.4297 ns/op
WorkloadPilot    6: 512 op, 33579.00 ns, 65.5840 ns/op
WorkloadPilot    7: 1024 op, 63835.00 ns, 62.3389 ns/op
WorkloadPilot    8: 2048 op, 117972.00 ns, 57.6035 ns/op
WorkloadPilot    9: 4096 op, 237764.00 ns, 58.0479 ns/op
WorkloadPilot   10: 8192 op, 604314.00 ns, 73.7688 ns/op
WorkloadPilot   11: 16384 op, 1092109.00 ns, 66.6570 ns/op
WorkloadPilot   12: 32768 op, 2020573.00 ns, 61.6630 ns/op
WorkloadPilot   13: 65536 op, 3859951.00 ns, 58.8982 ns/op
WorkloadPilot   14: 131072 op, 7894958.00 ns, 60.2337 ns/op
WorkloadPilot   15: 262144 op, 15631734.00 ns, 59.6303 ns/op
WorkloadPilot   16: 524288 op, 31075711.00 ns, 59.2722 ns/op
WorkloadPilot   17: 1048576 op, 61161189.00 ns, 58.3279 ns/op
WorkloadPilot   18: 2097152 op, 42071763.00 ns, 20.0614 ns/op
WorkloadPilot   19: 4194304 op, 66487870.00 ns, 15.8519 ns/op
WorkloadPilot   20: 8388608 op, 134218885.00 ns, 16.0001 ns/op
WorkloadPilot   21: 16777216 op, 262149900.00 ns, 15.6254 ns/op
WorkloadPilot   22: 33554432 op, 461728935.00 ns, 13.7606 ns/op
WorkloadPilot   23: 67108864 op, 947623351.00 ns, 14.1207 ns/op

OverheadWarmup   1: 67108864 op, 254705571.00 ns, 3.7954 ns/op
OverheadWarmup   2: 67108864 op, 233868331.00 ns, 3.4849 ns/op
OverheadWarmup   3: 67108864 op, 229490662.00 ns, 3.4197 ns/op
OverheadWarmup   4: 67108864 op, 231953258.00 ns, 3.4564 ns/op
OverheadWarmup   5: 67108864 op, 225347973.00 ns, 3.3579 ns/op
OverheadWarmup   6: 67108864 op, 231391025.00 ns, 3.4480 ns/op
OverheadWarmup   7: 67108864 op, 239773579.00 ns, 3.5729 ns/op
OverheadWarmup   8: 67108864 op, 224528727.00 ns, 3.3457 ns/op

OverheadActual   1: 67108864 op, 243642915.00 ns, 3.6306 ns/op
OverheadActual   2: 67108864 op, 229910493.00 ns, 3.4259 ns/op
OverheadActual   3: 67108864 op, 236981781.00 ns, 3.5313 ns/op
OverheadActual   4: 67108864 op, 229490243.00 ns, 3.4197 ns/op
OverheadActual   5: 67108864 op, 224684261.00 ns, 3.3481 ns/op
OverheadActual   6: 67108864 op, 231512895.00 ns, 3.4498 ns/op
OverheadActual   7: 67108864 op, 225199713.00 ns, 3.3557 ns/op
OverheadActual   8: 67108864 op, 233731322.00 ns, 3.4829 ns/op
OverheadActual   9: 67108864 op, 233707951.00 ns, 3.4825 ns/op
OverheadActual  10: 67108864 op, 225077573.00 ns, 3.3539 ns/op
OverheadActual  11: 67108864 op, 231191218.00 ns, 3.4450 ns/op
OverheadActual  12: 67108864 op, 234195947.00 ns, 3.4898 ns/op
OverheadActual  13: 67108864 op, 225753883.00 ns, 3.3640 ns/op
OverheadActual  14: 67108864 op, 232657525.00 ns, 3.4669 ns/op
OverheadActual  15: 67108864 op, 234670906.00 ns, 3.4969 ns/op

WorkloadWarmup   1: 67108864 op, 999420801.00 ns, 14.8925 ns/op
WorkloadWarmup   2: 67108864 op, 1078842243.00 ns, 16.0760 ns/op
WorkloadWarmup   3: 67108864 op, 976309000.00 ns, 14.5481 ns/op

// BeforeActualRun
WorkloadActual   1: 67108864 op, 1008906535.00 ns, 15.0339 ns/op
WorkloadActual   2: 67108864 op, 969718366.00 ns, 14.4499 ns/op
WorkloadActual   3: 67108864 op, 951065404.00 ns, 14.1720 ns/op
WorkloadActual   4: 67108864 op, 935521674.00 ns, 13.9404 ns/op
WorkloadActual   5: 67108864 op, 1039046491.00 ns, 15.4830 ns/op

// AfterActualRun
WorkloadResult   1: 67108864 op, 777393640.00 ns, 11.5841 ns/op
WorkloadResult   2: 67108864 op, 738205471.00 ns, 11.0001 ns/op
WorkloadResult   3: 67108864 op, 719552509.00 ns, 10.7222 ns/op
WorkloadResult   4: 67108864 op, 704008779.00 ns, 10.4905 ns/op
WorkloadResult   5: 67108864 op, 807533596.00 ns, 12.0332 ns/op
// GC:  0 0 0 1072 67108864
// Threading:  0 0 67108864

// AfterAll
// Benchmark Process 1617 has exited with code 0.

Mean = 11.166 ns, StdErr = 0.284 ns (2.54%), N = 5, StdDev = 0.634 ns
Min = 10.491 ns, Q1 = 10.722 ns, Median = 11.000 ns, Q3 = 11.584 ns, Max = 12.033 ns
IQR = 0.862 ns, LowerFence = 9.429 ns, UpperFence = 12.877 ns
ConfidenceInterval = [8.725 ns; 13.607 ns] (CI 99.9%), Margin = 2.441 ns (21.86% of Mean)
Skewness = 0.26, Kurtosis = 1.04, MValue = 2

// ** Remained 49 (75.4%) benchmark(s) to run. Estimated finish 2026-08-02 4:24 (0h 9m from now) **
// ***** BenchmarkRunner: Finish  *****

// * Export *
  actions-runner/_work/needlr/needlr/benchmark-results/results/NexusLabs.Needlr.Benchmarks.Benchmarks.DependentServiceResolutionBenchmarks-report.csv
  actions-runner/_work/needlr/needlr/benchmark-results/results/NexusLabs.Needlr.Benchmarks.Benchmarks.DependentServiceResolutionBenchmarks-report-github.md
  actions-runner/_work/needlr/needlr/benchmark-results/results/NexusLabs.Needlr.Benchmarks.Benchmarks.DependentServiceResolutionBenchmarks-report.html
  actions-runner/_work/needlr/needlr/benchmark-results/results/NexusLabs.Needlr.Benchmarks.Benchmarks.DependentServiceResolutionBenchmarks-report-full-compressed.json
  actions-runner/_work/needlr/needlr/benchmark-results/results/NexusLabs.Needlr.Benchmarks.Benchmarks.DependentServiceResolutionBenchmarks-report-default.md

// * Detailed results *
DependentServiceResolutionBenchmarks.ManualDI_ResolveDependent: ShortRun(IterationCount=5, LaunchCount=1, WarmupCount=3)
Runtime = .NET 10.0.10 (10.0.1026.32716), X64 RyuJIT AVX2; GC = Concurrent Workstation
Mean = 11.748 ns, StdErr = 0.335 ns (2.85%), N = 4, StdDev = 0.670 ns
Min = 10.994 ns, Q1 = 11.317 ns, Median = 11.748 ns, Q3 = 12.179 ns, Max = 12.501 ns
IQR = 0.862 ns, LowerFence = 10.025 ns, UpperFence = 13.471 ns
ConfidenceInterval = [7.421 ns; 16.074 ns] (CI 99.9%), Margin = 4.326 ns (36.83% of Mean)
Skewness = -0, Kurtosis = 0.83, MValue = 2
-------------------- Histogram --------------------
[10.440 ns ; 11.409 ns) | @
[11.409 ns ; 12.517 ns) | @@@
---------------------------------------------------

DependentServiceResolutionBenchmarks.Needlr_Reflection_ResolveDependent: ShortRun(IterationCount=5, LaunchCount=1, WarmupCount=3)
Runtime = .NET 10.0.10 (10.0.1026.32716), X64 RyuJIT AVX2; GC = Concurrent Workstation
Mean = 11.032 ns, StdErr = 0.064 ns (0.58%), N = 4, StdDev = 0.127 ns
Min = 10.865 ns, Q1 = 10.969 ns, Median = 11.058 ns, Q3 = 11.121 ns, Max = 11.149 ns
IQR = 0.152 ns, LowerFence = 10.741 ns, UpperFence = 11.350 ns
ConfidenceInterval = [10.210 ns; 11.855 ns] (CI 99.9%), Margin = 0.823 ns (7.46% of Mean)
Skewness = -0.32, Kurtosis = 0.95, MValue = 2
-------------------- Histogram --------------------
[10.760 ns ; 11.187 ns) | @@@@
---------------------------------------------------

DependentServiceResolutionBenchmarks.Needlr_SourceGen_ResolveDependent: ShortRun(IterationCount=5, LaunchCount=1, WarmupCount=3)
Runtime = .NET 10.0.10 (10.0.1026.32716), X64 RyuJIT AVX2; GC = Concurrent Workstation
Mean = 11.166 ns, StdErr = 0.284 ns (2.54%), N = 5, StdDev = 0.634 ns
Min = 10.491 ns, Q1 = 10.722 ns, Median = 11.000 ns, Q3 = 11.584 ns, Max = 12.033 ns
IQR = 0.862 ns, LowerFence = 9.429 ns, UpperFence = 12.877 ns
ConfidenceInterval = [8.725 ns; 13.607 ns] (CI 99.9%), Margin = 2.441 ns (21.86% of Mean)
Skewness = 0.26, Kurtosis = 1.04, MValue = 2
-------------------- Histogram --------------------
[10.259 ns ; 11.232 ns) | @@@
[11.232 ns ; 12.295 ns) | @@
---------------------------------------------------

// * Summary *

BenchmarkDotNet v0.14.0, Ubuntu 24.04.4 LTS (Noble Numbat)
12th Gen Intel Core i7-12700H, 1 CPU, 20 logical and 10 physical cores
.NET SDK 10.0.302
  [Host]   : .NET 10.0.10 (10.0.1026.32716), X64 RyuJIT AVX2
  ShortRun : .NET 10.0.10 (10.0.1026.32716), X64 RyuJIT AVX2

Job=ShortRun  IterationCount=5  LaunchCount=1  
WarmupCount=3  

| Method                             | Mean     | Error    | StdDev   | Ratio | RatioSD | Rank | Allocated | Alloc Ratio |
|----------------------------------- |---------:|---------:|---------:|------:|--------:|-----:|----------:|------------:|
| ManualDI_ResolveDependent          | 11.75 ns | 4.326 ns | 0.670 ns |  1.00 |    0.07 |    1 |         - |          NA |
| Needlr_Reflection_ResolveDependent | 11.03 ns | 0.823 ns | 0.127 ns |  0.94 |    0.05 |    1 |         - |          NA |
| Needlr_SourceGen_ResolveDependent  | 11.17 ns | 2.441 ns | 0.634 ns |  0.95 |    0.07 |    1 |         - |          NA |

// * Hints *
Outliers
  DependentServiceResolutionBenchmarks.ManualDI_ResolveDependent: ShortRun          -> 1 outlier  was  removed (18.89 ns)
  DependentServiceResolutionBenchmarks.Needlr_Reflection_ResolveDependent: ShortRun -> 1 outlier  was  removed (14.94 ns)
// * Config Issues *

// * Warnings *
Configuration
  Summary -> The exporter HtmlExporter is already present in configuration. There may be unexpected results.

// * Legends *
  Mean        : Arithmetic mean of all measurements
  Error       : Half of 99.9% confidence interval
  StdDev      : Standard deviation of all measurements
  Ratio       : Mean of the ratio distribution ([Current]/[Baseline])
  RatioSD     : Standard deviation of the ratio distribution ([Current]/[Baseline])
  Rank        : Relative position of current benchmark mean among all benchmarks (Arabic style)
  Allocated   : Allocated memory per single operation (managed only, inclusive, 1KB = 1024B)
  Alloc Ratio : Allocated memory ratio distribution ([Current]/[Baseline])
  1 ns        : 1 Nanosecond (0.000000001 sec)

// * Diagnostic Output - MemoryDiagnoser *


// ***** BenchmarkRunner: End *****
Run time: 00:00:42 (42.38 sec), executed benchmarks: 3

// Found 3 benchmarks:
//   FirstResolutionBenchmarks.ManualDI_BuildAndResolveFirst: ShortRun(InvocationCount=1, IterationCount=5, LaunchCount=1, UnrollFactor=1, WarmupCount=3)
//   FirstResolutionBenchmarks.Needlr_Reflection_BuildAndResolveFirst: ShortRun(InvocationCount=1, IterationCount=5, LaunchCount=1, UnrollFactor=1, WarmupCount=3)
//   FirstResolutionBenchmarks.Needlr_SourceGen_BuildAndResolveFirst: ShortRun(InvocationCount=1, IterationCount=5, LaunchCount=1, UnrollFactor=1, WarmupCount=3)

// **************************
// Benchmark: FirstResolutionBenchmarks.ManualDI_BuildAndResolveFirst: ShortRun(InvocationCount=1, IterationCount=5, LaunchCount=1, UnrollFactor=1, WarmupCount=3)
// *** Execute ***
// Launch: 1 / 1
// Execute: dotnet 7626e42a-34fe-4a7e-846b-e96fd185430e.dll --anonymousPipes 163 164 --benchmarkName NexusLabs.Needlr.Benchmarks.Benchmarks.FirstResolutionBenchmarks.ManualDI_BuildAndResolveFirst --job ShortRun --benchmarkId 16 in /actions-runner/_work/needlr/needlr/src/NexusLabs.Needlr.Benchmarks/bin/Release/net10.0/7626e42a-34fe-4a7e-846b-e96fd185430e/bin/Release/net10.0
// Failed to set up high priority (Permission denied). In order to run benchmarks with high priority, make sure you have the right permissions.
// BeforeAnythingElse

// Benchmark Process Environment Information:
// BenchmarkDotNet v0.14.0
// Runtime=.NET 10.0.10 (10.0.1026.32716), X64 RyuJIT AVX2
// GC=Concurrent Workstation
// HardwareIntrinsics=AVX2,AES,BMI1,BMI2,FMA,LZCNT,PCLMUL,POPCNT,AvxVnni,SERIALIZE VectorSize=256
// Job: ShortRun(InvocationCount=1, IterationCount=5, LaunchCount=1, UnrollFactor=1, WarmupCount=3)

OverheadJitting  1: 1 op, 264407.00 ns, 264.4070 us/op
WorkloadJitting  1: 1 op, 8973044.00 ns, 8.9730 ms/op

OverheadWarmup   1: 1 op, 596.00 ns, 596.0000 ns/op
OverheadWarmup   2: 1 op, 281.00 ns, 281.0000 ns/op
OverheadWarmup   3: 1 op, 270.00 ns, 270.0000 ns/op
OverheadWarmup   4: 1 op, 310.00 ns, 310.0000 ns/op
OverheadWarmup   5: 1 op, 352.00 ns, 352.0000 ns/op
OverheadWarmup   6: 1 op, 293.00 ns, 293.0000 ns/op
OverheadWarmup   7: 1 op, 281.00 ns, 281.0000 ns/op
OverheadWarmup   8: 1 op, 270.00 ns, 270.0000 ns/op
OverheadWarmup   9: 1 op, 280.00 ns, 280.0000 ns/op
OverheadWarmup  10: 1 op, 297.00 ns, 297.0000 ns/op

OverheadActual   1: 1 op, 305.00 ns, 305.0000 ns/op
OverheadActual   2: 1 op, 763.00 ns, 763.0000 ns/op
OverheadActual   3: 1 op, 721.00 ns, 721.0000 ns/op
OverheadActual   4: 1 op, 414.00 ns, 414.0000 ns/op
OverheadActual   5: 1 op, 328.00 ns, 328.0000 ns/op
OverheadActual   6: 1 op, 290.00 ns, 290.0000 ns/op
OverheadActual   7: 1 op, 288.00 ns, 288.0000 ns/op
OverheadActual   8: 1 op, 290.00 ns, 290.0000 ns/op
OverheadActual   9: 1 op, 310.00 ns, 310.0000 ns/op
OverheadActual  10: 1 op, 313.00 ns, 313.0000 ns/op
OverheadActual  11: 1 op, 309.00 ns, 309.0000 ns/op
OverheadActual  12: 1 op, 296.00 ns, 296.0000 ns/op
OverheadActual  13: 1 op, 296.00 ns, 296.0000 ns/op
OverheadActual  14: 1 op, 294.00 ns, 294.0000 ns/op
OverheadActual  15: 1 op, 314.00 ns, 314.0000 ns/op
OverheadActual  16: 1 op, 309.00 ns, 309.0000 ns/op

WorkloadWarmup   1: 1 op, 170506.00 ns, 170.5060 us/op
WorkloadWarmup   2: 1 op, 41360.00 ns, 41.3600 us/op
WorkloadWarmup   3: 1 op, 34595.00 ns, 34.5950 us/op

// BeforeActualRun
WorkloadActual   1: 1 op, 50841.00 ns, 50.8410 us/op
WorkloadActual   2: 1 op, 32317.00 ns, 32.3170 us/op
WorkloadActual   3: 1 op, 31596.00 ns, 31.5960 us/op
WorkloadActual   4: 1 op, 30710.00 ns, 30.7100 us/op
WorkloadActual   5: 1 op, 23128.00 ns, 23.1280 us/op

// AfterActualRun
WorkloadResult   1: 1 op, 32008.00 ns, 32.0080 us/op
WorkloadResult   2: 1 op, 31287.00 ns, 31.2870 us/op
WorkloadResult   3: 1 op, 30401.00 ns, 30.4010 us/op
WorkloadResult   4: 1 op, 22819.00 ns, 22.8190 us/op
// GC:  0 0 0 8368 1
// Threading:  0 0 1

// AfterAll
// Benchmark Process 1630 has exited with code 0.

Mean = 29.129 μs, StdErr = 2.129 μs (7.31%), N = 4, StdDev = 4.258 μs
Min = 22.819 μs, Q1 = 28.506 μs, Median = 30.844 μs, Q3 = 31.467 μs, Max = 32.008 μs
IQR = 2.962 μs, LowerFence = 24.063 μs, UpperFence = 35.910 μs
ConfidenceInterval = [1.617 μs; 56.641 μs] (CI 99.9%), Margin = 27.512 μs (94.45% of Mean)
Skewness = -0.7, Kurtosis = 1.28, MValue = 2

// ** Remained 48 (73.8%) benchmark(s) to run. Estimated finish 2026-08-02 4:24 (0h 9m from now) **
// **************************
// Benchmark: FirstResolutionBenchmarks.Needlr_Reflection_BuildAndResolveFirst: ShortRun(InvocationCount=1, IterationCount=5, LaunchCount=1, UnrollFactor=1, WarmupCount=3)
// *** Execute ***
// Launch: 1 / 1
// Execute: dotnet 7626e42a-34fe-4a7e-846b-e96fd185430e.dll --anonymousPipes 163 164 --benchmarkName NexusLabs.Needlr.Benchmarks.Benchmarks.FirstResolutionBenchmarks.Needlr_Reflection_BuildAndResolveFirst --job ShortRun --benchmarkId 17 in /actions-runner/_work/needlr/needlr/src/NexusLabs.Needlr.Benchmarks/bin/Release/net10.0/7626e42a-34fe-4a7e-846b-e96fd185430e/bin/Release/net10.0
// Failed to set up high priority (Permission denied). In order to run benchmarks with high priority, make sure you have the right permissions.
// BeforeAnythingElse

// Benchmark Process Environment Information:
// BenchmarkDotNet v0.14.0
// Runtime=.NET 10.0.10 (10.0.1026.32716), X64 RyuJIT AVX2
// GC=Concurrent Workstation
// HardwareIntrinsics=AVX2,AES,BMI1,BMI2,FMA,LZCNT,PCLMUL,POPCNT,AvxVnni,SERIALIZE VectorSize=256
// Job: ShortRun(InvocationCount=1, IterationCount=5, LaunchCount=1, UnrollFactor=1, WarmupCount=3)

OverheadJitting  1: 1 op, 297927.00 ns, 297.9270 us/op
WorkloadJitting  1: 1 op, 56120073.00 ns, 56.1201 ms/op

OverheadWarmup   1: 1 op, 880.00 ns, 880.0000 ns/op
OverheadWarmup   2: 1 op, 974.00 ns, 974.0000 ns/op
OverheadWarmup   3: 1 op, 997.00 ns, 997.0000 ns/op
OverheadWarmup   4: 1 op, 435.00 ns, 435.0000 ns/op
OverheadWarmup   5: 1 op, 520.00 ns, 520.0000 ns/op
OverheadWarmup   6: 1 op, 710.00 ns, 710.0000 ns/op
OverheadWarmup   7: 1 op, 451.00 ns, 451.0000 ns/op

OverheadActual   1: 1 op, 726.00 ns, 726.0000 ns/op
OverheadActual   2: 1 op, 806.00 ns, 806.0000 ns/op
OverheadActual   3: 1 op, 1111.00 ns, 1.1110 us/op
OverheadActual   4: 1 op, 983.00 ns, 983.0000 ns/op
OverheadActual   5: 1 op, 560.00 ns, 560.0000 ns/op
OverheadActual   6: 1 op, 442.00 ns, 442.0000 ns/op
OverheadActual   7: 1 op, 352.00 ns, 352.0000 ns/op
OverheadActual   8: 1 op, 257.00 ns, 257.0000 ns/op
OverheadActual   9: 1 op, 503.00 ns, 503.0000 ns/op
OverheadActual  10: 1 op, 273.00 ns, 273.0000 ns/op
OverheadActual  11: 1 op, 470.00 ns, 470.0000 ns/op
OverheadActual  12: 1 op, 463.00 ns, 463.0000 ns/op
OverheadActual  13: 1 op, 489.00 ns, 489.0000 ns/op
OverheadActual  14: 1 op, 314.00 ns, 314.0000 ns/op
OverheadActual  15: 1 op, 725.00 ns, 725.0000 ns/op
OverheadActual  16: 1 op, 440.00 ns, 440.0000 ns/op
OverheadActual  17: 1 op, 410.00 ns, 410.0000 ns/op
OverheadActual  18: 1 op, 452.00 ns, 452.0000 ns/op
OverheadActual  19: 1 op, 489.00 ns, 489.0000 ns/op
OverheadActual  20: 1 op, 519.00 ns, 519.0000 ns/op

WorkloadWarmup   1: 1 op, 5866926.00 ns, 5.8669 ms/op
WorkloadWarmup   2: 1 op, 5190881.00 ns, 5.1909 ms/op
WorkloadWarmup   3: 1 op, 5118243.00 ns, 5.1182 ms/op

// BeforeActualRun
WorkloadActual   1: 1 op, 4985796.00 ns, 4.9858 ms/op
WorkloadActual   2: 1 op, 4760902.00 ns, 4.7609 ms/op
WorkloadActual   3: 1 op, 5615477.00 ns, 5.6155 ms/op
WorkloadActual   4: 1 op, 4567631.00 ns, 4.5676 ms/op
WorkloadActual   5: 1 op, 4517370.00 ns, 4.5174 ms/op

// AfterActualRun
WorkloadResult   1: 1 op, 4985316.50 ns, 4.9853 ms/op
WorkloadResult   2: 1 op, 4760422.50 ns, 4.7604 ms/op
WorkloadResult   3: 1 op, 4567151.50 ns, 4.5672 ms/op
WorkloadResult   4: 1 op, 4516890.50 ns, 4.5169 ms/op
// GC:  0 0 0 1322464 1
// Threading:  0 0 1

// AfterAll
// Benchmark Process 1638 has exited with code 0.

Mean = 4.707 ms, StdErr = 0.106 ms (2.26%), N = 4, StdDev = 0.213 ms
Min = 4.517 ms, Q1 = 4.555 ms, Median = 4.664 ms, Q3 = 4.817 ms, Max = 4.985 ms
IQR = 0.262 ms, LowerFence = 4.161 ms, UpperFence = 5.210 ms
ConfidenceInterval = [3.332 ms; 6.083 ms] (CI 99.9%), Margin = 1.376 ms (29.23% of Mean)
Skewness = 0.31, Kurtosis = 0.93, MValue = 2

// ** Remained 47 (72.3%) benchmark(s) to run. Estimated finish 2026-08-02 4:23 (0h 8m from now) **
// **************************
// Benchmark: FirstResolutionBenchmarks.Needlr_SourceGen_BuildAndResolveFirst: ShortRun(InvocationCount=1, IterationCount=5, LaunchCount=1, UnrollFactor=1, WarmupCount=3)
// *** Execute ***
// Launch: 1 / 1
// Execute: dotnet 7626e42a-34fe-4a7e-846b-e96fd185430e.dll --anonymousPipes 163 164 --benchmarkName NexusLabs.Needlr.Benchmarks.Benchmarks.FirstResolutionBenchmarks.Needlr_SourceGen_BuildAndResolveFirst --job ShortRun --benchmarkId 18 in /actions-runner/_work/needlr/needlr/src/NexusLabs.Needlr.Benchmarks/bin/Release/net10.0/7626e42a-34fe-4a7e-846b-e96fd185430e/bin/Release/net10.0
// Failed to set up high priority (Permission denied). In order to run benchmarks with high priority, make sure you have the right permissions.
// BeforeAnythingElse

// Benchmark Process Environment Information:
// BenchmarkDotNet v0.14.0
// Runtime=.NET 10.0.10 (10.0.1026.32716), X64 RyuJIT AVX2
// GC=Concurrent Workstation
// HardwareIntrinsics=AVX2,AES,BMI1,BMI2,FMA,LZCNT,PCLMUL,POPCNT,AvxVnni,SERIALIZE VectorSize=256
// Job: ShortRun(InvocationCount=1, IterationCount=5, LaunchCount=1, UnrollFactor=1, WarmupCount=3)

OverheadJitting  1: 1 op, 341155.00 ns, 341.1550 us/op
WorkloadJitting  1: 1 op, 38277195.00 ns, 38.2772 ms/op

OverheadWarmup   1: 1 op, 758.00 ns, 758.0000 ns/op
OverheadWarmup   2: 1 op, 335.00 ns, 335.0000 ns/op
OverheadWarmup   3: 1 op, 377.00 ns, 377.0000 ns/op
OverheadWarmup   4: 1 op, 333.00 ns, 333.0000 ns/op
OverheadWarmup   5: 1 op, 359.00 ns, 359.0000 ns/op
OverheadWarmup   6: 1 op, 355.00 ns, 355.0000 ns/op

OverheadActual   1: 1 op, 370.00 ns, 370.0000 ns/op
OverheadActual   2: 1 op, 345.00 ns, 345.0000 ns/op
OverheadActual   3: 1 op, 505.00 ns, 505.0000 ns/op
OverheadActual   4: 1 op, 345.00 ns, 345.0000 ns/op
OverheadActual   5: 1 op, 379.00 ns, 379.0000 ns/op
OverheadActual   6: 1 op, 350.00 ns, 350.0000 ns/op
OverheadActual   7: 1 op, 403.00 ns, 403.0000 ns/op
OverheadActual   8: 1 op, 335.00 ns, 335.0000 ns/op
OverheadActual   9: 1 op, 378.00 ns, 378.0000 ns/op
OverheadActual  10: 1 op, 277.00 ns, 277.0000 ns/op
OverheadActual  11: 1 op, 283.00 ns, 283.0000 ns/op
OverheadActual  12: 1 op, 352.00 ns, 352.0000 ns/op
OverheadActual  13: 1 op, 355.00 ns, 355.0000 ns/op
OverheadActual  14: 1 op, 335.00 ns, 335.0000 ns/op
OverheadActual  15: 1 op, 357.00 ns, 357.0000 ns/op
OverheadActual  16: 1 op, 341.00 ns, 341.0000 ns/op
OverheadActual  17: 1 op, 350.00 ns, 350.0000 ns/op
OverheadActual  18: 1 op, 564.00 ns, 564.0000 ns/op
OverheadActual  19: 1 op, 476.00 ns, 476.0000 ns/op
OverheadActual  20: 1 op, 350.00 ns, 350.0000 ns/op

WorkloadWarmup   1: 1 op, 760053.00 ns, 760.0530 us/op
WorkloadWarmup   2: 1 op, 527813.00 ns, 527.8130 us/op
WorkloadWarmup   3: 1 op, 360632.00 ns, 360.6320 us/op

// BeforeActualRun
WorkloadActual   1: 1 op, 660039.00 ns, 660.0390 us/op
WorkloadActual   2: 1 op, 448689.00 ns, 448.6890 us/op
WorkloadActual   3: 1 op, 634458.00 ns, 634.4580 us/op
WorkloadActual   4: 1 op, 411340.00 ns, 411.3400 us/op
WorkloadActual   5: 1 op, 392082.00 ns, 392.0820 us/op

// AfterActualRun
WorkloadResult   1: 1 op, 659688.00 ns, 659.6880 us/op
WorkloadResult   2: 1 op, 448338.00 ns, 448.3380 us/op
WorkloadResult   3: 1 op, 634107.00 ns, 634.1070 us/op
WorkloadResult   4: 1 op, 410989.00 ns, 410.9890 us/op
WorkloadResult   5: 1 op, 391731.00 ns, 391.7310 us/op
// GC:  0 0 0 219592 1
// Threading:  0 0 1

// AfterAll
// Benchmark Process 1645 has exited with code 0.

Mean = 508.971 μs, StdErr = 57.182 μs (11.23%), N = 5, StdDev = 127.864 μs
Min = 391.731 μs, Q1 = 410.989 μs, Median = 448.338 μs, Q3 = 634.107 μs, Max = 659.688 μs
IQR = 223.118 μs, LowerFence = 76.312 μs, UpperFence = 968.784 μs
ConfidenceInterval = [16.612 μs; 1,001.329 μs] (CI 99.9%), Margin = 492.358 μs (96.74% of Mean)
Skewness = 0.25, Kurtosis = 0.79, MValue = 2

// ** Remained 46 (70.8%) benchmark(s) to run. Estimated finish 2026-08-02 4:22 (0h 7m from now) **
// ***** BenchmarkRunner: Finish  *****

// * Export *
  actions-runner/_work/needlr/needlr/benchmark-results/results/NexusLabs.Needlr.Benchmarks.Benchmarks.FirstResolutionBenchmarks-report.csv
  actions-runner/_work/needlr/needlr/benchmark-results/results/NexusLabs.Needlr.Benchmarks.Benchmarks.FirstResolutionBenchmarks-report-github.md
  actions-runner/_work/needlr/needlr/benchmark-results/results/NexusLabs.Needlr.Benchmarks.Benchmarks.FirstResolutionBenchmarks-report.html
  actions-runner/_work/needlr/needlr/benchmark-results/results/NexusLabs.Needlr.Benchmarks.Benchmarks.FirstResolutionBenchmarks-report-full-compressed.json
  actions-runner/_work/needlr/needlr/benchmark-results/results/NexusLabs.Needlr.Benchmarks.Benchmarks.FirstResolutionBenchmarks-report-default.md

// * Detailed results *
FirstResolutionBenchmarks.ManualDI_BuildAndResolveFirst: ShortRun(InvocationCount=1, IterationCount=5, LaunchCount=1, UnrollFactor=1, WarmupCount=3)
Runtime = .NET 10.0.10 (10.0.1026.32716), X64 RyuJIT AVX2; GC = Concurrent Workstation
Mean = 29.129 μs, StdErr = 2.129 μs (7.31%), N = 4, StdDev = 4.258 μs
Min = 22.819 μs, Q1 = 28.506 μs, Median = 30.844 μs, Q3 = 31.467 μs, Max = 32.008 μs
IQR = 2.962 μs, LowerFence = 24.063 μs, UpperFence = 35.910 μs
ConfidenceInterval = [1.617 μs; 56.641 μs] (CI 99.9%), Margin = 27.512 μs (94.45% of Mean)
Skewness = -0.7, Kurtosis = 1.28, MValue = 2
-------------------- Histogram --------------------
[19.299 μs ; 27.684 μs) | @
[27.684 μs ; 35.528 μs) | @@@
---------------------------------------------------

FirstResolutionBenchmarks.Needlr_Reflection_BuildAndResolveFirst: ShortRun(InvocationCount=1, IterationCount=5, LaunchCount=1, UnrollFactor=1, WarmupCount=3)
Runtime = .NET 10.0.10 (10.0.1026.32716), X64 RyuJIT AVX2; GC = Concurrent Workstation
Mean = 4.707 ms, StdErr = 0.106 ms (2.26%), N = 4, StdDev = 0.213 ms
Min = 4.517 ms, Q1 = 4.555 ms, Median = 4.664 ms, Q3 = 4.817 ms, Max = 4.985 ms
IQR = 0.262 ms, LowerFence = 4.161 ms, UpperFence = 5.210 ms
ConfidenceInterval = [3.332 ms; 6.083 ms] (CI 99.9%), Margin = 1.376 ms (29.23% of Mean)
Skewness = 0.31, Kurtosis = 0.93, MValue = 2
-------------------- Histogram --------------------
[4.463 ms ; 4.815 ms) | @@@
[4.815 ms ; 5.161 ms) | @
---------------------------------------------------

FirstResolutionBenchmarks.Needlr_SourceGen_BuildAndResolveFirst: ShortRun(InvocationCount=1, IterationCount=5, LaunchCount=1, UnrollFactor=1, WarmupCount=3)
Runtime = .NET 10.0.10 (10.0.1026.32716), X64 RyuJIT AVX2; GC = Concurrent Workstation
Mean = 508.971 μs, StdErr = 57.182 μs (11.23%), N = 5, StdDev = 127.864 μs
Min = 391.731 μs, Q1 = 410.989 μs, Median = 448.338 μs, Q3 = 634.107 μs, Max = 659.688 μs
IQR = 223.118 μs, LowerFence = 76.312 μs, UpperFence = 968.784 μs
ConfidenceInterval = [16.612 μs; 1,001.329 μs] (CI 99.9%), Margin = 492.358 μs (96.74% of Mean)
Skewness = 0.25, Kurtosis = 0.79, MValue = 2
-------------------- Histogram --------------------
[321.892 μs ; 548.755 μs) | @@@
[548.755 μs ; 757.831 μs) | @@
---------------------------------------------------

// * Summary *

BenchmarkDotNet v0.14.0, Ubuntu 24.04.4 LTS (Noble Numbat)
12th Gen Intel Core i7-12700H, 1 CPU, 20 logical and 10 physical cores
.NET SDK 10.0.302
  [Host]   : .NET 10.0.10 (10.0.1026.32716), X64 RyuJIT AVX2
  ShortRun : .NET 10.0.10 (10.0.1026.32716), X64 RyuJIT AVX2

Job=ShortRun  InvocationCount=1  IterationCount=5  
LaunchCount=1  UnrollFactor=1  WarmupCount=3  

| Method                                 | Mean        | Error       | StdDev     | Ratio  | RatioSD | Rank | Allocated  | Alloc Ratio |
|--------------------------------------- |------------:|------------:|-----------:|-------:|--------:|-----:|-----------:|------------:|
| ManualDI_BuildAndResolveFirst          |    29.13 μs |    27.51 μs |   4.258 μs |   1.02 |    0.21 |    1 |    8.17 KB |        1.00 |
| Needlr_Reflection_BuildAndResolveFirst | 4,707.45 μs | 1,375.93 μs | 212.926 μs | 164.67 |   25.88 |    3 | 1291.47 KB |      158.04 |
| Needlr_SourceGen_BuildAndResolveFirst  |   508.97 μs |   492.36 μs | 127.864 μs |  17.80 |    4.94 |    2 |  214.45 KB |       26.24 |

// * Warnings *
MinIterationTime
  FirstResolutionBenchmarks.ManualDI_BuildAndResolveFirst: ShortRun          -> The minimum observed iteration time is 23.128μs which is very small. It's recommended to increase it to at least 100ms using more operations.
  FirstResolutionBenchmarks.Needlr_Reflection_BuildAndResolveFirst: ShortRun -> The minimum observed iteration time is 4.517ms which is very small. It's recommended to increase it to at least 100ms using more operations.
  FirstResolutionBenchmarks.Needlr_SourceGen_BuildAndResolveFirst: ShortRun  -> The minimum observed iteration time is 392.082μs which is very small. It's recommended to increase it to at least 100ms using more operations.

// * Hints *
Outliers
  FirstResolutionBenchmarks.ManualDI_BuildAndResolveFirst: ShortRun          -> 1 outlier  was  removed, 2 outliers were detected (23.13 μs, 50.84 μs)
  FirstResolutionBenchmarks.Needlr_Reflection_BuildAndResolveFirst: ShortRun -> 1 outlier  was  removed (5.62 ms)
// * Config Issues *

// * Warnings *
Configuration
  Summary -> The exporter HtmlExporter is already present in configuration. There may be unexpected results.

// * Legends *
  Mean        : Arithmetic mean of all measurements
  Error       : Half of 99.9% confidence interval
  StdDev      : Standard deviation of all measurements
  Ratio       : Mean of the ratio distribution ([Current]/[Baseline])
  RatioSD     : Standard deviation of the ratio distribution ([Current]/[Baseline])
  Rank        : Relative position of current benchmark mean among all benchmarks (Arabic style)
  Allocated   : Allocated memory per single operation (managed only, inclusive, 1KB = 1024B)
  Alloc Ratio : Allocated memory ratio distribution ([Current]/[Baseline])
  1 μs        : 1 Microsecond (0.000001 sec)

// * Diagnostic Output - MemoryDiagnoser *


// ***** BenchmarkRunner: End *****
Run time: 00:00:00 (0.63 sec), executed benchmarks: 3

// Found 4 benchmarks:
//   HostBuildBenchmarks.ManualDI_BuildHost: ShortRun(InvocationCount=1, IterationCount=5, LaunchCount=1, UnrollFactor=1, WarmupCount=3)
//   HostBuildBenchmarks.Needlr_Reflection_BuildHost: ShortRun(InvocationCount=1, IterationCount=5, LaunchCount=1, UnrollFactor=1, WarmupCount=3)
//   HostBuildBenchmarks.Needlr_SourceGen_BuildHost: ShortRun(InvocationCount=1, IterationCount=5, LaunchCount=1, UnrollFactor=1, WarmupCount=3)
//   HostBuildBenchmarks.Needlr_SourceGenExplicit_BuildHost: ShortRun(InvocationCount=1, IterationCount=5, LaunchCount=1, UnrollFactor=1, WarmupCount=3)

// **************************
// Benchmark: HostBuildBenchmarks.ManualDI_BuildHost: ShortRun(InvocationCount=1, IterationCount=5, LaunchCount=1, UnrollFactor=1, WarmupCount=3)
// *** Execute ***
// Launch: 1 / 1
// Execute: dotnet 7626e42a-34fe-4a7e-846b-e96fd185430e.dll --anonymousPipes 163 164 --benchmarkName NexusLabs.Needlr.Benchmarks.Benchmarks.HostBuildBenchmarks.ManualDI_BuildHost --job ShortRun --benchmarkId 19 in /actions-runner/_work/needlr/needlr/src/NexusLabs.Needlr.Benchmarks/bin/Release/net10.0/7626e42a-34fe-4a7e-846b-e96fd185430e/bin/Release/net10.0
// Failed to set up high priority (Permission denied). In order to run benchmarks with high priority, make sure you have the right permissions.
// BeforeAnythingElse

// Benchmark Process Environment Information:
// BenchmarkDotNet v0.14.0
// Runtime=.NET 10.0.10 (10.0.1026.32716), X64 RyuJIT AVX2
// GC=Concurrent Workstation
// HardwareIntrinsics=AVX2,AES,BMI1,BMI2,FMA,LZCNT,PCLMUL,POPCNT,AvxVnni,SERIALIZE VectorSize=256
// Job: ShortRun(InvocationCount=1, IterationCount=5, LaunchCount=1, UnrollFactor=1, WarmupCount=3)

OverheadJitting  1: 1 op, 284698.00 ns, 284.6980 us/op
WorkloadJitting  1: 1 op, 58792156.00 ns, 58.7922 ms/op

OverheadWarmup   1: 1 op, 732.00 ns, 732.0000 ns/op
OverheadWarmup   2: 1 op, 433.00 ns, 433.0000 ns/op
OverheadWarmup   3: 1 op, 417.00 ns, 417.0000 ns/op
OverheadWarmup   4: 1 op, 531.00 ns, 531.0000 ns/op
OverheadWarmup   5: 1 op, 427.00 ns, 427.0000 ns/op
OverheadWarmup   6: 1 op, 544.00 ns, 544.0000 ns/op
OverheadWarmup   7: 1 op, 366.00 ns, 366.0000 ns/op

OverheadActual   1: 1 op, 457.00 ns, 457.0000 ns/op
OverheadActual   2: 1 op, 496.00 ns, 496.0000 ns/op
OverheadActual   3: 1 op, 949.00 ns, 949.0000 ns/op
OverheadActual   4: 1 op, 1012.00 ns, 1.0120 us/op
OverheadActual   5: 1 op, 696.00 ns, 696.0000 ns/op
OverheadActual   6: 1 op, 458.00 ns, 458.0000 ns/op
OverheadActual   7: 1 op, 523.00 ns, 523.0000 ns/op
OverheadActual   8: 1 op, 347.00 ns, 347.0000 ns/op
OverheadActual   9: 1 op, 417.00 ns, 417.0000 ns/op
OverheadActual  10: 1 op, 299.00 ns, 299.0000 ns/op
OverheadActual  11: 1 op, 298.00 ns, 298.0000 ns/op
OverheadActual  12: 1 op, 537.00 ns, 537.0000 ns/op
OverheadActual  13: 1 op, 397.00 ns, 397.0000 ns/op
OverheadActual  14: 1 op, 408.00 ns, 408.0000 ns/op
OverheadActual  15: 1 op, 410.00 ns, 410.0000 ns/op
OverheadActual  16: 1 op, 540.00 ns, 540.0000 ns/op
OverheadActual  17: 1 op, 661.00 ns, 661.0000 ns/op
OverheadActual  18: 1 op, 1176.00 ns, 1.1760 us/op
OverheadActual  19: 1 op, 573.00 ns, 573.0000 ns/op
OverheadActual  20: 1 op, 653.00 ns, 653.0000 ns/op

WorkloadWarmup   1: 1 op, 3551548.00 ns, 3.5515 ms/op
WorkloadWarmup   2: 1 op, 2772320.00 ns, 2.7723 ms/op
WorkloadWarmup   3: 1 op, 2542185.00 ns, 2.5422 ms/op

// BeforeActualRun
WorkloadActual   1: 1 op, 2855436.00 ns, 2.8554 ms/op
WorkloadActual   2: 1 op, 3269566.00 ns, 3.2696 ms/op
WorkloadActual   3: 1 op, 2425246.00 ns, 2.4252 ms/op
WorkloadActual   4: 1 op, 2982789.00 ns, 2.9828 ms/op
WorkloadActual   5: 1 op, 3404341.00 ns, 3.4043 ms/op

// AfterActualRun
WorkloadResult   1: 1 op, 2854926.50 ns, 2.8549 ms/op
WorkloadResult   2: 1 op, 3269056.50 ns, 3.2691 ms/op
WorkloadResult   3: 1 op, 2424736.50 ns, 2.4247 ms/op
WorkloadResult   4: 1 op, 2982279.50 ns, 2.9823 ms/op
WorkloadResult   5: 1 op, 3403831.50 ns, 3.4038 ms/op
// GC:  0 0 0 334680 1
// Threading:  0 0 1

// AfterAll
// Benchmark Process 1652 has exited with code 0.

Mean = 2.987 ms, StdErr = 0.171 ms (5.74%), N = 5, StdDev = 0.383 ms
Min = 2.425 ms, Q1 = 2.855 ms, Median = 2.982 ms, Q3 = 3.269 ms, Max = 3.404 ms
IQR = 0.414 ms, LowerFence = 2.234 ms, UpperFence = 3.890 ms
ConfidenceInterval = [1.512 ms; 4.462 ms] (CI 99.9%), Margin = 1.475 ms (49.38% of Mean)
Skewness = -0.3, Kurtosis = 1.27, MValue = 2

// ** Remained 45 (69.2%) benchmark(s) to run. Estimated finish 2026-08-02 4:22 (0h 7m from now) **
// **************************
// Benchmark: HostBuildBenchmarks.Needlr_Reflection_BuildHost: ShortRun(InvocationCount=1, IterationCount=5, LaunchCount=1, UnrollFactor=1, WarmupCount=3)
// *** Execute ***
// Launch: 1 / 1
// Execute: dotnet 7626e42a-34fe-4a7e-846b-e96fd185430e.dll --anonymousPipes 163 164 --benchmarkName NexusLabs.Needlr.Benchmarks.Benchmarks.HostBuildBenchmarks.Needlr_Reflection_BuildHost --job ShortRun --benchmarkId 20 in /actions-runner/_work/needlr/needlr/src/NexusLabs.Needlr.Benchmarks/bin/Release/net10.0/7626e42a-34fe-4a7e-846b-e96fd185430e/bin/Release/net10.0
// Failed to set up high priority (Permission denied). In order to run benchmarks with high priority, make sure you have the right permissions.
// BeforeAnythingElse

// Benchmark Process Environment Information:
// BenchmarkDotNet v0.14.0
// Runtime=.NET 10.0.10 (10.0.1026.32716), X64 RyuJIT AVX2
// GC=Concurrent Workstation
// HardwareIntrinsics=AVX2,AES,BMI1,BMI2,FMA,LZCNT,PCLMUL,POPCNT,AvxVnni,SERIALIZE VectorSize=256
// Job: ShortRun(InvocationCount=1, IterationCount=5, LaunchCount=1, UnrollFactor=1, WarmupCount=3)

OverheadJitting  1: 1 op, 305993.00 ns, 305.9930 us/op
WorkloadJitting  1: 1 op, 75574918.00 ns, 75.5749 ms/op

OverheadWarmup   1: 1 op, 966.00 ns, 966.0000 ns/op
OverheadWarmup   2: 1 op, 389.00 ns, 389.0000 ns/op
OverheadWarmup   3: 1 op, 538.00 ns, 538.0000 ns/op
OverheadWarmup   4: 1 op, 625.00 ns, 625.0000 ns/op
OverheadWarmup   5: 1 op, 389.00 ns, 389.0000 ns/op
OverheadWarmup   6: 1 op, 388.00 ns, 388.0000 ns/op
OverheadWarmup   7: 1 op, 334.00 ns, 334.0000 ns/op
OverheadWarmup   8: 1 op, 450.00 ns, 450.0000 ns/op
OverheadWarmup   9: 1 op, 512.00 ns, 512.0000 ns/op
OverheadWarmup  10: 1 op, 393.00 ns, 393.0000 ns/op

OverheadActual   1: 1 op, 383.00 ns, 383.0000 ns/op
OverheadActual   2: 1 op, 667.00 ns, 667.0000 ns/op
OverheadActual   3: 1 op, 567.00 ns, 567.0000 ns/op
OverheadActual   4: 1 op, 449.00 ns, 449.0000 ns/op
OverheadActual   5: 1 op, 456.00 ns, 456.0000 ns/op
OverheadActual   6: 1 op, 436.00 ns, 436.0000 ns/op
OverheadActual   7: 1 op, 344.00 ns, 344.0000 ns/op
OverheadActual   8: 1 op, 420.00 ns, 420.0000 ns/op
OverheadActual   9: 1 op, 351.00 ns, 351.0000 ns/op
OverheadActual  10: 1 op, 386.00 ns, 386.0000 ns/op
OverheadActual  11: 1 op, 325.00 ns, 325.0000 ns/op
OverheadActual  12: 1 op, 401.00 ns, 401.0000 ns/op
OverheadActual  13: 1 op, 355.00 ns, 355.0000 ns/op
OverheadActual  14: 1 op, 225.00 ns, 225.0000 ns/op
OverheadActual  15: 1 op, 321.00 ns, 321.0000 ns/op
OverheadActual  16: 1 op, 404.00 ns, 404.0000 ns/op
OverheadActual  17: 1 op, 348.00 ns, 348.0000 ns/op
OverheadActual  18: 1 op, 398.00 ns, 398.0000 ns/op
OverheadActual  19: 1 op, 293.00 ns, 293.0000 ns/op
OverheadActual  20: 1 op, 391.00 ns, 391.0000 ns/op

WorkloadWarmup   1: 1 op, 9388967.00 ns, 9.3890 ms/op
WorkloadWarmup   2: 1 op, 7260587.00 ns, 7.2606 ms/op
WorkloadWarmup   3: 1 op, 7438226.00 ns, 7.4382 ms/op

// BeforeActualRun
WorkloadActual   1: 1 op, 7396776.00 ns, 7.3968 ms/op
WorkloadActual   2: 1 op, 7527880.00 ns, 7.5279 ms/op
WorkloadActual   3: 1 op, 6752504.00 ns, 6.7525 ms/op
WorkloadActual   4: 1 op, 6902550.00 ns, 6.9026 ms/op
WorkloadActual   5: 1 op, 6521827.00 ns, 6.5218 ms/op

// AfterActualRun
WorkloadResult   1: 1 op, 7396387.50 ns, 7.3964 ms/op
WorkloadResult   2: 1 op, 7527491.50 ns, 7.5275 ms/op
WorkloadResult   3: 1 op, 6752115.50 ns, 6.7521 ms/op
WorkloadResult   4: 1 op, 6902161.50 ns, 6.9022 ms/op
WorkloadResult   5: 1 op, 6521438.50 ns, 6.5214 ms/op
// GC:  0 0 0 1586624 1
// Threading:  0 0 1

// AfterAll
// Benchmark Process 1680 has exited with code 0.

Mean = 7.020 ms, StdErr = 0.191 ms (2.73%), N = 5, StdDev = 0.428 ms
Min = 6.521 ms, Q1 = 6.752 ms, Median = 6.902 ms, Q3 = 7.396 ms, Max = 7.527 ms
IQR = 0.644 ms, LowerFence = 5.786 ms, UpperFence = 8.363 ms
ConfidenceInterval = [5.371 ms; 8.669 ms] (CI 99.9%), Margin = 1.649 ms (23.49% of Mean)
Skewness = 0.1, Kurtosis = 0.91, MValue = 2

// ** Remained 44 (67.7%) benchmark(s) to run. Estimated finish 2026-08-02 4:21 (0h 6m from now) **
// **************************
// Benchmark: HostBuildBenchmarks.Needlr_SourceGen_BuildHost: ShortRun(InvocationCount=1, IterationCount=5, LaunchCount=1, UnrollFactor=1, WarmupCount=3)
// *** Execute ***
// Launch: 1 / 1
// Execute: dotnet 7626e42a-34fe-4a7e-846b-e96fd185430e.dll --anonymousPipes 163 164 --benchmarkName NexusLabs.Needlr.Benchmarks.Benchmarks.HostBuildBenchmarks.Needlr_SourceGen_BuildHost --job ShortRun --benchmarkId 21 in /actions-runner/_work/needlr/needlr/src/NexusLabs.Needlr.Benchmarks/bin/Release/net10.0/7626e42a-34fe-4a7e-846b-e96fd185430e/bin/Release/net10.0
// Failed to set up high priority (Permission denied). In order to run benchmarks with high priority, make sure you have the right permissions.
// BeforeAnythingElse

// Benchmark Process Environment Information:
// BenchmarkDotNet v0.14.0
// Runtime=.NET 10.0.10 (10.0.1026.32716), X64 RyuJIT AVX2
// GC=Concurrent Workstation
// HardwareIntrinsics=AVX2,AES,BMI1,BMI2,FMA,LZCNT,PCLMUL,POPCNT,AvxVnni,SERIALIZE VectorSize=256
// Job: ShortRun(InvocationCount=1, IterationCount=5, LaunchCount=1, UnrollFactor=1, WarmupCount=3)

OverheadJitting  1: 1 op, 366230.00 ns, 366.2300 us/op
WorkloadJitting  1: 1 op, 65964881.00 ns, 65.9649 ms/op

OverheadWarmup   1: 1 op, 999.00 ns, 999.0000 ns/op
OverheadWarmup   2: 1 op, 624.00 ns, 624.0000 ns/op
OverheadWarmup   3: 1 op, 495.00 ns, 495.0000 ns/op
OverheadWarmup   4: 1 op, 413.00 ns, 413.0000 ns/op
OverheadWarmup   5: 1 op, 428.00 ns, 428.0000 ns/op
OverheadWarmup   6: 1 op, 451.00 ns, 451.0000 ns/op
OverheadWarmup   7: 1 op, 369.00 ns, 369.0000 ns/op
OverheadWarmup   8: 1 op, 482.00 ns, 482.0000 ns/op
OverheadWarmup   9: 1 op, 444.00 ns, 444.0000 ns/op

OverheadActual   1: 1 op, 440.00 ns, 440.0000 ns/op
OverheadActual   2: 1 op, 547.00 ns, 547.0000 ns/op
OverheadActual   3: 1 op, 506.00 ns, 506.0000 ns/op
OverheadActual   4: 1 op, 359.00 ns, 359.0000 ns/op
OverheadActual   5: 1 op, 397.00 ns, 397.0000 ns/op
OverheadActual   6: 1 op, 393.00 ns, 393.0000 ns/op
OverheadActual   7: 1 op, 365.00 ns, 365.0000 ns/op
OverheadActual   8: 1 op, 340.00 ns, 340.0000 ns/op
OverheadActual   9: 1 op, 372.00 ns, 372.0000 ns/op
OverheadActual  10: 1 op, 360.00 ns, 360.0000 ns/op
OverheadActual  11: 1 op, 352.00 ns, 352.0000 ns/op
OverheadActual  12: 1 op, 440.00 ns, 440.0000 ns/op
OverheadActual  13: 1 op, 358.00 ns, 358.0000 ns/op
OverheadActual  14: 1 op, 377.00 ns, 377.0000 ns/op
OverheadActual  15: 1 op, 407.00 ns, 407.0000 ns/op
OverheadActual  16: 1 op, 378.00 ns, 378.0000 ns/op
OverheadActual  17: 1 op, 358.00 ns, 358.0000 ns/op
OverheadActual  18: 1 op, 398.00 ns, 398.0000 ns/op
OverheadActual  19: 1 op, 390.00 ns, 390.0000 ns/op
OverheadActual  20: 1 op, 409.00 ns, 409.0000 ns/op

WorkloadWarmup   1: 1 op, 3891973.00 ns, 3.8920 ms/op
WorkloadWarmup   2: 1 op, 3024917.00 ns, 3.0249 ms/op
WorkloadWarmup   3: 1 op, 2790408.00 ns, 2.7904 ms/op

// BeforeActualRun
WorkloadActual   1: 1 op, 2839950.00 ns, 2.8400 ms/op
WorkloadActual   2: 1 op, 2632106.00 ns, 2.6321 ms/op
WorkloadActual   3: 1 op, 2641116.00 ns, 2.6411 ms/op
WorkloadActual   4: 1 op, 2824161.00 ns, 2.8242 ms/op
WorkloadActual   5: 1 op, 2551297.00 ns, 2.5513 ms/op

// AfterActualRun
WorkloadResult   1: 1 op, 2839566.00 ns, 2.8396 ms/op
WorkloadResult   2: 1 op, 2631722.00 ns, 2.6317 ms/op
WorkloadResult   3: 1 op, 2640732.00 ns, 2.6407 ms/op
WorkloadResult   4: 1 op, 2823777.00 ns, 2.8238 ms/op
WorkloadResult   5: 1 op, 2550913.00 ns, 2.5509 ms/op
// GC:  0 0 0 603248 1
// Threading:  0 0 1

// AfterAll
// Benchmark Process 1707 has exited with code 0.

Mean = 2.697 ms, StdErr = 0.057 ms (2.12%), N = 5, StdDev = 0.128 ms
Min = 2.551 ms, Q1 = 2.632 ms, Median = 2.641 ms, Q3 = 2.824 ms, Max = 2.840 ms
IQR = 0.192 ms, LowerFence = 2.344 ms, UpperFence = 3.112 ms
ConfidenceInterval = [2.206 ms; 3.189 ms] (CI 99.9%), Margin = 0.491 ms (18.22% of Mean)
Skewness = 0.12, Kurtosis = 0.87, MValue = 2

// ** Remained 43 (66.2%) benchmark(s) to run. Estimated finish 2026-08-02 4:21 (0h 6m from now) **
// **************************
// Benchmark: HostBuildBenchmarks.Needlr_SourceGenExplicit_BuildHost: ShortRun(InvocationCount=1, IterationCount=5, LaunchCount=1, UnrollFactor=1, WarmupCount=3)
// *** Execute ***
// Launch: 1 / 1
// Execute: dotnet 7626e42a-34fe-4a7e-846b-e96fd185430e.dll --anonymousPipes 163 164 --benchmarkName NexusLabs.Needlr.Benchmarks.Benchmarks.HostBuildBenchmarks.Needlr_SourceGenExplicit_BuildHost --job ShortRun --benchmarkId 22 in /actions-runner/_work/needlr/needlr/src/NexusLabs.Needlr.Benchmarks/bin/Release/net10.0/7626e42a-34fe-4a7e-846b-e96fd185430e/bin/Release/net10.0
// Failed to set up high priority (Permission denied). In order to run benchmarks with high priority, make sure you have the right permissions.
// BeforeAnythingElse

// Benchmark Process Environment Information:
// BenchmarkDotNet v0.14.0
// Runtime=.NET 10.0.10 (10.0.1026.32716), X64 RyuJIT AVX2
// GC=Concurrent Workstation
// HardwareIntrinsics=AVX2,AES,BMI1,BMI2,FMA,LZCNT,PCLMUL,POPCNT,AvxVnni,SERIALIZE VectorSize=256
// Job: ShortRun(InvocationCount=1, IterationCount=5, LaunchCount=1, UnrollFactor=1, WarmupCount=3)

OverheadJitting  1: 1 op, 285646.00 ns, 285.6460 us/op
WorkloadJitting  1: 1 op, 62114961.00 ns, 62.1150 ms/op

OverheadWarmup   1: 1 op, 1197.00 ns, 1.1970 us/op
OverheadWarmup   2: 1 op, 814.00 ns, 814.0000 ns/op
OverheadWarmup   3: 1 op, 673.00 ns, 673.0000 ns/op
OverheadWarmup   4: 1 op, 435.00 ns, 435.0000 ns/op
OverheadWarmup   5: 1 op, 547.00 ns, 547.0000 ns/op
OverheadWarmup   6: 1 op, 430.00 ns, 430.0000 ns/op
OverheadWarmup   7: 1 op, 474.00 ns, 474.0000 ns/op
OverheadWarmup   8: 1 op, 523.00 ns, 523.0000 ns/op
OverheadWarmup   9: 1 op, 490.00 ns, 490.0000 ns/op

OverheadActual   1: 1 op, 739.00 ns, 739.0000 ns/op
OverheadActual   2: 1 op, 882.00 ns, 882.0000 ns/op
OverheadActual   3: 1 op, 920.00 ns, 920.0000 ns/op
OverheadActual   4: 1 op, 727.00 ns, 727.0000 ns/op
OverheadActual   5: 1 op, 662.00 ns, 662.0000 ns/op
OverheadActual   6: 1 op, 379.00 ns, 379.0000 ns/op
OverheadActual   7: 1 op, 446.00 ns, 446.0000 ns/op
OverheadActual   8: 1 op, 334.00 ns, 334.0000 ns/op
OverheadActual   9: 1 op, 481.00 ns, 481.0000 ns/op
OverheadActual  10: 1 op, 410.00 ns, 410.0000 ns/op
OverheadActual  11: 1 op, 419.00 ns, 419.0000 ns/op
OverheadActual  12: 1 op, 320.00 ns, 320.0000 ns/op
OverheadActual  13: 1 op, 825.00 ns, 825.0000 ns/op
OverheadActual  14: 1 op, 601.00 ns, 601.0000 ns/op
OverheadActual  15: 1 op, 645.00 ns, 645.0000 ns/op
OverheadActual  16: 1 op, 325.00 ns, 325.0000 ns/op
OverheadActual  17: 1 op, 402.00 ns, 402.0000 ns/op
OverheadActual  18: 1 op, 672.00 ns, 672.0000 ns/op
OverheadActual  19: 1 op, 401.00 ns, 401.0000 ns/op
OverheadActual  20: 1 op, 273.00 ns, 273.0000 ns/op

WorkloadWarmup   1: 1 op, 3936337.00 ns, 3.9363 ms/op
WorkloadWarmup   2: 1 op, 3215593.00 ns, 3.2156 ms/op
WorkloadWarmup   3: 1 op, 2774662.00 ns, 2.7747 ms/op

// BeforeActualRun
WorkloadActual   1: 1 op, 2883430.00 ns, 2.8834 ms/op
WorkloadActual   2: 1 op, 3110227.00 ns, 3.1102 ms/op
WorkloadActual   3: 1 op, 3062459.00 ns, 3.0625 ms/op
WorkloadActual   4: 1 op, 2973307.00 ns, 2.9733 ms/op
WorkloadActual   5: 1 op, 2743869.00 ns, 2.7439 ms/op

// AfterActualRun
WorkloadResult   1: 1 op, 2882966.50 ns, 2.8830 ms/op
WorkloadResult   2: 1 op, 3109763.50 ns, 3.1098 ms/op
WorkloadResult   3: 1 op, 3061995.50 ns, 3.0620 ms/op
WorkloadResult   4: 1 op, 2972843.50 ns, 2.9728 ms/op
WorkloadResult   5: 1 op, 2743405.50 ns, 2.7434 ms/op
// GC:  0 0 0 512712 1
// Threading:  0 0 1

// AfterAll
// Benchmark Process 1734 has exited with code 0.

Mean = 2.954 ms, StdErr = 0.065 ms (2.22%), N = 5, StdDev = 0.146 ms
Min = 2.743 ms, Q1 = 2.883 ms, Median = 2.973 ms, Q3 = 3.062 ms, Max = 3.110 ms
IQR = 0.179 ms, LowerFence = 2.614 ms, UpperFence = 3.331 ms
ConfidenceInterval = [2.391 ms; 3.518 ms] (CI 99.9%), Margin = 0.564 ms (19.08% of Mean)
Skewness = -0.3, Kurtosis = 1.19, MValue = 2

// ** Remained 42 (64.6%) benchmark(s) to run. Estimated finish 2026-08-02 4:21 (0h 5m from now) **
// ***** BenchmarkRunner: Finish  *****

// * Export *
  actions-runner/_work/needlr/needlr/benchmark-results/results/NexusLabs.Needlr.Benchmarks.Benchmarks.HostBuildBenchmarks-report.csv
  actions-runner/_work/needlr/needlr/benchmark-results/results/NexusLabs.Needlr.Benchmarks.Benchmarks.HostBuildBenchmarks-report-github.md
  actions-runner/_work/needlr/needlr/benchmark-results/results/NexusLabs.Needlr.Benchmarks.Benchmarks.HostBuildBenchmarks-report.html
  actions-runner/_work/needlr/needlr/benchmark-results/results/NexusLabs.Needlr.Benchmarks.Benchmarks.HostBuildBenchmarks-report-full-compressed.json
  actions-runner/_work/needlr/needlr/benchmark-results/results/NexusLabs.Needlr.Benchmarks.Benchmarks.HostBuildBenchmarks-report-default.md

// * Detailed results *
HostBuildBenchmarks.ManualDI_BuildHost: ShortRun(InvocationCount=1, IterationCount=5, LaunchCount=1, UnrollFactor=1, WarmupCount=3)
Runtime = .NET 10.0.10 (10.0.1026.32716), X64 RyuJIT AVX2; GC = Concurrent Workstation
Mean = 2.987 ms, StdErr = 0.171 ms (5.74%), N = 5, StdDev = 0.383 ms
Min = 2.425 ms, Q1 = 2.855 ms, Median = 2.982 ms, Q3 = 3.269 ms, Max = 3.404 ms
IQR = 0.414 ms, LowerFence = 2.234 ms, UpperFence = 3.890 ms
ConfidenceInterval = [1.512 ms; 4.462 ms] (CI 99.9%), Margin = 1.475 ms (49.38% of Mean)
Skewness = -0.3, Kurtosis = 1.27, MValue = 2
-------------------- Histogram --------------------
[2.131 ms ; 2.835 ms) | @
[2.835 ms ; 3.423 ms) | @@@@
---------------------------------------------------

HostBuildBenchmarks.Needlr_Reflection_BuildHost: ShortRun(InvocationCount=1, IterationCount=5, LaunchCount=1, UnrollFactor=1, WarmupCount=3)
Runtime = .NET 10.0.10 (10.0.1026.32716), X64 RyuJIT AVX2; GC = Concurrent Workstation
Mean = 7.020 ms, StdErr = 0.191 ms (2.73%), N = 5, StdDev = 0.428 ms
Min = 6.521 ms, Q1 = 6.752 ms, Median = 6.902 ms, Q3 = 7.396 ms, Max = 7.527 ms
IQR = 0.644 ms, LowerFence = 5.786 ms, UpperFence = 8.363 ms
ConfidenceInterval = [5.371 ms; 8.669 ms] (CI 99.9%), Margin = 1.649 ms (23.49% of Mean)
Skewness = 0.1, Kurtosis = 0.91, MValue = 2
-------------------- Histogram --------------------
[6.383 ms ; 7.133 ms) | @@@
[7.133 ms ; 7.856 ms) | @@
---------------------------------------------------

HostBuildBenchmarks.Needlr_SourceGen_BuildHost: ShortRun(InvocationCount=1, IterationCount=5, LaunchCount=1, UnrollFactor=1, WarmupCount=3)
Runtime = .NET 10.0.10 (10.0.1026.32716), X64 RyuJIT AVX2; GC = Concurrent Workstation
Mean = 2.697 ms, StdErr = 0.057 ms (2.12%), N = 5, StdDev = 0.128 ms
Min = 2.551 ms, Q1 = 2.632 ms, Median = 2.641 ms, Q3 = 2.824 ms, Max = 2.840 ms
IQR = 0.192 ms, LowerFence = 2.344 ms, UpperFence = 3.112 ms
ConfidenceInterval = [2.206 ms; 3.189 ms] (CI 99.9%), Margin = 0.491 ms (18.22% of Mean)
Skewness = 0.12, Kurtosis = 0.87, MValue = 2
-------------------- Histogram --------------------
[2.498 ms ; 2.734 ms) | @@@
[2.734 ms ; 2.938 ms) | @@
---------------------------------------------------

HostBuildBenchmarks.Needlr_SourceGenExplicit_BuildHost: ShortRun(InvocationCount=1, IterationCount=5, LaunchCount=1, UnrollFactor=1, WarmupCount=3)
Runtime = .NET 10.0.10 (10.0.1026.32716), X64 RyuJIT AVX2; GC = Concurrent Workstation
Mean = 2.954 ms, StdErr = 0.065 ms (2.22%), N = 5, StdDev = 0.146 ms
Min = 2.743 ms, Q1 = 2.883 ms, Median = 2.973 ms, Q3 = 3.062 ms, Max = 3.110 ms
IQR = 0.179 ms, LowerFence = 2.614 ms, UpperFence = 3.331 ms
ConfidenceInterval = [2.391 ms; 3.518 ms] (CI 99.9%), Margin = 0.564 ms (19.08% of Mean)
Skewness = -0.3, Kurtosis = 1.19, MValue = 2
-------------------- Histogram --------------------
[2.701 ms ; 2.929 ms) | @@
[2.929 ms ; 3.154 ms) | @@@
---------------------------------------------------

// * Summary *

BenchmarkDotNet v0.14.0, Ubuntu 24.04.4 LTS (Noble Numbat)
12th Gen Intel Core i7-12700H, 1 CPU, 20 logical and 10 physical cores
.NET SDK 10.0.302
  [Host]   : .NET 10.0.10 (10.0.1026.32716), X64 RyuJIT AVX2
  ShortRun : .NET 10.0.10 (10.0.1026.32716), X64 RyuJIT AVX2

Job=ShortRun  InvocationCount=1  IterationCount=5  
LaunchCount=1  UnrollFactor=1  WarmupCount=3  

| Method                             | Mean     | Error     | StdDev    | Ratio | RatioSD | Rank | Allocated  | Alloc Ratio |
|----------------------------------- |---------:|----------:|----------:|------:|--------:|-----:|-----------:|------------:|
| ManualDI_BuildHost                 | 2.987 ms | 1.4750 ms | 0.3831 ms |  1.01 |    0.17 |    1 |  326.84 KB |        1.00 |
| Needlr_Reflection_BuildHost        | 7.020 ms | 1.6489 ms | 0.4282 ms |  2.38 |    0.33 |    2 | 1549.44 KB |        4.74 |
| Needlr_SourceGen_BuildHost         | 2.697 ms | 0.4915 ms | 0.1276 ms |  0.92 |    0.12 |    1 |  589.11 KB |        1.80 |
| Needlr_SourceGenExplicit_BuildHost | 2.954 ms | 0.5636 ms | 0.1464 ms |  1.00 |    0.13 |    1 |   500.7 KB |        1.53 |

// * Warnings *
MinIterationTime
  HostBuildBenchmarks.ManualDI_BuildHost: ShortRun                 -> The minimum observed iteration time is 2.425ms which is very small. It's recommended to increase it to at least 100ms using more operations.
  HostBuildBenchmarks.Needlr_Reflection_BuildHost: ShortRun        -> The minimum observed iteration time is 6.522ms which is very small. It's recommended to increase it to at least 100ms using more operations.
  HostBuildBenchmarks.Needlr_SourceGen_BuildHost: ShortRun         -> The minimum observed iteration time is 2.551ms which is very small. It's recommended to increase it to at least 100ms using more operations.
  HostBuildBenchmarks.Needlr_SourceGenExplicit_BuildHost: ShortRun -> The minimum observed iteration time is 2.744ms which is very small. It's recommended to increase it to at least 100ms using more operations.
// * Config Issues *

// * Warnings *
Configuration
  Summary -> The exporter HtmlExporter is already present in configuration. There may be unexpected results.

// * Legends *
  Mean        : Arithmetic mean of all measurements
  Error       : Half of 99.9% confidence interval
  StdDev      : Standard deviation of all measurements
  Ratio       : Mean of the ratio distribution ([Current]/[Baseline])
  RatioSD     : Standard deviation of the ratio distribution ([Current]/[Baseline])
  Rank        : Relative position of current benchmark mean among all benchmarks (Arabic style)
  Allocated   : Allocated memory per single operation (managed only, inclusive, 1KB = 1024B)
  Alloc Ratio : Allocated memory ratio distribution ([Current]/[Baseline])
  1 ms        : 1 Millisecond (0.001 sec)

// * Diagnostic Output - MemoryDiagnoser *


// ***** BenchmarkRunner: End *****
Run time: 00:00:01 (1.14 sec), executed benchmarks: 4

// Found 3 benchmarks:
//   KeyedServiceResolutionBenchmarks.ManualDI_ResolveKeyed: ShortRun(IterationCount=5, LaunchCount=1, WarmupCount=3)
//   KeyedServiceResolutionBenchmarks.Needlr_Reflection_ResolveKeyed: ShortRun(IterationCount=5, LaunchCount=1, WarmupCount=3)
//   KeyedServiceResolutionBenchmarks.Needlr_SourceGen_ResolveKeyed: ShortRun(IterationCount=5, LaunchCount=1, WarmupCount=3)

// **************************
// Benchmark: KeyedServiceResolutionBenchmarks.ManualDI_ResolveKeyed: ShortRun(IterationCount=5, LaunchCount=1, WarmupCount=3)
// *** Execute ***
// Launch: 1 / 1
// Execute: dotnet 7626e42a-34fe-4a7e-846b-e96fd185430e.dll --anonymousPipes 163 164 --benchmarkName NexusLabs.Needlr.Benchmarks.Benchmarks.KeyedServiceResolutionBenchmarks.ManualDI_ResolveKeyed --job ShortRun --benchmarkId 23 in /actions-runner/_work/needlr/needlr/src/NexusLabs.Needlr.Benchmarks/bin/Release/net10.0/7626e42a-34fe-4a7e-846b-e96fd185430e/bin/Release/net10.0
// Failed to set up high priority (Permission denied). In order to run benchmarks with high priority, make sure you have the right permissions.
// BeforeAnythingElse

// Benchmark Process Environment Information:
// BenchmarkDotNet v0.14.0
// Runtime=.NET 10.0.10 (10.0.1026.32716), X64 RyuJIT AVX2
// GC=Concurrent Workstation
// HardwareIntrinsics=AVX2,AES,BMI1,BMI2,FMA,LZCNT,PCLMUL,POPCNT,AvxVnni,SERIALIZE VectorSize=256
// Job: ShortRun(IterationCount=5, LaunchCount=1, WarmupCount=3)

OverheadJitting  1: 1 op, 288948.00 ns, 288.9480 us/op
WorkloadJitting  1: 1 op, 3341585.00 ns, 3.3416 ms/op

OverheadJitting  2: 16 op, 429739.00 ns, 26.8587 us/op
WorkloadJitting  2: 16 op, 503873.00 ns, 31.4921 us/op

WorkloadPilot    1: 16 op, 12314.00 ns, 769.6250 ns/op
WorkloadPilot    2: 32 op, 9274.00 ns, 289.8125 ns/op
WorkloadPilot    3: 64 op, 11054.00 ns, 172.7188 ns/op
WorkloadPilot    4: 128 op, 14860.00 ns, 116.0938 ns/op
WorkloadPilot    5: 256 op, 24621.00 ns, 96.1758 ns/op
WorkloadPilot    6: 512 op, 41007.00 ns, 80.0918 ns/op
WorkloadPilot    7: 1024 op, 78557.00 ns, 76.7158 ns/op
WorkloadPilot    8: 2048 op, 152894.00 ns, 74.6553 ns/op
WorkloadPilot    9: 4096 op, 382273.00 ns, 93.3284 ns/op
WorkloadPilot   10: 8192 op, 665611.00 ns, 81.2513 ns/op
WorkloadPilot   11: 16384 op, 1268141.00 ns, 77.4012 ns/op
WorkloadPilot   12: 32768 op, 2446410.00 ns, 74.6585 ns/op
WorkloadPilot   13: 65536 op, 5005736.00 ns, 76.3815 ns/op
WorkloadPilot   14: 131072 op, 10112444.00 ns, 77.1518 ns/op
WorkloadPilot   15: 262144 op, 20690407.00 ns, 78.9276 ns/op
WorkloadPilot   16: 524288 op, 45362456.00 ns, 86.5220 ns/op
WorkloadPilot   17: 1048576 op, 51277340.00 ns, 48.9019 ns/op
WorkloadPilot   18: 2097152 op, 45620730.00 ns, 21.7537 ns/op
WorkloadPilot   19: 4194304 op, 76037772.00 ns, 18.1288 ns/op
WorkloadPilot   20: 8388608 op, 183202649.00 ns, 21.8395 ns/op
WorkloadPilot   21: 16777216 op, 307740668.00 ns, 18.3428 ns/op
WorkloadPilot   22: 33554432 op, 626523265.00 ns, 18.6718 ns/op

OverheadWarmup   1: 33554432 op, 133514760.00 ns, 3.9790 ns/op
OverheadWarmup   2: 33554432 op, 123250410.00 ns, 3.6731 ns/op
OverheadWarmup   3: 33554432 op, 116769592.00 ns, 3.4800 ns/op
OverheadWarmup   4: 33554432 op, 126977174.00 ns, 3.7842 ns/op
OverheadWarmup   5: 33554432 op, 115900826.00 ns, 3.4541 ns/op
OverheadWarmup   6: 33554432 op, 117074805.00 ns, 3.4891 ns/op
OverheadWarmup   7: 33554432 op, 118482566.00 ns, 3.5311 ns/op
OverheadWarmup   8: 33554432 op, 113922656.00 ns, 3.3952 ns/op

OverheadActual   1: 33554432 op, 121377889.00 ns, 3.6173 ns/op
OverheadActual   2: 33554432 op, 114589755.00 ns, 3.4150 ns/op
OverheadActual   3: 33554432 op, 112468515.00 ns, 3.3518 ns/op
OverheadActual   4: 33554432 op, 116620011.00 ns, 3.4755 ns/op
OverheadActual   5: 33554432 op, 121584190.00 ns, 3.6235 ns/op
OverheadActual   6: 33554432 op, 114787060.00 ns, 3.4209 ns/op
OverheadActual   7: 33554432 op, 118007440.00 ns, 3.5169 ns/op
OverheadActual   8: 33554432 op, 116750139.00 ns, 3.4794 ns/op
OverheadActual   9: 33554432 op, 119394533.00 ns, 3.5582 ns/op
OverheadActual  10: 33554432 op, 117897606.00 ns, 3.5136 ns/op
OverheadActual  11: 33554432 op, 120990438.00 ns, 3.6058 ns/op
OverheadActual  12: 33554432 op, 116893839.00 ns, 3.4837 ns/op
OverheadActual  13: 33554432 op, 117231130.00 ns, 3.4938 ns/op
OverheadActual  14: 33554432 op, 118090472.00 ns, 3.5194 ns/op
OverheadActual  15: 33554432 op, 119143907.00 ns, 3.5508 ns/op

WorkloadWarmup   1: 33554432 op, 600477310.00 ns, 17.8956 ns/op
WorkloadWarmup   2: 33554432 op, 577138976.00 ns, 17.2001 ns/op
WorkloadWarmup   3: 33554432 op, 584259181.00 ns, 17.4123 ns/op

// BeforeActualRun
WorkloadActual   1: 33554432 op, 585603002.00 ns, 17.4523 ns/op
WorkloadActual   2: 33554432 op, 608069808.00 ns, 18.1219 ns/op
WorkloadActual   3: 33554432 op, 592389587.00 ns, 17.6546 ns/op
WorkloadActual   4: 33554432 op, 628364581.00 ns, 18.7267 ns/op
WorkloadActual   5: 33554432 op, 620881716.00 ns, 18.5037 ns/op

// AfterActualRun
WorkloadResult   1: 33554432 op, 467705396.00 ns, 13.9387 ns/op
WorkloadResult   2: 33554432 op, 490172202.00 ns, 14.6083 ns/op
WorkloadResult   3: 33554432 op, 474491981.00 ns, 14.1410 ns/op
WorkloadResult   4: 33554432 op, 510466975.00 ns, 15.2131 ns/op
WorkloadResult   5: 33554432 op, 502984110.00 ns, 14.9901 ns/op
// GC:  0 0 0 1072 33554432
// Threading:  0 0 33554432

// AfterAll
// Benchmark Process 1761 has exited with code 0.

Mean = 14.578 ns, StdErr = 0.242 ns (1.66%), N = 5, StdDev = 0.542 ns
Min = 13.939 ns, Q1 = 14.141 ns, Median = 14.608 ns, Q3 = 14.990 ns, Max = 15.213 ns
IQR = 0.849 ns, LowerFence = 12.867 ns, UpperFence = 16.264 ns
ConfidenceInterval = [12.492 ns; 16.664 ns] (CI 99.9%), Margin = 2.086 ns (14.31% of Mean)
Skewness = -0.02, Kurtosis = 0.92, MValue = 2

// ** Remained 41 (63.1%) benchmark(s) to run. Estimated finish 2026-08-02 4:21 (0h 5m from now) **
// **************************
// Benchmark: KeyedServiceResolutionBenchmarks.Needlr_Reflection_ResolveKeyed: ShortRun(IterationCount=5, LaunchCount=1, WarmupCount=3)
// *** Execute ***
// Launch: 1 / 1
// Execute: dotnet 7626e42a-34fe-4a7e-846b-e96fd185430e.dll --anonymousPipes 163 164 --benchmarkName NexusLabs.Needlr.Benchmarks.Benchmarks.KeyedServiceResolutionBenchmarks.Needlr_Reflection_ResolveKeyed --job ShortRun --benchmarkId 24 in /actions-runner/_work/needlr/needlr/src/NexusLabs.Needlr.Benchmarks/bin/Release/net10.0/7626e42a-34fe-4a7e-846b-e96fd185430e/bin/Release/net10.0
// Failed to set up high priority (Permission denied). In order to run benchmarks with high priority, make sure you have the right permissions.
// BeforeAnythingElse

// Benchmark Process Environment Information:
// BenchmarkDotNet v0.14.0
// Runtime=.NET 10.0.10 (10.0.1026.32716), X64 RyuJIT AVX2
// GC=Concurrent Workstation
// HardwareIntrinsics=AVX2,AES,BMI1,BMI2,FMA,LZCNT,PCLMUL,POPCNT,AvxVnni,SERIALIZE VectorSize=256
// Job: ShortRun(IterationCount=5, LaunchCount=1, WarmupCount=3)

OverheadJitting  1: 1 op, 455051.00 ns, 455.0510 us/op

System.Reflection.TargetInvocationException: Exception has been thrown by the target of an invocation.
 ---> System.InvalidOperationException: No keyed service for type 'NexusLabs.Needlr.Benchmarks.TestTypes.IKeyedService' using key type 'System.String' has been registered.
   at Microsoft.Extensions.DependencyInjection.ServiceLookup.ThrowHelper.ThrowInvalidOperationException_NoKeyedServiceRegistered(Type serviceType, Type keyType)
   at Microsoft.Extensions.DependencyInjection.ServiceProvider.GetRequiredKeyedService(Type serviceType, Object serviceKey, ServiceProviderEngineScope serviceProviderEngineScope)
   at Microsoft.Extensions.DependencyInjection.ServiceProviderKeyedServiceExtensions.GetRequiredKeyedService[T](IServiceProvider provider, Object serviceKey)
   at NexusLabs.Needlr.Benchmarks.Benchmarks.KeyedServiceResolutionBenchmarks.Needlr_Reflection_ResolveKeyed() in /_/src/NexusLabs.Needlr.Benchmarks/Benchmarks/KeyedServiceResolutionBenchmarks.cs:line 70
   at BenchmarkDotNet.Autogenerated.Runnable_24.WorkloadActionNoUnroll(Int64 invokeCount) in /_/src/NexusLabs.Needlr.Benchmarks/bin/Release/net10.0/7626e42a-34fe-4a7e-846b-e96fd185430e/7626e42a-34fe-4a7e-846b-e96fd185430e.notcs:line 4920
   at BenchmarkDotNet.Engines.Engine.Measure(Action`1 action, Int64 invokeCount)
   at BenchmarkDotNet.Engines.Engine.RunIteration(IterationData data)
   at BenchmarkDotNet.Engines.EngineFactory.Jit(Engine engine, Int32 jitIndex, Int32 invokeCount, Int32 unrollFactor)
   at BenchmarkDotNet.Engines.EngineFactory.CreateReadyToRun(EngineParameters engineParameters)
   at BenchmarkDotNet.Autogenerated.Runnable_24.Run(IHost host, String benchmarkName) in /_/src/NexusLabs.Needlr.Benchmarks/bin/Release/net10.0/7626e42a-34fe-4a7e-846b-e96fd185430e/7626e42a-34fe-4a7e-846b-e96fd185430e.notcs:line 4783
   at System.Reflection.MethodBaseInvoker.InterpretedInvoke_Method(Object obj, IntPtr* args)
   at System.Reflection.MethodBaseInvoker.InvokeDirectByRefWithFewArgs(Object obj, Span`1 copyOfArgs, BindingFlags invokeAttr)
   --- End of inner exception stack trace ---
   at System.Reflection.MethodBaseInvoker.InvokeDirectByRefWithFewArgs(Object obj, Span`1 copyOfArgs, BindingFlags invokeAttr)
   at System.Reflection.MethodBaseInvoker.InvokeWithFewArgs(Object obj, BindingFlags invokeAttr, Binder binder, Object[] parameters, CultureInfo culture)
   at System.Reflection.RuntimeMethodInfo.Invoke(Object obj, BindingFlags invokeAttr, Binder binder, Object[] parameters, CultureInfo culture)
   at BenchmarkDotNet.Autogenerated.UniqueProgramName.AfterAssemblyLoadingAttached(String[] args) in /_/src/NexusLabs.Needlr.Benchmarks/bin/Release/net10.0/7626e42a-34fe-4a7e-846b-e96fd185430e/7626e42a-34fe-4a7e-846b-e96fd185430e.notcs:line 57
// AfterAll
No Workload Results were obtained from the run.
// Benchmark Process 1770 has exited with code 255.

// ** Remained 40 (61.5%) benchmark(s) to run. Estimated finish 2026-08-02 4:20 (0h 5m from now) **
// **************************
// Benchmark: KeyedServiceResolutionBenchmarks.Needlr_SourceGen_ResolveKeyed: ShortRun(IterationCount=5, LaunchCount=1, WarmupCount=3)
// *** Execute ***
// Launch: 1 / 1
// Execute: dotnet 7626e42a-34fe-4a7e-846b-e96fd185430e.dll --anonymousPipes 163 164 --benchmarkName NexusLabs.Needlr.Benchmarks.Benchmarks.KeyedServiceResolutionBenchmarks.Needlr_SourceGen_ResolveKeyed --job ShortRun --benchmarkId 25 in /actions-runner/_work/needlr/needlr/src/NexusLabs.Needlr.Benchmarks/bin/Release/net10.0/7626e42a-34fe-4a7e-846b-e96fd185430e/bin/Release/net10.0
// Failed to set up high priority (Permission denied). In order to run benchmarks with high priority, make sure you have the right permissions.
// BeforeAnythingElse

// Benchmark Process Environment Information:
// BenchmarkDotNet v0.14.0
// Runtime=.NET 10.0.10 (10.0.1026.32716), X64 RyuJIT AVX2
// GC=Concurrent Workstation
// HardwareIntrinsics=AVX2,AES,BMI1,BMI2,FMA,LZCNT,PCLMUL,POPCNT,AvxVnni,SERIALIZE VectorSize=256
// Job: ShortRun(IterationCount=5, LaunchCount=1, WarmupCount=3)

OverheadJitting  1: 1 op, 348485.00 ns, 348.4850 us/op
WorkloadJitting  1: 1 op, 2388049.00 ns, 2.3880 ms/op

OverheadJitting  2: 16 op, 413372.00 ns, 25.8358 us/op
WorkloadJitting  2: 16 op, 484616.00 ns, 30.2885 us/op

WorkloadPilot    1: 16 op, 9582.00 ns, 598.8750 ns/op
WorkloadPilot    2: 32 op, 7867.00 ns, 245.8438 ns/op
WorkloadPilot    3: 64 op, 8503.00 ns, 132.8594 ns/op
WorkloadPilot    4: 128 op, 15113.00 ns, 118.0703 ns/op
WorkloadPilot    5: 256 op, 19768.00 ns, 77.2188 ns/op
WorkloadPilot    6: 512 op, 41655.00 ns, 81.3574 ns/op
WorkloadPilot    7: 1024 op, 71349.00 ns, 69.6768 ns/op
WorkloadPilot    8: 2048 op, 144549.00 ns, 70.5806 ns/op
WorkloadPilot    9: 4096 op, 293102.00 ns, 71.5581 ns/op
WorkloadPilot   10: 8192 op, 695625.00 ns, 84.9152 ns/op
WorkloadPilot   11: 16384 op, 1262268.00 ns, 77.0427 ns/op
WorkloadPilot   12: 32768 op, 2312431.00 ns, 70.5698 ns/op
WorkloadPilot   13: 65536 op, 4485445.00 ns, 68.4425 ns/op
WorkloadPilot   14: 131072 op, 9692050.00 ns, 73.9445 ns/op
WorkloadPilot   15: 262144 op, 18250341.00 ns, 69.6195 ns/op
WorkloadPilot   16: 524288 op, 36543226.00 ns, 69.7007 ns/op
WorkloadPilot   17: 1048576 op, 67531851.00 ns, 64.4034 ns/op
WorkloadPilot   18: 2097152 op, 35710439.00 ns, 17.0281 ns/op
WorkloadPilot   19: 4194304 op, 71983501.00 ns, 17.1622 ns/op
WorkloadPilot   20: 8388608 op, 149679176.00 ns, 17.8431 ns/op
WorkloadPilot   21: 16777216 op, 300170908.00 ns, 17.8916 ns/op
WorkloadPilot   22: 33554432 op, 618642631.00 ns, 18.4370 ns/op

OverheadWarmup   1: 33554432 op, 155269172.00 ns, 4.6274 ns/op
OverheadWarmup   2: 33554432 op, 128636710.00 ns, 3.8337 ns/op
OverheadWarmup   3: 33554432 op, 113081939.00 ns, 3.3701 ns/op
OverheadWarmup   4: 33554432 op, 117017857.00 ns, 3.4874 ns/op
OverheadWarmup   5: 33554432 op, 125314648.00 ns, 3.7347 ns/op
OverheadWarmup   6: 33554432 op, 112197822.00 ns, 3.3438 ns/op
OverheadWarmup   7: 33554432 op, 114833096.00 ns, 3.4223 ns/op
OverheadWarmup   8: 33554432 op, 114824070.00 ns, 3.4220 ns/op

OverheadActual   1: 33554432 op, 117736471.00 ns, 3.5088 ns/op
OverheadActual   2: 33554432 op, 120250581.00 ns, 3.5837 ns/op
OverheadActual   3: 33554432 op, 120471981.00 ns, 3.5903 ns/op
OverheadActual   4: 33554432 op, 112410118.00 ns, 3.3501 ns/op
OverheadActual   5: 33554432 op, 117909587.00 ns, 3.5140 ns/op
OverheadActual   6: 33554432 op, 115478112.00 ns, 3.4415 ns/op
OverheadActual   7: 33554432 op, 113752408.00 ns, 3.3901 ns/op
OverheadActual   8: 33554432 op, 118284068.00 ns, 3.5251 ns/op
OverheadActual   9: 33554432 op, 112809497.00 ns, 3.3620 ns/op
OverheadActual  10: 33554432 op, 116468308.00 ns, 3.4710 ns/op
OverheadActual  11: 33554432 op, 120044234.00 ns, 3.5776 ns/op
OverheadActual  12: 33554432 op, 122509020.00 ns, 3.6511 ns/op
OverheadActual  13: 33554432 op, 118277216.00 ns, 3.5249 ns/op
OverheadActual  14: 33554432 op, 131840437.00 ns, 3.9292 ns/op
OverheadActual  15: 33554432 op, 115164484.00 ns, 3.4322 ns/op

WorkloadWarmup   1: 33554432 op, 587444498.00 ns, 17.5072 ns/op
WorkloadWarmup   2: 33554432 op, 560249567.00 ns, 16.6967 ns/op
WorkloadWarmup   3: 33554432 op, 704934585.00 ns, 21.0087 ns/op

// BeforeActualRun
WorkloadActual   1: 33554432 op, 745703897.00 ns, 22.2237 ns/op
WorkloadActual   2: 33554432 op, 653101971.00 ns, 19.4640 ns/op
WorkloadActual   3: 33554432 op, 622861148.00 ns, 18.5627 ns/op
WorkloadActual   4: 33554432 op, 602487964.00 ns, 17.9555 ns/op
WorkloadActual   5: 33554432 op, 684100869.00 ns, 20.3878 ns/op

// AfterActualRun
WorkloadResult   1: 33554432 op, 627794310.00 ns, 18.7097 ns/op
WorkloadResult   2: 33554432 op, 535192384.00 ns, 15.9500 ns/op
WorkloadResult   3: 33554432 op, 504951561.00 ns, 15.0487 ns/op
WorkloadResult   4: 33554432 op, 484578377.00 ns, 14.4416 ns/op
WorkloadResult   5: 33554432 op, 566191282.00 ns, 16.8738 ns/op
// GC:  0 0 0 1072 33554432
// Threading:  0 0 33554432

// AfterAll
// Benchmark Process 1778 has exited with code 0.

Mean = 16.205 ns, StdErr = 0.749 ns (4.62%), N = 5, StdDev = 1.676 ns
Min = 14.442 ns, Q1 = 15.049 ns, Median = 15.950 ns, Q3 = 16.874 ns, Max = 18.710 ns
IQR = 1.825 ns, LowerFence = 12.311 ns, UpperFence = 19.611 ns
ConfidenceInterval = [9.752 ns; 22.658 ns] (CI 99.9%), Margin = 6.453 ns (39.82% of Mean)
Skewness = 0.38, Kurtosis = 1.29, MValue = 2

// ** Remained 39 (60.0%) benchmark(s) to run. Estimated finish 2026-08-02 4:20 (0h 5m from now) **
// ***** BenchmarkRunner: Finish  *****

// * Export *
  actions-runner/_work/needlr/needlr/benchmark-results/results/NexusLabs.Needlr.Benchmarks.Benchmarks.KeyedServiceResolutionBenchmarks-report.csv
  actions-runner/_work/needlr/needlr/benchmark-results/results/NexusLabs.Needlr.Benchmarks.Benchmarks.KeyedServiceResolutionBenchmarks-report-github.md
  actions-runner/_work/needlr/needlr/benchmark-results/results/NexusLabs.Needlr.Benchmarks.Benchmarks.KeyedServiceResolutionBenchmarks-report.html
  actions-runner/_work/needlr/needlr/benchmark-results/results/NexusLabs.Needlr.Benchmarks.Benchmarks.KeyedServiceResolutionBenchmarks-report-full-compressed.json
  actions-runner/_work/needlr/needlr/benchmark-results/results/NexusLabs.Needlr.Benchmarks.Benchmarks.KeyedServiceResolutionBenchmarks-report-default.md

// * Detailed results *
KeyedServiceResolutionBenchmarks.ManualDI_ResolveKeyed: ShortRun(IterationCount=5, LaunchCount=1, WarmupCount=3)
Runtime = .NET 10.0.10 (10.0.1026.32716), X64 RyuJIT AVX2; GC = Concurrent Workstation
Mean = 14.578 ns, StdErr = 0.242 ns (1.66%), N = 5, StdDev = 0.542 ns
Min = 13.939 ns, Q1 = 14.141 ns, Median = 14.608 ns, Q3 = 14.990 ns, Max = 15.213 ns
IQR = 0.849 ns, LowerFence = 12.867 ns, UpperFence = 16.264 ns
ConfidenceInterval = [12.492 ns; 16.664 ns] (CI 99.9%), Margin = 2.086 ns (14.31% of Mean)
Skewness = -0.02, Kurtosis = 0.92, MValue = 2
-------------------- Histogram --------------------
[13.523 ns ; 14.495 ns) | @@
[14.495 ns ; 15.326 ns) | @@@
---------------------------------------------------

KeyedServiceResolutionBenchmarks.Needlr_Reflection_ResolveKeyed: ShortRun(IterationCount=5, LaunchCount=1, WarmupCount=3)
Runtime = .NET 10.0.10 (10.0.1026.32716), X64 RyuJIT AVX2; GC = Concurrent Workstation
There are not any results runs

KeyedServiceResolutionBenchmarks.Needlr_SourceGen_ResolveKeyed: ShortRun(IterationCount=5, LaunchCount=1, WarmupCount=3)
Runtime = .NET 10.0.10 (10.0.1026.32716), X64 RyuJIT AVX2; GC = Concurrent Workstation
Mean = 16.205 ns, StdErr = 0.749 ns (4.62%), N = 5, StdDev = 1.676 ns
Min = 14.442 ns, Q1 = 15.049 ns, Median = 15.950 ns, Q3 = 16.874 ns, Max = 18.710 ns
IQR = 1.825 ns, LowerFence = 12.311 ns, UpperFence = 19.611 ns
ConfidenceInterval = [9.752 ns; 22.658 ns] (CI 99.9%), Margin = 6.453 ns (39.82% of Mean)
Skewness = 0.38, Kurtosis = 1.29, MValue = 2
-------------------- Histogram --------------------
[14.371 ns ; 16.944 ns) | @@@@
[16.944 ns ; 19.996 ns) | @
---------------------------------------------------

// * Summary *

BenchmarkDotNet v0.14.0, Ubuntu 24.04.4 LTS (Noble Numbat)
12th Gen Intel Core i7-12700H, 1 CPU, 20 logical and 10 physical cores
.NET SDK 10.0.302
  [Host]   : .NET 10.0.10 (10.0.1026.32716), X64 RyuJIT AVX2
  ShortRun : .NET 10.0.10 (10.0.1026.32716), X64 RyuJIT AVX2

Job=ShortRun  IterationCount=5  LaunchCount=1  
WarmupCount=3  

| Method                         | Mean     | Error    | StdDev   | Ratio | RatioSD | Rank | Allocated | Alloc Ratio |
|------------------------------- |---------:|---------:|---------:|------:|--------:|-----:|----------:|------------:|
| ManualDI_ResolveKeyed          | 14.58 ns | 2.086 ns | 0.542 ns |  1.00 |    0.05 |    1 |         - |          NA |
| Needlr_Reflection_ResolveKeyed |       NA |       NA |       NA |     ? |       ? |    ? |        NA |           ? |
| Needlr_SourceGen_ResolveKeyed  | 16.20 ns | 6.453 ns | 1.676 ns |  1.11 |    0.11 |    1 |         - |          NA |

Benchmarks with issues:
  KeyedServiceResolutionBenchmarks.Needlr_Reflection_ResolveKeyed: ShortRun(IterationCount=5, LaunchCount=1, WarmupCount=3)

// * Warnings *
BaselineCustomAnalyzer
  Summary -> A question mark '?' symbol indicates that it was not possible to compute the (Ratio, RatioSD, Alloc Ratio) column(s) because the baseline value is too close to zero.
// * Config Issues *

// * Warnings *
Configuration
  Summary -> The exporter HtmlExporter is already present in configuration. There may be unexpected results.

// * Legends *
  Mean        : Arithmetic mean of all measurements
  Error       : Half of 99.9% confidence interval
  StdDev      : Standard deviation of all measurements
  Ratio       : Mean of the ratio distribution ([Current]/[Baseline])
  RatioSD     : Standard deviation of the ratio distribution ([Current]/[Baseline])
  Rank        : Relative position of current benchmark mean among all benchmarks (Arabic style)
  Allocated   : Allocated memory per single operation (managed only, inclusive, 1KB = 1024B)
  Alloc Ratio : Allocated memory ratio distribution ([Current]/[Baseline])
  1 ns        : 1 Nanosecond (0.000000001 sec)

// * Diagnostic Output - MemoryDiagnoser *


// ***** BenchmarkRunner: End *****
Run time: 00:00:20 (20.3 sec), executed benchmarks: 3

// Found 3 benchmarks:
//   OpenGenericBenchmarks.ManualDI_ResolveOpenGeneric: ShortRun(IterationCount=5, LaunchCount=1, WarmupCount=3)
//   OpenGenericBenchmarks.Needlr_Reflection_ResolveOpenGeneric: ShortRun(IterationCount=5, LaunchCount=1, WarmupCount=3)
//   OpenGenericBenchmarks.Needlr_SourceGen_ResolveOpenGeneric: ShortRun(IterationCount=5, LaunchCount=1, WarmupCount=3)

// **************************
// Benchmark: OpenGenericBenchmarks.ManualDI_ResolveOpenGeneric: ShortRun(IterationCount=5, LaunchCount=1, WarmupCount=3)
// *** Execute ***
// Launch: 1 / 1
// Execute: dotnet 7626e42a-34fe-4a7e-846b-e96fd185430e.dll --anonymousPipes 163 164 --benchmarkName NexusLabs.Needlr.Benchmarks.Benchmarks.OpenGenericBenchmarks.ManualDI_ResolveOpenGeneric --job ShortRun --benchmarkId 26 in /actions-runner/_work/needlr/needlr/src/NexusLabs.Needlr.Benchmarks/bin/Release/net10.0/7626e42a-34fe-4a7e-846b-e96fd185430e/bin/Release/net10.0
// Failed to set up high priority (Permission denied). In order to run benchmarks with high priority, make sure you have the right permissions.
// BeforeAnythingElse

// Benchmark Process Environment Information:
// BenchmarkDotNet v0.14.0
// Runtime=.NET 10.0.10 (10.0.1026.32716), X64 RyuJIT AVX2
// GC=Concurrent Workstation
// HardwareIntrinsics=AVX2,AES,BMI1,BMI2,FMA,LZCNT,PCLMUL,POPCNT,AvxVnni,SERIALIZE VectorSize=256
// Job: ShortRun(IterationCount=5, LaunchCount=1, WarmupCount=3)

OverheadJitting  1: 1 op, 618143.00 ns, 618.1430 us/op
WorkloadJitting  1: 1 op, 4041998.00 ns, 4.0420 ms/op

OverheadJitting  2: 16 op, 545972.00 ns, 34.1233 us/op
WorkloadJitting  2: 16 op, 3184851.00 ns, 199.0532 us/op

WorkloadPilot    1: 16 op, 250765.00 ns, 15.6728 us/op
WorkloadPilot    2: 32 op, 55586.00 ns, 1.7371 us/op
WorkloadPilot    3: 64 op, 1022745.00 ns, 15.9804 us/op
WorkloadPilot    4: 128 op, 31095.00 ns, 242.9297 ns/op
WorkloadPilot    5: 256 op, 50244.00 ns, 196.2656 ns/op
WorkloadPilot    6: 512 op, 50730.00 ns, 99.0820 ns/op
WorkloadPilot    7: 1024 op, 138802.00 ns, 135.5488 ns/op
WorkloadPilot    8: 2048 op, 188297.00 ns, 91.9419 ns/op
WorkloadPilot    9: 4096 op, 359834.00 ns, 87.8501 ns/op
WorkloadPilot   10: 8192 op, 1103353.00 ns, 134.6866 ns/op
WorkloadPilot   11: 16384 op, 1858848.00 ns, 113.4551 ns/op
WorkloadPilot   12: 32768 op, 3104758.00 ns, 94.7497 ns/op
WorkloadPilot   13: 65536 op, 7382609.00 ns, 112.6497 ns/op
WorkloadPilot   14: 131072 op, 18116992.00 ns, 138.2217 ns/op
WorkloadPilot   15: 262144 op, 27987688.00 ns, 106.7646 ns/op
WorkloadPilot   16: 524288 op, 43576059.00 ns, 83.1147 ns/op
WorkloadPilot   17: 1048576 op, 71797034.00 ns, 68.4710 ns/op
WorkloadPilot   18: 2097152 op, 58965616.00 ns, 28.1170 ns/op
WorkloadPilot   19: 4194304 op, 110319196.00 ns, 26.3021 ns/op
WorkloadPilot   20: 8388608 op, 220023583.00 ns, 26.2289 ns/op
WorkloadPilot   21: 16777216 op, 367197674.00 ns, 21.8867 ns/op
WorkloadPilot   22: 33554432 op, 747472615.00 ns, 22.2764 ns/op

OverheadWarmup   1: 33554432 op, 172920574.00 ns, 5.1534 ns/op
OverheadWarmup   2: 33554432 op, 132471155.00 ns, 3.9479 ns/op
OverheadWarmup   3: 33554432 op, 161583633.00 ns, 4.8156 ns/op
OverheadWarmup   4: 33554432 op, 136015802.00 ns, 4.0536 ns/op
OverheadWarmup   5: 33554432 op, 170079445.00 ns, 5.0688 ns/op
OverheadWarmup   6: 33554432 op, 146180329.00 ns, 4.3565 ns/op

OverheadActual   1: 33554432 op, 136348568.00 ns, 4.0635 ns/op
OverheadActual   2: 33554432 op, 133752123.00 ns, 3.9861 ns/op
OverheadActual   3: 33554432 op, 133261551.00 ns, 3.9715 ns/op
OverheadActual   4: 33554432 op, 138592925.00 ns, 4.1304 ns/op
OverheadActual   5: 33554432 op, 143765224.00 ns, 4.2845 ns/op
OverheadActual   6: 33554432 op, 132723819.00 ns, 3.9555 ns/op
OverheadActual   7: 33554432 op, 121690966.00 ns, 3.6267 ns/op
OverheadActual   8: 33554432 op, 117136650.00 ns, 3.4909 ns/op
OverheadActual   9: 33554432 op, 115796103.00 ns, 3.4510 ns/op
OverheadActual  10: 33554432 op, 113813352.00 ns, 3.3919 ns/op
OverheadActual  11: 33554432 op, 120111288.00 ns, 3.5796 ns/op
OverheadActual  12: 33554432 op, 121501115.00 ns, 3.6210 ns/op
OverheadActual  13: 33554432 op, 122092152.00 ns, 3.6386 ns/op
OverheadActual  14: 33554432 op, 118609585.00 ns, 3.5348 ns/op
OverheadActual  15: 33554432 op, 116714941.00 ns, 3.4784 ns/op
OverheadActual  16: 33554432 op, 112795567.00 ns, 3.3616 ns/op
OverheadActual  17: 33554432 op, 114141560.00 ns, 3.4017 ns/op
OverheadActual  18: 33554432 op, 116347273.00 ns, 3.4674 ns/op
OverheadActual  19: 33554432 op, 108943461.00 ns, 3.2468 ns/op
OverheadActual  20: 33554432 op, 114453711.00 ns, 3.4110 ns/op

WorkloadWarmup   1: 33554432 op, 813342468.00 ns, 24.2395 ns/op
WorkloadWarmup   2: 33554432 op, 705759607.00 ns, 21.0333 ns/op
WorkloadWarmup   3: 33554432 op, 681843164.00 ns, 20.3205 ns/op

// BeforeActualRun
WorkloadActual   1: 33554432 op, 695519113.00 ns, 20.7281 ns/op
WorkloadActual   2: 33554432 op, 676003109.00 ns, 20.1465 ns/op
WorkloadActual   3: 33554432 op, 674057500.00 ns, 20.0885 ns/op
WorkloadActual   4: 33554432 op, 686640721.00 ns, 20.4635 ns/op
WorkloadActual   5: 33554432 op, 683787603.00 ns, 20.3785 ns/op

// AfterActualRun
WorkloadResult   1: 33554432 op, 576158676.50 ns, 17.1709 ns/op
WorkloadResult   2: 33554432 op, 556642672.50 ns, 16.5892 ns/op
WorkloadResult   3: 33554432 op, 554697063.50 ns, 16.5313 ns/op
WorkloadResult   4: 33554432 op, 567280284.50 ns, 16.9063 ns/op
WorkloadResult   5: 33554432 op, 564427166.50 ns, 16.8212 ns/op
// GC:  64 0 0 805307728 33554432
// Threading:  0 0 33554432

// AfterAll
// Benchmark Process 1787 has exited with code 0.

Mean = 16.804 ns, StdErr = 0.115 ns (0.69%), N = 5, StdDev = 0.258 ns
Min = 16.531 ns, Q1 = 16.589 ns, Median = 16.821 ns, Q3 = 16.906 ns, Max = 17.171 ns
IQR = 0.317 ns, LowerFence = 16.114 ns, UpperFence = 17.382 ns
ConfidenceInterval = [15.811 ns; 17.796 ns] (CI 99.9%), Margin = 0.993 ns (5.91% of Mean)
Skewness = 0.24, Kurtosis = 1.17, MValue = 2

// ** Remained 38 (58.5%) benchmark(s) to run. Estimated finish 2026-08-02 4:21 (0h 5m from now) **
// **************************
// Benchmark: OpenGenericBenchmarks.Needlr_Reflection_ResolveOpenGeneric: ShortRun(IterationCount=5, LaunchCount=1, WarmupCount=3)
// *** Execute ***
// Launch: 1 / 1
// Execute: dotnet 7626e42a-34fe-4a7e-846b-e96fd185430e.dll --anonymousPipes 163 164 --benchmarkName NexusLabs.Needlr.Benchmarks.Benchmarks.OpenGenericBenchmarks.Needlr_Reflection_ResolveOpenGeneric --job ShortRun --benchmarkId 27 in /actions-runner/_work/needlr/needlr/src/NexusLabs.Needlr.Benchmarks/bin/Release/net10.0/7626e42a-34fe-4a7e-846b-e96fd185430e/bin/Release/net10.0
// Failed to set up high priority (Permission denied). In order to run benchmarks with high priority, make sure you have the right permissions.
// BeforeAnythingElse

// Benchmark Process Environment Information:
// BenchmarkDotNet v0.14.0
// Runtime=.NET 10.0.10 (10.0.1026.32716), X64 RyuJIT AVX2
// GC=Concurrent Workstation
// HardwareIntrinsics=AVX2,AES,BMI1,BMI2,FMA,LZCNT,PCLMUL,POPCNT,AvxVnni,SERIALIZE VectorSize=256
// Job: ShortRun(IterationCount=5, LaunchCount=1, WarmupCount=3)

OverheadJitting  1: 1 op, 391494.00 ns, 391.4940 us/op
WorkloadJitting  1: 1 op, 4017609.00 ns, 4.0176 ms/op

OverheadJitting  2: 16 op, 456888.00 ns, 28.5555 us/op
WorkloadJitting  2: 16 op, 2080983.00 ns, 130.0614 us/op

WorkloadPilot    1: 16 op, 161688.00 ns, 10.1055 us/op
WorkloadPilot    2: 32 op, 8216.00 ns, 256.7500 ns/op
WorkloadPilot    3: 64 op, 9567.00 ns, 149.4844 ns/op
WorkloadPilot    4: 128 op, 13749.00 ns, 107.4141 ns/op
WorkloadPilot    5: 256 op, 40770.00 ns, 159.2578 ns/op
WorkloadPilot    6: 512 op, 43281.00 ns, 84.5332 ns/op
WorkloadPilot    7: 1024 op, 91807.00 ns, 89.6553 ns/op
WorkloadPilot    8: 2048 op, 172917.00 ns, 84.4321 ns/op
WorkloadPilot    9: 4096 op, 318481.00 ns, 77.7542 ns/op
WorkloadPilot   10: 8192 op, 599743.00 ns, 73.2108 ns/op
WorkloadPilot   11: 16384 op, 1348871.00 ns, 82.3286 ns/op
WorkloadPilot   12: 32768 op, 2426094.00 ns, 74.0385 ns/op
WorkloadPilot   13: 65536 op, 4890959.00 ns, 74.6301 ns/op
WorkloadPilot   14: 131072 op, 9719178.00 ns, 74.1514 ns/op
WorkloadPilot   15: 262144 op, 17822364.00 ns, 67.9869 ns/op
WorkloadPilot   16: 524288 op, 40747148.00 ns, 77.7190 ns/op
WorkloadPilot   17: 1048576 op, 53580108.00 ns, 51.0980 ns/op
WorkloadPilot   18: 2097152 op, 57197839.00 ns, 27.2741 ns/op
WorkloadPilot   19: 4194304 op, 89532293.00 ns, 21.3462 ns/op
WorkloadPilot   20: 8388608 op, 171326946.00 ns, 20.4238 ns/op
WorkloadPilot   21: 16777216 op, 339779161.00 ns, 20.2524 ns/op
WorkloadPilot   22: 33554432 op, 692039520.00 ns, 20.6244 ns/op

OverheadWarmup   1: 33554432 op, 137718116.00 ns, 4.1043 ns/op
OverheadWarmup   2: 33554432 op, 117778379.00 ns, 3.5101 ns/op
OverheadWarmup   3: 33554432 op, 110800966.00 ns, 3.3021 ns/op
OverheadWarmup   4: 33554432 op, 113112876.00 ns, 3.3710 ns/op
OverheadWarmup   5: 33554432 op, 109808314.00 ns, 3.2725 ns/op
OverheadWarmup   6: 33554432 op, 117437561.00 ns, 3.4999 ns/op
OverheadWarmup   7: 33554432 op, 116114897.00 ns, 3.4605 ns/op

OverheadActual   1: 33554432 op, 116000002.00 ns, 3.4571 ns/op
OverheadActual   2: 33554432 op, 113365162.00 ns, 3.3785 ns/op
OverheadActual   3: 33554432 op, 122731269.00 ns, 3.6577 ns/op
OverheadActual   4: 33554432 op, 115397540.00 ns, 3.4391 ns/op
OverheadActual   5: 33554432 op, 112006952.00 ns, 3.3381 ns/op
OverheadActual   6: 33554432 op, 115248600.00 ns, 3.4347 ns/op
OverheadActual   7: 33554432 op, 110878820.00 ns, 3.3044 ns/op
OverheadActual   8: 33554432 op, 122302881.00 ns, 3.6449 ns/op
OverheadActual   9: 33554432 op, 111903908.00 ns, 3.3350 ns/op
OverheadActual  10: 33554432 op, 120094493.00 ns, 3.5791 ns/op
OverheadActual  11: 33554432 op, 111725558.00 ns, 3.3297 ns/op
OverheadActual  12: 33554432 op, 113573993.00 ns, 3.3848 ns/op
OverheadActual  13: 33554432 op, 114579608.00 ns, 3.4147 ns/op
OverheadActual  14: 33554432 op, 110637707.00 ns, 3.2973 ns/op
OverheadActual  15: 33554432 op, 115577203.00 ns, 3.4445 ns/op

WorkloadWarmup   1: 33554432 op, 676171198.00 ns, 20.1515 ns/op
WorkloadWarmup   2: 33554432 op, 667254613.00 ns, 19.8857 ns/op
WorkloadWarmup   3: 33554432 op, 815203215.00 ns, 24.2949 ns/op

// BeforeActualRun
WorkloadActual   1: 33554432 op, 792947857.00 ns, 23.6317 ns/op
WorkloadActual   2: 33554432 op, 705016757.00 ns, 21.0111 ns/op
WorkloadActual   3: 33554432 op, 700507637.00 ns, 20.8768 ns/op
WorkloadActual   4: 33554432 op, 699929767.00 ns, 20.8595 ns/op
WorkloadActual   5: 33554432 op, 763328798.00 ns, 22.7490 ns/op

// AfterActualRun
WorkloadResult   1: 33554432 op, 678368249.00 ns, 20.2169 ns/op
WorkloadResult   2: 33554432 op, 590437149.00 ns, 17.5964 ns/op
WorkloadResult   3: 33554432 op, 585928029.00 ns, 17.4620 ns/op
WorkloadResult   4: 33554432 op, 585350159.00 ns, 17.4448 ns/op
WorkloadResult   5: 33554432 op, 648749190.00 ns, 19.3342 ns/op
// GC:  64 0 0 805307728 33554432
// Threading:  0 0 33554432

// AfterAll
// Benchmark Process 1804 has exited with code 0.

Mean = 18.411 ns, StdErr = 0.575 ns (3.12%), N = 5, StdDev = 1.286 ns
Min = 17.445 ns, Q1 = 17.462 ns, Median = 17.596 ns, Q3 = 19.334 ns, Max = 20.217 ns
IQR = 1.872 ns, LowerFence = 14.654 ns, UpperFence = 22.143 ns
ConfidenceInterval = [13.460 ns; 23.361 ns] (CI 99.9%), Margin = 4.951 ns (26.89% of Mean)
Skewness = 0.41, Kurtosis = 0.99, MValue = 2

// ** Remained 37 (56.9%) benchmark(s) to run. Estimated finish 2026-08-02 4:21 (0h 5m from now) **
// **************************
// Benchmark: OpenGenericBenchmarks.Needlr_SourceGen_ResolveOpenGeneric: ShortRun(IterationCount=5, LaunchCount=1, WarmupCount=3)
// *** Execute ***
// Launch: 1 / 1
// Execute: dotnet 7626e42a-34fe-4a7e-846b-e96fd185430e.dll --anonymousPipes 163 164 --benchmarkName NexusLabs.Needlr.Benchmarks.Benchmarks.OpenGenericBenchmarks.Needlr_SourceGen_ResolveOpenGeneric --job ShortRun --benchmarkId 28 in /actions-runner/_work/needlr/needlr/src/NexusLabs.Needlr.Benchmarks/bin/Release/net10.0/7626e42a-34fe-4a7e-846b-e96fd185430e/bin/Release/net10.0
// Failed to set up high priority (Permission denied). In order to run benchmarks with high priority, make sure you have the right permissions.
// BeforeAnythingElse

// Benchmark Process Environment Information:
// BenchmarkDotNet v0.14.0
// Runtime=.NET 10.0.10 (10.0.1026.32716), X64 RyuJIT AVX2
// GC=Concurrent Workstation
// HardwareIntrinsics=AVX2,AES,BMI1,BMI2,FMA,LZCNT,PCLMUL,POPCNT,AvxVnni,SERIALIZE VectorSize=256
// Job: ShortRun(IterationCount=5, LaunchCount=1, WarmupCount=3)

OverheadJitting  1: 1 op, 702698.00 ns, 702.6980 us/op
WorkloadJitting  1: 1 op, 4402180.00 ns, 4.4022 ms/op

OverheadJitting  2: 16 op, 487974.00 ns, 30.4984 us/op
WorkloadJitting  2: 16 op, 2335909.00 ns, 145.9943 us/op

WorkloadPilot    1: 16 op, 179482.00 ns, 11.2176 us/op
WorkloadPilot    2: 32 op, 10471.00 ns, 327.2188 ns/op
WorkloadPilot    3: 64 op, 10072.00 ns, 157.3750 ns/op
WorkloadPilot    4: 128 op, 15094.00 ns, 117.9219 ns/op
WorkloadPilot    5: 256 op, 39155.00 ns, 152.9492 ns/op
WorkloadPilot    6: 512 op, 43735.00 ns, 85.4199 ns/op
WorkloadPilot    7: 1024 op, 86435.00 ns, 84.4092 ns/op
WorkloadPilot    8: 2048 op, 156144.00 ns, 76.2422 ns/op
WorkloadPilot    9: 4096 op, 306624.00 ns, 74.8594 ns/op
WorkloadPilot   10: 8192 op, 602408.00 ns, 73.5361 ns/op
WorkloadPilot   11: 16384 op, 1282072.00 ns, 78.2515 ns/op
WorkloadPilot   12: 32768 op, 2845498.00 ns, 86.8377 ns/op
WorkloadPilot   13: 65536 op, 5185392.00 ns, 79.1228 ns/op
WorkloadPilot   14: 131072 op, 10181389.00 ns, 77.6778 ns/op
WorkloadPilot   15: 262144 op, 20969737.00 ns, 79.9932 ns/op
WorkloadPilot   16: 524288 op, 35040266.00 ns, 66.8340 ns/op
WorkloadPilot   17: 1048576 op, 35796834.00 ns, 34.1385 ns/op
WorkloadPilot   18: 2097152 op, 40812213.00 ns, 19.4608 ns/op
WorkloadPilot   19: 4194304 op, 77792895.00 ns, 18.5473 ns/op
WorkloadPilot   20: 8388608 op, 164816143.00 ns, 19.6476 ns/op
WorkloadPilot   21: 16777216 op, 297385068.00 ns, 17.7255 ns/op
WorkloadPilot   22: 33554432 op, 693798577.00 ns, 20.6768 ns/op

OverheadWarmup   1: 33554432 op, 153187574.00 ns, 4.5653 ns/op
OverheadWarmup   2: 33554432 op, 140905730.00 ns, 4.1993 ns/op
OverheadWarmup   3: 33554432 op, 120995465.00 ns, 3.6059 ns/op
OverheadWarmup   4: 33554432 op, 129249032.00 ns, 3.8519 ns/op
OverheadWarmup   5: 33554432 op, 135987654.00 ns, 4.0527 ns/op
OverheadWarmup   6: 33554432 op, 120451512.00 ns, 3.5897 ns/op
OverheadWarmup   7: 33554432 op, 118996564.00 ns, 3.5464 ns/op
OverheadWarmup   8: 33554432 op, 109689229.00 ns, 3.2690 ns/op
OverheadWarmup   9: 33554432 op, 113517172.00 ns, 3.3831 ns/op
OverheadWarmup  10: 33554432 op, 112787204.00 ns, 3.3613 ns/op

OverheadActual   1: 33554432 op, 111082256.00 ns, 3.3105 ns/op
OverheadActual   2: 33554432 op, 114483045.00 ns, 3.4119 ns/op
OverheadActual   3: 33554432 op, 120216776.00 ns, 3.5827 ns/op
OverheadActual   4: 33554432 op, 117447293.00 ns, 3.5002 ns/op
OverheadActual   5: 33554432 op, 110633916.00 ns, 3.2971 ns/op
OverheadActual   6: 33554432 op, 114679372.00 ns, 3.4177 ns/op
OverheadActual   7: 33554432 op, 107990527.00 ns, 3.2184 ns/op
OverheadActual   8: 33554432 op, 111998052.00 ns, 3.3378 ns/op
OverheadActual   9: 33554432 op, 113763784.00 ns, 3.3904 ns/op
OverheadActual  10: 33554432 op, 109220120.00 ns, 3.2550 ns/op
OverheadActual  11: 33554432 op, 111909131.00 ns, 3.3352 ns/op
OverheadActual  12: 33554432 op, 110756198.00 ns, 3.3008 ns/op
OverheadActual  13: 33554432 op, 117756915.00 ns, 3.5094 ns/op
OverheadActual  14: 33554432 op, 114603031.00 ns, 3.4154 ns/op
OverheadActual  15: 33554432 op, 114933605.00 ns, 3.4253 ns/op

WorkloadWarmup   1: 33554432 op, 607520813.00 ns, 18.1055 ns/op
WorkloadWarmup   2: 33554432 op, 622538523.00 ns, 18.5531 ns/op
WorkloadWarmup   3: 33554432 op, 646167597.00 ns, 19.2573 ns/op

// BeforeActualRun
WorkloadActual   1: 33554432 op, 628929351.00 ns, 18.7436 ns/op
WorkloadActual   2: 33554432 op, 688237466.00 ns, 20.5111 ns/op
WorkloadActual   3: 33554432 op, 604963401.00 ns, 18.0293 ns/op
WorkloadActual   4: 33554432 op, 633120456.00 ns, 18.8685 ns/op
WorkloadActual   5: 33554432 op, 628445368.00 ns, 18.7291 ns/op

// AfterActualRun
WorkloadResult   1: 33554432 op, 515165567.00 ns, 15.3531 ns/op
WorkloadResult   2: 33554432 op, 491199617.00 ns, 14.6389 ns/op
WorkloadResult   3: 33554432 op, 519356672.00 ns, 15.4780 ns/op
WorkloadResult   4: 33554432 op, 514681584.00 ns, 15.3387 ns/op
// GC:  64 0 0 805307728 33554432
// Threading:  0 0 33554432

// AfterAll
// Benchmark Process 1817 has exited with code 0.

Mean = 15.202 ns, StdErr = 0.190 ns (1.25%), N = 4, StdDev = 0.381 ns
Min = 14.639 ns, Q1 = 15.164 ns, Median = 15.346 ns, Q3 = 15.384 ns, Max = 15.478 ns
IQR = 0.221 ns, LowerFence = 14.833 ns, UpperFence = 15.715 ns
ConfidenceInterval = [12.742 ns; 17.662 ns] (CI 99.9%), Margin = 2.460 ns (16.18% of Mean)
Skewness = -0.69, Kurtosis = 1.28, MValue = 2

// ** Remained 36 (55.4%) benchmark(s) to run. Estimated finish 2026-08-02 4:21 (0h 5m from now) **
// ***** BenchmarkRunner: Finish  *****

// * Export *
  actions-runner/_work/needlr/needlr/benchmark-results/results/NexusLabs.Needlr.Benchmarks.Benchmarks.OpenGenericBenchmarks-report.csv
  actions-runner/_work/needlr/needlr/benchmark-results/results/NexusLabs.Needlr.Benchmarks.Benchmarks.OpenGenericBenchmarks-report-github.md
  actions-runner/_work/needlr/needlr/benchmark-results/results/NexusLabs.Needlr.Benchmarks.Benchmarks.OpenGenericBenchmarks-report.html
  actions-runner/_work/needlr/needlr/benchmark-results/results/NexusLabs.Needlr.Benchmarks.Benchmarks.OpenGenericBenchmarks-report-full-compressed.json
  actions-runner/_work/needlr/needlr/benchmark-results/results/NexusLabs.Needlr.Benchmarks.Benchmarks.OpenGenericBenchmarks-report-default.md

// * Detailed results *
OpenGenericBenchmarks.ManualDI_ResolveOpenGeneric: ShortRun(IterationCount=5, LaunchCount=1, WarmupCount=3)
Runtime = .NET 10.0.10 (10.0.1026.32716), X64 RyuJIT AVX2; GC = Concurrent Workstation
Mean = 16.804 ns, StdErr = 0.115 ns (0.69%), N = 5, StdDev = 0.258 ns
Min = 16.531 ns, Q1 = 16.589 ns, Median = 16.821 ns, Q3 = 16.906 ns, Max = 17.171 ns
IQR = 0.317 ns, LowerFence = 16.114 ns, UpperFence = 17.382 ns
ConfidenceInterval = [15.811 ns; 17.796 ns] (CI 99.9%), Margin = 0.993 ns (5.91% of Mean)
Skewness = 0.24, Kurtosis = 1.17, MValue = 2
-------------------- Histogram --------------------
[16.521 ns ; 16.917 ns) | @@@@
[16.917 ns ; 17.369 ns) | @
---------------------------------------------------

OpenGenericBenchmarks.Needlr_Reflection_ResolveOpenGeneric: ShortRun(IterationCount=5, LaunchCount=1, WarmupCount=3)
Runtime = .NET 10.0.10 (10.0.1026.32716), X64 RyuJIT AVX2; GC = Concurrent Workstation
Mean = 18.411 ns, StdErr = 0.575 ns (3.12%), N = 5, StdDev = 1.286 ns
Min = 17.445 ns, Q1 = 17.462 ns, Median = 17.596 ns, Q3 = 19.334 ns, Max = 20.217 ns
IQR = 1.872 ns, LowerFence = 14.654 ns, UpperFence = 22.143 ns
ConfidenceInterval = [13.460 ns; 23.361 ns] (CI 99.9%), Margin = 4.951 ns (26.89% of Mean)
Skewness = 0.41, Kurtosis = 0.99, MValue = 2
-------------------- Histogram --------------------
[17.403 ns ; 19.376 ns) | @@@@
[19.376 ns ; 21.204 ns) | @
---------------------------------------------------

OpenGenericBenchmarks.Needlr_SourceGen_ResolveOpenGeneric: ShortRun(IterationCount=5, LaunchCount=1, WarmupCount=3)
Runtime = .NET 10.0.10 (10.0.1026.32716), X64 RyuJIT AVX2; GC = Concurrent Workstation
Mean = 15.202 ns, StdErr = 0.190 ns (1.25%), N = 4, StdDev = 0.381 ns
Min = 14.639 ns, Q1 = 15.164 ns, Median = 15.346 ns, Q3 = 15.384 ns, Max = 15.478 ns
IQR = 0.221 ns, LowerFence = 14.833 ns, UpperFence = 15.715 ns
ConfidenceInterval = [12.742 ns; 17.662 ns] (CI 99.9%), Margin = 2.460 ns (16.18% of Mean)
Skewness = -0.69, Kurtosis = 1.28, MValue = 2
-------------------- Histogram --------------------
[14.324 ns ; 15.094 ns) | @
[15.094 ns ; 15.793 ns) | @@@
---------------------------------------------------

// * Summary *

BenchmarkDotNet v0.14.0, Ubuntu 24.04.4 LTS (Noble Numbat)
12th Gen Intel Core i7-12700H, 1 CPU, 20 logical and 10 physical cores
.NET SDK 10.0.302
  [Host]   : .NET 10.0.10 (10.0.1026.32716), X64 RyuJIT AVX2
  ShortRun : .NET 10.0.10 (10.0.1026.32716), X64 RyuJIT AVX2

Job=ShortRun  IterationCount=5  LaunchCount=1  
WarmupCount=3  

| Method                               | Mean     | Error    | StdDev   | Ratio | RatioSD | Rank | Gen0   | Allocated | Alloc Ratio |
|------------------------------------- |---------:|---------:|---------:|------:|--------:|-----:|-------:|----------:|------------:|
| ManualDI_ResolveOpenGeneric          | 16.80 ns | 0.993 ns | 0.258 ns |  1.00 |    0.02 |    1 | 0.0019 |      24 B |        1.00 |
| Needlr_Reflection_ResolveOpenGeneric | 18.41 ns | 4.951 ns | 1.286 ns |  1.10 |    0.07 |    1 | 0.0019 |      24 B |        1.00 |
| Needlr_SourceGen_ResolveOpenGeneric  | 15.20 ns | 2.460 ns | 0.381 ns |  0.90 |    0.02 |    1 | 0.0019 |      24 B |        1.00 |

// * Hints *
Outliers
  OpenGenericBenchmarks.Needlr_SourceGen_ResolveOpenGeneric: ShortRun -> 1 outlier  was  removed, 2 outliers were detected (18.03 ns, 20.51 ns)
// * Config Issues *

// * Warnings *
Configuration
  Summary -> The exporter HtmlExporter is already present in configuration. There may be unexpected results.

// * Legends *
  Mean        : Arithmetic mean of all measurements
  Error       : Half of 99.9% confidence interval
  StdDev      : Standard deviation of all measurements
  Ratio       : Mean of the ratio distribution ([Current]/[Baseline])
  RatioSD     : Standard deviation of the ratio distribution ([Current]/[Baseline])
  Rank        : Relative position of current benchmark mean among all benchmarks (Arabic style)
  Gen0        : GC Generation 0 collects per 1000 operations
  Allocated   : Allocated memory per single operation (managed only, inclusive, 1KB = 1024B)
  Alloc Ratio : Allocated memory ratio distribution ([Current]/[Baseline])
  1 ns        : 1 Nanosecond (0.000000001 sec)

// * Diagnostic Output - MemoryDiagnoser *


// ***** BenchmarkRunner: End *****
Run time: 00:00:32 (32.89 sec), executed benchmarks: 3

// Found 3 benchmarks:
//   OptionsResolutionBenchmarks.ManualDI_ResolveOptions: ShortRun(IterationCount=5, LaunchCount=1, WarmupCount=3)
//   OptionsResolutionBenchmarks.Needlr_Reflection_ResolveOptions: ShortRun(IterationCount=5, LaunchCount=1, WarmupCount=3)
//   OptionsResolutionBenchmarks.Needlr_SourceGen_ResolveOptions: ShortRun(IterationCount=5, LaunchCount=1, WarmupCount=3)

// **************************
// Benchmark: OptionsResolutionBenchmarks.ManualDI_ResolveOptions: ShortRun(IterationCount=5, LaunchCount=1, WarmupCount=3)
// *** Execute ***
// Launch: 1 / 1
// Execute: dotnet 7626e42a-34fe-4a7e-846b-e96fd185430e.dll --anonymousPipes 163 164 --benchmarkName NexusLabs.Needlr.Benchmarks.Benchmarks.OptionsResolutionBenchmarks.ManualDI_ResolveOptions --job ShortRun --benchmarkId 29 in /actions-runner/_work/needlr/needlr/src/NexusLabs.Needlr.Benchmarks/bin/Release/net10.0/7626e42a-34fe-4a7e-846b-e96fd185430e/bin/Release/net10.0
// Failed to set up high priority (Permission denied). In order to run benchmarks with high priority, make sure you have the right permissions.
// BeforeAnythingElse

// Benchmark Process Environment Information:
// BenchmarkDotNet v0.14.0
// Runtime=.NET 10.0.10 (10.0.1026.32716), X64 RyuJIT AVX2
// GC=Concurrent Workstation
// HardwareIntrinsics=AVX2,AES,BMI1,BMI2,FMA,LZCNT,PCLMUL,POPCNT,AvxVnni,SERIALIZE VectorSize=256
// Job: ShortRun(IterationCount=5, LaunchCount=1, WarmupCount=3)

OverheadJitting  1: 1 op, 274326.00 ns, 274.3260 us/op
WorkloadJitting  1: 1 op, 8217281.00 ns, 8.2173 ms/op

OverheadJitting  2: 16 op, 429840.00 ns, 26.8650 us/op
WorkloadJitting  2: 16 op, 428404.00 ns, 26.7753 us/op

WorkloadPilot    1: 16 op, 10279.00 ns, 642.4375 ns/op
WorkloadPilot    2: 32 op, 8342.00 ns, 260.6875 ns/op
WorkloadPilot    3: 64 op, 8993.00 ns, 140.5156 ns/op
WorkloadPilot    4: 128 op, 13125.00 ns, 102.5391 ns/op
WorkloadPilot    5: 256 op, 19793.00 ns, 77.3164 ns/op
WorkloadPilot    6: 512 op, 34517.00 ns, 67.4160 ns/op
WorkloadPilot    7: 1024 op, 90791.00 ns, 88.6631 ns/op
WorkloadPilot    8: 2048 op, 125394.00 ns, 61.2275 ns/op
WorkloadPilot    9: 4096 op, 240167.00 ns, 58.6345 ns/op
WorkloadPilot   10: 8192 op, 536382.00 ns, 65.4763 ns/op
WorkloadPilot   11: 16384 op, 1084944.00 ns, 66.2197 ns/op
WorkloadPilot   12: 32768 op, 2015181.00 ns, 61.4984 ns/op
WorkloadPilot   13: 65536 op, 4014670.00 ns, 61.2590 ns/op
WorkloadPilot   14: 131072 op, 7680576.00 ns, 58.5981 ns/op
WorkloadPilot   15: 262144 op, 15417609.00 ns, 58.8135 ns/op
WorkloadPilot   16: 524288 op, 29591355.00 ns, 56.4410 ns/op
WorkloadPilot   17: 1048576 op, 64529067.00 ns, 61.5397 ns/op
WorkloadPilot   18: 2097152 op, 77552321.00 ns, 36.9798 ns/op
WorkloadPilot   19: 4194304 op, 76421514.00 ns, 18.2203 ns/op
WorkloadPilot   20: 8388608 op, 140755171.00 ns, 16.7793 ns/op
WorkloadPilot   21: 16777216 op, 265023441.00 ns, 15.7966 ns/op
WorkloadPilot   22: 33554432 op, 584060412.00 ns, 17.4064 ns/op

OverheadWarmup   1: 33554432 op, 141633417.00 ns, 4.2210 ns/op
OverheadWarmup   2: 33554432 op, 120601560.00 ns, 3.5942 ns/op
OverheadWarmup   3: 33554432 op, 109574114.00 ns, 3.2656 ns/op
OverheadWarmup   4: 33554432 op, 112243531.00 ns, 3.3451 ns/op
OverheadWarmup   5: 33554432 op, 104945731.00 ns, 3.1276 ns/op
OverheadWarmup   6: 33554432 op, 109799357.00 ns, 3.2723 ns/op
OverheadWarmup   7: 33554432 op, 112899613.00 ns, 3.3647 ns/op
OverheadWarmup   8: 33554432 op, 117731235.00 ns, 3.5087 ns/op
OverheadWarmup   9: 33554432 op, 116111662.00 ns, 3.4604 ns/op

OverheadActual   1: 33554432 op, 117812292.00 ns, 3.5111 ns/op
OverheadActual   2: 33554432 op, 116658219.00 ns, 3.4767 ns/op
OverheadActual   3: 33554432 op, 114013449.00 ns, 3.3979 ns/op
OverheadActual   4: 33554432 op, 111684193.00 ns, 3.3284 ns/op
OverheadActual   5: 33554432 op, 107531506.00 ns, 3.2047 ns/op
OverheadActual   6: 33554432 op, 112558091.00 ns, 3.3545 ns/op
OverheadActual   7: 33554432 op, 112045399.00 ns, 3.3392 ns/op
OverheadActual   8: 33554432 op, 113254498.00 ns, 3.3752 ns/op
OverheadActual   9: 33554432 op, 117885309.00 ns, 3.5133 ns/op
OverheadActual  10: 33554432 op, 115875864.00 ns, 3.4534 ns/op
OverheadActual  11: 33554432 op, 106924229.00 ns, 3.1866 ns/op
OverheadActual  12: 33554432 op, 115836856.00 ns, 3.4522 ns/op
OverheadActual  13: 33554432 op, 108179381.00 ns, 3.2240 ns/op
OverheadActual  14: 33554432 op, 111934657.00 ns, 3.3359 ns/op
OverheadActual  15: 33554432 op, 113097337.00 ns, 3.3706 ns/op

WorkloadWarmup   1: 33554432 op, 552178821.00 ns, 16.4562 ns/op
WorkloadWarmup   2: 33554432 op, 529649912.00 ns, 15.7848 ns/op
WorkloadWarmup   3: 33554432 op, 558771287.00 ns, 16.6527 ns/op

// BeforeActualRun
WorkloadActual   1: 33554432 op, 541678774.00 ns, 16.1433 ns/op
WorkloadActual   2: 33554432 op, 602954189.00 ns, 17.9694 ns/op
WorkloadActual   3: 33554432 op, 563294952.00 ns, 16.7875 ns/op
WorkloadActual   4: 33554432 op, 573523915.00 ns, 17.0923 ns/op
WorkloadActual   5: 33554432 op, 544022612.00 ns, 16.2131 ns/op

// AfterActualRun
WorkloadResult   1: 33554432 op, 428581437.00 ns, 12.7727 ns/op
WorkloadResult   2: 33554432 op, 489856852.00 ns, 14.5989 ns/op
WorkloadResult   3: 33554432 op, 450197615.00 ns, 13.4169 ns/op
WorkloadResult   4: 33554432 op, 460426578.00 ns, 13.7218 ns/op
WorkloadResult   5: 33554432 op, 430925275.00 ns, 12.8426 ns/op
// GC:  0 0 0 1072 33554432
// Threading:  0 0 33554432

// AfterAll
// Benchmark Process 1835 has exited with code 0.

Mean = 13.471 ns, StdErr = 0.333 ns (2.47%), N = 5, StdDev = 0.745 ns
Min = 12.773 ns, Q1 = 12.843 ns, Median = 13.417 ns, Q3 = 13.722 ns, Max = 14.599 ns
IQR = 0.879 ns, LowerFence = 11.524 ns, UpperFence = 15.041 ns
ConfidenceInterval = [10.602 ns; 16.340 ns] (CI 99.9%), Margin = 2.869 ns (21.30% of Mean)
Skewness = 0.42, Kurtosis = 1.31, MValue = 2

// ** Remained 35 (53.8%) benchmark(s) to run. Estimated finish 2026-08-02 4:21 (0h 4m from now) **
// **************************
// Benchmark: OptionsResolutionBenchmarks.Needlr_Reflection_ResolveOptions: ShortRun(IterationCount=5, LaunchCount=1, WarmupCount=3)
// *** Execute ***
// Launch: 1 / 1
// Execute: dotnet 7626e42a-34fe-4a7e-846b-e96fd185430e.dll --anonymousPipes 163 164 --benchmarkName NexusLabs.Needlr.Benchmarks.Benchmarks.OptionsResolutionBenchmarks.Needlr_Reflection_ResolveOptions --job ShortRun --benchmarkId 30 in /actions-runner/_work/needlr/needlr/src/NexusLabs.Needlr.Benchmarks/bin/Release/net10.0/7626e42a-34fe-4a7e-846b-e96fd185430e/bin/Release/net10.0
// Failed to set up high priority (Permission denied). In order to run benchmarks with high priority, make sure you have the right permissions.
// BeforeAnythingElse

// Benchmark Process Environment Information:
// BenchmarkDotNet v0.14.0
// Runtime=.NET 10.0.10 (10.0.1026.32716), X64 RyuJIT AVX2
// GC=Concurrent Workstation
// HardwareIntrinsics=AVX2,AES,BMI1,BMI2,FMA,LZCNT,PCLMUL,POPCNT,AvxVnni,SERIALIZE VectorSize=256
// Job: ShortRun(IterationCount=5, LaunchCount=1, WarmupCount=3)

OverheadJitting  1: 1 op, 297025.00 ns, 297.0250 us/op
WorkloadJitting  1: 1 op, 10008088.00 ns, 10.0081 ms/op

OverheadJitting  2: 16 op, 422259.00 ns, 26.3912 us/op
WorkloadJitting  2: 16 op, 422306.00 ns, 26.3941 us/op

WorkloadPilot    1: 16 op, 10138.00 ns, 633.6250 ns/op
WorkloadPilot    2: 32 op, 9100.00 ns, 284.3750 ns/op
WorkloadPilot    3: 64 op, 10180.00 ns, 159.0625 ns/op
WorkloadPilot    4: 128 op, 12509.00 ns, 97.7266 ns/op
WorkloadPilot    5: 256 op, 19518.00 ns, 76.2422 ns/op
WorkloadPilot    6: 512 op, 34211.00 ns, 66.8184 ns/op
WorkloadPilot    7: 1024 op, 61759.00 ns, 60.3115 ns/op
WorkloadPilot    8: 2048 op, 119002.00 ns, 58.1064 ns/op
WorkloadPilot    9: 4096 op, 232971.00 ns, 56.8777 ns/op
WorkloadPilot   10: 8192 op, 571430.00 ns, 69.7546 ns/op
WorkloadPilot   11: 16384 op, 987999.00 ns, 60.3027 ns/op
WorkloadPilot   12: 32768 op, 1945957.00 ns, 59.3859 ns/op
WorkloadPilot   13: 65536 op, 3971303.00 ns, 60.5973 ns/op
WorkloadPilot   14: 131072 op, 7171556.00 ns, 54.7146 ns/op
WorkloadPilot   15: 262144 op, 14086491.00 ns, 53.7357 ns/op
WorkloadPilot   16: 524288 op, 31160904.00 ns, 59.4347 ns/op
WorkloadPilot   17: 1048576 op, 60327396.00 ns, 57.5327 ns/op
WorkloadPilot   18: 2097152 op, 55222379.00 ns, 26.3321 ns/op
WorkloadPilot   19: 4194304 op, 73248183.00 ns, 17.4637 ns/op
WorkloadPilot   20: 8388608 op, 146459548.00 ns, 17.4593 ns/op
WorkloadPilot   21: 16777216 op, 272883326.00 ns, 16.2651 ns/op
WorkloadPilot   22: 33554432 op, 503526213.00 ns, 15.0063 ns/op

OverheadWarmup   1: 33554432 op, 134591428.00 ns, 4.0111 ns/op
OverheadWarmup   2: 33554432 op, 132600951.00 ns, 3.9518 ns/op
OverheadWarmup   3: 33554432 op, 112768541.00 ns, 3.3608 ns/op
OverheadWarmup   4: 33554432 op, 118532502.00 ns, 3.5325 ns/op
OverheadWarmup   5: 33554432 op, 110356209.00 ns, 3.2889 ns/op
OverheadWarmup   6: 33554432 op, 109920184.00 ns, 3.2759 ns/op
OverheadWarmup   7: 33554432 op, 118664404.00 ns, 3.5365 ns/op
OverheadWarmup   8: 33554432 op, 115165320.00 ns, 3.4322 ns/op

OverheadActual   1: 33554432 op, 113943249.00 ns, 3.3958 ns/op
OverheadActual   2: 33554432 op, 114617522.00 ns, 3.4159 ns/op
OverheadActual   3: 33554432 op, 117804057.00 ns, 3.5108 ns/op
OverheadActual   4: 33554432 op, 116370987.00 ns, 3.4681 ns/op
OverheadActual   5: 33554432 op, 116341098.00 ns, 3.4672 ns/op
OverheadActual   6: 33554432 op, 107727179.00 ns, 3.2105 ns/op
OverheadActual   7: 33554432 op, 112532536.00 ns, 3.3537 ns/op
OverheadActual   8: 33554432 op, 113526904.00 ns, 3.3834 ns/op
OverheadActual   9: 33554432 op, 110963939.00 ns, 3.3070 ns/op
OverheadActual  10: 33554432 op, 119235489.00 ns, 3.5535 ns/op
OverheadActual  11: 33554432 op, 114239925.00 ns, 3.4046 ns/op
OverheadActual  12: 33554432 op, 118021377.00 ns, 3.5173 ns/op
OverheadActual  13: 33554432 op, 112462292.00 ns, 3.3516 ns/op
OverheadActual  14: 33554432 op, 117764397.00 ns, 3.5097 ns/op
OverheadActual  15: 33554432 op, 110531590.00 ns, 3.2941 ns/op

WorkloadWarmup   1: 33554432 op, 505600113.00 ns, 15.0681 ns/op
WorkloadWarmup   2: 33554432 op, 534752893.00 ns, 15.9369 ns/op
WorkloadWarmup   3: 33554432 op, 499197400.00 ns, 14.8772 ns/op

// BeforeActualRun
WorkloadActual   1: 33554432 op, 512530968.00 ns, 15.2746 ns/op
WorkloadActual   2: 33554432 op, 516128325.00 ns, 15.3818 ns/op
WorkloadActual   3: 33554432 op, 500282159.00 ns, 14.9096 ns/op
WorkloadActual   4: 33554432 op, 539978564.00 ns, 16.0926 ns/op
WorkloadActual   5: 33554432 op, 522153385.00 ns, 15.5614 ns/op

// AfterActualRun
WorkloadResult   1: 33554432 op, 398291043.00 ns, 11.8700 ns/op
WorkloadResult   2: 33554432 op, 401888400.00 ns, 11.9772 ns/op
WorkloadResult   3: 33554432 op, 386042234.00 ns, 11.5050 ns/op
WorkloadResult   4: 33554432 op, 407913460.00 ns, 12.1568 ns/op
// GC:  0 0 0 400 33554432
// Threading:  0 0 33554432

// AfterAll
// Benchmark Process 1844 has exited with code 0.

Mean = 11.877 ns, StdErr = 0.137 ns (1.16%), N = 4, StdDev = 0.275 ns
Min = 11.505 ns, Q1 = 11.779 ns, Median = 11.924 ns, Q3 = 12.022 ns, Max = 12.157 ns
IQR = 0.243 ns, LowerFence = 11.414 ns, UpperFence = 12.387 ns
ConfidenceInterval = [10.101 ns; 13.654 ns] (CI 99.9%), Margin = 1.777 ns (14.96% of Mean)
Skewness = -0.35, Kurtosis = 1.11, MValue = 2

// ** Remained 34 (52.3%) benchmark(s) to run. Estimated finish 2026-08-02 4:21 (0h 4m from now) **
// **************************
// Benchmark: OptionsResolutionBenchmarks.Needlr_SourceGen_ResolveOptions: ShortRun(IterationCount=5, LaunchCount=1, WarmupCount=3)
// *** Execute ***
// Launch: 1 / 1
// Execute: dotnet 7626e42a-34fe-4a7e-846b-e96fd185430e.dll --anonymousPipes 163 164 --benchmarkName NexusLabs.Needlr.Benchmarks.Benchmarks.OptionsResolutionBenchmarks.Needlr_SourceGen_ResolveOptions --job ShortRun --benchmarkId 31 in /actions-runner/_work/needlr/needlr/src/NexusLabs.Needlr.Benchmarks/bin/Release/net10.0/7626e42a-34fe-4a7e-846b-e96fd185430e/bin/Release/net10.0
// Failed to set up high priority (Permission denied). In order to run benchmarks with high priority, make sure you have the right permissions.
// BeforeAnythingElse

// Benchmark Process Environment Information:
// BenchmarkDotNet v0.14.0
// Runtime=.NET 10.0.10 (10.0.1026.32716), X64 RyuJIT AVX2
// GC=Concurrent Workstation
// HardwareIntrinsics=AVX2,AES,BMI1,BMI2,FMA,LZCNT,PCLMUL,POPCNT,AvxVnni,SERIALIZE VectorSize=256
// Job: ShortRun(IterationCount=5, LaunchCount=1, WarmupCount=3)

OverheadJitting  1: 1 op, 273697.00 ns, 273.6970 us/op
WorkloadJitting  1: 1 op, 8485361.00 ns, 8.4854 ms/op

OverheadJitting  2: 16 op, 528065.00 ns, 33.0041 us/op
WorkloadJitting  2: 16 op, 459077.00 ns, 28.6923 us/op

WorkloadPilot    1: 16 op, 12072.00 ns, 754.5000 ns/op
WorkloadPilot    2: 32 op, 9755.00 ns, 304.8438 ns/op
WorkloadPilot    3: 64 op, 10563.00 ns, 165.0469 ns/op
WorkloadPilot    4: 128 op, 13948.00 ns, 108.9688 ns/op
WorkloadPilot    5: 256 op, 22022.00 ns, 86.0234 ns/op
WorkloadPilot    6: 512 op, 35461.00 ns, 69.2598 ns/op
WorkloadPilot    7: 1024 op, 62522.00 ns, 61.0566 ns/op
WorkloadPilot    8: 2048 op, 112373.00 ns, 54.8696 ns/op
WorkloadPilot    9: 4096 op, 224033.00 ns, 54.6956 ns/op
WorkloadPilot   10: 8192 op, 583884.00 ns, 71.2749 ns/op
WorkloadPilot   11: 16384 op, 1021086.00 ns, 62.3221 ns/op
WorkloadPilot   12: 32768 op, 1905087.00 ns, 58.1386 ns/op
WorkloadPilot   13: 65536 op, 4654045.00 ns, 71.0151 ns/op
WorkloadPilot   14: 131072 op, 8270249.00 ns, 63.0970 ns/op
WorkloadPilot   15: 262144 op, 15803013.00 ns, 60.2837 ns/op
WorkloadPilot   16: 524288 op, 30286662.00 ns, 57.7672 ns/op
WorkloadPilot   17: 1048576 op, 77030402.00 ns, 73.4619 ns/op
WorkloadPilot   18: 2097152 op, 35340699.00 ns, 16.8518 ns/op
WorkloadPilot   19: 4194304 op, 67015676.00 ns, 15.9778 ns/op
WorkloadPilot   20: 8388608 op, 129653181.00 ns, 15.4559 ns/op
WorkloadPilot   21: 16777216 op, 257753194.00 ns, 15.3633 ns/op
WorkloadPilot   22: 33554432 op, 506709053.00 ns, 15.1011 ns/op

OverheadWarmup   1: 33554432 op, 141867473.00 ns, 4.2280 ns/op
OverheadWarmup   2: 33554432 op, 124862895.00 ns, 3.7212 ns/op
OverheadWarmup   3: 33554432 op, 109182367.00 ns, 3.2539 ns/op
OverheadWarmup   4: 33554432 op, 118101654.00 ns, 3.5197 ns/op
OverheadWarmup   5: 33554432 op, 115648503.00 ns, 3.4466 ns/op
OverheadWarmup   6: 33554432 op, 106725851.00 ns, 3.1807 ns/op
OverheadWarmup   7: 33554432 op, 115877878.00 ns, 3.4534 ns/op
OverheadWarmup   8: 33554432 op, 115151141.00 ns, 3.4318 ns/op

OverheadActual   1: 33554432 op, 115547361.00 ns, 3.4436 ns/op
OverheadActual   2: 33554432 op, 114158048.00 ns, 3.4022 ns/op
OverheadActual   3: 33554432 op, 114618042.00 ns, 3.4159 ns/op
OverheadActual   4: 33554432 op, 111944070.00 ns, 3.3362 ns/op
OverheadActual   5: 33554432 op, 117926484.00 ns, 3.5145 ns/op
OverheadActual   6: 33554432 op, 111449269.00 ns, 3.3214 ns/op
OverheadActual   7: 33554432 op, 113349411.00 ns, 3.3781 ns/op
OverheadActual   8: 33554432 op, 112676438.00 ns, 3.3580 ns/op
OverheadActual   9: 33554432 op, 116393870.00 ns, 3.4688 ns/op
OverheadActual  10: 33554432 op, 111596712.00 ns, 3.3258 ns/op
OverheadActual  11: 33554432 op, 109995611.00 ns, 3.2781 ns/op
OverheadActual  12: 33554432 op, 118026994.00 ns, 3.5175 ns/op
OverheadActual  13: 33554432 op, 116976833.00 ns, 3.4862 ns/op
OverheadActual  14: 33554432 op, 115689299.00 ns, 3.4478 ns/op
OverheadActual  15: 33554432 op, 113773855.00 ns, 3.3907 ns/op

WorkloadWarmup   1: 33554432 op, 503750133.00 ns, 15.0129 ns/op
WorkloadWarmup   2: 33554432 op, 508387211.00 ns, 15.1511 ns/op
WorkloadWarmup   3: 33554432 op, 499786715.00 ns, 14.8948 ns/op

// BeforeActualRun
WorkloadActual   1: 33554432 op, 638871062.00 ns, 19.0398 ns/op
WorkloadActual   2: 33554432 op, 593165490.00 ns, 17.6777 ns/op
WorkloadActual   3: 33554432 op, 550933397.00 ns, 16.4191 ns/op
WorkloadActual   4: 33554432 op, 543155717.00 ns, 16.1873 ns/op
WorkloadActual   5: 33554432 op, 499491182.00 ns, 14.8860 ns/op

// AfterActualRun
WorkloadResult   1: 33554432 op, 524713014.00 ns, 15.6377 ns/op
WorkloadResult   2: 33554432 op, 479007442.00 ns, 14.2755 ns/op
WorkloadResult   3: 33554432 op, 436775349.00 ns, 13.0169 ns/op
WorkloadResult   4: 33554432 op, 428997669.00 ns, 12.7851 ns/op
WorkloadResult   5: 33554432 op, 385333134.00 ns, 11.4838 ns/op
// GC:  0 0 0 784 33554432
// Threading:  0 0 33554432

// AfterAll
// Benchmark Process 1852 has exited with code 0.

Mean = 13.440 ns, StdErr = 0.706 ns (5.25%), N = 5, StdDev = 1.578 ns
Min = 11.484 ns, Q1 = 12.785 ns, Median = 13.017 ns, Q3 = 14.276 ns, Max = 15.638 ns
IQR = 1.490 ns, LowerFence = 10.550 ns, UpperFence = 16.511 ns
ConfidenceInterval = [7.363 ns; 19.517 ns] (CI 99.9%), Margin = 6.077 ns (45.22% of Mean)
Skewness = 0.17, Kurtosis = 1.25, MValue = 2

// ** Remained 33 (50.8%) benchmark(s) to run. Estimated finish 2026-08-02 4:21 (0h 4m from now) **
// ***** BenchmarkRunner: Finish  *****

// * Export *
  actions-runner/_work/needlr/needlr/benchmark-results/results/NexusLabs.Needlr.Benchmarks.Benchmarks.OptionsResolutionBenchmarks-report.csv
  actions-runner/_work/needlr/needlr/benchmark-results/results/NexusLabs.Needlr.Benchmarks.Benchmarks.OptionsResolutionBenchmarks-report-github.md
  actions-runner/_work/needlr/needlr/benchmark-results/results/NexusLabs.Needlr.Benchmarks.Benchmarks.OptionsResolutionBenchmarks-report.html
  actions-runner/_work/needlr/needlr/benchmark-results/results/NexusLabs.Needlr.Benchmarks.Benchmarks.OptionsResolutionBenchmarks-report-full-compressed.json
  actions-runner/_work/needlr/needlr/benchmark-results/results/NexusLabs.Needlr.Benchmarks.Benchmarks.OptionsResolutionBenchmarks-report-default.md

// * Detailed results *
OptionsResolutionBenchmarks.ManualDI_ResolveOptions: ShortRun(IterationCount=5, LaunchCount=1, WarmupCount=3)
Runtime = .NET 10.0.10 (10.0.1026.32716), X64 RyuJIT AVX2; GC = Concurrent Workstation
Mean = 13.471 ns, StdErr = 0.333 ns (2.47%), N = 5, StdDev = 0.745 ns
Min = 12.773 ns, Q1 = 12.843 ns, Median = 13.417 ns, Q3 = 13.722 ns, Max = 14.599 ns
IQR = 0.879 ns, LowerFence = 11.524 ns, UpperFence = 15.041 ns
ConfidenceInterval = [10.602 ns; 16.340 ns] (CI 99.9%), Margin = 2.869 ns (21.30% of Mean)
Skewness = 0.42, Kurtosis = 1.31, MValue = 2
-------------------- Histogram --------------------
[12.675 ns ; 13.819 ns) | @@@@
[13.819 ns ; 15.171 ns) | @
---------------------------------------------------

OptionsResolutionBenchmarks.Needlr_Reflection_ResolveOptions: ShortRun(IterationCount=5, LaunchCount=1, WarmupCount=3)
Runtime = .NET 10.0.10 (10.0.1026.32716), X64 RyuJIT AVX2; GC = Concurrent Workstation
Mean = 11.877 ns, StdErr = 0.137 ns (1.16%), N = 4, StdDev = 0.275 ns
Min = 11.505 ns, Q1 = 11.779 ns, Median = 11.924 ns, Q3 = 12.022 ns, Max = 12.157 ns
IQR = 0.243 ns, LowerFence = 11.414 ns, UpperFence = 12.387 ns
ConfidenceInterval = [10.101 ns; 13.654 ns] (CI 99.9%), Margin = 1.777 ns (14.96% of Mean)
Skewness = -0.35, Kurtosis = 1.11, MValue = 2
-------------------- Histogram --------------------
[11.278 ns ; 11.786 ns) | @
[11.786 ns ; 12.241 ns) | @@@
---------------------------------------------------

OptionsResolutionBenchmarks.Needlr_SourceGen_ResolveOptions: ShortRun(IterationCount=5, LaunchCount=1, WarmupCount=3)
Runtime = .NET 10.0.10 (10.0.1026.32716), X64 RyuJIT AVX2; GC = Concurrent Workstation
Mean = 13.440 ns, StdErr = 0.706 ns (5.25%), N = 5, StdDev = 1.578 ns
Min = 11.484 ns, Q1 = 12.785 ns, Median = 13.017 ns, Q3 = 14.276 ns, Max = 15.638 ns
IQR = 1.490 ns, LowerFence = 10.550 ns, UpperFence = 16.511 ns
ConfidenceInterval = [7.363 ns; 19.517 ns] (CI 99.9%), Margin = 6.077 ns (45.22% of Mean)
Skewness = 0.17, Kurtosis = 1.25, MValue = 2
-------------------- Histogram --------------------
[10.272 ns ; 12.319 ns) | @
[12.319 ns ; 14.742 ns) | @@@
[14.742 ns ; 16.849 ns) | @
---------------------------------------------------

// * Summary *

BenchmarkDotNet v0.14.0, Ubuntu 24.04.4 LTS (Noble Numbat)
12th Gen Intel Core i7-12700H, 1 CPU, 20 logical and 10 physical cores
.NET SDK 10.0.302
  [Host]   : .NET 10.0.10 (10.0.1026.32716), X64 RyuJIT AVX2
  ShortRun : .NET 10.0.10 (10.0.1026.32716), X64 RyuJIT AVX2

Job=ShortRun  IterationCount=5  LaunchCount=1  
WarmupCount=3  

| Method                           | Mean     | Error    | StdDev   | Ratio | RatioSD | Rank | Allocated | Alloc Ratio |
|--------------------------------- |---------:|---------:|---------:|------:|--------:|-----:|----------:|------------:|
| ManualDI_ResolveOptions          | 13.47 ns | 2.869 ns | 0.745 ns |  1.00 |    0.07 |    1 |         - |          NA |
| Needlr_Reflection_ResolveOptions | 11.88 ns | 1.777 ns | 0.275 ns |  0.88 |    0.05 |    1 |         - |          NA |
| Needlr_SourceGen_ResolveOptions  | 13.44 ns | 6.077 ns | 1.578 ns |  1.00 |    0.12 |    1 |         - |          NA |

// * Hints *
Outliers
  OptionsResolutionBenchmarks.Needlr_Reflection_ResolveOptions: ShortRun -> 1 outlier  was  removed (16.09 ns)
// * Config Issues *

// * Warnings *
Configuration
  Summary -> The exporter HtmlExporter is already present in configuration. There may be unexpected results.

// * Legends *
  Mean        : Arithmetic mean of all measurements
  Error       : Half of 99.9% confidence interval
  StdDev      : Standard deviation of all measurements
  Ratio       : Mean of the ratio distribution ([Current]/[Baseline])
  RatioSD     : Standard deviation of the ratio distribution ([Current]/[Baseline])
  Rank        : Relative position of current benchmark mean among all benchmarks (Arabic style)
  Allocated   : Allocated memory per single operation (managed only, inclusive, 1KB = 1024B)
  Alloc Ratio : Allocated memory ratio distribution ([Current]/[Baseline])
  1 ns        : 1 Nanosecond (0.000000001 sec)

// * Diagnostic Output - MemoryDiagnoser *


// ***** BenchmarkRunner: End *****
Run time: 00:00:26 (27 sec), executed benchmarks: 3

// Found 4 benchmarks:
//   ProviderBuildBenchmarks.ManualDI_ToServiceProvider: ShortRun(IterationCount=5, LaunchCount=1, WarmupCount=3)
//   ProviderBuildBenchmarks.Needlr_Reflection_ToServiceProvider: ShortRun(IterationCount=5, LaunchCount=1, WarmupCount=3)
//   ProviderBuildBenchmarks.Needlr_SourceGen_ToServiceProvider: ShortRun(IterationCount=5, LaunchCount=1, WarmupCount=3)
//   ProviderBuildBenchmarks.Needlr_SourceGen_ToProvider: ShortRun(IterationCount=5, LaunchCount=1, WarmupCount=3)

// **************************
// Benchmark: ProviderBuildBenchmarks.ManualDI_ToServiceProvider: ShortRun(IterationCount=5, LaunchCount=1, WarmupCount=3)
// *** Execute ***
// Launch: 1 / 1
// Execute: dotnet 7626e42a-34fe-4a7e-846b-e96fd185430e.dll --anonymousPipes 163 164 --benchmarkName NexusLabs.Needlr.Benchmarks.Benchmarks.ProviderBuildBenchmarks.ManualDI_ToServiceProvider --job ShortRun --benchmarkId 32 in /actions-runner/_work/needlr/needlr/src/NexusLabs.Needlr.Benchmarks/bin/Release/net10.0/7626e42a-34fe-4a7e-846b-e96fd185430e/bin/Release/net10.0
// Failed to set up high priority (Permission denied). In order to run benchmarks with high priority, make sure you have the right permissions.
// BeforeAnythingElse

// Benchmark Process Environment Information:
// BenchmarkDotNet v0.14.0
// Runtime=.NET 10.0.10 (10.0.1026.32716), X64 RyuJIT AVX2
// GC=Concurrent Workstation
// HardwareIntrinsics=AVX2,AES,BMI1,BMI2,FMA,LZCNT,PCLMUL,POPCNT,AvxVnni,SERIALIZE VectorSize=256
// Job: ShortRun(IterationCount=5, LaunchCount=1, WarmupCount=3)

OverheadJitting  1: 1 op, 286014.00 ns, 286.0140 us/op
WorkloadJitting  1: 1 op, 6107923.00 ns, 6.1079 ms/op

OverheadJitting  2: 16 op, 600811.00 ns, 37.5507 us/op
WorkloadJitting  2: 16 op, 662502.00 ns, 41.4064 us/op

WorkloadPilot    1: 16 op, 144815.00 ns, 9.0509 us/op
WorkloadPilot    2: 32 op, 213439.00 ns, 6.6700 us/op
WorkloadPilot    3: 64 op, 891479.00 ns, 13.9294 us/op
WorkloadPilot    4: 128 op, 648158.00 ns, 5.0637 us/op
WorkloadPilot    5: 256 op, 1470853.00 ns, 5.7455 us/op
WorkloadPilot    6: 512 op, 2882736.00 ns, 5.6303 us/op
WorkloadPilot    7: 1024 op, 4965982.00 ns, 4.8496 us/op
WorkloadPilot    8: 2048 op, 10969366.00 ns, 5.3561 us/op
WorkloadPilot    9: 4096 op, 16589103.00 ns, 4.0501 us/op
WorkloadPilot   10: 8192 op, 32126146.00 ns, 3.9216 us/op
WorkloadPilot   11: 16384 op, 77635985.00 ns, 4.7385 us/op
WorkloadPilot   12: 32768 op, 102167079.00 ns, 3.1179 us/op
WorkloadPilot   13: 65536 op, 114586884.00 ns, 1.7485 us/op
WorkloadPilot   14: 131072 op, 236534317.00 ns, 1.8046 us/op
WorkloadPilot   15: 262144 op, 454293902.00 ns, 1.7330 us/op
WorkloadPilot   16: 524288 op, 901877761.00 ns, 1.7202 us/op

OverheadWarmup   1: 524288 op, 2094785.00 ns, 3.9955 ns/op
OverheadWarmup   2: 524288 op, 2090903.00 ns, 3.9881 ns/op
OverheadWarmup   3: 524288 op, 2138962.00 ns, 4.0797 ns/op
OverheadWarmup   4: 524288 op, 2941068.00 ns, 5.6096 ns/op
OverheadWarmup   5: 524288 op, 2485242.00 ns, 4.7402 ns/op
OverheadWarmup   6: 524288 op, 3525264.00 ns, 6.7239 ns/op
OverheadWarmup   7: 524288 op, 2542219.00 ns, 4.8489 ns/op

OverheadActual   1: 524288 op, 2580820.00 ns, 4.9225 ns/op
OverheadActual   2: 524288 op, 2293038.00 ns, 4.3736 ns/op
OverheadActual   3: 524288 op, 2185129.00 ns, 4.1678 ns/op
OverheadActual   4: 524288 op, 2266940.00 ns, 4.3238 ns/op
OverheadActual   5: 524288 op, 2283604.00 ns, 4.3556 ns/op
OverheadActual   6: 524288 op, 2267302.00 ns, 4.3245 ns/op
OverheadActual   7: 524288 op, 2257231.00 ns, 4.3053 ns/op
OverheadActual   8: 524288 op, 2372527.00 ns, 4.5252 ns/op
OverheadActual   9: 524288 op, 2256115.00 ns, 4.3032 ns/op
OverheadActual  10: 524288 op, 2799409.00 ns, 5.3394 ns/op
OverheadActual  11: 524288 op, 2469473.00 ns, 4.7101 ns/op
OverheadActual  12: 524288 op, 2235172.00 ns, 4.2633 ns/op
OverheadActual  13: 524288 op, 2181013.00 ns, 4.1600 ns/op
OverheadActual  14: 524288 op, 2590236.00 ns, 4.9405 ns/op
OverheadActual  15: 524288 op, 2714767.00 ns, 5.1780 ns/op
OverheadActual  16: 524288 op, 2301096.00 ns, 4.3890 ns/op
OverheadActual  17: 524288 op, 2424410.00 ns, 4.6242 ns/op
OverheadActual  18: 524288 op, 2366090.00 ns, 4.5130 ns/op
OverheadActual  19: 524288 op, 2348371.00 ns, 4.4792 ns/op
OverheadActual  20: 524288 op, 2355147.00 ns, 4.4921 ns/op

WorkloadWarmup   1: 524288 op, 820094613.00 ns, 1.5642 us/op
WorkloadWarmup   2: 524288 op, 1038959038.00 ns, 1.9817 us/op
WorkloadWarmup   3: 524288 op, 880021773.00 ns, 1.6785 us/op

// BeforeActualRun
WorkloadActual   1: 524288 op, 944057652.00 ns, 1.8006 us/op
WorkloadActual   2: 524288 op, 927047464.00 ns, 1.7682 us/op
WorkloadActual   3: 524288 op, 837672464.00 ns, 1.5977 us/op
WorkloadActual   4: 524288 op, 826434449.00 ns, 1.5763 us/op
WorkloadActual   5: 524288 op, 874004640.00 ns, 1.6670 us/op

// AfterActualRun
WorkloadResult   1: 524288 op, 941732918.50 ns, 1.7962 us/op
WorkloadResult   2: 524288 op, 924722730.50 ns, 1.7638 us/op
WorkloadResult   3: 524288 op, 835347730.50 ns, 1.5933 us/op
WorkloadResult   4: 524288 op, 824109715.50 ns, 1.5719 us/op
WorkloadResult   5: 524288 op, 871679906.50 ns, 1.6626 us/op
// GC:  284 47 0 3573547744 524288
// Threading:  0 0 524288

// AfterAll
// Benchmark Process 1861 has exited with code 0.

Mean = 1.678 μs, StdErr = 0.045 μs (2.67%), N = 5, StdDev = 0.100 μs
Min = 1.572 μs, Q1 = 1.593 μs, Median = 1.663 μs, Q3 = 1.764 μs, Max = 1.796 μs
IQR = 0.170 μs, LowerFence = 1.338 μs, UpperFence = 2.019 μs
ConfidenceInterval = [1.292 μs; 2.063 μs] (CI 99.9%), Margin = 0.385 μs (22.96% of Mean)
Skewness = 0.11, Kurtosis = 0.86, MValue = 2

// ** Remained 32 (49.2%) benchmark(s) to run. Estimated finish 2026-08-02 4:21 (0h 4m from now) **
// **************************
// Benchmark: ProviderBuildBenchmarks.Needlr_Reflection_ToServiceProvider: ShortRun(IterationCount=5, LaunchCount=1, WarmupCount=3)
// *** Execute ***
// Launch: 1 / 1
// Execute: dotnet 7626e42a-34fe-4a7e-846b-e96fd185430e.dll --anonymousPipes 163 164 --benchmarkName NexusLabs.Needlr.Benchmarks.Benchmarks.ProviderBuildBenchmarks.Needlr_Reflection_ToServiceProvider --job ShortRun --benchmarkId 33 in /actions-runner/_work/needlr/needlr/src/NexusLabs.Needlr.Benchmarks/bin/Release/net10.0/7626e42a-34fe-4a7e-846b-e96fd185430e/bin/Release/net10.0
// Failed to set up high priority (Permission denied). In order to run benchmarks with high priority, make sure you have the right permissions.
// BeforeAnythingElse

// Benchmark Process Environment Information:
// BenchmarkDotNet v0.14.0
// Runtime=.NET 10.0.10 (10.0.1026.32716), X64 RyuJIT AVX2
// GC=Concurrent Workstation
// HardwareIntrinsics=AVX2,AES,BMI1,BMI2,FMA,LZCNT,PCLMUL,POPCNT,AvxVnni,SERIALIZE VectorSize=256
// Job: ShortRun(IterationCount=5, LaunchCount=1, WarmupCount=3)

OverheadJitting  1: 1 op, 286450.00 ns, 286.4500 us/op
WorkloadJitting  1: 1 op, 40780539.00 ns, 40.7805 ms/op

WorkloadPilot    1: 2 op, 2967813.00 ns, 1.4839 ms/op
WorkloadPilot    2: 3 op, 4083320.00 ns, 1.3611 ms/op
WorkloadPilot    3: 4 op, 4262992.00 ns, 1.0657 ms/op
WorkloadPilot    4: 5 op, 5314094.00 ns, 1.0628 ms/op
WorkloadPilot    5: 6 op, 6373587.00 ns, 1.0623 ms/op
WorkloadPilot    6: 7 op, 7657147.00 ns, 1.0939 ms/op
WorkloadPilot    7: 8 op, 8530156.00 ns, 1.0663 ms/op
WorkloadPilot    8: 9 op, 8791979.00 ns, 976.8866 us/op
WorkloadPilot    9: 10 op, 10628455.00 ns, 1.0628 ms/op
WorkloadPilot   10: 11 op, 11441180.00 ns, 1.0401 ms/op
WorkloadPilot   11: 12 op, 14430223.00 ns, 1.2025 ms/op
WorkloadPilot   12: 13 op, 14102791.00 ns, 1.0848 ms/op
WorkloadPilot   13: 14 op, 14484395.00 ns, 1.0346 ms/op
WorkloadPilot   14: 15 op, 15132821.00 ns, 1.0089 ms/op
WorkloadPilot   15: 16 op, 17299937.00 ns, 1.0812 ms/op
WorkloadPilot   16: 32 op, 59880011.00 ns, 1.8713 ms/op
WorkloadPilot   17: 64 op, 104831493.00 ns, 1.6380 ms/op
WorkloadPilot   18: 128 op, 218464881.00 ns, 1.7068 ms/op
WorkloadPilot   19: 256 op, 462360000.00 ns, 1.8061 ms/op
WorkloadPilot   20: 512 op, 990103146.00 ns, 1.9338 ms/op

WorkloadWarmup   1: 512 op, 860567930.00 ns, 1.6808 ms/op
WorkloadWarmup   2: 512 op, 380214572.00 ns, 742.6066 us/op
WorkloadWarmup   3: 512 op, 304534906.00 ns, 594.7947 us/op

// BeforeActualRun
WorkloadActual   1: 512 op, 273444676.00 ns, 534.0716 us/op
WorkloadActual   2: 512 op, 293355332.00 ns, 572.9596 us/op
WorkloadActual   3: 512 op, 274306955.00 ns, 535.7558 us/op
WorkloadActual   4: 512 op, 274853144.00 ns, 536.8225 us/op
WorkloadActual   5: 512 op, 312812429.00 ns, 610.9618 us/op

// AfterActualRun
WorkloadResult   1: 512 op, 273444676.00 ns, 534.0716 us/op
WorkloadResult   2: 512 op, 293355332.00 ns, 572.9596 us/op
WorkloadResult   3: 512 op, 274306955.00 ns, 535.7558 us/op
WorkloadResult   4: 512 op, 274853144.00 ns, 536.8225 us/op
WorkloadResult   5: 512 op, 312812429.00 ns, 610.9618 us/op
// GC:  10 0 0 134444904 512
// Threading:  0 0 512

// AfterAll
// Benchmark Process 1874 has exited with code 0.

Mean = 558.114 μs, StdErr = 15.074 μs (2.70%), N = 5, StdDev = 33.707 μs
Min = 534.072 μs, Q1 = 535.756 μs, Median = 536.823 μs, Q3 = 572.960 μs, Max = 610.962 μs
IQR = 37.204 μs, LowerFence = 479.950 μs, UpperFence = 628.765 μs
ConfidenceInterval = [428.322 μs; 687.906 μs] (CI 99.9%), Margin = 129.792 μs (23.26% of Mean)
Skewness = 0.61, Kurtosis = 1.34, MValue = 2

// ** Remained 31 (47.7%) benchmark(s) to run. Estimated finish 2026-08-02 4:21 (0h 4m from now) **
// **************************
// Benchmark: ProviderBuildBenchmarks.Needlr_SourceGen_ToServiceProvider: ShortRun(IterationCount=5, LaunchCount=1, WarmupCount=3)
// *** Execute ***
// Launch: 1 / 1
// Execute: dotnet 7626e42a-34fe-4a7e-846b-e96fd185430e.dll --anonymousPipes 163 164 --benchmarkName NexusLabs.Needlr.Benchmarks.Benchmarks.ProviderBuildBenchmarks.Needlr_SourceGen_ToServiceProvider --job ShortRun --benchmarkId 34 in /actions-runner/_work/needlr/needlr/src/NexusLabs.Needlr.Benchmarks/bin/Release/net10.0/7626e42a-34fe-4a7e-846b-e96fd185430e/bin/Release/net10.0
// Failed to set up high priority (Permission denied). In order to run benchmarks with high priority, make sure you have the right permissions.
// BeforeAnythingElse

// Benchmark Process Environment Information:
// BenchmarkDotNet v0.14.0
// Runtime=.NET 10.0.10 (10.0.1026.32716), X64 RyuJIT AVX2
// GC=Concurrent Workstation
// HardwareIntrinsics=AVX2,AES,BMI1,BMI2,FMA,LZCNT,PCLMUL,POPCNT,AvxVnni,SERIALIZE VectorSize=256
// Job: ShortRun(IterationCount=5, LaunchCount=1, WarmupCount=3)

OverheadJitting  1: 1 op, 287523.00 ns, 287.5230 us/op
WorkloadJitting  1: 1 op, 35654083.00 ns, 35.6541 ms/op

WorkloadPilot    1: 2 op, 918742.00 ns, 459.3710 us/op
WorkloadPilot    2: 3 op, 1191564.00 ns, 397.1880 us/op
WorkloadPilot    3: 4 op, 1201335.00 ns, 300.3338 us/op
WorkloadPilot    4: 5 op, 1496590.00 ns, 299.3180 us/op
WorkloadPilot    5: 6 op, 1657916.00 ns, 276.3193 us/op
WorkloadPilot    6: 7 op, 2198272.00 ns, 314.0389 us/op
WorkloadPilot    7: 8 op, 2389131.00 ns, 298.6414 us/op
WorkloadPilot    8: 9 op, 2811416.00 ns, 312.3796 us/op
WorkloadPilot    9: 10 op, 2973285.00 ns, 297.3285 us/op
WorkloadPilot   10: 11 op, 3347459.00 ns, 304.3145 us/op
WorkloadPilot   11: 12 op, 3776675.00 ns, 314.7229 us/op
WorkloadPilot   12: 13 op, 3883708.00 ns, 298.7468 us/op
WorkloadPilot   13: 14 op, 4386384.00 ns, 313.3131 us/op
WorkloadPilot   14: 15 op, 4495361.00 ns, 299.6907 us/op
WorkloadPilot   15: 16 op, 4744988.00 ns, 296.5618 us/op
WorkloadPilot   16: 32 op, 10216629.00 ns, 319.2697 us/op
WorkloadPilot   17: 64 op, 19017579.00 ns, 297.1497 us/op
WorkloadPilot   18: 128 op, 35384935.00 ns, 276.4448 us/op
WorkloadPilot   19: 256 op, 83656820.00 ns, 326.7845 us/op
WorkloadPilot   20: 512 op, 191364762.00 ns, 373.7593 us/op
WorkloadPilot   21: 1024 op, 387386965.00 ns, 378.3076 us/op
WorkloadPilot   22: 2048 op, 684498391.00 ns, 334.2277 us/op

WorkloadWarmup   1: 2048 op, 351964068.00 ns, 171.8575 us/op
WorkloadWarmup   2: 2048 op, 302404210.00 ns, 147.6583 us/op
WorkloadWarmup   3: 2048 op, 233961346.00 ns, 114.2389 us/op

// BeforeActualRun
WorkloadActual   1: 2048 op, 224727266.00 ns, 109.7301 us/op
WorkloadActual   2: 2048 op, 277263405.00 ns, 135.3825 us/op
WorkloadActual   3: 2048 op, 203558864.00 ns, 99.3940 us/op
WorkloadActual   4: 2048 op, 182967951.00 ns, 89.3398 us/op
WorkloadActual   5: 2048 op, 203777278.00 ns, 99.5006 us/op

// AfterActualRun
WorkloadResult   1: 2048 op, 224727266.00 ns, 109.7301 us/op
WorkloadResult   2: 2048 op, 203558864.00 ns, 99.3940 us/op
WorkloadResult   3: 2048 op, 182967951.00 ns, 89.3398 us/op
WorkloadResult   4: 2048 op, 203777278.00 ns, 99.5006 us/op
// GC:  31 5 0 391342016 2048
// Threading:  0 0 2048

// AfterAll
// Benchmark Process 1884 has exited with code 0.

Mean = 99.491 μs, StdErr = 4.162 μs (4.18%), N = 4, StdDev = 8.325 μs
Min = 89.340 μs, Q1 = 96.880 μs, Median = 99.447 μs, Q3 = 102.058 μs, Max = 109.730 μs
IQR = 5.178 μs, LowerFence = 89.114 μs, UpperFence = 109.824 μs
ConfidenceInterval = [45.698 μs; 153.284 μs] (CI 99.9%), Margin = 53.793 μs (54.07% of Mean)
Skewness = 0.01, Kurtosis = 1.12, MValue = 2

// ** Remained 30 (46.2%) benchmark(s) to run. Estimated finish 2026-08-02 4:21 (0h 4m from now) **
// **************************
// Benchmark: ProviderBuildBenchmarks.Needlr_SourceGen_ToProvider: ShortRun(IterationCount=5, LaunchCount=1, WarmupCount=3)
// *** Execute ***
// Launch: 1 / 1
// Execute: dotnet 7626e42a-34fe-4a7e-846b-e96fd185430e.dll --anonymousPipes 163 164 --benchmarkName NexusLabs.Needlr.Benchmarks.Benchmarks.ProviderBuildBenchmarks.Needlr_SourceGen_ToProvider --job ShortRun --benchmarkId 35 in /actions-runner/_work/needlr/needlr/src/NexusLabs.Needlr.Benchmarks/bin/Release/net10.0/7626e42a-34fe-4a7e-846b-e96fd185430e/bin/Release/net10.0
// Failed to set up high priority (Permission denied). In order to run benchmarks with high priority, make sure you have the right permissions.
// BeforeAnythingElse

// Benchmark Process Environment Information:
// BenchmarkDotNet v0.14.0
// Runtime=.NET 10.0.10 (10.0.1026.32716), X64 RyuJIT AVX2
// GC=Concurrent Workstation
// HardwareIntrinsics=AVX2,AES,BMI1,BMI2,FMA,LZCNT,PCLMUL,POPCNT,AvxVnni,SERIALIZE VectorSize=256
// Job: ShortRun(IterationCount=5, LaunchCount=1, WarmupCount=3)

OverheadJitting  1: 1 op, 584618.00 ns, 584.6180 us/op
WorkloadJitting  1: 1 op, 41336334.00 ns, 41.3363 ms/op

WorkloadPilot    1: 2 op, 1234231.00 ns, 617.1155 us/op
WorkloadPilot    2: 3 op, 1362209.00 ns, 454.0697 us/op
WorkloadPilot    3: 4 op, 1517054.00 ns, 379.2635 us/op
WorkloadPilot    4: 5 op, 1844974.00 ns, 368.9948 us/op
WorkloadPilot    5: 6 op, 2169391.00 ns, 361.5652 us/op
WorkloadPilot    6: 7 op, 2311422.00 ns, 330.2031 us/op
WorkloadPilot    7: 8 op, 2548466.00 ns, 318.5583 us/op
WorkloadPilot    8: 9 op, 3050740.00 ns, 338.9711 us/op
WorkloadPilot    9: 10 op, 3647107.00 ns, 364.7107 us/op
WorkloadPilot   10: 11 op, 4118005.00 ns, 374.3641 us/op
WorkloadPilot   11: 12 op, 4480993.00 ns, 373.4161 us/op
WorkloadPilot   12: 13 op, 4425327.00 ns, 340.4098 us/op
WorkloadPilot   13: 14 op, 4939247.00 ns, 352.8034 us/op
WorkloadPilot   14: 15 op, 5353327.00 ns, 356.8885 us/op
WorkloadPilot   15: 16 op, 6111483.00 ns, 381.9677 us/op
WorkloadPilot   16: 32 op, 14329471.00 ns, 447.7960 us/op
WorkloadPilot   17: 64 op, 25817182.00 ns, 403.3935 us/op
WorkloadPilot   18: 128 op, 51280859.00 ns, 400.6317 us/op
WorkloadPilot   19: 256 op, 93711088.00 ns, 366.0589 us/op
WorkloadPilot   20: 512 op, 182271852.00 ns, 355.9997 us/op
WorkloadPilot   21: 1024 op, 443748389.00 ns, 433.3480 us/op
WorkloadPilot   22: 2048 op, 803032705.00 ns, 392.1058 us/op

WorkloadWarmup   1: 2048 op, 543109303.00 ns, 265.1901 us/op
WorkloadWarmup   2: 2048 op, 203741759.00 ns, 99.4833 us/op
WorkloadWarmup   3: 2048 op, 219196020.00 ns, 107.0293 us/op

// BeforeActualRun
WorkloadActual   1: 2048 op, 209169949.00 ns, 102.1338 us/op
WorkloadActual   2: 2048 op, 239961911.00 ns, 117.1689 us/op
WorkloadActual   3: 2048 op, 217775120.00 ns, 106.3355 us/op
WorkloadActual   4: 2048 op, 198014123.00 ns, 96.6866 us/op
WorkloadActual   5: 2048 op, 196954364.00 ns, 96.1691 us/op

// AfterActualRun
WorkloadResult   1: 2048 op, 209169949.00 ns, 102.1338 us/op
WorkloadResult   2: 2048 op, 239961911.00 ns, 117.1689 us/op
WorkloadResult   3: 2048 op, 217775120.00 ns, 106.3355 us/op
WorkloadResult   4: 2048 op, 198014123.00 ns, 96.6866 us/op
WorkloadResult   5: 2048 op, 196954364.00 ns, 96.1691 us/op
// GC:  32 3 0 411002256 2048
// Threading:  0 0 2048

// AfterAll
// Benchmark Process 1891 has exited with code 0.

Mean = 103.699 μs, StdErr = 3.852 μs (3.71%), N = 5, StdDev = 8.613 μs
Min = 96.169 μs, Q1 = 96.687 μs, Median = 102.134 μs, Q3 = 106.336 μs, Max = 117.169 μs
IQR = 9.649 μs, LowerFence = 82.213 μs, UpperFence = 120.809 μs
ConfidenceInterval = [70.534 μs; 136.863 μs] (CI 99.9%), Margin = 33.164 μs (31.98% of Mean)
Skewness = 0.53, Kurtosis = 1.4, MValue = 2

// ** Remained 29 (44.6%) benchmark(s) to run. Estimated finish 2026-08-02 4:20 (0h 3m from now) **
// ***** BenchmarkRunner: Finish  *****

// * Export *
  actions-runner/_work/needlr/needlr/benchmark-results/results/NexusLabs.Needlr.Benchmarks.Benchmarks.ProviderBuildBenchmarks-report.csv
  actions-runner/_work/needlr/needlr/benchmark-results/results/NexusLabs.Needlr.Benchmarks.Benchmarks.ProviderBuildBenchmarks-report-github.md
  actions-runner/_work/needlr/needlr/benchmark-results/results/NexusLabs.Needlr.Benchmarks.Benchmarks.ProviderBuildBenchmarks-report.html
  actions-runner/_work/needlr/needlr/benchmark-results/results/NexusLabs.Needlr.Benchmarks.Benchmarks.ProviderBuildBenchmarks-report-full-compressed.json
  actions-runner/_work/needlr/needlr/benchmark-results/results/NexusLabs.Needlr.Benchmarks.Benchmarks.ProviderBuildBenchmarks-report-default.md

// * Detailed results *
ProviderBuildBenchmarks.ManualDI_ToServiceProvider: ShortRun(IterationCount=5, LaunchCount=1, WarmupCount=3)
Runtime = .NET 10.0.10 (10.0.1026.32716), X64 RyuJIT AVX2; GC = Concurrent Workstation
Mean = 1.678 μs, StdErr = 0.045 μs (2.67%), N = 5, StdDev = 0.100 μs
Min = 1.572 μs, Q1 = 1.593 μs, Median = 1.663 μs, Q3 = 1.764 μs, Max = 1.796 μs
IQR = 0.170 μs, LowerFence = 1.338 μs, UpperFence = 2.019 μs
ConfidenceInterval = [1.292 μs; 2.063 μs] (CI 99.9%), Margin = 0.385 μs (22.96% of Mean)
Skewness = 0.11, Kurtosis = 0.86, MValue = 2
-------------------- Histogram --------------------
[1.540 μs ; 1.694 μs) | @@@
[1.694 μs ; 1.873 μs) | @@
---------------------------------------------------

ProviderBuildBenchmarks.Needlr_Reflection_ToServiceProvider: ShortRun(IterationCount=5, LaunchCount=1, WarmupCount=3)
Runtime = .NET 10.0.10 (10.0.1026.32716), X64 RyuJIT AVX2; GC = Concurrent Workstation
Mean = 558.114 μs, StdErr = 15.074 μs (2.70%), N = 5, StdDev = 33.707 μs
Min = 534.072 μs, Q1 = 535.756 μs, Median = 536.823 μs, Q3 = 572.960 μs, Max = 610.962 μs
IQR = 37.204 μs, LowerFence = 479.950 μs, UpperFence = 628.765 μs
ConfidenceInterval = [428.322 μs; 687.906 μs] (CI 99.9%), Margin = 129.792 μs (23.26% of Mean)
Skewness = 0.61, Kurtosis = 1.34, MValue = 2
-------------------- Histogram --------------------
[527.644 μs ; 579.387 μs) | @@@@
[579.387 μs ; 636.833 μs) | @
---------------------------------------------------

ProviderBuildBenchmarks.Needlr_SourceGen_ToServiceProvider: ShortRun(IterationCount=5, LaunchCount=1, WarmupCount=3)
Runtime = .NET 10.0.10 (10.0.1026.32716), X64 RyuJIT AVX2; GC = Concurrent Workstation
Mean = 99.491 μs, StdErr = 4.162 μs (4.18%), N = 4, StdDev = 8.325 μs
Min = 89.340 μs, Q1 = 96.880 μs, Median = 99.447 μs, Q3 = 102.058 μs, Max = 109.730 μs
IQR = 5.178 μs, LowerFence = 89.114 μs, UpperFence = 109.824 μs
ConfidenceInterval = [45.698 μs; 153.284 μs] (CI 99.9%), Margin = 53.793 μs (54.07% of Mean)
Skewness = 0.01, Kurtosis = 1.12, MValue = 2
-------------------- Histogram --------------------
[ 87.537 μs ; 101.303 μs) | @@@
[101.303 μs ; 116.613 μs) | @
---------------------------------------------------

ProviderBuildBenchmarks.Needlr_SourceGen_ToProvider: ShortRun(IterationCount=5, LaunchCount=1, WarmupCount=3)
Runtime = .NET 10.0.10 (10.0.1026.32716), X64 RyuJIT AVX2; GC = Concurrent Workstation
Mean = 103.699 μs, StdErr = 3.852 μs (3.71%), N = 5, StdDev = 8.613 μs
Min = 96.169 μs, Q1 = 96.687 μs, Median = 102.134 μs, Q3 = 106.336 μs, Max = 117.169 μs
IQR = 9.649 μs, LowerFence = 82.213 μs, UpperFence = 120.809 μs
ConfidenceInterval = [70.534 μs; 136.863 μs] (CI 99.9%), Margin = 33.164 μs (31.98% of Mean)
Skewness = 0.53, Kurtosis = 1.4, MValue = 2
-------------------- Histogram --------------------
[ 94.642 μs ; 110.558 μs) | @@@@
[110.558 μs ; 123.780 μs) | @
---------------------------------------------------

// * Summary *

BenchmarkDotNet v0.14.0, Ubuntu 24.04.4 LTS (Noble Numbat)
12th Gen Intel Core i7-12700H, 1 CPU, 20 logical and 10 physical cores
.NET SDK 10.0.302
  [Host]   : .NET 10.0.10 (10.0.1026.32716), X64 RyuJIT AVX2
  ShortRun : .NET 10.0.10 (10.0.1026.32716), X64 RyuJIT AVX2

Job=ShortRun  IterationCount=5  LaunchCount=1  
WarmupCount=3  

| Method                              | Mean       | Error       | StdDev     | Ratio  | RatioSD | Rank | Gen0    | Gen1   | Allocated | Alloc Ratio |
|------------------------------------ |-----------:|------------:|-----------:|-------:|--------:|-----:|--------:|-------:|----------:|------------:|
| ManualDI_ToServiceProvider          |   1.678 μs |   0.3851 μs |  0.1000 μs |   1.00 |    0.08 |    1 |  0.5417 | 0.0896 |   6.66 KB |        1.00 |
| Needlr_Reflection_ToServiceProvider | 558.114 μs | 129.7920 μs | 33.7066 μs | 333.64 |   25.78 |    3 | 19.5313 |      - | 256.43 KB |       38.53 |
| Needlr_SourceGen_ToServiceProvider  |  99.491 μs |  53.7933 μs |  8.3246 μs |  59.48 |    5.48 |    2 | 15.1367 | 2.4414 | 186.61 KB |       28.03 |
| Needlr_SourceGen_ToProvider         | 103.699 μs |  33.1643 μs |  8.6127 μs |  61.99 |    5.78 |    2 | 15.6250 | 1.4648 | 195.98 KB |       29.44 |

// * Hints *
Outliers
  ProviderBuildBenchmarks.Needlr_SourceGen_ToServiceProvider: ShortRun -> 1 outlier  was  removed (135.38 μs)
// * Config Issues *

// * Warnings *
Configuration
  Summary -> The exporter HtmlExporter is already present in configuration. There may be unexpected results.

// * Legends *
  Mean        : Arithmetic mean of all measurements
  Error       : Half of 99.9% confidence interval
  StdDev      : Standard deviation of all measurements
  Ratio       : Mean of the ratio distribution ([Current]/[Baseline])
  RatioSD     : Standard deviation of the ratio distribution ([Current]/[Baseline])
  Rank        : Relative position of current benchmark mean among all benchmarks (Arabic style)
  Gen0        : GC Generation 0 collects per 1000 operations
  Gen1        : GC Generation 1 collects per 1000 operations
  Allocated   : Allocated memory per single operation (managed only, inclusive, 1KB = 1024B)
  Alloc Ratio : Allocated memory ratio distribution ([Current]/[Baseline])
  1 μs        : 1 Microsecond (0.000001 sec)

// * Diagnostic Output - MemoryDiagnoser *


// ***** BenchmarkRunner: End *****
Run time: 00:00:23 (23.74 sec), executed benchmarks: 4

// Found 7 benchmarks:
//   ProviderFactoryResolutionBenchmarks.ManualDI_FuncFactory_PreResolved: ShortRun(IterationCount=5, LaunchCount=1, WarmupCount=3)
//   ProviderFactoryResolutionBenchmarks.ManualDI_FuncFactory_WithResolution: ShortRun(IterationCount=5, LaunchCount=1, WarmupCount=3)
//   ProviderFactoryResolutionBenchmarks.DirectFactory_PreResolved: ShortRun(IterationCount=5, LaunchCount=1, WarmupCount=3)
//   ProviderFactoryResolutionBenchmarks.DirectFactory_WithResolution: ShortRun(IterationCount=5, LaunchCount=1, WarmupCount=3)
//   ProviderFactoryResolutionBenchmarks.Provider_FactoryShorthand: ShortRun(IterationCount=5, LaunchCount=1, WarmupCount=3)
//   ProviderFactoryResolutionBenchmarks.Provider_FactoryInterface: ShortRun(IterationCount=5, LaunchCount=1, WarmupCount=3)
//   ProviderFactoryResolutionBenchmarks.Provider_MixedShorthand: ShortRun(IterationCount=5, LaunchCount=1, WarmupCount=3)

// **************************
// Benchmark: ProviderFactoryResolutionBenchmarks.ManualDI_FuncFactory_PreResolved: ShortRun(IterationCount=5, LaunchCount=1, WarmupCount=3)
// *** Execute ***
// Launch: 1 / 1
// Execute: dotnet 7626e42a-34fe-4a7e-846b-e96fd185430e.dll --anonymousPipes 163 164 --benchmarkName NexusLabs.Needlr.Benchmarks.Benchmarks.ProviderFactoryResolutionBenchmarks.ManualDI_FuncFactory_PreResolved --job ShortRun --benchmarkId 36 in /actions-runner/_work/needlr/needlr/src/NexusLabs.Needlr.Benchmarks/bin/Release/net10.0/7626e42a-34fe-4a7e-846b-e96fd185430e/bin/Release/net10.0
// Failed to set up high priority (Permission denied). In order to run benchmarks with high priority, make sure you have the right permissions.
// BeforeAnythingElse

// Benchmark Process Environment Information:
// BenchmarkDotNet v0.14.0
// Runtime=.NET 10.0.10 (10.0.1026.32716), X64 RyuJIT AVX2
// GC=Concurrent Workstation
// HardwareIntrinsics=AVX2,AES,BMI1,BMI2,FMA,LZCNT,PCLMUL,POPCNT,AvxVnni,SERIALIZE VectorSize=256
// Job: ShortRun(IterationCount=5, LaunchCount=1, WarmupCount=3)

OverheadJitting  1: 1 op, 323078.00 ns, 323.0780 us/op
WorkloadJitting  1: 1 op, 492220.00 ns, 492.2200 us/op

OverheadJitting  2: 16 op, 446310.00 ns, 27.8944 us/op
WorkloadJitting  2: 16 op, 470299.00 ns, 29.3937 us/op

WorkloadPilot    1: 16 op, 3631.00 ns, 226.9375 ns/op
WorkloadPilot    2: 32 op, 3271.00 ns, 102.2188 ns/op
WorkloadPilot    3: 64 op, 4293.00 ns, 67.0781 ns/op
WorkloadPilot    4: 128 op, 18970.00 ns, 148.2031 ns/op
WorkloadPilot    5: 256 op, 18889.00 ns, 73.7852 ns/op
WorkloadPilot    6: 512 op, 15138.00 ns, 29.5664 ns/op
WorkloadPilot    7: 1024 op, 38639.00 ns, 37.7334 ns/op
WorkloadPilot    8: 2048 op, 70234.00 ns, 34.2939 ns/op
WorkloadPilot    9: 4096 op, 117747.00 ns, 28.7468 ns/op
WorkloadPilot   10: 8192 op, 235669.00 ns, 28.7682 ns/op
WorkloadPilot   11: 16384 op, 399767.00 ns, 24.3998 ns/op
WorkloadPilot   12: 32768 op, 837495.00 ns, 25.5583 ns/op
WorkloadPilot   13: 65536 op, 1493239.00 ns, 22.7850 ns/op
WorkloadPilot   14: 131072 op, 3021968.00 ns, 23.0558 ns/op
WorkloadPilot   15: 262144 op, 6327397.00 ns, 24.1371 ns/op
WorkloadPilot   16: 524288 op, 11037345.00 ns, 21.0521 ns/op
WorkloadPilot   17: 1048576 op, 16226249.00 ns, 15.4746 ns/op
WorkloadPilot   18: 2097152 op, 32438657.00 ns, 15.4680 ns/op
WorkloadPilot   19: 4194304 op, 57409380.00 ns, 13.6875 ns/op
WorkloadPilot   20: 8388608 op, 99170141.00 ns, 11.8220 ns/op
WorkloadPilot   21: 16777216 op, 203617770.00 ns, 12.1366 ns/op
WorkloadPilot   22: 33554432 op, 446723929.00 ns, 13.3134 ns/op
WorkloadPilot   23: 67108864 op, 999666050.00 ns, 14.8962 ns/op

OverheadWarmup   1: 67108864 op, 286278606.00 ns, 4.2659 ns/op
OverheadWarmup   2: 67108864 op, 235290655.00 ns, 3.5061 ns/op
OverheadWarmup   3: 67108864 op, 231649359.00 ns, 3.4518 ns/op
OverheadWarmup   4: 67108864 op, 249143741.00 ns, 3.7125 ns/op
OverheadWarmup   5: 67108864 op, 240883601.00 ns, 3.5894 ns/op
OverheadWarmup   6: 67108864 op, 226435507.00 ns, 3.3742 ns/op
OverheadWarmup   7: 67108864 op, 235551452.00 ns, 3.5100 ns/op
OverheadWarmup   8: 67108864 op, 229873002.00 ns, 3.4254 ns/op

OverheadActual   1: 67108864 op, 246709023.00 ns, 3.6763 ns/op
OverheadActual   2: 67108864 op, 231800681.00 ns, 3.4541 ns/op
OverheadActual   3: 67108864 op, 240313270.00 ns, 3.5809 ns/op
OverheadActual   4: 67108864 op, 225759651.00 ns, 3.3641 ns/op
OverheadActual   5: 67108864 op, 251038729.00 ns, 3.7408 ns/op
OverheadActual   6: 67108864 op, 244580504.00 ns, 3.6445 ns/op
OverheadActual   7: 67108864 op, 234930315.00 ns, 3.5007 ns/op
OverheadActual   8: 67108864 op, 229669672.00 ns, 3.4223 ns/op
OverheadActual   9: 67108864 op, 234047461.00 ns, 3.4876 ns/op
OverheadActual  10: 67108864 op, 234158972.00 ns, 3.4892 ns/op
OverheadActual  11: 67108864 op, 235706330.00 ns, 3.5123 ns/op
OverheadActual  12: 67108864 op, 231293683.00 ns, 3.4465 ns/op
OverheadActual  13: 67108864 op, 225655949.00 ns, 3.3625 ns/op
OverheadActual  14: 67108864 op, 237928827.00 ns, 3.5454 ns/op
OverheadActual  15: 67108864 op, 261282147.00 ns, 3.8934 ns/op

WorkloadWarmup   1: 67108864 op, 905700068.00 ns, 13.4960 ns/op
WorkloadWarmup   2: 67108864 op, 778852204.00 ns, 11.6058 ns/op
WorkloadWarmup   3: 67108864 op, 772926405.00 ns, 11.5175 ns/op

// BeforeActualRun
WorkloadActual   1: 67108864 op, 784136858.00 ns, 11.6845 ns/op
WorkloadActual   2: 67108864 op, 729912515.00 ns, 10.8765 ns/op
WorkloadActual   3: 67108864 op, 731390322.00 ns, 10.8986 ns/op
WorkloadActual   4: 67108864 op, 770318697.00 ns, 11.4786 ns/op
WorkloadActual   5: 67108864 op, 763076085.00 ns, 11.3707 ns/op

// AfterActualRun
WorkloadResult   1: 67108864 op, 549206543.00 ns, 8.1838 ns/op
WorkloadResult   2: 67108864 op, 494982200.00 ns, 7.3758 ns/op
WorkloadResult   3: 67108864 op, 496460007.00 ns, 7.3978 ns/op
WorkloadResult   4: 67108864 op, 535388382.00 ns, 7.9779 ns/op
WorkloadResult   5: 67108864 op, 528145770.00 ns, 7.8700 ns/op
// GC:  171 0 0 2147484384 67108864
// Threading:  0 0 67108864

// AfterAll
// Benchmark Process 1900 has exited with code 0.

Mean = 7.761 ns, StdErr = 0.161 ns (2.07%), N = 5, StdDev = 0.360 ns
Min = 7.376 ns, Q1 = 7.398 ns, Median = 7.870 ns, Q3 = 7.978 ns, Max = 8.184 ns
IQR = 0.580 ns, LowerFence = 6.528 ns, UpperFence = 8.848 ns
ConfidenceInterval = [6.375 ns; 9.147 ns] (CI 99.9%), Margin = 1.386 ns (17.85% of Mean)
Skewness = -0.08, Kurtosis = 0.88, MValue = 2

// ** Remained 28 (43.1%) benchmark(s) to run. Estimated finish 2026-08-02 4:21 (0h 3m from now) **
// **************************
// Benchmark: ProviderFactoryResolutionBenchmarks.ManualDI_FuncFactory_WithResolution: ShortRun(IterationCount=5, LaunchCount=1, WarmupCount=3)
// *** Execute ***
// Launch: 1 / 1
// Execute: dotnet 7626e42a-34fe-4a7e-846b-e96fd185430e.dll --anonymousPipes 163 164 --benchmarkName NexusLabs.Needlr.Benchmarks.Benchmarks.ProviderFactoryResolutionBenchmarks.ManualDI_FuncFactory_WithResolution --job ShortRun --benchmarkId 37 in /actions-runner/_work/needlr/needlr/src/NexusLabs.Needlr.Benchmarks/bin/Release/net10.0/7626e42a-34fe-4a7e-846b-e96fd185430e/bin/Release/net10.0
// Failed to set up high priority (Permission denied). In order to run benchmarks with high priority, make sure you have the right permissions.
// BeforeAnythingElse

// Benchmark Process Environment Information:
// BenchmarkDotNet v0.14.0
// Runtime=.NET 10.0.10 (10.0.1026.32716), X64 RyuJIT AVX2
// GC=Concurrent Workstation
// HardwareIntrinsics=AVX2,AES,BMI1,BMI2,FMA,LZCNT,PCLMUL,POPCNT,AvxVnni,SERIALIZE VectorSize=256
// Job: ShortRun(IterationCount=5, LaunchCount=1, WarmupCount=3)

OverheadJitting  1: 1 op, 301714.00 ns, 301.7140 us/op
WorkloadJitting  1: 1 op, 512604.00 ns, 512.6040 us/op

OverheadJitting  2: 16 op, 610190.00 ns, 38.1369 us/op
WorkloadJitting  2: 16 op, 503561.00 ns, 31.4726 us/op

WorkloadPilot    1: 16 op, 26946.00 ns, 1.6841 us/op
WorkloadPilot    2: 32 op, 14863.00 ns, 464.4688 ns/op
WorkloadPilot    3: 64 op, 18070.00 ns, 282.3438 ns/op
WorkloadPilot    4: 128 op, 40169.00 ns, 313.8203 ns/op
WorkloadPilot    5: 256 op, 36947.00 ns, 144.3242 ns/op
WorkloadPilot    6: 512 op, 47506.00 ns, 92.7852 ns/op
WorkloadPilot    7: 1024 op, 97554.00 ns, 95.2676 ns/op
WorkloadPilot    8: 2048 op, 294766.00 ns, 143.9287 ns/op
WorkloadPilot    9: 4096 op, 343239.00 ns, 83.7986 ns/op
WorkloadPilot   10: 8192 op, 1046855.00 ns, 127.7899 ns/op
WorkloadPilot   11: 16384 op, 1289983.00 ns, 78.7343 ns/op
WorkloadPilot   12: 32768 op, 2641553.00 ns, 80.6138 ns/op
WorkloadPilot   13: 65536 op, 5251571.00 ns, 80.1326 ns/op
WorkloadPilot   14: 131072 op, 11742002.00 ns, 89.5844 ns/op
WorkloadPilot   15: 262144 op, 23832178.00 ns, 90.9125 ns/op
WorkloadPilot   16: 524288 op, 56070352.00 ns, 106.9457 ns/op
WorkloadPilot   17: 1048576 op, 74383874.00 ns, 70.9380 ns/op
WorkloadPilot   18: 2097152 op, 50215507.00 ns, 23.9446 ns/op
WorkloadPilot   19: 4194304 op, 91352544.00 ns, 21.7801 ns/op
WorkloadPilot   20: 8388608 op, 186313174.00 ns, 22.2103 ns/op
WorkloadPilot   21: 16777216 op, 361284037.00 ns, 21.5342 ns/op
WorkloadPilot   22: 33554432 op, 856664552.00 ns, 25.5306 ns/op

OverheadWarmup   1: 33554432 op, 146039369.00 ns, 4.3523 ns/op
OverheadWarmup   2: 33554432 op, 126174935.00 ns, 3.7603 ns/op
OverheadWarmup   3: 33554432 op, 123035457.00 ns, 3.6667 ns/op
OverheadWarmup   4: 33554432 op, 135398993.00 ns, 4.0352 ns/op
OverheadWarmup   5: 33554432 op, 117793504.00 ns, 3.5105 ns/op
OverheadWarmup   6: 33554432 op, 118915569.00 ns, 3.5440 ns/op
OverheadWarmup   7: 33554432 op, 122551637.00 ns, 3.6523 ns/op
OverheadWarmup   8: 33554432 op, 120911288.00 ns, 3.6034 ns/op

OverheadActual   1: 33554432 op, 117232203.00 ns, 3.4938 ns/op
OverheadActual   2: 33554432 op, 117391161.00 ns, 3.4985 ns/op
OverheadActual   3: 33554432 op, 119461671.00 ns, 3.5602 ns/op
OverheadActual   4: 33554432 op, 149943501.00 ns, 4.4687 ns/op
OverheadActual   5: 33554432 op, 129870392.00 ns, 3.8704 ns/op
OverheadActual   6: 33554432 op, 127174066.00 ns, 3.7901 ns/op
OverheadActual   7: 33554432 op, 115047345.00 ns, 3.4287 ns/op
OverheadActual   8: 33554432 op, 113697030.00 ns, 3.3884 ns/op
OverheadActual   9: 33554432 op, 116050250.00 ns, 3.4586 ns/op
OverheadActual  10: 33554432 op, 116305237.00 ns, 3.4662 ns/op
OverheadActual  11: 33554432 op, 106021877.00 ns, 3.1597 ns/op
OverheadActual  12: 33554432 op, 115430782.00 ns, 3.4401 ns/op
OverheadActual  13: 33554432 op, 128507802.00 ns, 3.8298 ns/op
OverheadActual  14: 33554432 op, 116336883.00 ns, 3.4671 ns/op
OverheadActual  15: 33554432 op, 131566844.00 ns, 3.9210 ns/op
OverheadActual  16: 33554432 op, 124506266.00 ns, 3.7106 ns/op
OverheadActual  17: 33554432 op, 113589767.00 ns, 3.3852 ns/op
OverheadActual  18: 33554432 op, 111743241.00 ns, 3.3302 ns/op
OverheadActual  19: 33554432 op, 117750269.00 ns, 3.5092 ns/op
OverheadActual  20: 33554432 op, 120172671.00 ns, 3.5814 ns/op

WorkloadWarmup   1: 33554432 op, 705380016.00 ns, 21.0220 ns/op
WorkloadWarmup   2: 33554432 op, 688406460.00 ns, 20.5161 ns/op
WorkloadWarmup   3: 33554432 op, 693420995.00 ns, 20.6656 ns/op

// BeforeActualRun
WorkloadActual   1: 33554432 op, 705700041.00 ns, 21.0315 ns/op
WorkloadActual   2: 33554432 op, 794181142.00 ns, 23.6684 ns/op
WorkloadActual   3: 33554432 op, 721473766.00 ns, 21.5016 ns/op
WorkloadActual   4: 33554432 op, 662183327.00 ns, 19.7346 ns/op
WorkloadActual   5: 33554432 op, 669001605.00 ns, 19.9378 ns/op

// AfterActualRun
WorkloadResult   1: 33554432 op, 588388359.00 ns, 17.5353 ns/op
WorkloadResult   2: 33554432 op, 676869460.00 ns, 20.1723 ns/op
WorkloadResult   3: 33554432 op, 604162084.00 ns, 18.0054 ns/op
WorkloadResult   4: 33554432 op, 544871645.00 ns, 16.2384 ns/op
WorkloadResult   5: 33554432 op, 551689923.00 ns, 16.4416 ns/op
// GC:  85 0 0 1073742560 33554432
// Threading:  0 0 33554432

// AfterAll
// Benchmark Process 1913 has exited with code 0.

Mean = 17.679 ns, StdErr = 0.705 ns (3.99%), N = 5, StdDev = 1.577 ns
Min = 16.238 ns, Q1 = 16.442 ns, Median = 17.535 ns, Q3 = 18.005 ns, Max = 20.172 ns
IQR = 1.564 ns, LowerFence = 14.096 ns, UpperFence = 20.351 ns
ConfidenceInterval = [11.605 ns; 23.752 ns] (CI 99.9%), Margin = 6.073 ns (34.35% of Mean)
Skewness = 0.54, Kurtosis = 1.46, MValue = 2

// ** Remained 27 (41.5%) benchmark(s) to run. Estimated finish 2026-08-02 4:21 (0h 3m from now) **
// **************************
// Benchmark: ProviderFactoryResolutionBenchmarks.DirectFactory_PreResolved: ShortRun(IterationCount=5, LaunchCount=1, WarmupCount=3)
// *** Execute ***
// Launch: 1 / 1
// Execute: dotnet 7626e42a-34fe-4a7e-846b-e96fd185430e.dll --anonymousPipes 163 164 --benchmarkName NexusLabs.Needlr.Benchmarks.Benchmarks.ProviderFactoryResolutionBenchmarks.DirectFactory_PreResolved --job ShortRun --benchmarkId 38 in /actions-runner/_work/needlr/needlr/src/NexusLabs.Needlr.Benchmarks/bin/Release/net10.0/7626e42a-34fe-4a7e-846b-e96fd185430e/bin/Release/net10.0
// Failed to set up high priority (Permission denied). In order to run benchmarks with high priority, make sure you have the right permissions.
// BeforeAnythingElse

// Benchmark Process Environment Information:
// BenchmarkDotNet v0.14.0
// Runtime=.NET 10.0.10 (10.0.1026.32716), X64 RyuJIT AVX2
// GC=Concurrent Workstation
// HardwareIntrinsics=AVX2,AES,BMI1,BMI2,FMA,LZCNT,PCLMUL,POPCNT,AvxVnni,SERIALIZE VectorSize=256
// Job: ShortRun(IterationCount=5, LaunchCount=1, WarmupCount=3)

OverheadJitting  1: 1 op, 314889.00 ns, 314.8890 us/op
WorkloadJitting  1: 1 op, 297134.00 ns, 297.1340 us/op

OverheadJitting  2: 16 op, 401834.00 ns, 25.1146 us/op
WorkloadJitting  2: 16 op, 448987.00 ns, 28.0617 us/op

WorkloadPilot    1: 16 op, 2687.00 ns, 167.9375 ns/op
WorkloadPilot    2: 32 op, 2827.00 ns, 88.3438 ns/op
WorkloadPilot    3: 64 op, 3191.00 ns, 49.8594 ns/op
WorkloadPilot    4: 128 op, 17001.00 ns, 132.8203 ns/op
WorkloadPilot    5: 256 op, 20568.00 ns, 80.3438 ns/op
WorkloadPilot    6: 512 op, 21123.00 ns, 41.2559 ns/op
WorkloadPilot    7: 1024 op, 39673.00 ns, 38.7432 ns/op
WorkloadPilot    8: 2048 op, 67768.00 ns, 33.0898 ns/op
WorkloadPilot    9: 4096 op, 130259.00 ns, 31.8015 ns/op
WorkloadPilot   10: 8192 op, 303169.00 ns, 37.0079 ns/op
WorkloadPilot   11: 16384 op, 386290.00 ns, 23.5773 ns/op
WorkloadPilot   12: 32768 op, 764156.00 ns, 23.3202 ns/op
WorkloadPilot   13: 65536 op, 1552882.00 ns, 23.6951 ns/op
WorkloadPilot   14: 131072 op, 3072995.00 ns, 23.4451 ns/op
WorkloadPilot   15: 262144 op, 6391603.00 ns, 24.3820 ns/op
WorkloadPilot   16: 524288 op, 10926881.00 ns, 20.8414 ns/op
WorkloadPilot   17: 1048576 op, 16724580.00 ns, 15.9498 ns/op
WorkloadPilot   18: 2097152 op, 35384294.00 ns, 16.8725 ns/op
WorkloadPilot   19: 4194304 op, 67654488.00 ns, 16.1301 ns/op
WorkloadPilot   20: 8388608 op, 96598146.00 ns, 11.5154 ns/op
WorkloadPilot   21: 16777216 op, 181921795.00 ns, 10.8434 ns/op
WorkloadPilot   22: 33554432 op, 384811563.00 ns, 11.4683 ns/op
WorkloadPilot   23: 67108864 op, 751780593.00 ns, 11.2024 ns/op

OverheadWarmup   1: 67108864 op, 271466984.00 ns, 4.0452 ns/op
OverheadWarmup   2: 67108864 op, 229811185.00 ns, 3.4245 ns/op
OverheadWarmup   3: 67108864 op, 232679934.00 ns, 3.4672 ns/op
OverheadWarmup   4: 67108864 op, 242081175.00 ns, 3.6073 ns/op
OverheadWarmup   5: 67108864 op, 247467882.00 ns, 3.6876 ns/op
OverheadWarmup   6: 67108864 op, 240975921.00 ns, 3.5908 ns/op
OverheadWarmup   7: 67108864 op, 252265895.00 ns, 3.7591 ns/op
OverheadWarmup   8: 67108864 op, 235621335.00 ns, 3.5110 ns/op

OverheadActual   1: 67108864 op, 230623151.00 ns, 3.4366 ns/op
OverheadActual   2: 67108864 op, 227491280.00 ns, 3.3899 ns/op
OverheadActual   3: 67108864 op, 223058940.00 ns, 3.3238 ns/op
OverheadActual   4: 67108864 op, 237107673.00 ns, 3.5332 ns/op
OverheadActual   5: 67108864 op, 225025484.00 ns, 3.3531 ns/op
OverheadActual   6: 67108864 op, 228751947.00 ns, 3.4087 ns/op
OverheadActual   7: 67108864 op, 230175643.00 ns, 3.4299 ns/op
OverheadActual   8: 67108864 op, 230829890.00 ns, 3.4396 ns/op
OverheadActual   9: 67108864 op, 234768296.00 ns, 3.4983 ns/op
OverheadActual  10: 67108864 op, 227547868.00 ns, 3.3907 ns/op
OverheadActual  11: 67108864 op, 231264297.00 ns, 3.4461 ns/op
OverheadActual  12: 67108864 op, 230989232.00 ns, 3.4420 ns/op
OverheadActual  13: 67108864 op, 222260578.00 ns, 3.3119 ns/op
OverheadActual  14: 67108864 op, 226911908.00 ns, 3.3813 ns/op
OverheadActual  15: 67108864 op, 225073206.00 ns, 3.3539 ns/op

WorkloadWarmup   1: 67108864 op, 728084090.00 ns, 10.8493 ns/op
WorkloadWarmup   2: 67108864 op, 719352684.00 ns, 10.7192 ns/op
WorkloadWarmup   3: 67108864 op, 743018362.00 ns, 11.0718 ns/op

// BeforeActualRun
WorkloadActual   1: 67108864 op, 769095182.00 ns, 11.4604 ns/op
WorkloadActual   2: 67108864 op, 736844125.00 ns, 10.9798 ns/op
WorkloadActual   3: 67108864 op, 750539725.00 ns, 11.1839 ns/op
WorkloadActual   4: 67108864 op, 771725427.00 ns, 11.4996 ns/op
WorkloadActual   5: 67108864 op, 738906298.00 ns, 11.0106 ns/op

// AfterActualRun
WorkloadResult   1: 67108864 op, 540343235.00 ns, 8.0517 ns/op
WorkloadResult   2: 67108864 op, 508092178.00 ns, 7.5712 ns/op
WorkloadResult   3: 67108864 op, 521787778.00 ns, 7.7752 ns/op
WorkloadResult   4: 67108864 op, 542973480.00 ns, 8.0909 ns/op
WorkloadResult   5: 67108864 op, 510154351.00 ns, 7.6019 ns/op
// GC:  171 0 0 2147484384 67108864
// Threading:  0 0 67108864

// AfterAll
// Benchmark Process 1921 has exited with code 0.

Mean = 7.818 ns, StdErr = 0.109 ns (1.40%), N = 5, StdDev = 0.244 ns
Min = 7.571 ns, Q1 = 7.602 ns, Median = 7.775 ns, Q3 = 8.052 ns, Max = 8.091 ns
IQR = 0.450 ns, LowerFence = 6.927 ns, UpperFence = 8.727 ns
ConfidenceInterval = [6.878 ns; 8.759 ns] (CI 99.9%), Margin = 0.940 ns (12.03% of Mean)
Skewness = 0.11, Kurtosis = 0.81, MValue = 2

// ** Remained 26 (40.0%) benchmark(s) to run. Estimated finish 2026-08-02 4:21 (0h 3m from now) **
// **************************
// Benchmark: ProviderFactoryResolutionBenchmarks.DirectFactory_WithResolution: ShortRun(IterationCount=5, LaunchCount=1, WarmupCount=3)
// *** Execute ***
// Launch: 1 / 1
// Execute: dotnet 7626e42a-34fe-4a7e-846b-e96fd185430e.dll --anonymousPipes 163 164 --benchmarkName NexusLabs.Needlr.Benchmarks.Benchmarks.ProviderFactoryResolutionBenchmarks.DirectFactory_WithResolution --job ShortRun --benchmarkId 39 in /actions-runner/_work/needlr/needlr/src/NexusLabs.Needlr.Benchmarks/bin/Release/net10.0/7626e42a-34fe-4a7e-846b-e96fd185430e/bin/Release/net10.0
// Failed to set up high priority (Permission denied). In order to run benchmarks with high priority, make sure you have the right permissions.
// BeforeAnythingElse

// Benchmark Process Environment Information:
// BenchmarkDotNet v0.14.0
// Runtime=.NET 10.0.10 (10.0.1026.32716), X64 RyuJIT AVX2
// GC=Concurrent Workstation
// HardwareIntrinsics=AVX2,AES,BMI1,BMI2,FMA,LZCNT,PCLMUL,POPCNT,AvxVnni,SERIALIZE VectorSize=256
// Job: ShortRun(IterationCount=5, LaunchCount=1, WarmupCount=3)

OverheadJitting  1: 1 op, 265252.00 ns, 265.2520 us/op
WorkloadJitting  1: 1 op, 320488.00 ns, 320.4880 us/op

OverheadJitting  2: 16 op, 401312.00 ns, 25.0820 us/op
WorkloadJitting  2: 16 op, 460161.00 ns, 28.7601 us/op

WorkloadPilot    1: 16 op, 29638.00 ns, 1.8524 us/op
WorkloadPilot    2: 32 op, 23813.00 ns, 744.1563 ns/op
WorkloadPilot    3: 64 op, 10247.00 ns, 160.1094 ns/op
WorkloadPilot    4: 128 op, 27363.00 ns, 213.7734 ns/op
WorkloadPilot    5: 256 op, 44373.00 ns, 173.3320 ns/op
WorkloadPilot    6: 512 op, 47412.00 ns, 92.6016 ns/op
WorkloadPilot    7: 1024 op, 87073.00 ns, 85.0322 ns/op
WorkloadPilot    8: 2048 op, 164129.00 ns, 80.1411 ns/op
WorkloadPilot    9: 4096 op, 311266.00 ns, 75.9927 ns/op
WorkloadPilot   10: 8192 op, 686161.00 ns, 83.7599 ns/op
WorkloadPilot   11: 16384 op, 1227738.00 ns, 74.9352 ns/op
WorkloadPilot   12: 32768 op, 2551930.00 ns, 77.8787 ns/op
WorkloadPilot   13: 65536 op, 4968738.00 ns, 75.8169 ns/op
WorkloadPilot   14: 131072 op, 9708294.00 ns, 74.0684 ns/op
WorkloadPilot   15: 262144 op, 21154621.00 ns, 80.6985 ns/op
WorkloadPilot   16: 524288 op, 39161327.00 ns, 74.6943 ns/op
WorkloadPilot   17: 1048576 op, 73719349.00 ns, 70.3042 ns/op
WorkloadPilot   18: 2097152 op, 65417760.00 ns, 31.1936 ns/op
WorkloadPilot   19: 4194304 op, 87592332.00 ns, 20.8836 ns/op
WorkloadPilot   20: 8388608 op, 180458810.00 ns, 21.5124 ns/op
WorkloadPilot   21: 16777216 op, 364352957.00 ns, 21.7171 ns/op
WorkloadPilot   22: 33554432 op, 681622890.00 ns, 20.3139 ns/op

OverheadWarmup   1: 33554432 op, 138717610.00 ns, 4.1341 ns/op
OverheadWarmup   2: 33554432 op, 130567439.00 ns, 3.8912 ns/op
OverheadWarmup   3: 33554432 op, 110115406.00 ns, 3.2817 ns/op
OverheadWarmup   4: 33554432 op, 109820870.00 ns, 3.2729 ns/op
OverheadWarmup   5: 33554432 op, 111122702.00 ns, 3.3117 ns/op
OverheadWarmup   6: 33554432 op, 117690023.00 ns, 3.5074 ns/op
OverheadWarmup   7: 33554432 op, 112735916.00 ns, 3.3598 ns/op
OverheadWarmup   8: 33554432 op, 110012112.00 ns, 3.2786 ns/op
OverheadWarmup   9: 33554432 op, 117662059.00 ns, 3.5066 ns/op
OverheadWarmup  10: 33554432 op, 130597189.00 ns, 3.8921 ns/op

OverheadActual   1: 33554432 op, 182168954.00 ns, 5.4291 ns/op
OverheadActual   2: 33554432 op, 139911827.00 ns, 4.1697 ns/op
OverheadActual   3: 33554432 op, 135856840.00 ns, 4.0488 ns/op
OverheadActual   4: 33554432 op, 126690956.00 ns, 3.7757 ns/op
OverheadActual   5: 33554432 op, 134955467.00 ns, 4.0220 ns/op
OverheadActual   6: 33554432 op, 125800987.00 ns, 3.7492 ns/op
OverheadActual   7: 33554432 op, 122428776.00 ns, 3.6487 ns/op
OverheadActual   8: 33554432 op, 119745993.00 ns, 3.5687 ns/op
OverheadActual   9: 33554432 op, 126444970.00 ns, 3.7684 ns/op
OverheadActual  10: 33554432 op, 123703432.00 ns, 3.6866 ns/op
OverheadActual  11: 33554432 op, 119748829.00 ns, 3.5688 ns/op
OverheadActual  12: 33554432 op, 122178085.00 ns, 3.6412 ns/op
OverheadActual  13: 33554432 op, 131230727.00 ns, 3.9110 ns/op
OverheadActual  14: 33554432 op, 126145290.00 ns, 3.7594 ns/op
OverheadActual  15: 33554432 op, 130262682.00 ns, 3.8821 ns/op
OverheadActual  16: 33554432 op, 119799305.00 ns, 3.5703 ns/op
OverheadActual  17: 33554432 op, 119748144.00 ns, 3.5688 ns/op
OverheadActual  18: 33554432 op, 116302392.00 ns, 3.4661 ns/op
OverheadActual  19: 33554432 op, 117707375.00 ns, 3.5080 ns/op

WorkloadWarmup   1: 33554432 op, 869343924.00 ns, 25.9085 ns/op
WorkloadWarmup   2: 33554432 op, 800599115.00 ns, 23.8597 ns/op
WorkloadWarmup   3: 33554432 op, 760078285.00 ns, 22.6521 ns/op

// BeforeActualRun
WorkloadActual   1: 33554432 op, 732944167.00 ns, 21.8434 ns/op
WorkloadActual   2: 33554432 op, 719288217.00 ns, 21.4365 ns/op
WorkloadActual   3: 33554432 op, 891480683.00 ns, 26.5682 ns/op
WorkloadActual   4: 33554432 op, 752245311.00 ns, 22.4187 ns/op
WorkloadActual   5: 33554432 op, 730808097.00 ns, 21.7798 ns/op

// AfterActualRun
WorkloadResult   1: 33554432 op, 607143180.00 ns, 18.0943 ns/op
WorkloadResult   2: 33554432 op, 593487230.00 ns, 17.6873 ns/op
WorkloadResult   3: 33554432 op, 626444324.00 ns, 18.6695 ns/op
WorkloadResult   4: 33554432 op, 605007110.00 ns, 18.0306 ns/op
// GC:  85 0 0 1073742560 33554432
// Threading:  0 0 33554432

// AfterAll
// Benchmark Process 1935 has exited with code 0.

Mean = 18.120 ns, StdErr = 0.204 ns (1.12%), N = 4, StdDev = 0.407 ns
Min = 17.687 ns, Q1 = 17.945 ns, Median = 18.062 ns, Q3 = 18.238 ns, Max = 18.669 ns
IQR = 0.293 ns, LowerFence = 17.505 ns, UpperFence = 18.678 ns
ConfidenceInterval = [15.488 ns; 20.753 ns] (CI 99.9%), Margin = 2.632 ns (14.53% of Mean)
Skewness = 0.31, Kurtosis = 1.15, MValue = 2

// ** Remained 25 (38.5%) benchmark(s) to run. Estimated finish 2026-08-02 4:21 (0h 3m from now) **
// **************************
// Benchmark: ProviderFactoryResolutionBenchmarks.Provider_FactoryShorthand: ShortRun(IterationCount=5, LaunchCount=1, WarmupCount=3)
// *** Execute ***
// Launch: 1 / 1
// Execute: dotnet 7626e42a-34fe-4a7e-846b-e96fd185430e.dll --anonymousPipes 163 164 --benchmarkName NexusLabs.Needlr.Benchmarks.Benchmarks.ProviderFactoryResolutionBenchmarks.Provider_FactoryShorthand --job ShortRun --benchmarkId 40 in /actions-runner/_work/needlr/needlr/src/NexusLabs.Needlr.Benchmarks/bin/Release/net10.0/7626e42a-34fe-4a7e-846b-e96fd185430e/bin/Release/net10.0
// Failed to set up high priority (Permission denied). In order to run benchmarks with high priority, make sure you have the right permissions.
// BeforeAnythingElse

// Benchmark Process Environment Information:
// BenchmarkDotNet v0.14.0
// Runtime=.NET 10.0.10 (10.0.1026.32716), X64 RyuJIT AVX2
// GC=Concurrent Workstation
// HardwareIntrinsics=AVX2,AES,BMI1,BMI2,FMA,LZCNT,PCLMUL,POPCNT,AvxVnni,SERIALIZE VectorSize=256
// Job: ShortRun(IterationCount=5, LaunchCount=1, WarmupCount=3)

OverheadJitting  1: 1 op, 320990.00 ns, 320.9900 us/op
WorkloadJitting  1: 1 op, 421645.00 ns, 421.6450 us/op

OverheadJitting  2: 16 op, 461769.00 ns, 28.8606 us/op
WorkloadJitting  2: 16 op, 1021888.00 ns, 63.8680 us/op

WorkloadPilot    1: 16 op, 3308.00 ns, 206.7500 ns/op
WorkloadPilot    2: 32 op, 3629.00 ns, 113.4063 ns/op
WorkloadPilot    3: 64 op, 4116.00 ns, 64.3125 ns/op
WorkloadPilot    4: 128 op, 25227.00 ns, 197.0859 ns/op
WorkloadPilot    5: 256 op, 22402.00 ns, 87.5078 ns/op
WorkloadPilot    6: 512 op, 30998.00 ns, 60.5430 ns/op
WorkloadPilot    7: 1024 op, 82444.00 ns, 80.5117 ns/op
WorkloadPilot    8: 2048 op, 77967.00 ns, 38.0698 ns/op
WorkloadPilot    9: 4096 op, 138246.00 ns, 33.7515 ns/op
WorkloadPilot   10: 8192 op, 267551.00 ns, 32.6600 ns/op
WorkloadPilot   11: 16384 op, 448926.00 ns, 27.4003 ns/op
WorkloadPilot   12: 32768 op, 863918.00 ns, 26.3647 ns/op
WorkloadPilot   13: 65536 op, 1931935.00 ns, 29.4790 ns/op
WorkloadPilot   14: 131072 op, 3522936.00 ns, 26.8779 ns/op
WorkloadPilot   15: 262144 op, 6812068.00 ns, 25.9860 ns/op
WorkloadPilot   16: 524288 op, 12315917.00 ns, 23.4907 ns/op
WorkloadPilot   17: 1048576 op, 17948698.00 ns, 17.1172 ns/op
WorkloadPilot   18: 2097152 op, 40296074.00 ns, 19.2147 ns/op
WorkloadPilot   19: 4194304 op, 61069150.00 ns, 14.5600 ns/op
WorkloadPilot   20: 8388608 op, 97716663.00 ns, 11.6487 ns/op
WorkloadPilot   21: 16777216 op, 191656591.00 ns, 11.4236 ns/op
WorkloadPilot   22: 33554432 op, 383658108.00 ns, 11.4339 ns/op
WorkloadPilot   23: 67108864 op, 731252504.00 ns, 10.8965 ns/op

OverheadWarmup   1: 67108864 op, 258122553.00 ns, 3.8463 ns/op
OverheadWarmup   2: 67108864 op, 226719452.00 ns, 3.3784 ns/op
OverheadWarmup   3: 67108864 op, 234227357.00 ns, 3.4903 ns/op
OverheadWarmup   4: 67108864 op, 226109823.00 ns, 3.3693 ns/op
OverheadWarmup   5: 67108864 op, 217596591.00 ns, 3.2424 ns/op
OverheadWarmup   6: 67108864 op, 232888293.00 ns, 3.4703 ns/op
OverheadWarmup   7: 67108864 op, 221025767.00 ns, 3.2935 ns/op

OverheadActual   1: 67108864 op, 227977620.00 ns, 3.3971 ns/op
OverheadActual   2: 67108864 op, 230371854.00 ns, 3.4328 ns/op
OverheadActual   3: 67108864 op, 233222462.00 ns, 3.4753 ns/op
OverheadActual   4: 67108864 op, 237079523.00 ns, 3.5328 ns/op
OverheadActual   5: 67108864 op, 248526161.00 ns, 3.7033 ns/op
OverheadActual   6: 67108864 op, 222410513.00 ns, 3.3142 ns/op
OverheadActual   7: 67108864 op, 229483761.00 ns, 3.4196 ns/op
OverheadActual   8: 67108864 op, 238348467.00 ns, 3.5517 ns/op
OverheadActual   9: 67108864 op, 233903440.00 ns, 3.4854 ns/op
OverheadActual  10: 67108864 op, 220575288.00 ns, 3.2868 ns/op
OverheadActual  11: 67108864 op, 222351753.00 ns, 3.3133 ns/op
OverheadActual  12: 67108864 op, 225915780.00 ns, 3.3664 ns/op
OverheadActual  13: 67108864 op, 232452533.00 ns, 3.4638 ns/op
OverheadActual  14: 67108864 op, 234503292.00 ns, 3.4944 ns/op
OverheadActual  15: 67108864 op, 228130191.00 ns, 3.3994 ns/op

WorkloadWarmup   1: 67108864 op, 762476917.00 ns, 11.3618 ns/op
WorkloadWarmup   2: 67108864 op, 730205086.00 ns, 10.8809 ns/op
WorkloadWarmup   3: 67108864 op, 724200593.00 ns, 10.7914 ns/op

// BeforeActualRun
WorkloadActual   1: 67108864 op, 725322220.00 ns, 10.8081 ns/op
WorkloadActual   2: 67108864 op, 850709152.00 ns, 12.6766 ns/op
WorkloadActual   3: 67108864 op, 899781493.00 ns, 13.4078 ns/op
WorkloadActual   4: 67108864 op, 740111991.00 ns, 11.0285 ns/op
WorkloadActual   5: 67108864 op, 725697533.00 ns, 10.8137 ns/op

// AfterActualRun
WorkloadResult   1: 67108864 op, 494950366.00 ns, 7.3753 ns/op
WorkloadResult   2: 67108864 op, 620337298.00 ns, 9.2437 ns/op
WorkloadResult   3: 67108864 op, 669409639.00 ns, 9.9750 ns/op
WorkloadResult   4: 67108864 op, 509740137.00 ns, 7.5957 ns/op
WorkloadResult   5: 67108864 op, 495325679.00 ns, 7.3809 ns/op
// GC:  171 0 0 2147484096 67108864
// Threading:  0 0 67108864

// AfterAll
// Benchmark Process 1948 has exited with code 0.

Mean = 8.314 ns, StdErr = 0.543 ns (6.53%), N = 5, StdDev = 1.214 ns
Min = 7.375 ns, Q1 = 7.381 ns, Median = 7.596 ns, Q3 = 9.244 ns, Max = 9.975 ns
IQR = 1.863 ns, LowerFence = 4.587 ns, UpperFence = 12.038 ns
ConfidenceInterval = [3.641 ns; 12.987 ns] (CI 99.9%), Margin = 4.673 ns (56.21% of Mean)
Skewness = 0.38, Kurtosis = 0.94, MValue = 2

// ** Remained 24 (36.9%) benchmark(s) to run. Estimated finish 2026-08-02 4:21 (0h 3m from now) **
// **************************
// Benchmark: ProviderFactoryResolutionBenchmarks.Provider_FactoryInterface: ShortRun(IterationCount=5, LaunchCount=1, WarmupCount=3)
// *** Execute ***
// Launch: 1 / 1
// Execute: dotnet 7626e42a-34fe-4a7e-846b-e96fd185430e.dll --anonymousPipes 163 164 --benchmarkName NexusLabs.Needlr.Benchmarks.Benchmarks.ProviderFactoryResolutionBenchmarks.Provider_FactoryInterface --job ShortRun --benchmarkId 41 in /actions-runner/_work/needlr/needlr/src/NexusLabs.Needlr.Benchmarks/bin/Release/net10.0/7626e42a-34fe-4a7e-846b-e96fd185430e/bin/Release/net10.0
// Failed to set up high priority (Permission denied). In order to run benchmarks with high priority, make sure you have the right permissions.
// BeforeAnythingElse

// Benchmark Process Environment Information:
// BenchmarkDotNet v0.14.0
// Runtime=.NET 10.0.10 (10.0.1026.32716), X64 RyuJIT AVX2
// GC=Concurrent Workstation
// HardwareIntrinsics=AVX2,AES,BMI1,BMI2,FMA,LZCNT,PCLMUL,POPCNT,AvxVnni,SERIALIZE VectorSize=256
// Job: ShortRun(IterationCount=5, LaunchCount=1, WarmupCount=3)

OverheadJitting  1: 1 op, 350124.00 ns, 350.1240 us/op
WorkloadJitting  1: 1 op, 369853.00 ns, 369.8530 us/op

OverheadJitting  2: 16 op, 607024.00 ns, 37.9390 us/op
WorkloadJitting  2: 16 op, 576236.00 ns, 36.0148 us/op

WorkloadPilot    1: 16 op, 3135.00 ns, 195.9375 ns/op
WorkloadPilot    2: 32 op, 3309.00 ns, 103.4063 ns/op
WorkloadPilot    3: 64 op, 3169.00 ns, 49.5156 ns/op
WorkloadPilot    4: 128 op, 26661.00 ns, 208.2891 ns/op
WorkloadPilot    5: 256 op, 19287.00 ns, 75.3398 ns/op
WorkloadPilot    6: 512 op, 36782.00 ns, 71.8398 ns/op
WorkloadPilot    7: 1024 op, 52218.00 ns, 50.9941 ns/op
WorkloadPilot    8: 2048 op, 91390.00 ns, 44.6240 ns/op
WorkloadPilot    9: 4096 op, 147194.00 ns, 35.9360 ns/op
WorkloadPilot   10: 8192 op, 269232.00 ns, 32.8652 ns/op
WorkloadPilot   11: 16384 op, 399932.00 ns, 24.4099 ns/op
WorkloadPilot   12: 32768 op, 781797.00 ns, 23.8586 ns/op
WorkloadPilot   13: 65536 op, 1757410.00 ns, 26.8159 ns/op
WorkloadPilot   14: 131072 op, 3522709.00 ns, 26.8761 ns/op
WorkloadPilot   15: 262144 op, 6707917.00 ns, 25.5887 ns/op
WorkloadPilot   16: 524288 op, 10393602.00 ns, 19.8242 ns/op
WorkloadPilot   17: 1048576 op, 18452457.00 ns, 17.5976 ns/op
WorkloadPilot   18: 2097152 op, 35596670.00 ns, 16.9738 ns/op
WorkloadPilot   19: 4194304 op, 69857593.00 ns, 16.6553 ns/op
WorkloadPilot   20: 8388608 op, 98134000.00 ns, 11.6985 ns/op
WorkloadPilot   21: 16777216 op, 189366482.00 ns, 11.2871 ns/op
WorkloadPilot   22: 33554432 op, 369786967.00 ns, 11.0205 ns/op
WorkloadPilot   23: 67108864 op, 753195226.00 ns, 11.2235 ns/op

OverheadWarmup   1: 67108864 op, 282845762.00 ns, 4.2147 ns/op
OverheadWarmup   2: 67108864 op, 227157391.00 ns, 3.3849 ns/op
OverheadWarmup   3: 67108864 op, 235655873.00 ns, 3.5115 ns/op
OverheadWarmup   4: 67108864 op, 245031727.00 ns, 3.6513 ns/op
OverheadWarmup   5: 67108864 op, 323551396.00 ns, 4.8213 ns/op
OverheadWarmup   6: 67108864 op, 290458445.00 ns, 4.3282 ns/op
OverheadWarmup   7: 67108864 op, 311094888.00 ns, 4.6357 ns/op
OverheadWarmup   8: 67108864 op, 316945326.00 ns, 4.7229 ns/op
OverheadWarmup   9: 67108864 op, 295799367.00 ns, 4.4078 ns/op

OverheadActual   1: 67108864 op, 282526895.00 ns, 4.2100 ns/op
OverheadActual   2: 67108864 op, 281479954.00 ns, 4.1944 ns/op
OverheadActual   3: 67108864 op, 277227155.00 ns, 4.1310 ns/op
OverheadActual   4: 67108864 op, 269104712.00 ns, 4.0100 ns/op
OverheadActual   5: 67108864 op, 256337765.00 ns, 3.8197 ns/op
OverheadActual   6: 67108864 op, 259976852.00 ns, 3.8740 ns/op
OverheadActual   7: 67108864 op, 255547920.00 ns, 3.8080 ns/op
OverheadActual   8: 67108864 op, 247906908.00 ns, 3.6941 ns/op
OverheadActual   9: 67108864 op, 251198267.00 ns, 3.7431 ns/op
OverheadActual  10: 67108864 op, 245148555.00 ns, 3.6530 ns/op
OverheadActual  11: 67108864 op, 253721715.00 ns, 3.7807 ns/op
OverheadActual  12: 67108864 op, 253535248.00 ns, 3.7780 ns/op
OverheadActual  13: 67108864 op, 246427151.00 ns, 3.6721 ns/op
OverheadActual  14: 67108864 op, 247800700.00 ns, 3.6925 ns/op
OverheadActual  15: 67108864 op, 254606206.00 ns, 3.7939 ns/op
OverheadActual  16: 67108864 op, 280524704.00 ns, 4.1801 ns/op
OverheadActual  17: 67108864 op, 268024160.00 ns, 3.9939 ns/op

WorkloadWarmup   1: 67108864 op, 819547930.00 ns, 12.2122 ns/op
WorkloadWarmup   2: 67108864 op, 848355949.00 ns, 12.6415 ns/op
WorkloadWarmup   3: 67108864 op, 790480586.00 ns, 11.7791 ns/op

// BeforeActualRun
WorkloadActual   1: 67108864 op, 843854545.00 ns, 12.5744 ns/op
WorkloadActual   2: 67108864 op, 788055541.00 ns, 11.7429 ns/op
WorkloadActual   3: 67108864 op, 784420566.00 ns, 11.6888 ns/op
WorkloadActual   4: 67108864 op, 740767286.00 ns, 11.0383 ns/op
WorkloadActual   5: 67108864 op, 770961525.00 ns, 11.4882 ns/op

// AfterActualRun
WorkloadResult   1: 67108864 op, 532507621.00 ns, 7.9350 ns/op
WorkloadResult   2: 67108864 op, 528872646.00 ns, 7.8808 ns/op
WorkloadResult   3: 67108864 op, 485219366.00 ns, 7.2303 ns/op
WorkloadResult   4: 67108864 op, 515413605.00 ns, 7.6803 ns/op
// GC:  171 0 0 2147484384 67108864
// Threading:  0 0 67108864

// AfterAll
// Benchmark Process 1956 has exited with code 0.

Mean = 7.682 ns, StdErr = 0.160 ns (2.08%), N = 4, StdDev = 0.320 ns
Min = 7.230 ns, Q1 = 7.568 ns, Median = 7.781 ns, Q3 = 7.894 ns, Max = 7.935 ns
IQR = 0.327 ns, LowerFence = 7.078 ns, UpperFence = 8.384 ns
ConfidenceInterval = [5.613 ns; 9.751 ns] (CI 99.9%), Margin = 2.069 ns (26.93% of Mean)
Skewness = -0.52, Kurtosis = 1.12, MValue = 2

// ** Remained 23 (35.4%) benchmark(s) to run. Estimated finish 2026-08-02 4:21 (0h 3m from now) **
// **************************
// Benchmark: ProviderFactoryResolutionBenchmarks.Provider_MixedShorthand: ShortRun(IterationCount=5, LaunchCount=1, WarmupCount=3)
// *** Execute ***
// Launch: 1 / 1
// Execute: dotnet 7626e42a-34fe-4a7e-846b-e96fd185430e.dll --anonymousPipes 163 164 --benchmarkName NexusLabs.Needlr.Benchmarks.Benchmarks.ProviderFactoryResolutionBenchmarks.Provider_MixedShorthand --job ShortRun --benchmarkId 42 in /actions-runner/_work/needlr/needlr/src/NexusLabs.Needlr.Benchmarks/bin/Release/net10.0/7626e42a-34fe-4a7e-846b-e96fd185430e/bin/Release/net10.0
// Failed to set up high priority (Permission denied). In order to run benchmarks with high priority, make sure you have the right permissions.
// BeforeAnythingElse

// Benchmark Process Environment Information:
// BenchmarkDotNet v0.14.0
// Runtime=.NET 10.0.10 (10.0.1026.32716), X64 RyuJIT AVX2
// GC=Concurrent Workstation
// HardwareIntrinsics=AVX2,AES,BMI1,BMI2,FMA,LZCNT,PCLMUL,POPCNT,AvxVnni,SERIALIZE VectorSize=256
// Job: ShortRun(IterationCount=5, LaunchCount=1, WarmupCount=3)

OverheadJitting  1: 1 op, 311274.00 ns, 311.2740 us/op
WorkloadJitting  1: 1 op, 415678.00 ns, 415.6780 us/op

OverheadJitting  2: 16 op, 411166.00 ns, 25.6979 us/op
WorkloadJitting  2: 16 op, 782805.00 ns, 48.9253 us/op

WorkloadPilot    1: 16 op, 2633.00 ns, 164.5625 ns/op
WorkloadPilot    2: 32 op, 2432.00 ns, 76.0000 ns/op
WorkloadPilot    3: 64 op, 3141.00 ns, 49.0781 ns/op
WorkloadPilot    4: 128 op, 15550.00 ns, 121.4844 ns/op
WorkloadPilot    5: 256 op, 18172.00 ns, 70.9844 ns/op
WorkloadPilot    6: 512 op, 16463.00 ns, 32.1543 ns/op
WorkloadPilot    7: 1024 op, 46365.00 ns, 45.2783 ns/op
WorkloadPilot    8: 2048 op, 70565.00 ns, 34.4556 ns/op
WorkloadPilot    9: 4096 op, 123770.00 ns, 30.2173 ns/op
WorkloadPilot   10: 8192 op, 237267.00 ns, 28.9633 ns/op
WorkloadPilot   11: 16384 op, 530056.00 ns, 32.3521 ns/op
WorkloadPilot   12: 32768 op, 847787.00 ns, 25.8724 ns/op
WorkloadPilot   13: 65536 op, 1810566.00 ns, 27.6270 ns/op
WorkloadPilot   14: 131072 op, 3497641.00 ns, 26.6849 ns/op
WorkloadPilot   15: 262144 op, 6942047.00 ns, 26.4818 ns/op
WorkloadPilot   16: 524288 op, 12904054.00 ns, 24.6125 ns/op
WorkloadPilot   17: 1048576 op, 17894970.00 ns, 17.0660 ns/op
WorkloadPilot   18: 2097152 op, 35703488.00 ns, 17.0247 ns/op
WorkloadPilot   19: 4194304 op, 70920126.00 ns, 16.9087 ns/op
WorkloadPilot   20: 8388608 op, 98024967.00 ns, 11.6855 ns/op
WorkloadPilot   21: 16777216 op, 195470873.00 ns, 11.6510 ns/op
WorkloadPilot   22: 33554432 op, 419894425.00 ns, 12.5138 ns/op
WorkloadPilot   23: 67108864 op, 837460907.00 ns, 12.4791 ns/op

OverheadWarmup   1: 67108864 op, 274572985.00 ns, 4.0915 ns/op
OverheadWarmup   2: 67108864 op, 244874496.00 ns, 3.6489 ns/op
OverheadWarmup   3: 67108864 op, 254315809.00 ns, 3.7896 ns/op
OverheadWarmup   4: 67108864 op, 293683081.00 ns, 4.3762 ns/op
OverheadWarmup   5: 67108864 op, 237449643.00 ns, 3.5383 ns/op
OverheadWarmup   6: 67108864 op, 234704907.00 ns, 3.4974 ns/op
OverheadWarmup   7: 67108864 op, 249480605.00 ns, 3.7176 ns/op
OverheadWarmup   8: 67108864 op, 275429868.00 ns, 4.1042 ns/op
OverheadWarmup   9: 67108864 op, 245173867.00 ns, 3.6534 ns/op

OverheadActual   1: 67108864 op, 248436661.00 ns, 3.7020 ns/op
OverheadActual   2: 67108864 op, 253428165.00 ns, 3.7764 ns/op
OverheadActual   3: 67108864 op, 279944911.00 ns, 4.1715 ns/op
OverheadActual   4: 67108864 op, 252789750.00 ns, 3.7669 ns/op
OverheadActual   5: 67108864 op, 249271549.00 ns, 3.7144 ns/op
OverheadActual   6: 67108864 op, 244062997.00 ns, 3.6368 ns/op
OverheadActual   7: 67108864 op, 283579271.00 ns, 4.2257 ns/op
OverheadActual   8: 67108864 op, 243089763.00 ns, 3.6223 ns/op
OverheadActual   9: 67108864 op, 249434036.00 ns, 3.7169 ns/op
OverheadActual  10: 67108864 op, 248674675.00 ns, 3.7055 ns/op
OverheadActual  11: 67108864 op, 258680526.00 ns, 3.8546 ns/op
OverheadActual  12: 67108864 op, 278506923.00 ns, 4.1501 ns/op
OverheadActual  13: 67108864 op, 249600493.00 ns, 3.7193 ns/op
OverheadActual  14: 67108864 op, 250557064.00 ns, 3.7336 ns/op
OverheadActual  15: 67108864 op, 262222267.00 ns, 3.9074 ns/op

WorkloadWarmup   1: 67108864 op, 831108103.00 ns, 12.3845 ns/op
WorkloadWarmup   2: 67108864 op, 862353393.00 ns, 12.8501 ns/op
WorkloadWarmup   3: 67108864 op, 846769908.00 ns, 12.6179 ns/op

// BeforeActualRun
WorkloadActual   1: 67108864 op, 819971815.00 ns, 12.2185 ns/op
WorkloadActual   2: 67108864 op, 794769412.00 ns, 11.8430 ns/op
WorkloadActual   3: 67108864 op, 839270254.00 ns, 12.5061 ns/op
WorkloadActual   4: 67108864 op, 819427239.00 ns, 12.2104 ns/op
WorkloadActual   5: 67108864 op, 842482732.00 ns, 12.5540 ns/op

// AfterActualRun
WorkloadResult   1: 67108864 op, 569414751.00 ns, 8.4849 ns/op
WorkloadResult   2: 67108864 op, 544212348.00 ns, 8.1094 ns/op
WorkloadResult   3: 67108864 op, 588713190.00 ns, 8.7725 ns/op
WorkloadResult   4: 67108864 op, 568870175.00 ns, 8.4768 ns/op
WorkloadResult   5: 67108864 op, 591925668.00 ns, 8.8204 ns/op
// GC:  171 0 0 2147484384 67108864
// Threading:  0 0 67108864

// AfterAll
// Benchmark Process 1968 has exited with code 0.

Mean = 8.533 ns, StdErr = 0.127 ns (1.49%), N = 5, StdDev = 0.285 ns
Min = 8.109 ns, Q1 = 8.477 ns, Median = 8.485 ns, Q3 = 8.773 ns, Max = 8.820 ns
IQR = 0.296 ns, LowerFence = 8.033 ns, UpperFence = 9.216 ns
ConfidenceInterval = [7.435 ns; 9.630 ns] (CI 99.9%), Margin = 1.097 ns (12.86% of Mean)
Skewness = -0.33, Kurtosis = 1.28, MValue = 2

// ** Remained 22 (33.8%) benchmark(s) to run. Estimated finish 2026-08-02 4:21 (0h 3m from now) **
// ***** BenchmarkRunner: Finish  *****

// * Export *
  actions-runner/_work/needlr/needlr/benchmark-results/results/NexusLabs.Needlr.Benchmarks.Benchmarks.ProviderFactoryResolutionBenchmarks-report.csv
  actions-runner/_work/needlr/needlr/benchmark-results/results/NexusLabs.Needlr.Benchmarks.Benchmarks.ProviderFactoryResolutionBenchmarks-report-github.md
  actions-runner/_work/needlr/needlr/benchmark-results/results/NexusLabs.Needlr.Benchmarks.Benchmarks.ProviderFactoryResolutionBenchmarks-report.html
  actions-runner/_work/needlr/needlr/benchmark-results/results/NexusLabs.Needlr.Benchmarks.Benchmarks.ProviderFactoryResolutionBenchmarks-report-full-compressed.json
  actions-runner/_work/needlr/needlr/benchmark-results/results/NexusLabs.Needlr.Benchmarks.Benchmarks.ProviderFactoryResolutionBenchmarks-report-default.md

// * Detailed results *
ProviderFactoryResolutionBenchmarks.ManualDI_FuncFactory_PreResolved: ShortRun(IterationCount=5, LaunchCount=1, WarmupCount=3)
Runtime = .NET 10.0.10 (10.0.1026.32716), X64 RyuJIT AVX2; GC = Concurrent Workstation
Mean = 7.761 ns, StdErr = 0.161 ns (2.07%), N = 5, StdDev = 0.360 ns
Min = 7.376 ns, Q1 = 7.398 ns, Median = 7.870 ns, Q3 = 7.978 ns, Max = 8.184 ns
IQR = 0.580 ns, LowerFence = 6.528 ns, UpperFence = 8.848 ns
ConfidenceInterval = [6.375 ns; 9.147 ns] (CI 99.9%), Margin = 1.386 ns (17.85% of Mean)
Skewness = -0.08, Kurtosis = 0.88, MValue = 2
-------------------- Histogram --------------------
[7.099 ns ; 7.751 ns) | @@
[7.751 ns ; 8.303 ns) | @@@
---------------------------------------------------

ProviderFactoryResolutionBenchmarks.ManualDI_FuncFactory_WithResolution: ShortRun(IterationCount=5, LaunchCount=1, WarmupCount=3)
Runtime = .NET 10.0.10 (10.0.1026.32716), X64 RyuJIT AVX2; GC = Concurrent Workstation
Mean = 17.679 ns, StdErr = 0.705 ns (3.99%), N = 5, StdDev = 1.577 ns
Min = 16.238 ns, Q1 = 16.442 ns, Median = 17.535 ns, Q3 = 18.005 ns, Max = 20.172 ns
IQR = 1.564 ns, LowerFence = 14.096 ns, UpperFence = 20.351 ns
ConfidenceInterval = [11.605 ns; 23.752 ns] (CI 99.9%), Margin = 6.073 ns (34.35% of Mean)
Skewness = 0.54, Kurtosis = 1.46, MValue = 2
-------------------- Histogram --------------------
[15.911 ns ; 18.962 ns) | @@@@
[18.962 ns ; 21.383 ns) | @
---------------------------------------------------

ProviderFactoryResolutionBenchmarks.DirectFactory_PreResolved: ShortRun(IterationCount=5, LaunchCount=1, WarmupCount=3)
Runtime = .NET 10.0.10 (10.0.1026.32716), X64 RyuJIT AVX2; GC = Concurrent Workstation
Mean = 7.818 ns, StdErr = 0.109 ns (1.40%), N = 5, StdDev = 0.244 ns
Min = 7.571 ns, Q1 = 7.602 ns, Median = 7.775 ns, Q3 = 8.052 ns, Max = 8.091 ns
IQR = 0.450 ns, LowerFence = 6.927 ns, UpperFence = 8.727 ns
ConfidenceInterval = [6.878 ns; 8.759 ns] (CI 99.9%), Margin = 0.940 ns (12.03% of Mean)
Skewness = 0.11, Kurtosis = 0.81, MValue = 2
-------------------- Histogram --------------------
[7.486 ns ; 7.861 ns) | @@@
[7.861 ns ; 8.279 ns) | @@
---------------------------------------------------

ProviderFactoryResolutionBenchmarks.DirectFactory_WithResolution: ShortRun(IterationCount=5, LaunchCount=1, WarmupCount=3)
Runtime = .NET 10.0.10 (10.0.1026.32716), X64 RyuJIT AVX2; GC = Concurrent Workstation
Mean = 18.120 ns, StdErr = 0.204 ns (1.12%), N = 4, StdDev = 0.407 ns
Min = 17.687 ns, Q1 = 17.945 ns, Median = 18.062 ns, Q3 = 18.238 ns, Max = 18.669 ns
IQR = 0.293 ns, LowerFence = 17.505 ns, UpperFence = 18.678 ns
ConfidenceInterval = [15.488 ns; 20.753 ns] (CI 99.9%), Margin = 2.632 ns (14.53% of Mean)
Skewness = 0.31, Kurtosis = 1.15, MValue = 2
-------------------- Histogram --------------------
[17.554 ns ; 18.228 ns) | @@@
[18.228 ns ; 19.006 ns) | @
---------------------------------------------------

ProviderFactoryResolutionBenchmarks.Provider_FactoryShorthand: ShortRun(IterationCount=5, LaunchCount=1, WarmupCount=3)
Runtime = .NET 10.0.10 (10.0.1026.32716), X64 RyuJIT AVX2; GC = Concurrent Workstation
Mean = 8.314 ns, StdErr = 0.543 ns (6.53%), N = 5, StdDev = 1.214 ns
Min = 7.375 ns, Q1 = 7.381 ns, Median = 7.596 ns, Q3 = 9.244 ns, Max = 9.975 ns
IQR = 1.863 ns, LowerFence = 4.587 ns, UpperFence = 12.038 ns
ConfidenceInterval = [3.641 ns; 12.987 ns] (CI 99.9%), Margin = 4.673 ns (56.21% of Mean)
Skewness = 0.38, Kurtosis = 0.94, MValue = 2
-------------------- Histogram --------------------
[6.444 ns ;  8.678 ns) | @@@
[8.678 ns ; 10.907 ns) | @@
---------------------------------------------------

ProviderFactoryResolutionBenchmarks.Provider_FactoryInterface: ShortRun(IterationCount=5, LaunchCount=1, WarmupCount=3)
Runtime = .NET 10.0.10 (10.0.1026.32716), X64 RyuJIT AVX2; GC = Concurrent Workstation
Mean = 7.682 ns, StdErr = 0.160 ns (2.08%), N = 4, StdDev = 0.320 ns
Min = 7.230 ns, Q1 = 7.568 ns, Median = 7.781 ns, Q3 = 7.894 ns, Max = 7.935 ns
IQR = 0.327 ns, LowerFence = 7.078 ns, UpperFence = 8.384 ns
ConfidenceInterval = [5.613 ns; 9.751 ns] (CI 99.9%), Margin = 2.069 ns (26.93% of Mean)
Skewness = -0.52, Kurtosis = 1.12, MValue = 2
-------------------- Histogram --------------------
[6.966 ns ; 7.543 ns) | @
[7.543 ns ; 8.072 ns) | @@@
---------------------------------------------------

ProviderFactoryResolutionBenchmarks.Provider_MixedShorthand: ShortRun(IterationCount=5, LaunchCount=1, WarmupCount=3)
Runtime = .NET 10.0.10 (10.0.1026.32716), X64 RyuJIT AVX2; GC = Concurrent Workstation
Mean = 8.533 ns, StdErr = 0.127 ns (1.49%), N = 5, StdDev = 0.285 ns
Min = 8.109 ns, Q1 = 8.477 ns, Median = 8.485 ns, Q3 = 8.773 ns, Max = 8.820 ns
IQR = 0.296 ns, LowerFence = 8.033 ns, UpperFence = 9.216 ns
ConfidenceInterval = [7.435 ns; 9.630 ns] (CI 99.9%), Margin = 1.097 ns (12.86% of Mean)
Skewness = -0.33, Kurtosis = 1.28, MValue = 2
-------------------- Histogram --------------------
[7.891 ns ; 8.328 ns) | @
[8.328 ns ; 8.867 ns) | @@@@
---------------------------------------------------

// * Summary *

BenchmarkDotNet v0.14.0, Ubuntu 24.04.4 LTS (Noble Numbat)
12th Gen Intel Core i7-12700H, 1 CPU, 20 logical and 10 physical cores
.NET SDK 10.0.302
  [Host]   : .NET 10.0.10 (10.0.1026.32716), X64 RyuJIT AVX2
  ShortRun : .NET 10.0.10 (10.0.1026.32716), X64 RyuJIT AVX2

Job=ShortRun  IterationCount=5  LaunchCount=1  
WarmupCount=3  

| Method                              | Mean      | Error     | StdDev    | Ratio | RatioSD | Rank | Gen0   | Allocated | Alloc Ratio |
|------------------------------------ |----------:|----------:|----------:|------:|--------:|-----:|-------:|----------:|------------:|
| ManualDI_FuncFactory_PreResolved    |  7.761 ns | 1.3856 ns | 0.3598 ns |  1.00 |    0.06 |    1 | 0.0025 |      32 B |        1.00 |
| ManualDI_FuncFactory_WithResolution | 17.679 ns | 6.0731 ns | 1.5772 ns |  2.28 |    0.21 |    2 | 0.0025 |      32 B |        1.00 |
| DirectFactory_PreResolved           |  7.818 ns | 0.9404 ns | 0.2442 ns |  1.01 |    0.05 |    1 | 0.0025 |      32 B |        1.00 |
| DirectFactory_WithResolution        | 18.120 ns | 2.6324 ns | 0.4074 ns |  2.34 |    0.11 |    2 | 0.0025 |      32 B |        1.00 |
| Provider_FactoryShorthand           |  8.314 ns | 4.6730 ns | 1.2136 ns |  1.07 |    0.15 |    1 | 0.0025 |      32 B |        1.00 |
| Provider_FactoryInterface           |  7.682 ns | 2.0690 ns | 0.3202 ns |  0.99 |    0.06 |    1 | 0.0025 |      32 B |        1.00 |
| Provider_MixedShorthand             |  8.533 ns | 1.0974 ns | 0.2850 ns |  1.10 |    0.06 |    1 | 0.0025 |      32 B |        1.00 |

// * Hints *
Outliers
  ProviderFactoryResolutionBenchmarks.DirectFactory_WithResolution: ShortRun -> 1 outlier  was  removed (26.57 ns)
  ProviderFactoryResolutionBenchmarks.Provider_FactoryInterface: ShortRun    -> 1 outlier  was  removed, 2 outliers were detected (11.04 ns, 12.57 ns)
// * Config Issues *

// * Warnings *
Configuration
  Summary -> The exporter HtmlExporter is already present in configuration. There may be unexpected results.

// * Legends *
  Mean        : Arithmetic mean of all measurements
  Error       : Half of 99.9% confidence interval
  StdDev      : Standard deviation of all measurements
  Ratio       : Mean of the ratio distribution ([Current]/[Baseline])
  RatioSD     : Standard deviation of the ratio distribution ([Current]/[Baseline])
  Rank        : Relative position of current benchmark mean among all benchmarks (Arabic style)
  Gen0        : GC Generation 0 collects per 1000 operations
  Allocated   : Allocated memory per single operation (managed only, inclusive, 1KB = 1024B)
  Alloc Ratio : Allocated memory ratio distribution ([Current]/[Baseline])
  1 ns        : 1 Nanosecond (0.000000001 sec)

// * Diagnostic Output - MemoryDiagnoser *


// ***** BenchmarkRunner: End *****
Run time: 00:01:38 (98.21 sec), executed benchmarks: 7

// Found 5 benchmarks:
//   ProviderResolutionBenchmarks.ManualDI_ServiceProvider_GetService: ShortRun(IterationCount=5, LaunchCount=1, WarmupCount=3)
//   ProviderResolutionBenchmarks.Needlr_Reflection_GetService: ShortRun(IterationCount=5, LaunchCount=1, WarmupCount=3)
//   ProviderResolutionBenchmarks.Needlr_SourceGen_GetService: ShortRun(IterationCount=5, LaunchCount=1, WarmupCount=3)
//   ProviderResolutionBenchmarks.Provider_Interface_PropertyAccess: ShortRun(IterationCount=5, LaunchCount=1, WarmupCount=3)
//   ProviderResolutionBenchmarks.Provider_Shorthand_PropertyAccess: ShortRun(IterationCount=5, LaunchCount=1, WarmupCount=3)

// **************************
// Benchmark: ProviderResolutionBenchmarks.ManualDI_ServiceProvider_GetService: ShortRun(IterationCount=5, LaunchCount=1, WarmupCount=3)
// *** Execute ***
// Launch: 1 / 1
// Execute: dotnet 7626e42a-34fe-4a7e-846b-e96fd185430e.dll --anonymousPipes 163 164 --benchmarkName NexusLabs.Needlr.Benchmarks.Benchmarks.ProviderResolutionBenchmarks.ManualDI_ServiceProvider_GetService --job ShortRun --benchmarkId 43 in /actions-runner/_work/needlr/needlr/src/NexusLabs.Needlr.Benchmarks/bin/Release/net10.0/7626e42a-34fe-4a7e-846b-e96fd185430e/bin/Release/net10.0
// Failed to set up high priority (Permission denied). In order to run benchmarks with high priority, make sure you have the right permissions.
// BeforeAnythingElse

// Benchmark Process Environment Information:
// BenchmarkDotNet v0.14.0
// Runtime=.NET 10.0.10 (10.0.1026.32716), X64 RyuJIT AVX2
// GC=Concurrent Workstation
// HardwareIntrinsics=AVX2,AES,BMI1,BMI2,FMA,LZCNT,PCLMUL,POPCNT,AvxVnni,SERIALIZE VectorSize=256
// Job: ShortRun(IterationCount=5, LaunchCount=1, WarmupCount=3)

OverheadJitting  1: 1 op, 368241.00 ns, 368.2410 us/op
WorkloadJitting  1: 1 op, 468251.00 ns, 468.2510 us/op

OverheadJitting  2: 16 op, 486553.00 ns, 30.4096 us/op
WorkloadJitting  2: 16 op, 511208.00 ns, 31.9505 us/op

WorkloadPilot    1: 16 op, 13557.00 ns, 847.3125 ns/op
WorkloadPilot    2: 32 op, 13028.00 ns, 407.1250 ns/op
WorkloadPilot    3: 64 op, 11943.00 ns, 186.6094 ns/op
WorkloadPilot    4: 128 op, 20252.00 ns, 158.2188 ns/op
WorkloadPilot    5: 256 op, 31966.00 ns, 124.8672 ns/op
WorkloadPilot    6: 512 op, 57715.00 ns, 112.7246 ns/op
WorkloadPilot    7: 1024 op, 72236.00 ns, 70.5430 ns/op
WorkloadPilot    8: 2048 op, 138855.00 ns, 67.8003 ns/op
WorkloadPilot    9: 4096 op, 260833.00 ns, 63.6799 ns/op
WorkloadPilot   10: 8192 op, 667207.00 ns, 81.4462 ns/op
WorkloadPilot   11: 16384 op, 1138981.00 ns, 69.5179 ns/op
WorkloadPilot   12: 32768 op, 2289568.00 ns, 69.8721 ns/op
WorkloadPilot   13: 65536 op, 4470993.00 ns, 68.2219 ns/op
WorkloadPilot   14: 131072 op, 8575347.00 ns, 65.4247 ns/op
WorkloadPilot   15: 262144 op, 18849784.00 ns, 71.9062 ns/op
WorkloadPilot   16: 524288 op, 34667666.00 ns, 66.1233 ns/op
WorkloadPilot   17: 1048576 op, 70176880.00 ns, 66.9259 ns/op
WorkloadPilot   18: 2097152 op, 36180181.00 ns, 17.2521 ns/op
WorkloadPilot   19: 4194304 op, 68748570.00 ns, 16.3909 ns/op
WorkloadPilot   20: 8388608 op, 128550343.00 ns, 15.3244 ns/op
WorkloadPilot   21: 16777216 op, 321742513.00 ns, 19.1773 ns/op
WorkloadPilot   22: 33554432 op, 587799712.00 ns, 17.5178 ns/op

OverheadWarmup   1: 33554432 op, 145229538.00 ns, 4.3282 ns/op
OverheadWarmup   2: 33554432 op, 186499247.00 ns, 5.5581 ns/op
OverheadWarmup   3: 33554432 op, 139129534.00 ns, 4.1464 ns/op
OverheadWarmup   4: 33554432 op, 124946563.00 ns, 3.7237 ns/op
OverheadWarmup   5: 33554432 op, 136578328.00 ns, 4.0704 ns/op
OverheadWarmup   6: 33554432 op, 136776560.00 ns, 4.0763 ns/op
OverheadWarmup   7: 33554432 op, 123747781.00 ns, 3.6880 ns/op

OverheadActual   1: 33554432 op, 125725433.00 ns, 3.7469 ns/op
OverheadActual   2: 33554432 op, 127155710.00 ns, 3.7895 ns/op
OverheadActual   3: 33554432 op, 130854911.00 ns, 3.8998 ns/op
OverheadActual   4: 33554432 op, 128496074.00 ns, 3.8295 ns/op
OverheadActual   5: 33554432 op, 124952442.00 ns, 3.7239 ns/op
OverheadActual   6: 33554432 op, 122286055.00 ns, 3.6444 ns/op
OverheadActual   7: 33554432 op, 122520105.00 ns, 3.6514 ns/op
OverheadActual   8: 33554432 op, 119519355.00 ns, 3.5620 ns/op
OverheadActual   9: 33554432 op, 119484720.00 ns, 3.5609 ns/op
OverheadActual  10: 33554432 op, 126936636.00 ns, 3.7830 ns/op
OverheadActual  11: 33554432 op, 151905624.00 ns, 4.5271 ns/op
OverheadActual  12: 33554432 op, 141885036.00 ns, 4.2285 ns/op
OverheadActual  13: 33554432 op, 128040183.00 ns, 3.8159 ns/op
OverheadActual  14: 33554432 op, 126789382.00 ns, 3.7786 ns/op
OverheadActual  15: 33554432 op, 121453800.00 ns, 3.6196 ns/op

WorkloadWarmup   1: 33554432 op, 548604732.00 ns, 16.3497 ns/op
WorkloadWarmup   2: 33554432 op, 576918545.00 ns, 17.1935 ns/op
WorkloadWarmup   3: 33554432 op, 506800933.00 ns, 15.1038 ns/op

// BeforeActualRun
WorkloadActual   1: 33554432 op, 452404846.00 ns, 13.4827 ns/op
WorkloadActual   2: 33554432 op, 487582444.00 ns, 14.5311 ns/op
WorkloadActual   3: 33554432 op, 507329006.00 ns, 15.1196 ns/op
WorkloadActual   4: 33554432 op, 478510016.00 ns, 14.2607 ns/op
WorkloadActual   5: 33554432 op, 502177161.00 ns, 14.9660 ns/op

// AfterActualRun
WorkloadResult   1: 33554432 op, 325615464.00 ns, 9.7041 ns/op
WorkloadResult   2: 33554432 op, 360793062.00 ns, 10.7525 ns/op
WorkloadResult   3: 33554432 op, 380539624.00 ns, 11.3410 ns/op
WorkloadResult   4: 33554432 op, 351720634.00 ns, 10.4821 ns/op
WorkloadResult   5: 33554432 op, 375387779.00 ns, 11.1874 ns/op
// GC:  0 0 0 1072 33554432
// Threading:  0 0 33554432

// AfterAll
// Benchmark Process 1978 has exited with code 0.

Mean = 10.693 ns, StdErr = 0.291 ns (2.72%), N = 5, StdDev = 0.650 ns
Min = 9.704 ns, Q1 = 10.482 ns, Median = 10.752 ns, Q3 = 11.187 ns, Max = 11.341 ns
IQR = 0.705 ns, LowerFence = 9.424 ns, UpperFence = 12.245 ns
ConfidenceInterval = [8.190 ns; 13.197 ns] (CI 99.9%), Margin = 2.503 ns (23.41% of Mean)
Skewness = -0.43, Kurtosis = 1.34, MValue = 2

// ** Remained 21 (32.3%) benchmark(s) to run. Estimated finish 2026-08-02 4:21 (0h 3m from now) **
// **************************
// Benchmark: ProviderResolutionBenchmarks.Needlr_Reflection_GetService: ShortRun(IterationCount=5, LaunchCount=1, WarmupCount=3)
// *** Execute ***
// Launch: 1 / 1
// Execute: dotnet 7626e42a-34fe-4a7e-846b-e96fd185430e.dll --anonymousPipes 163 164 --benchmarkName NexusLabs.Needlr.Benchmarks.Benchmarks.ProviderResolutionBenchmarks.Needlr_Reflection_GetService --job ShortRun --benchmarkId 44 in /actions-runner/_work/needlr/needlr/src/NexusLabs.Needlr.Benchmarks/bin/Release/net10.0/7626e42a-34fe-4a7e-846b-e96fd185430e/bin/Release/net10.0
// Failed to set up high priority (Permission denied). In order to run benchmarks with high priority, make sure you have the right permissions.
// BeforeAnythingElse

// Benchmark Process Environment Information:
// BenchmarkDotNet v0.14.0
// Runtime=.NET 10.0.10 (10.0.1026.32716), X64 RyuJIT AVX2
// GC=Concurrent Workstation
// HardwareIntrinsics=AVX2,AES,BMI1,BMI2,FMA,LZCNT,PCLMUL,POPCNT,AvxVnni,SERIALIZE VectorSize=256
// Job: ShortRun(IterationCount=5, LaunchCount=1, WarmupCount=3)

OverheadJitting  1: 1 op, 420790.00 ns, 420.7900 us/op

System.Reflection.TargetInvocationException: Exception has been thrown by the target of an invocation.
 ---> System.InvalidOperationException: No service for type 'NexusLabs.Needlr.Benchmarks.TestTypes.IProviderTargetService' has been registered.
   at Microsoft.Extensions.DependencyInjection.ServiceProviderServiceExtensions.GetRequiredService(IServiceProvider provider, Type serviceType)
   at Microsoft.Extensions.DependencyInjection.ServiceProviderServiceExtensions.GetRequiredService[T](IServiceProvider provider)
   at NexusLabs.Needlr.Benchmarks.Benchmarks.ProviderResolutionBenchmarks.Needlr_Reflection_GetService() in /_/src/NexusLabs.Needlr.Benchmarks/Benchmarks/ProviderResolutionBenchmarks.cs:line 79
   at BenchmarkDotNet.Autogenerated.Runnable_44.WorkloadActionNoUnroll(Int64 invokeCount) in /_/src/NexusLabs.Needlr.Benchmarks/bin/Release/net10.0/7626e42a-34fe-4a7e-846b-e96fd185430e/7626e42a-34fe-4a7e-846b-e96fd185430e.notcs:line 8920
   at BenchmarkDotNet.Engines.Engine.Measure(Action`1 action, Int64 invokeCount)
   at BenchmarkDotNet.Engines.Engine.RunIteration(IterationData data)
   at BenchmarkDotNet.Engines.EngineFactory.Jit(Engine engine, Int32 jitIndex, Int32 invokeCount, Int32 unrollFactor)
   at BenchmarkDotNet.Engines.EngineFactory.CreateReadyToRun(EngineParameters engineParameters)
   at BenchmarkDotNet.Autogenerated.Runnable_44.Run(IHost host, String benchmarkName) in /_/src/NexusLabs.Needlr.Benchmarks/bin/Release/net10.0/7626e42a-34fe-4a7e-846b-e96fd185430e/7626e42a-34fe-4a7e-846b-e96fd185430e.notcs:line 8783
   at System.Reflection.MethodBaseInvoker.InterpretedInvoke_Method(Object obj, IntPtr* args)
   at System.Reflection.MethodBaseInvoker.InvokeDirectByRefWithFewArgs(Object obj, Span`1 copyOfArgs, BindingFlags invokeAttr)
   --- End of inner exception stack trace ---
   at System.Reflection.MethodBaseInvoker.InvokeDirectByRefWithFewArgs(Object obj, Span`1 copyOfArgs, BindingFlags invokeAttr)
   at System.Reflection.MethodBaseInvoker.InvokeWithFewArgs(Object obj, BindingFlags invokeAttr, Binder binder, Object[] parameters, CultureInfo culture)
   at System.Reflection.RuntimeMethodInfo.Invoke(Object obj, BindingFlags invokeAttr, Binder binder, Object[] parameters, CultureInfo culture)
   at BenchmarkDotNet.Autogenerated.UniqueProgramName.AfterAssemblyLoadingAttached(String[] args) in /_/src/NexusLabs.Needlr.Benchmarks/bin/Release/net10.0/7626e42a-34fe-4a7e-846b-e96fd185430e/7626e42a-34fe-4a7e-846b-e96fd185430e.notcs:line 57
// AfterAll
No Workload Results were obtained from the run.
// Benchmark Process 1988 has exited with code 255.

// ** Remained 20 (30.8%) benchmark(s) to run. Estimated finish 2026-08-02 4:21 (0h 2m from now) **
// **************************
// Benchmark: ProviderResolutionBenchmarks.Needlr_SourceGen_GetService: ShortRun(IterationCount=5, LaunchCount=1, WarmupCount=3)
// *** Execute ***
// Launch: 1 / 1
// Execute: dotnet 7626e42a-34fe-4a7e-846b-e96fd185430e.dll --anonymousPipes 163 164 --benchmarkName NexusLabs.Needlr.Benchmarks.Benchmarks.ProviderResolutionBenchmarks.Needlr_SourceGen_GetService --job ShortRun --benchmarkId 45 in /actions-runner/_work/needlr/needlr/src/NexusLabs.Needlr.Benchmarks/bin/Release/net10.0/7626e42a-34fe-4a7e-846b-e96fd185430e/bin/Release/net10.0
// Failed to set up high priority (Permission denied). In order to run benchmarks with high priority, make sure you have the right permissions.
// BeforeAnythingElse

// Benchmark Process Environment Information:
// BenchmarkDotNet v0.14.0
// Runtime=.NET 10.0.10 (10.0.1026.32716), X64 RyuJIT AVX2
// GC=Concurrent Workstation
// HardwareIntrinsics=AVX2,AES,BMI1,BMI2,FMA,LZCNT,PCLMUL,POPCNT,AvxVnni,SERIALIZE VectorSize=256
// Job: ShortRun(IterationCount=5, LaunchCount=1, WarmupCount=3)

OverheadJitting  1: 1 op, 306568.00 ns, 306.5680 us/op
WorkloadJitting  1: 1 op, 274402.00 ns, 274.4020 us/op

OverheadJitting  2: 16 op, 434685.00 ns, 27.1678 us/op
WorkloadJitting  2: 16 op, 441075.00 ns, 27.5672 us/op

WorkloadPilot    1: 16 op, 12285.00 ns, 767.8125 ns/op
WorkloadPilot    2: 32 op, 11287.00 ns, 352.7188 ns/op
WorkloadPilot    3: 64 op, 11028.00 ns, 172.3125 ns/op
WorkloadPilot    4: 128 op, 19658.00 ns, 153.5781 ns/op
WorkloadPilot    5: 256 op, 21946.00 ns, 85.7266 ns/op
WorkloadPilot    6: 512 op, 34150.00 ns, 66.6992 ns/op
WorkloadPilot    7: 1024 op, 60671.00 ns, 59.2490 ns/op
WorkloadPilot    8: 2048 op, 119632.00 ns, 58.4141 ns/op
WorkloadPilot    9: 4096 op, 233773.00 ns, 57.0735 ns/op
WorkloadPilot   10: 8192 op, 517805.00 ns, 63.2086 ns/op
WorkloadPilot   11: 16384 op, 981765.00 ns, 59.9222 ns/op
WorkloadPilot   12: 32768 op, 1904948.00 ns, 58.1344 ns/op
WorkloadPilot   13: 65536 op, 3799445.00 ns, 57.9749 ns/op
WorkloadPilot   14: 131072 op, 8768184.00 ns, 66.8959 ns/op
WorkloadPilot   15: 262144 op, 18519764.00 ns, 70.6473 ns/op
WorkloadPilot   16: 524288 op, 39675876.00 ns, 75.6757 ns/op
WorkloadPilot   17: 1048576 op, 62553821.00 ns, 59.6560 ns/op
WorkloadPilot   18: 2097152 op, 48632688.00 ns, 23.1899 ns/op
WorkloadPilot   19: 4194304 op, 65957075.00 ns, 15.7254 ns/op
WorkloadPilot   20: 8388608 op, 111051814.00 ns, 13.2384 ns/op
WorkloadPilot   21: 16777216 op, 234241285.00 ns, 13.9619 ns/op
WorkloadPilot   22: 33554432 op, 486422003.00 ns, 14.4965 ns/op
WorkloadPilot   23: 67108864 op, 1263695745.00 ns, 18.8305 ns/op

OverheadWarmup   1: 67108864 op, 302499080.00 ns, 4.5076 ns/op
OverheadWarmup   2: 67108864 op, 258270411.00 ns, 3.8485 ns/op
OverheadWarmup   3: 67108864 op, 296313316.00 ns, 4.4154 ns/op
OverheadWarmup   4: 67108864 op, 262157357.00 ns, 3.9064 ns/op
OverheadWarmup   5: 67108864 op, 242043309.00 ns, 3.6067 ns/op
OverheadWarmup   6: 67108864 op, 221936056.00 ns, 3.3071 ns/op
OverheadWarmup   7: 67108864 op, 247928628.00 ns, 3.6944 ns/op
OverheadWarmup   8: 67108864 op, 227109696.00 ns, 3.3842 ns/op

OverheadActual   1: 67108864 op, 233957461.00 ns, 3.4862 ns/op
OverheadActual   2: 67108864 op, 227062942.00 ns, 3.3835 ns/op
OverheadActual   3: 67108864 op, 237977102.00 ns, 3.5461 ns/op
OverheadActual   4: 67108864 op, 244600428.00 ns, 3.6448 ns/op
OverheadActual   5: 67108864 op, 245070875.00 ns, 3.6518 ns/op
OverheadActual   6: 67108864 op, 229870246.00 ns, 3.4253 ns/op
OverheadActual   7: 67108864 op, 232705306.00 ns, 3.4676 ns/op
OverheadActual   8: 67108864 op, 242627595.00 ns, 3.6154 ns/op
OverheadActual   9: 67108864 op, 234555076.00 ns, 3.4951 ns/op
OverheadActual  10: 67108864 op, 231573836.00 ns, 3.4507 ns/op
OverheadActual  11: 67108864 op, 226238806.00 ns, 3.3712 ns/op
OverheadActual  12: 67108864 op, 240432218.00 ns, 3.5827 ns/op
OverheadActual  13: 67108864 op, 243654769.00 ns, 3.6307 ns/op
OverheadActual  14: 67108864 op, 251299283.00 ns, 3.7447 ns/op
OverheadActual  15: 67108864 op, 268920076.00 ns, 4.0072 ns/op

WorkloadWarmup   1: 67108864 op, 1028814669.00 ns, 15.3305 ns/op
WorkloadWarmup   2: 67108864 op, 926099416.00 ns, 13.8000 ns/op
WorkloadWarmup   3: 67108864 op, 934051420.00 ns, 13.9185 ns/op

// BeforeActualRun
WorkloadActual   1: 67108864 op, 925749864.00 ns, 13.7947 ns/op
WorkloadActual   2: 67108864 op, 986090497.00 ns, 14.6939 ns/op
WorkloadActual   3: 67108864 op, 911270016.00 ns, 13.5790 ns/op
WorkloadActual   4: 67108864 op, 989273858.00 ns, 14.7413 ns/op
WorkloadActual   5: 67108864 op, 1028407205.00 ns, 15.3245 ns/op

// AfterActualRun
WorkloadResult   1: 67108864 op, 687772762.00 ns, 10.2486 ns/op
WorkloadResult   2: 67108864 op, 748113395.00 ns, 11.1478 ns/op
WorkloadResult   3: 67108864 op, 673292914.00 ns, 10.0328 ns/op
WorkloadResult   4: 67108864 op, 751296756.00 ns, 11.1952 ns/op
WorkloadResult   5: 67108864 op, 790430103.00 ns, 11.7783 ns/op
// GC:  0 0 0 1072 67108864
// Threading:  0 0 67108864

// AfterAll
// Benchmark Process 1997 has exited with code 0.

Mean = 10.881 ns, StdErr = 0.324 ns (2.97%), N = 5, StdDev = 0.724 ns
Min = 10.033 ns, Q1 = 10.249 ns, Median = 11.148 ns, Q3 = 11.195 ns, Max = 11.778 ns
IQR = 0.947 ns, LowerFence = 8.829 ns, UpperFence = 12.615 ns
ConfidenceInterval = [8.094 ns; 13.667 ns] (CI 99.9%), Margin = 2.786 ns (25.61% of Mean)
Skewness = -0.05, Kurtosis = 0.98, MValue = 2

// ** Remained 19 (29.2%) benchmark(s) to run. Estimated finish 2026-08-02 4:21 (0h 2m from now) **
// **************************
// Benchmark: ProviderResolutionBenchmarks.Provider_Interface_PropertyAccess: ShortRun(IterationCount=5, LaunchCount=1, WarmupCount=3)
// *** Execute ***
// Launch: 1 / 1
// Execute: dotnet 7626e42a-34fe-4a7e-846b-e96fd185430e.dll --anonymousPipes 163 164 --benchmarkName NexusLabs.Needlr.Benchmarks.Benchmarks.ProviderResolutionBenchmarks.Provider_Interface_PropertyAccess --job ShortRun --benchmarkId 46 in /actions-runner/_work/needlr/needlr/src/NexusLabs.Needlr.Benchmarks/bin/Release/net10.0/7626e42a-34fe-4a7e-846b-e96fd185430e/bin/Release/net10.0
// Failed to set up high priority (Permission denied). In order to run benchmarks with high priority, make sure you have the right permissions.
// BeforeAnythingElse

// Benchmark Process Environment Information:
// BenchmarkDotNet v0.14.0
// Runtime=.NET 10.0.10 (10.0.1026.32716), X64 RyuJIT AVX2
// GC=Concurrent Workstation
// HardwareIntrinsics=AVX2,AES,BMI1,BMI2,FMA,LZCNT,PCLMUL,POPCNT,AvxVnni,SERIALIZE VectorSize=256
// Job: ShortRun(IterationCount=5, LaunchCount=1, WarmupCount=3)

OverheadJitting  1: 1 op, 299776.00 ns, 299.7760 us/op
WorkloadJitting  1: 1 op, 330096.00 ns, 330.0960 us/op

OverheadJitting  2: 16 op, 389007.00 ns, 24.3129 us/op
WorkloadJitting  2: 16 op, 507095.00 ns, 31.6934 us/op

WorkloadPilot    1: 16 op, 887.00 ns, 55.4375 ns/op
WorkloadPilot    2: 32 op, 899.00 ns, 28.0938 ns/op
WorkloadPilot    3: 64 op, 1067.00 ns, 16.6719 ns/op
WorkloadPilot    4: 128 op, 1370.00 ns, 10.7031 ns/op
WorkloadPilot    5: 256 op, 2188.00 ns, 8.5469 ns/op
WorkloadPilot    6: 512 op, 3338.00 ns, 6.5195 ns/op
WorkloadPilot    7: 1024 op, 6273.00 ns, 6.1260 ns/op
WorkloadPilot    8: 2048 op, 11733.00 ns, 5.7290 ns/op
WorkloadPilot    9: 4096 op, 22519.00 ns, 5.4978 ns/op
WorkloadPilot   10: 8192 op, 43191.00 ns, 5.2723 ns/op
WorkloadPilot   11: 16384 op, 88459.00 ns, 5.3991 ns/op
WorkloadPilot   12: 32768 op, 191021.00 ns, 5.8295 ns/op
WorkloadPilot   13: 65536 op, 352158.00 ns, 5.3735 ns/op
WorkloadPilot   14: 131072 op, 784338.00 ns, 5.9840 ns/op
WorkloadPilot   15: 262144 op, 1410991.00 ns, 5.3825 ns/op
WorkloadPilot   16: 524288 op, 2933143.00 ns, 5.5945 ns/op
WorkloadPilot   17: 1048576 op, 6197649.00 ns, 5.9105 ns/op
WorkloadPilot   18: 2097152 op, 11323761.00 ns, 5.3996 ns/op
WorkloadPilot   19: 4194304 op, 23147280.00 ns, 5.5187 ns/op
WorkloadPilot   20: 8388608 op, 45940617.00 ns, 5.4765 ns/op
WorkloadPilot   21: 16777216 op, 80437033.00 ns, 4.7944 ns/op
WorkloadPilot   22: 33554432 op, 134700326.00 ns, 4.0144 ns/op
WorkloadPilot   23: 67108864 op, 293334129.00 ns, 4.3710 ns/op
WorkloadPilot   24: 134217728 op, 575528767.00 ns, 4.2880 ns/op

OverheadWarmup   1: 134217728 op, 489581116.00 ns, 3.6477 ns/op
OverheadWarmup   2: 134217728 op, 480952679.00 ns, 3.5834 ns/op
OverheadWarmup   3: 134217728 op, 484046500.00 ns, 3.6064 ns/op
OverheadWarmup   4: 134217728 op, 478379955.00 ns, 3.5642 ns/op
OverheadWarmup   5: 134217728 op, 512828472.00 ns, 3.8209 ns/op
OverheadWarmup   6: 134217728 op, 650132084.00 ns, 4.8439 ns/op
OverheadWarmup   7: 134217728 op, 559509056.00 ns, 4.1687 ns/op

OverheadActual   1: 134217728 op, 565247135.00 ns, 4.2114 ns/op
OverheadActual   2: 134217728 op, 482894733.00 ns, 3.5978 ns/op
OverheadActual   3: 134217728 op, 468375549.00 ns, 3.4897 ns/op
OverheadActual   4: 134217728 op, 463963305.00 ns, 3.4568 ns/op
OverheadActual   5: 134217728 op, 471397828.00 ns, 3.5122 ns/op
OverheadActual   6: 134217728 op, 479660950.00 ns, 3.5738 ns/op
OverheadActual   7: 134217728 op, 482958694.00 ns, 3.5983 ns/op
OverheadActual   8: 134217728 op, 459660226.00 ns, 3.4247 ns/op
OverheadActual   9: 134217728 op, 462526513.00 ns, 3.4461 ns/op
OverheadActual  10: 134217728 op, 477008183.00 ns, 3.5540 ns/op
OverheadActual  11: 134217728 op, 511110657.00 ns, 3.8081 ns/op
OverheadActual  12: 134217728 op, 500723264.00 ns, 3.7307 ns/op
OverheadActual  13: 134217728 op, 474212327.00 ns, 3.5332 ns/op
OverheadActual  14: 134217728 op, 469216578.00 ns, 3.4959 ns/op
OverheadActual  15: 134217728 op, 491058635.00 ns, 3.6587 ns/op

WorkloadWarmup   1: 134217728 op, 560721617.00 ns, 4.1777 ns/op
WorkloadWarmup   2: 134217728 op, 556073481.00 ns, 4.1431 ns/op
WorkloadWarmup   3: 134217728 op, 546104818.00 ns, 4.0688 ns/op

// BeforeActualRun
WorkloadActual   1: 134217728 op, 551686501.00 ns, 4.1104 ns/op
WorkloadActual   2: 134217728 op, 551169039.00 ns, 4.1065 ns/op
WorkloadActual   3: 134217728 op, 552582591.00 ns, 4.1171 ns/op
WorkloadActual   4: 134217728 op, 531330541.00 ns, 3.9587 ns/op
WorkloadActual   5: 134217728 op, 566340808.00 ns, 4.2196 ns/op

// AfterActualRun
WorkloadResult   1: 134217728 op, 74678318.00 ns, 0.5564 ns/op
WorkloadResult   2: 134217728 op, 74160856.00 ns, 0.5525 ns/op
WorkloadResult   3: 134217728 op, 75574408.00 ns, 0.5631 ns/op
WorkloadResult   4: 134217728 op, 54322358.00 ns, 0.4047 ns/op
// GC:  0 0 0 784 134217728
// Threading:  0 0 134217728

// AfterAll
// Benchmark Process 2010 has exited with code 0.

Mean = 0.519 ns, StdErr = 0.038 ns (7.36%), N = 4, StdDev = 0.076 ns
Min = 0.405 ns, Q1 = 0.516 ns, Median = 0.554 ns, Q3 = 0.558 ns, Max = 0.563 ns
IQR = 0.042 ns, LowerFence = 0.452 ns, UpperFence = 0.622 ns
ConfidenceInterval = [0.025 ns; 1.013 ns] (CI 99.9%), Margin = 0.494 ns (95.12% of Mean)
Skewness = -0.74, Kurtosis = 1.31, MValue = 2

// ** Remained 18 (27.7%) benchmark(s) to run. Estimated finish 2026-08-02 4:22 (0h 2m from now) **
// **************************
// Benchmark: ProviderResolutionBenchmarks.Provider_Shorthand_PropertyAccess: ShortRun(IterationCount=5, LaunchCount=1, WarmupCount=3)
// *** Execute ***
// Launch: 1 / 1
// Execute: dotnet 7626e42a-34fe-4a7e-846b-e96fd185430e.dll --anonymousPipes 163 164 --benchmarkName NexusLabs.Needlr.Benchmarks.Benchmarks.ProviderResolutionBenchmarks.Provider_Shorthand_PropertyAccess --job ShortRun --benchmarkId 47 in /actions-runner/_work/needlr/needlr/src/NexusLabs.Needlr.Benchmarks/bin/Release/net10.0/7626e42a-34fe-4a7e-846b-e96fd185430e/bin/Release/net10.0
// Failed to set up high priority (Permission denied). In order to run benchmarks with high priority, make sure you have the right permissions.
// BeforeAnythingElse

// Benchmark Process Environment Information:
// BenchmarkDotNet v0.14.0
// Runtime=.NET 10.0.10 (10.0.1026.32716), X64 RyuJIT AVX2
// GC=Concurrent Workstation
// HardwareIntrinsics=AVX2,AES,BMI1,BMI2,FMA,LZCNT,PCLMUL,POPCNT,AvxVnni,SERIALIZE VectorSize=256
// Job: ShortRun(IterationCount=5, LaunchCount=1, WarmupCount=3)

OverheadJitting  1: 1 op, 298925.00 ns, 298.9250 us/op
WorkloadJitting  1: 1 op, 274044.00 ns, 274.0440 us/op

OverheadJitting  2: 16 op, 367949.00 ns, 22.9968 us/op
WorkloadJitting  2: 16 op, 396503.00 ns, 24.7814 us/op

WorkloadPilot    1: 16 op, 809.00 ns, 50.5625 ns/op
WorkloadPilot    2: 32 op, 870.00 ns, 27.1875 ns/op
WorkloadPilot    3: 64 op, 1055.00 ns, 16.4844 ns/op
WorkloadPilot    4: 128 op, 1370.00 ns, 10.7031 ns/op
WorkloadPilot    5: 256 op, 1989.00 ns, 7.7695 ns/op
WorkloadPilot    6: 512 op, 3704.00 ns, 7.2344 ns/op
WorkloadPilot    7: 1024 op, 6644.00 ns, 6.4883 ns/op
WorkloadPilot    8: 2048 op, 12734.00 ns, 6.2178 ns/op
WorkloadPilot    9: 4096 op, 22123.00 ns, 5.4011 ns/op
WorkloadPilot   10: 8192 op, 48243.00 ns, 5.8890 ns/op
WorkloadPilot   11: 16384 op, 85994.00 ns, 5.2487 ns/op
WorkloadPilot   12: 32768 op, 175551.00 ns, 5.3574 ns/op
WorkloadPilot   13: 65536 op, 368343.00 ns, 5.6205 ns/op
WorkloadPilot   14: 131072 op, 758066.00 ns, 5.7836 ns/op
WorkloadPilot   15: 262144 op, 1367742.00 ns, 5.2175 ns/op
WorkloadPilot   16: 524288 op, 2975597.00 ns, 5.6755 ns/op
WorkloadPilot   17: 1048576 op, 5548239.00 ns, 5.2912 ns/op
WorkloadPilot   18: 2097152 op, 11050577.00 ns, 5.2693 ns/op
WorkloadPilot   19: 4194304 op, 22613047.00 ns, 5.3914 ns/op
WorkloadPilot   20: 8388608 op, 43414977.00 ns, 5.1755 ns/op
WorkloadPilot   21: 16777216 op, 84455239.00 ns, 5.0339 ns/op
WorkloadPilot   22: 33554432 op, 132879201.00 ns, 3.9601 ns/op
WorkloadPilot   23: 67108864 op, 268940538.00 ns, 4.0075 ns/op
WorkloadPilot   24: 134217728 op, 551488639.00 ns, 4.1089 ns/op

OverheadWarmup   1: 134217728 op, 518255668.00 ns, 3.8613 ns/op
OverheadWarmup   2: 134217728 op, 458499664.00 ns, 3.4161 ns/op
OverheadWarmup   3: 134217728 op, 465180630.00 ns, 3.4659 ns/op
OverheadWarmup   4: 134217728 op, 450845990.00 ns, 3.3591 ns/op
OverheadWarmup   5: 134217728 op, 470931740.00 ns, 3.5087 ns/op
OverheadWarmup   6: 134217728 op, 524325070.00 ns, 3.9065 ns/op
OverheadWarmup   7: 134217728 op, 553486563.00 ns, 4.1238 ns/op
OverheadWarmup   8: 134217728 op, 468760978.00 ns, 3.4925 ns/op

OverheadActual   1: 134217728 op, 473137822.00 ns, 3.5252 ns/op
OverheadActual   2: 134217728 op, 481661400.00 ns, 3.5887 ns/op
OverheadActual   3: 134217728 op, 506402047.00 ns, 3.7730 ns/op
OverheadActual   4: 134217728 op, 483594287.00 ns, 3.6031 ns/op
OverheadActual   5: 134217728 op, 461306120.00 ns, 3.4370 ns/op
OverheadActual   6: 134217728 op, 477827619.00 ns, 3.5601 ns/op
OverheadActual   7: 134217728 op, 474847040.00 ns, 3.5379 ns/op
OverheadActual   8: 134217728 op, 472114731.00 ns, 3.5175 ns/op
OverheadActual   9: 134217728 op, 468776596.00 ns, 3.4927 ns/op
OverheadActual  10: 134217728 op, 468480964.00 ns, 3.4905 ns/op
OverheadActual  11: 134217728 op, 459935954.00 ns, 3.4268 ns/op
OverheadActual  12: 134217728 op, 570535562.00 ns, 4.2508 ns/op
OverheadActual  13: 134217728 op, 493999722.00 ns, 3.6806 ns/op
OverheadActual  14: 134217728 op, 451909481.00 ns, 3.3670 ns/op
OverheadActual  15: 134217728 op, 467956755.00 ns, 3.4865 ns/op

WorkloadWarmup   1: 134217728 op, 558512120.00 ns, 4.1612 ns/op
WorkloadWarmup   2: 134217728 op, 603343429.00 ns, 4.4953 ns/op
WorkloadWarmup   3: 134217728 op, 551859250.00 ns, 4.1117 ns/op

// BeforeActualRun
WorkloadActual   1: 134217728 op, 549864809.00 ns, 4.0968 ns/op
WorkloadActual   2: 134217728 op, 569178169.00 ns, 4.2407 ns/op
WorkloadActual   3: 134217728 op, 555076756.00 ns, 4.1356 ns/op
WorkloadActual   4: 134217728 op, 565569181.00 ns, 4.2138 ns/op
WorkloadActual   5: 134217728 op, 571359940.00 ns, 4.2570 ns/op

// AfterActualRun
WorkloadResult   1: 134217728 op, 76726987.00 ns, 0.5717 ns/op
WorkloadResult   2: 134217728 op, 96040347.00 ns, 0.7156 ns/op
WorkloadResult   3: 134217728 op, 81938934.00 ns, 0.6105 ns/op
WorkloadResult   4: 134217728 op, 92431359.00 ns, 0.6887 ns/op
WorkloadResult   5: 134217728 op, 98222118.00 ns, 0.7318 ns/op
// GC:  0 0 0 1072 134217728
// Threading:  0 0 134217728

// AfterAll
// Benchmark Process 2024 has exited with code 0.

Mean = 0.664 ns, StdErr = 0.031 ns (4.68%), N = 5, StdDev = 0.069 ns
Min = 0.572 ns, Q1 = 0.610 ns, Median = 0.689 ns, Q3 = 0.716 ns, Max = 0.732 ns
IQR = 0.105 ns, LowerFence = 0.453 ns, UpperFence = 0.873 ns
ConfidenceInterval = [0.396 ns; 0.931 ns] (CI 99.9%), Margin = 0.267 ns (40.26% of Mean)
Skewness = -0.27, Kurtosis = 0.94, MValue = 2

// ** Remained 17 (26.2%) benchmark(s) to run. Estimated finish 2026-08-02 4:22 (0h 2m from now) **
// ***** BenchmarkRunner: Finish  *****

// * Export *
  actions-runner/_work/needlr/needlr/benchmark-results/results/NexusLabs.Needlr.Benchmarks.Benchmarks.ProviderResolutionBenchmarks-report.csv
  actions-runner/_work/needlr/needlr/benchmark-results/results/NexusLabs.Needlr.Benchmarks.Benchmarks.ProviderResolutionBenchmarks-report-github.md
  actions-runner/_work/needlr/needlr/benchmark-results/results/NexusLabs.Needlr.Benchmarks.Benchmarks.ProviderResolutionBenchmarks-report.html
  actions-runner/_work/needlr/needlr/benchmark-results/results/NexusLabs.Needlr.Benchmarks.Benchmarks.ProviderResolutionBenchmarks-report-full-compressed.json
  actions-runner/_work/needlr/needlr/benchmark-results/results/NexusLabs.Needlr.Benchmarks.Benchmarks.ProviderResolutionBenchmarks-report-default.md

// * Detailed results *
ProviderResolutionBenchmarks.ManualDI_ServiceProvider_GetService: ShortRun(IterationCount=5, LaunchCount=1, WarmupCount=3)
Runtime = .NET 10.0.10 (10.0.1026.32716), X64 RyuJIT AVX2; GC = Concurrent Workstation
Mean = 10.693 ns, StdErr = 0.291 ns (2.72%), N = 5, StdDev = 0.650 ns
Min = 9.704 ns, Q1 = 10.482 ns, Median = 10.752 ns, Q3 = 11.187 ns, Max = 11.341 ns
IQR = 0.705 ns, LowerFence = 9.424 ns, UpperFence = 12.245 ns
ConfidenceInterval = [8.190 ns; 13.197 ns] (CI 99.9%), Margin = 2.503 ns (23.41% of Mean)
Skewness = -0.43, Kurtosis = 1.34, MValue = 2
-------------------- Histogram --------------------
[ 9.205 ns ; 10.203 ns) | @
[10.203 ns ; 11.410 ns) | @@@@
---------------------------------------------------

ProviderResolutionBenchmarks.Needlr_Reflection_GetService: ShortRun(IterationCount=5, LaunchCount=1, WarmupCount=3)
Runtime = .NET 10.0.10 (10.0.1026.32716), X64 RyuJIT AVX2; GC = Concurrent Workstation
There are not any results runs

ProviderResolutionBenchmarks.Needlr_SourceGen_GetService: ShortRun(IterationCount=5, LaunchCount=1, WarmupCount=3)
Runtime = .NET 10.0.10 (10.0.1026.32716), X64 RyuJIT AVX2; GC = Concurrent Workstation
Mean = 10.881 ns, StdErr = 0.324 ns (2.97%), N = 5, StdDev = 0.724 ns
Min = 10.033 ns, Q1 = 10.249 ns, Median = 11.148 ns, Q3 = 11.195 ns, Max = 11.778 ns
IQR = 0.947 ns, LowerFence = 8.829 ns, UpperFence = 12.615 ns
ConfidenceInterval = [8.094 ns; 13.667 ns] (CI 99.9%), Margin = 2.786 ns (25.61% of Mean)
Skewness = -0.05, Kurtosis = 0.98, MValue = 2
-------------------- Histogram --------------------
[ 9.477 ns ; 10.696 ns) | @@
[10.696 ns ; 12.018 ns) | @@@
---------------------------------------------------

ProviderResolutionBenchmarks.Provider_Interface_PropertyAccess: ShortRun(IterationCount=5, LaunchCount=1, WarmupCount=3)
Runtime = .NET 10.0.10 (10.0.1026.32716), X64 RyuJIT AVX2; GC = Concurrent Workstation
Mean = 0.519 ns, StdErr = 0.038 ns (7.36%), N = 4, StdDev = 0.076 ns
Min = 0.405 ns, Q1 = 0.516 ns, Median = 0.554 ns, Q3 = 0.558 ns, Max = 0.563 ns
IQR = 0.042 ns, LowerFence = 0.452 ns, UpperFence = 0.622 ns
ConfidenceInterval = [0.025 ns; 1.013 ns] (CI 99.9%), Margin = 0.494 ns (95.12% of Mean)
Skewness = -0.74, Kurtosis = 1.31, MValue = 2
-------------------- Histogram --------------------
[0.342 ns ; 0.495 ns) | @
[0.495 ns ; 0.626 ns) | @@@
---------------------------------------------------

ProviderResolutionBenchmarks.Provider_Shorthand_PropertyAccess: ShortRun(IterationCount=5, LaunchCount=1, WarmupCount=3)
Runtime = .NET 10.0.10 (10.0.1026.32716), X64 RyuJIT AVX2; GC = Concurrent Workstation
Mean = 0.664 ns, StdErr = 0.031 ns (4.68%), N = 5, StdDev = 0.069 ns
Min = 0.572 ns, Q1 = 0.610 ns, Median = 0.689 ns, Q3 = 0.716 ns, Max = 0.732 ns
IQR = 0.105 ns, LowerFence = 0.453 ns, UpperFence = 0.873 ns
ConfidenceInterval = [0.396 ns; 0.931 ns] (CI 99.9%), Margin = 0.267 ns (40.26% of Mean)
Skewness = -0.27, Kurtosis = 0.94, MValue = 2
-------------------- Histogram --------------------
[0.538 ns ; 0.657 ns) | @@
[0.657 ns ; 0.764 ns) | @@@
---------------------------------------------------

// * Summary *

BenchmarkDotNet v0.14.0, Ubuntu 24.04.4 LTS (Noble Numbat)
12th Gen Intel Core i7-12700H, 1 CPU, 20 logical and 10 physical cores
.NET SDK 10.0.302
  [Host]   : .NET 10.0.10 (10.0.1026.32716), X64 RyuJIT AVX2
  ShortRun : .NET 10.0.10 (10.0.1026.32716), X64 RyuJIT AVX2

Job=ShortRun  IterationCount=5  LaunchCount=1  
WarmupCount=3  

| Method                              | Mean       | Error     | StdDev    | Ratio | RatioSD | Rank | Allocated | Alloc Ratio |
|------------------------------------ |-----------:|----------:|----------:|------:|--------:|-----:|----------:|------------:|
| ManualDI_ServiceProvider_GetService | 10.6934 ns | 2.5031 ns | 0.6501 ns |  1.00 |    0.08 |    3 |         - |          NA |
| Needlr_Reflection_GetService        |         NA |        NA |        NA |     ? |       ? |    ? |        NA |           ? |
| Needlr_SourceGen_GetService         | 10.8805 ns | 2.7863 ns | 0.7236 ns |  1.02 |    0.09 |    3 |         - |          NA |
| Provider_Interface_PropertyAccess   |  0.5192 ns | 0.4939 ns | 0.0764 ns |  0.05 |    0.01 |    1 |         - |          NA |
| Provider_Shorthand_PropertyAccess   |  0.6636 ns | 0.2672 ns | 0.0694 ns |  0.06 |    0.01 |    2 |         - |          NA |

Benchmarks with issues:
  ProviderResolutionBenchmarks.Needlr_Reflection_GetService: ShortRun(IterationCount=5, LaunchCount=1, WarmupCount=3)

// * Warnings *
BaselineCustomAnalyzer
  Summary -> A question mark '?' symbol indicates that it was not possible to compute the (Ratio, RatioSD, Alloc Ratio) column(s) because the baseline value is too close to zero.
ZeroMeasurement
  ProviderResolutionBenchmarks.Provider_Interface_PropertyAccess: ShortRun -> The method duration is indistinguishable from the empty method duration
  ProviderResolutionBenchmarks.Provider_Shorthand_PropertyAccess: ShortRun -> The method duration is indistinguishable from the empty method duration

// * Hints *
Outliers
  ProviderResolutionBenchmarks.Provider_Interface_PropertyAccess: ShortRun -> 1 outlier  was  removed, 2 outliers were detected (3.96 ns, 4.22 ns)
// * Config Issues *

// * Warnings *
Configuration
  Summary -> The exporter HtmlExporter is already present in configuration. There may be unexpected results.

// * Legends *
  Mean        : Arithmetic mean of all measurements
  Error       : Half of 99.9% confidence interval
  StdDev      : Standard deviation of all measurements
  Ratio       : Mean of the ratio distribution ([Current]/[Baseline])
  RatioSD     : Standard deviation of the ratio distribution ([Current]/[Baseline])
  Rank        : Relative position of current benchmark mean among all benchmarks (Arabic style)
  Allocated   : Allocated memory per single operation (managed only, inclusive, 1KB = 1024B)
  Alloc Ratio : Allocated memory ratio distribution ([Current]/[Baseline])
  1 ns        : 1 Nanosecond (0.000000001 sec)

// * Diagnostic Output - MemoryDiagnoser *


// ***** BenchmarkRunner: End *****
Run time: 00:01:01 (61.13 sec), executed benchmarks: 5

// Found 3 benchmarks:
//   ScopedServiceResolutionBenchmarks.ManualDI_CreateScopeAndResolve: ShortRun(IterationCount=5, LaunchCount=1, WarmupCount=3)
//   ScopedServiceResolutionBenchmarks.Needlr_Reflection_CreateScopeAndResolve: ShortRun(IterationCount=5, LaunchCount=1, WarmupCount=3)
//   ScopedServiceResolutionBenchmarks.Needlr_SourceGen_CreateScopeAndResolve: ShortRun(IterationCount=5, LaunchCount=1, WarmupCount=3)

// **************************
// Benchmark: ScopedServiceResolutionBenchmarks.ManualDI_CreateScopeAndResolve: ShortRun(IterationCount=5, LaunchCount=1, WarmupCount=3)
// *** Execute ***
// Launch: 1 / 1
// Execute: dotnet 7626e42a-34fe-4a7e-846b-e96fd185430e.dll --anonymousPipes 163 164 --benchmarkName NexusLabs.Needlr.Benchmarks.Benchmarks.ScopedServiceResolutionBenchmarks.ManualDI_CreateScopeAndResolve --job ShortRun --benchmarkId 48 in /actions-runner/_work/needlr/needlr/src/NexusLabs.Needlr.Benchmarks/bin/Release/net10.0/7626e42a-34fe-4a7e-846b-e96fd185430e/bin/Release/net10.0
// Failed to set up high priority (Permission denied). In order to run benchmarks with high priority, make sure you have the right permissions.
// BeforeAnythingElse

// Benchmark Process Environment Information:
// BenchmarkDotNet v0.14.0
// Runtime=.NET 10.0.10 (10.0.1026.32716), X64 RyuJIT AVX2
// GC=Concurrent Workstation
// HardwareIntrinsics=AVX2,AES,BMI1,BMI2,FMA,LZCNT,PCLMUL,POPCNT,AvxVnni,SERIALIZE VectorSize=256
// Job: ShortRun(IterationCount=5, LaunchCount=1, WarmupCount=3)

OverheadJitting  1: 1 op, 288724.00 ns, 288.7240 us/op
WorkloadJitting  1: 1 op, 4351023.00 ns, 4.3510 ms/op

OverheadJitting  2: 16 op, 393989.00 ns, 24.6243 us/op
WorkloadJitting  2: 16 op, 2418862.00 ns, 151.1789 us/op

WorkloadPilot    1: 16 op, 2099125.00 ns, 131.1953 us/op
WorkloadPilot    2: 32 op, 73624.00 ns, 2.3008 us/op
WorkloadPilot    3: 64 op, 121939.00 ns, 1.9053 us/op
WorkloadPilot    4: 128 op, 243248.00 ns, 1.9004 us/op
WorkloadPilot    5: 256 op, 445172.00 ns, 1.7390 us/op
WorkloadPilot    6: 512 op, 818464.00 ns, 1.5986 us/op
WorkloadPilot    7: 1024 op, 1878315.00 ns, 1.8343 us/op
WorkloadPilot    8: 2048 op, 3168185.00 ns, 1.5470 us/op
WorkloadPilot    9: 4096 op, 6411881.00 ns, 1.5654 us/op
WorkloadPilot   10: 8192 op, 12058236.00 ns, 1.4720 us/op
WorkloadPilot   11: 16384 op, 24171680.00 ns, 1.4753 us/op
WorkloadPilot   12: 32768 op, 48503997.00 ns, 1.4802 us/op
WorkloadPilot   13: 65536 op, 85378751.00 ns, 1.3028 us/op
WorkloadPilot   14: 131072 op, 146420900.00 ns, 1.1171 us/op
WorkloadPilot   15: 262144 op, 323043121.00 ns, 1.2323 us/op
WorkloadPilot   16: 524288 op, 580197027.00 ns, 1.1066 us/op

OverheadWarmup   1: 524288 op, 2223222.00 ns, 4.2405 ns/op
OverheadWarmup   2: 524288 op, 2147365.00 ns, 4.0958 ns/op
OverheadWarmup   3: 524288 op, 2246628.00 ns, 4.2851 ns/op
OverheadWarmup   4: 524288 op, 2222869.00 ns, 4.2398 ns/op
OverheadWarmup   5: 524288 op, 2269805.00 ns, 4.3293 ns/op
OverheadWarmup   6: 524288 op, 2275337.00 ns, 4.3399 ns/op
OverheadWarmup   7: 524288 op, 2217374.00 ns, 4.2293 ns/op

OverheadActual   1: 524288 op, 2202248.00 ns, 4.2005 ns/op
OverheadActual   2: 524288 op, 2241448.00 ns, 4.2752 ns/op
OverheadActual   3: 524288 op, 2217211.00 ns, 4.2290 ns/op
OverheadActual   4: 524288 op, 2243796.00 ns, 4.2797 ns/op
OverheadActual   5: 524288 op, 2184850.00 ns, 4.1673 ns/op
OverheadActual   6: 524288 op, 2179592.00 ns, 4.1572 ns/op
OverheadActual   7: 524288 op, 2194659.00 ns, 4.1860 ns/op
OverheadActual   8: 524288 op, 2380841.00 ns, 4.5411 ns/op
OverheadActual   9: 524288 op, 2285635.00 ns, 4.3595 ns/op
OverheadActual  10: 524288 op, 2373561.00 ns, 4.5272 ns/op
OverheadActual  11: 524288 op, 2220552.00 ns, 4.2354 ns/op
OverheadActual  12: 524288 op, 2150850.00 ns, 4.1024 ns/op
OverheadActual  13: 524288 op, 2243977.00 ns, 4.2800 ns/op
OverheadActual  14: 524288 op, 2156739.00 ns, 4.1137 ns/op
OverheadActual  15: 524288 op, 2269948.00 ns, 4.3296 ns/op

WorkloadWarmup   1: 524288 op, 612284470.00 ns, 1.1678 us/op
WorkloadWarmup   2: 524288 op, 572179256.00 ns, 1.0913 us/op
WorkloadWarmup   3: 524288 op, 618415702.00 ns, 1.1795 us/op

// BeforeActualRun
WorkloadActual   1: 524288 op, 583994782.00 ns, 1.1139 us/op
WorkloadActual   2: 524288 op, 567167185.00 ns, 1.0818 us/op
WorkloadActual   3: 524288 op, 589932654.00 ns, 1.1252 us/op
WorkloadActual   4: 524288 op, 571769610.00 ns, 1.0906 us/op
WorkloadActual   5: 524288 op, 600122969.00 ns, 1.1446 us/op

// AfterActualRun
WorkloadResult   1: 524288 op, 581774230.00 ns, 1.1096 us/op
WorkloadResult   2: 524288 op, 564946633.00 ns, 1.0776 us/op
WorkloadResult   3: 524288 op, 587712102.00 ns, 1.1210 us/op
WorkloadResult   4: 524288 op, 569549058.00 ns, 1.0863 us/op
WorkloadResult   5: 524288 op, 597902417.00 ns, 1.1404 us/op
// GC:  17 0 0 213910864 524288
// Threading:  0 0 524288

// AfterAll
// Benchmark Process 2035 has exited with code 0.

Mean = 1.107 μs, StdErr = 0.011 μs (1.03%), N = 5, StdDev = 0.026 μs
Min = 1.078 μs, Q1 = 1.086 μs, Median = 1.110 μs, Q3 = 1.121 μs, Max = 1.140 μs
IQR = 0.035 μs, LowerFence = 1.034 μs, UpperFence = 1.173 μs
ConfidenceInterval = [1.009 μs; 1.205 μs] (CI 99.9%), Margin = 0.098 μs (8.89% of Mean)
Skewness = 0.07, Kurtosis = 1.04, MValue = 2

// ** Remained 16 (24.6%) benchmark(s) to run. Estimated finish 2026-08-02 4:22 (0h 2m from now) **
// **************************
// Benchmark: ScopedServiceResolutionBenchmarks.Needlr_Reflection_CreateScopeAndResolve: ShortRun(IterationCount=5, LaunchCount=1, WarmupCount=3)
// *** Execute ***
// Launch: 1 / 1
// Execute: dotnet 7626e42a-34fe-4a7e-846b-e96fd185430e.dll --anonymousPipes 163 164 --benchmarkName NexusLabs.Needlr.Benchmarks.Benchmarks.ScopedServiceResolutionBenchmarks.Needlr_Reflection_CreateScopeAndResolve --job ShortRun --benchmarkId 49 in /actions-runner/_work/needlr/needlr/src/NexusLabs.Needlr.Benchmarks/bin/Release/net10.0/7626e42a-34fe-4a7e-846b-e96fd185430e/bin/Release/net10.0
// Failed to set up high priority (Permission denied). In order to run benchmarks with high priority, make sure you have the right permissions.
// BeforeAnythingElse

// Benchmark Process Environment Information:
// BenchmarkDotNet v0.14.0
// Runtime=.NET 10.0.10 (10.0.1026.32716), X64 RyuJIT AVX2
// GC=Concurrent Workstation
// HardwareIntrinsics=AVX2,AES,BMI1,BMI2,FMA,LZCNT,PCLMUL,POPCNT,AvxVnni,SERIALIZE VectorSize=256
// Job: ShortRun(IterationCount=5, LaunchCount=1, WarmupCount=3)

OverheadJitting  1: 1 op, 361389.00 ns, 361.3890 us/op
WorkloadJitting  1: 1 op, 5191449.00 ns, 5.1914 ms/op

OverheadJitting  2: 16 op, 463430.00 ns, 28.9644 us/op
WorkloadJitting  2: 16 op, 3177270.00 ns, 198.5794 us/op

WorkloadPilot    1: 16 op, 2843628.00 ns, 177.7268 us/op
WorkloadPilot    2: 32 op, 107262.00 ns, 3.3519 us/op
WorkloadPilot    3: 64 op, 127558.00 ns, 1.9931 us/op
WorkloadPilot    4: 128 op, 217243.00 ns, 1.6972 us/op
WorkloadPilot    5: 256 op, 452984.00 ns, 1.7695 us/op
WorkloadPilot    6: 512 op, 865378.00 ns, 1.6902 us/op
WorkloadPilot    7: 1024 op, 1610409.00 ns, 1.5727 us/op
WorkloadPilot    8: 2048 op, 4027511.00 ns, 1.9666 us/op
WorkloadPilot    9: 4096 op, 6836661.00 ns, 1.6691 us/op
WorkloadPilot   10: 8192 op, 14140299.00 ns, 1.7261 us/op
WorkloadPilot   11: 16384 op, 26443340.00 ns, 1.6140 us/op
WorkloadPilot   12: 32768 op, 50617410.00 ns, 1.5447 us/op
WorkloadPilot   13: 65536 op, 75647754.00 ns, 1.1543 us/op
WorkloadPilot   14: 131072 op, 145455809.00 ns, 1.1097 us/op
WorkloadPilot   15: 262144 op, 285730480.00 ns, 1.0900 us/op
WorkloadPilot   16: 524288 op, 601400069.00 ns, 1.1471 us/op

OverheadWarmup   1: 524288 op, 2330843.00 ns, 4.4457 ns/op
OverheadWarmup   2: 524288 op, 2146702.00 ns, 4.0945 ns/op
OverheadWarmup   3: 524288 op, 2304415.00 ns, 4.3953 ns/op
OverheadWarmup   4: 524288 op, 3499864.00 ns, 6.6755 ns/op
OverheadWarmup   5: 524288 op, 2451336.00 ns, 4.6756 ns/op
OverheadWarmup   6: 524288 op, 2224381.00 ns, 4.2427 ns/op
OverheadWarmup   7: 524288 op, 2207535.00 ns, 4.2105 ns/op
OverheadWarmup   8: 524288 op, 2218851.00 ns, 4.2321 ns/op
OverheadWarmup   9: 524288 op, 2316303.00 ns, 4.4180 ns/op
OverheadWarmup  10: 524288 op, 2152623.00 ns, 4.1058 ns/op

OverheadActual   1: 524288 op, 2182476.00 ns, 4.1627 ns/op
OverheadActual   2: 524288 op, 2228006.00 ns, 4.2496 ns/op
OverheadActual   3: 524288 op, 2200548.00 ns, 4.1972 ns/op
OverheadActual   4: 524288 op, 2205307.00 ns, 4.2063 ns/op
OverheadActual   5: 524288 op, 2182984.00 ns, 4.1637 ns/op
OverheadActual   6: 524288 op, 2232812.00 ns, 4.2588 ns/op
OverheadActual   7: 524288 op, 2219852.00 ns, 4.2340 ns/op
OverheadActual   8: 524288 op, 2243813.00 ns, 4.2797 ns/op
OverheadActual   9: 524288 op, 2226492.00 ns, 4.2467 ns/op
OverheadActual  10: 524288 op, 2301090.00 ns, 4.3890 ns/op
OverheadActual  11: 524288 op, 2236260.00 ns, 4.2653 ns/op
OverheadActual  12: 524288 op, 2210532.00 ns, 4.2163 ns/op
OverheadActual  13: 524288 op, 2228479.00 ns, 4.2505 ns/op
OverheadActual  14: 524288 op, 2180494.00 ns, 4.1590 ns/op
OverheadActual  15: 524288 op, 2306014.00 ns, 4.3984 ns/op

WorkloadWarmup   1: 524288 op, 608144780.00 ns, 1.1599 us/op
WorkloadWarmup   2: 524288 op, 606260594.00 ns, 1.1564 us/op
WorkloadWarmup   3: 524288 op, 643560997.00 ns, 1.2275 us/op

// BeforeActualRun
WorkloadActual   1: 524288 op, 587750884.00 ns, 1.1210 us/op
WorkloadActual   2: 524288 op, 601903326.00 ns, 1.1480 us/op
WorkloadActual   3: 524288 op, 570785045.00 ns, 1.0887 us/op
WorkloadActual   4: 524288 op, 589070259.00 ns, 1.1236 us/op
WorkloadActual   5: 524288 op, 570605922.00 ns, 1.0883 us/op

// AfterActualRun
WorkloadResult   1: 524288 op, 585524392.00 ns, 1.1168 us/op
WorkloadResult   2: 524288 op, 599676834.00 ns, 1.1438 us/op
WorkloadResult   3: 524288 op, 568558553.00 ns, 1.0844 us/op
WorkloadResult   4: 524288 op, 586843767.00 ns, 1.1193 us/op
WorkloadResult   5: 524288 op, 568379430.00 ns, 1.0841 us/op
// GC:  17 0 0 213910864 524288
// Threading:  0 0 524288

// AfterAll
// Benchmark Process 2046 has exited with code 0.

Mean = 1.110 μs, StdErr = 0.011 μs (1.03%), N = 5, StdDev = 0.025 μs
Min = 1.084 μs, Q1 = 1.084 μs, Median = 1.117 μs, Q3 = 1.119 μs, Max = 1.144 μs
IQR = 0.035 μs, LowerFence = 1.032 μs, UpperFence = 1.172 μs
ConfidenceInterval = [1.012 μs; 1.208 μs] (CI 99.9%), Margin = 0.098 μs (8.84% of Mean)
Skewness = 0.1, Kurtosis = 1.04, MValue = 2

// ** Remained 15 (23.1%) benchmark(s) to run. Estimated finish 2026-08-02 4:22 (0h 2m from now) **
// **************************
// Benchmark: ScopedServiceResolutionBenchmarks.Needlr_SourceGen_CreateScopeAndResolve: ShortRun(IterationCount=5, LaunchCount=1, WarmupCount=3)
// *** Execute ***
// Launch: 1 / 1
// Execute: dotnet 7626e42a-34fe-4a7e-846b-e96fd185430e.dll --anonymousPipes 163 164 --benchmarkName NexusLabs.Needlr.Benchmarks.Benchmarks.ScopedServiceResolutionBenchmarks.Needlr_SourceGen_CreateScopeAndResolve --job ShortRun --benchmarkId 50 in /actions-runner/_work/needlr/needlr/src/NexusLabs.Needlr.Benchmarks/bin/Release/net10.0/7626e42a-34fe-4a7e-846b-e96fd185430e/bin/Release/net10.0
// Failed to set up high priority (Permission denied). In order to run benchmarks with high priority, make sure you have the right permissions.
// BeforeAnythingElse

// Benchmark Process Environment Information:
// BenchmarkDotNet v0.14.0
// Runtime=.NET 10.0.10 (10.0.1026.32716), X64 RyuJIT AVX2
// GC=Concurrent Workstation
// HardwareIntrinsics=AVX2,AES,BMI1,BMI2,FMA,LZCNT,PCLMUL,POPCNT,AvxVnni,SERIALIZE VectorSize=256
// Job: ShortRun(IterationCount=5, LaunchCount=1, WarmupCount=3)

OverheadJitting  1: 1 op, 260273.00 ns, 260.2730 us/op
WorkloadJitting  1: 1 op, 3942588.00 ns, 3.9426 ms/op

OverheadJitting  2: 16 op, 454873.00 ns, 28.4296 us/op
WorkloadJitting  2: 16 op, 1934067.00 ns, 120.8792 us/op

WorkloadPilot    1: 16 op, 2043999.00 ns, 127.7499 us/op
WorkloadPilot    2: 32 op, 81917.00 ns, 2.5599 us/op
WorkloadPilot    3: 64 op, 124024.00 ns, 1.9379 us/op
WorkloadPilot    4: 128 op, 226002.00 ns, 1.7656 us/op
WorkloadPilot    5: 256 op, 417572.00 ns, 1.6311 us/op
WorkloadPilot    6: 512 op, 882950.00 ns, 1.7245 us/op
WorkloadPilot    7: 1024 op, 1635375.00 ns, 1.5970 us/op
WorkloadPilot    8: 2048 op, 3891595.00 ns, 1.9002 us/op
WorkloadPilot    9: 4096 op, 6959916.00 ns, 1.6992 us/op
WorkloadPilot   10: 8192 op, 15556155.00 ns, 1.8989 us/op
WorkloadPilot   11: 16384 op, 29560737.00 ns, 1.8042 us/op
WorkloadPilot   12: 32768 op, 62950313.00 ns, 1.9211 us/op
WorkloadPilot   13: 65536 op, 88246495.00 ns, 1.3465 us/op
WorkloadPilot   14: 131072 op, 153953987.00 ns, 1.1746 us/op
WorkloadPilot   15: 262144 op, 317945880.00 ns, 1.2129 us/op
WorkloadPilot   16: 524288 op, 728566191.00 ns, 1.3896 us/op

OverheadWarmup   1: 524288 op, 2423773.00 ns, 4.6230 ns/op
OverheadWarmup   2: 524288 op, 2443634.00 ns, 4.6609 ns/op
OverheadWarmup   3: 524288 op, 2686317.00 ns, 5.1237 ns/op
OverheadWarmup   4: 524288 op, 2811428.00 ns, 5.3624 ns/op
OverheadWarmup   5: 524288 op, 2394455.00 ns, 4.5671 ns/op
OverheadWarmup   6: 524288 op, 3189995.00 ns, 6.0844 ns/op
OverheadWarmup   7: 524288 op, 5275039.00 ns, 10.0613 ns/op
OverheadWarmup   8: 524288 op, 2848877.00 ns, 5.4338 ns/op

OverheadActual   1: 524288 op, 2633652.00 ns, 5.0233 ns/op
OverheadActual   2: 524288 op, 2652870.00 ns, 5.0599 ns/op
OverheadActual   3: 524288 op, 2634117.00 ns, 5.0242 ns/op
OverheadActual   4: 524288 op, 2807247.00 ns, 5.3544 ns/op
OverheadActual   5: 524288 op, 2460505.00 ns, 4.6930 ns/op
OverheadActual   6: 524288 op, 2477863.00 ns, 4.7261 ns/op
OverheadActual   7: 524288 op, 2455836.00 ns, 4.6841 ns/op
OverheadActual   8: 524288 op, 2619935.00 ns, 4.9971 ns/op
OverheadActual   9: 524288 op, 5913126.00 ns, 11.2784 ns/op
OverheadActual  10: 524288 op, 2694148.00 ns, 5.1387 ns/op
OverheadActual  11: 524288 op, 8060548.00 ns, 15.3743 ns/op
OverheadActual  12: 524288 op, 6301044.00 ns, 12.0183 ns/op
OverheadActual  13: 524288 op, 5977355.00 ns, 11.4009 ns/op
OverheadActual  14: 524288 op, 3421487.00 ns, 6.5260 ns/op
OverheadActual  15: 524288 op, 2627572.00 ns, 5.0117 ns/op
OverheadActual  16: 524288 op, 5308734.00 ns, 10.1256 ns/op
OverheadActual  17: 524288 op, 4163759.00 ns, 7.9417 ns/op
OverheadActual  18: 524288 op, 4072361.00 ns, 7.7674 ns/op
OverheadActual  19: 524288 op, 2406541.00 ns, 4.5901 ns/op
OverheadActual  20: 524288 op, 2404375.00 ns, 4.5860 ns/op

WorkloadWarmup   1: 524288 op, 705413506.00 ns, 1.3455 us/op
WorkloadWarmup   2: 524288 op, 809515654.00 ns, 1.5440 us/op
WorkloadWarmup   3: 524288 op, 754206401.00 ns, 1.4385 us/op

// BeforeActualRun
WorkloadActual   1: 524288 op, 690063614.00 ns, 1.3162 us/op
WorkloadActual   2: 524288 op, 687843500.00 ns, 1.3120 us/op
WorkloadActual   3: 524288 op, 666018699.00 ns, 1.2703 us/op
WorkloadActual   4: 524288 op, 659539922.00 ns, 1.2580 us/op
WorkloadActual   5: 524288 op, 692130321.00 ns, 1.3201 us/op

// AfterActualRun
WorkloadResult   1: 524288 op, 687390105.00 ns, 1.3111 us/op
WorkloadResult   2: 524288 op, 685169991.00 ns, 1.3069 us/op
WorkloadResult   3: 524288 op, 663345190.00 ns, 1.2652 us/op
WorkloadResult   4: 524288 op, 656866413.00 ns, 1.2529 us/op
WorkloadResult   5: 524288 op, 689456812.00 ns, 1.3150 us/op
// GC:  17 0 0 213910864 524288
// Threading:  0 0 524288

// AfterAll
// Benchmark Process 2060 has exited with code 0.

Mean = 1.290 μs, StdErr = 0.013 μs (1.00%), N = 5, StdDev = 0.029 μs
Min = 1.253 μs, Q1 = 1.265 μs, Median = 1.307 μs, Q3 = 1.311 μs, Max = 1.315 μs
IQR = 0.046 μs, LowerFence = 1.196 μs, UpperFence = 1.380 μs
ConfidenceInterval = [1.179 μs; 1.402 μs] (CI 99.9%), Margin = 0.111 μs (8.63% of Mean)
Skewness = -0.32, Kurtosis = 0.85, MValue = 2

// ** Remained 14 (21.5%) benchmark(s) to run. Estimated finish 2026-08-02 4:22 (0h 2m from now) **
// ***** BenchmarkRunner: Finish  *****

// * Export *
  actions-runner/_work/needlr/needlr/benchmark-results/results/NexusLabs.Needlr.Benchmarks.Benchmarks.ScopedServiceResolutionBenchmarks-report.csv
  actions-runner/_work/needlr/needlr/benchmark-results/results/NexusLabs.Needlr.Benchmarks.Benchmarks.ScopedServiceResolutionBenchmarks-report-github.md
  actions-runner/_work/needlr/needlr/benchmark-results/results/NexusLabs.Needlr.Benchmarks.Benchmarks.ScopedServiceResolutionBenchmarks-report.html
  actions-runner/_work/needlr/needlr/benchmark-results/results/NexusLabs.Needlr.Benchmarks.Benchmarks.ScopedServiceResolutionBenchmarks-report-full-compressed.json
  actions-runner/_work/needlr/needlr/benchmark-results/results/NexusLabs.Needlr.Benchmarks.Benchmarks.ScopedServiceResolutionBenchmarks-report-default.md

// * Detailed results *
ScopedServiceResolutionBenchmarks.ManualDI_CreateScopeAndResolve: ShortRun(IterationCount=5, LaunchCount=1, WarmupCount=3)
Runtime = .NET 10.0.10 (10.0.1026.32716), X64 RyuJIT AVX2; GC = Concurrent Workstation
Mean = 1.107 μs, StdErr = 0.011 μs (1.03%), N = 5, StdDev = 0.026 μs
Min = 1.078 μs, Q1 = 1.086 μs, Median = 1.110 μs, Q3 = 1.121 μs, Max = 1.140 μs
IQR = 0.035 μs, LowerFence = 1.034 μs, UpperFence = 1.173 μs
ConfidenceInterval = [1.009 μs; 1.205 μs] (CI 99.9%), Margin = 0.098 μs (8.89% of Mean)
Skewness = 0.07, Kurtosis = 1.04, MValue = 2
-------------------- Histogram --------------------
[1.062 μs ; 1.105 μs) | @@
[1.105 μs ; 1.145 μs) | @@@
---------------------------------------------------

ScopedServiceResolutionBenchmarks.Needlr_Reflection_CreateScopeAndResolve: ShortRun(IterationCount=5, LaunchCount=1, WarmupCount=3)
Runtime = .NET 10.0.10 (10.0.1026.32716), X64 RyuJIT AVX2; GC = Concurrent Workstation
Mean = 1.110 μs, StdErr = 0.011 μs (1.03%), N = 5, StdDev = 0.025 μs
Min = 1.084 μs, Q1 = 1.084 μs, Median = 1.117 μs, Q3 = 1.119 μs, Max = 1.144 μs
IQR = 0.035 μs, LowerFence = 1.032 μs, UpperFence = 1.172 μs
ConfidenceInterval = [1.012 μs; 1.208 μs] (CI 99.9%), Margin = 0.098 μs (8.84% of Mean)
Skewness = 0.1, Kurtosis = 1.04, MValue = 2
-------------------- Histogram --------------------
[1.082 μs ; 1.121 μs) | @@@@
[1.121 μs ; 1.163 μs) | @
---------------------------------------------------

ScopedServiceResolutionBenchmarks.Needlr_SourceGen_CreateScopeAndResolve: ShortRun(IterationCount=5, LaunchCount=1, WarmupCount=3)
Runtime = .NET 10.0.10 (10.0.1026.32716), X64 RyuJIT AVX2; GC = Concurrent Workstation
Mean = 1.290 μs, StdErr = 0.013 μs (1.00%), N = 5, StdDev = 0.029 μs
Min = 1.253 μs, Q1 = 1.265 μs, Median = 1.307 μs, Q3 = 1.311 μs, Max = 1.315 μs
IQR = 0.046 μs, LowerFence = 1.196 μs, UpperFence = 1.380 μs
ConfidenceInterval = [1.179 μs; 1.402 μs] (CI 99.9%), Margin = 0.111 μs (8.63% of Mean)
Skewness = -0.32, Kurtosis = 0.85, MValue = 2
-------------------- Histogram --------------------
[1.237 μs ; 1.289 μs) | @@
[1.289 μs ; 1.337 μs) | @@@
---------------------------------------------------

// * Summary *

BenchmarkDotNet v0.14.0, Ubuntu 24.04.4 LTS (Noble Numbat)
12th Gen Intel Core i7-12700H, 1 CPU, 20 logical and 10 physical cores
.NET SDK 10.0.302
  [Host]   : .NET 10.0.10 (10.0.1026.32716), X64 RyuJIT AVX2
  ShortRun : .NET 10.0.10 (10.0.1026.32716), X64 RyuJIT AVX2

Job=ShortRun  IterationCount=5  LaunchCount=1  
WarmupCount=3  

| Method                                  | Mean     | Error     | StdDev    | Ratio | RatioSD | Rank | Gen0   | Allocated | Alloc Ratio |
|---------------------------------------- |---------:|----------:|----------:|------:|--------:|-----:|-------:|----------:|------------:|
| ManualDI_CreateScopeAndResolve          | 1.107 μs | 0.0984 μs | 0.0256 μs |  1.00 |    0.03 |    1 | 0.0324 |     408 B |        1.00 |
| Needlr_Reflection_CreateScopeAndResolve | 1.110 μs | 0.0981 μs | 0.0255 μs |  1.00 |    0.03 |    1 | 0.0324 |     408 B |        1.00 |
| Needlr_SourceGen_CreateScopeAndResolve  | 1.290 μs | 0.1114 μs | 0.0289 μs |  1.17 |    0.03 |    1 | 0.0324 |     408 B |        1.00 |
// * Config Issues *

// * Warnings *
Configuration
  Summary -> The exporter HtmlExporter is already present in configuration. There may be unexpected results.

// * Legends *
  Mean        : Arithmetic mean of all measurements
  Error       : Half of 99.9% confidence interval
  StdDev      : Standard deviation of all measurements
  Ratio       : Mean of the ratio distribution ([Current]/[Baseline])
  RatioSD     : Standard deviation of the ratio distribution ([Current]/[Baseline])
  Rank        : Relative position of current benchmark mean among all benchmarks (Arabic style)
  Gen0        : GC Generation 0 collects per 1000 operations
  Allocated   : Allocated memory per single operation (managed only, inclusive, 1KB = 1024B)
  Alloc Ratio : Allocated memory ratio distribution ([Current]/[Baseline])
  1 μs        : 1 Microsecond (0.000001 sec)

// * Diagnostic Output - MemoryDiagnoser *


// ***** BenchmarkRunner: End *****
Run time: 00:00:22 (22.09 sec), executed benchmarks: 3

// Found 4 benchmarks:
//   ServiceProviderBuildBenchmarks.ManualDI_BuildServiceProvider: ShortRun(IterationCount=5, LaunchCount=1, WarmupCount=3)
//   ServiceProviderBuildBenchmarks.Needlr_Reflection_BuildServiceProvider: ShortRun(IterationCount=5, LaunchCount=1, WarmupCount=3)
//   ServiceProviderBuildBenchmarks.Needlr_SourceGenExplicit_BuildServiceProvider: ShortRun(IterationCount=5, LaunchCount=1, WarmupCount=3)
//   ServiceProviderBuildBenchmarks.Needlr_SourceGenImplicit_BuildServiceProvider: ShortRun(IterationCount=5, LaunchCount=1, WarmupCount=3)

// **************************
// Benchmark: ServiceProviderBuildBenchmarks.ManualDI_BuildServiceProvider: ShortRun(IterationCount=5, LaunchCount=1, WarmupCount=3)
// *** Execute ***
// Launch: 1 / 1
// Execute: dotnet 7626e42a-34fe-4a7e-846b-e96fd185430e.dll --anonymousPipes 163 164 --benchmarkName NexusLabs.Needlr.Benchmarks.Benchmarks.ServiceProviderBuildBenchmarks.ManualDI_BuildServiceProvider --job ShortRun --benchmarkId 51 in /actions-runner/_work/needlr/needlr/src/NexusLabs.Needlr.Benchmarks/bin/Release/net10.0/7626e42a-34fe-4a7e-846b-e96fd185430e/bin/Release/net10.0
// Failed to set up high priority (Permission denied). In order to run benchmarks with high priority, make sure you have the right permissions.
// BeforeAnythingElse

// Benchmark Process Environment Information:
// BenchmarkDotNet v0.14.0
// Runtime=.NET 10.0.10 (10.0.1026.32716), X64 RyuJIT AVX2
// GC=Concurrent Workstation
// HardwareIntrinsics=AVX2,AES,BMI1,BMI2,FMA,LZCNT,PCLMUL,POPCNT,AvxVnni,SERIALIZE VectorSize=256
// Job: ShortRun(IterationCount=5, LaunchCount=1, WarmupCount=3)

OverheadJitting  1: 1 op, 334938.00 ns, 334.9380 us/op
WorkloadJitting  1: 1 op, 8591928.00 ns, 8.5919 ms/op

OverheadJitting  2: 16 op, 943276.00 ns, 58.9548 us/op
WorkloadJitting  2: 16 op, 1000498.00 ns, 62.5311 us/op

WorkloadPilot    1: 16 op, 180813.00 ns, 11.3008 us/op
WorkloadPilot    2: 32 op, 285527.00 ns, 8.9227 us/op
WorkloadPilot    3: 64 op, 414489.00 ns, 6.4764 us/op
WorkloadPilot    4: 128 op, 882739.00 ns, 6.8964 us/op
WorkloadPilot    5: 256 op, 2281629.00 ns, 8.9126 us/op
WorkloadPilot    6: 512 op, 4307236.00 ns, 8.4126 us/op
WorkloadPilot    7: 1024 op, 7364048.00 ns, 7.1915 us/op
WorkloadPilot    8: 2048 op, 12687937.00 ns, 6.1953 us/op
WorkloadPilot    9: 4096 op, 17211528.00 ns, 4.2020 us/op
WorkloadPilot   10: 8192 op, 45331146.00 ns, 5.5336 us/op
WorkloadPilot   11: 16384 op, 69351919.00 ns, 4.2329 us/op
WorkloadPilot   12: 32768 op, 141686284.00 ns, 4.3239 us/op
WorkloadPilot   13: 65536 op, 138444660.00 ns, 2.1125 us/op
WorkloadPilot   14: 131072 op, 274968173.00 ns, 2.0978 us/op
WorkloadPilot   15: 262144 op, 497325867.00 ns, 1.8971 us/op
WorkloadPilot   16: 524288 op, 951694542.00 ns, 1.8152 us/op

OverheadWarmup   1: 524288 op, 2074133.00 ns, 3.9561 ns/op
OverheadWarmup   2: 524288 op, 2108412.00 ns, 4.0215 ns/op
OverheadWarmup   3: 524288 op, 2148767.00 ns, 4.0984 ns/op
OverheadWarmup   4: 524288 op, 2083828.00 ns, 3.9746 ns/op
OverheadWarmup   5: 524288 op, 2054734.00 ns, 3.9191 ns/op
OverheadWarmup   6: 524288 op, 2150817.00 ns, 4.1024 ns/op
OverheadWarmup   7: 524288 op, 2139554.00 ns, 4.0809 ns/op

OverheadActual   1: 524288 op, 2128820.00 ns, 4.0604 ns/op
OverheadActual   2: 524288 op, 2270321.00 ns, 4.3303 ns/op
OverheadActual   3: 524288 op, 1952011.00 ns, 3.7232 ns/op
OverheadActual   4: 524288 op, 2006321.00 ns, 3.8268 ns/op
OverheadActual   5: 524288 op, 1979376.00 ns, 3.7754 ns/op
OverheadActual   6: 524288 op, 1953268.00 ns, 3.7256 ns/op
OverheadActual   7: 524288 op, 2007658.00 ns, 3.8293 ns/op
OverheadActual   8: 524288 op, 2083767.00 ns, 3.9745 ns/op
OverheadActual   9: 524288 op, 2047487.00 ns, 3.9053 ns/op
OverheadActual  10: 524288 op, 2108181.00 ns, 4.0210 ns/op
OverheadActual  11: 524288 op, 2080384.00 ns, 3.9680 ns/op
OverheadActual  12: 524288 op, 1929417.00 ns, 3.6801 ns/op
OverheadActual  13: 524288 op, 1941826.00 ns, 3.7037 ns/op
OverheadActual  14: 524288 op, 2013439.00 ns, 3.8403 ns/op
OverheadActual  15: 524288 op, 1934342.00 ns, 3.6895 ns/op

WorkloadWarmup   1: 524288 op, 830088949.00 ns, 1.5833 us/op
WorkloadWarmup   2: 524288 op, 882964361.00 ns, 1.6841 us/op
WorkloadWarmup   3: 524288 op, 852246613.00 ns, 1.6255 us/op

// BeforeActualRun
WorkloadActual   1: 524288 op, 849491596.00 ns, 1.6203 us/op
WorkloadActual   2: 524288 op, 918389376.00 ns, 1.7517 us/op
WorkloadActual   3: 524288 op, 846213197.00 ns, 1.6140 us/op
WorkloadActual   4: 524288 op, 896544682.00 ns, 1.7100 us/op
WorkloadActual   5: 524288 op, 900895542.00 ns, 1.7183 us/op

// AfterActualRun
WorkloadResult   1: 524288 op, 847483938.00 ns, 1.6164 us/op
WorkloadResult   2: 524288 op, 916381718.00 ns, 1.7479 us/op
WorkloadResult   3: 524288 op, 844205539.00 ns, 1.6102 us/op
WorkloadResult   4: 524288 op, 894537024.00 ns, 1.7062 us/op
WorkloadResult   5: 524288 op, 898887884.00 ns, 1.7145 us/op
// GC:  291 48 0 3657433824 524288
// Threading:  0 0 524288

// AfterAll
// Benchmark Process 2078 has exited with code 0.

Mean = 1.679 μs, StdErr = 0.028 μs (1.65%), N = 5, StdDev = 0.062 μs
Min = 1.610 μs, Q1 = 1.616 μs, Median = 1.706 μs, Q3 = 1.714 μs, Max = 1.748 μs
IQR = 0.098 μs, LowerFence = 1.469 μs, UpperFence = 1.862 μs
ConfidenceInterval = [1.440 μs; 1.918 μs] (CI 99.9%), Margin = 0.239 μs (14.22% of Mean)
Skewness = -0.15, Kurtosis = 0.84, MValue = 2

// ** Remained 13 (20.0%) benchmark(s) to run. Estimated finish 2026-08-02 4:22 (0h 2m from now) **
// **************************
// Benchmark: ServiceProviderBuildBenchmarks.Needlr_Reflection_BuildServiceProvider: ShortRun(IterationCount=5, LaunchCount=1, WarmupCount=3)
// *** Execute ***
// Launch: 1 / 1
// Execute: dotnet 7626e42a-34fe-4a7e-846b-e96fd185430e.dll --anonymousPipes 163 164 --benchmarkName NexusLabs.Needlr.Benchmarks.Benchmarks.ServiceProviderBuildBenchmarks.Needlr_Reflection_BuildServiceProvider --job ShortRun --benchmarkId 52 in /actions-runner/_work/needlr/needlr/src/NexusLabs.Needlr.Benchmarks/bin/Release/net10.0/7626e42a-34fe-4a7e-846b-e96fd185430e/bin/Release/net10.0
// Failed to set up high priority (Permission denied). In order to run benchmarks with high priority, make sure you have the right permissions.
// BeforeAnythingElse

// Benchmark Process Environment Information:
// BenchmarkDotNet v0.14.0
// Runtime=.NET 10.0.10 (10.0.1026.32716), X64 RyuJIT AVX2
// GC=Concurrent Workstation
// HardwareIntrinsics=AVX2,AES,BMI1,BMI2,FMA,LZCNT,PCLMUL,POPCNT,AvxVnni,SERIALIZE VectorSize=256
// Job: ShortRun(IterationCount=5, LaunchCount=1, WarmupCount=3)

OverheadJitting  1: 1 op, 275384.00 ns, 275.3840 us/op
WorkloadJitting  1: 1 op, 44700668.00 ns, 44.7007 ms/op

WorkloadPilot    1: 2 op, 8144745.00 ns, 4.0724 ms/op
WorkloadPilot    2: 3 op, 9823852.00 ns, 3.2746 ms/op
WorkloadPilot    3: 4 op, 23330368.00 ns, 5.8326 ms/op
WorkloadPilot    4: 5 op, 17141938.00 ns, 3.4284 ms/op
WorkloadPilot    5: 6 op, 18095998.00 ns, 3.0160 ms/op
WorkloadPilot    6: 7 op, 21647610.00 ns, 3.0925 ms/op
WorkloadPilot    7: 8 op, 25242607.00 ns, 3.1553 ms/op
WorkloadPilot    8: 9 op, 31220096.00 ns, 3.4689 ms/op
WorkloadPilot    9: 10 op, 37439456.00 ns, 3.7439 ms/op
WorkloadPilot   10: 11 op, 38430861.00 ns, 3.4937 ms/op
WorkloadPilot   11: 12 op, 43179584.00 ns, 3.5983 ms/op
WorkloadPilot   12: 13 op, 46338143.00 ns, 3.5645 ms/op
WorkloadPilot   13: 14 op, 60644907.00 ns, 4.3318 ms/op
WorkloadPilot   14: 15 op, 63472055.00 ns, 4.2315 ms/op
WorkloadPilot   15: 16 op, 66377781.00 ns, 4.1486 ms/op
WorkloadPilot   16: 32 op, 129420429.00 ns, 4.0444 ms/op
WorkloadPilot   17: 64 op, 274780660.00 ns, 4.2934 ms/op
WorkloadPilot   18: 128 op, 618706191.00 ns, 4.8336 ms/op

WorkloadWarmup   1: 128 op, 873975086.00 ns, 6.8279 ms/op
WorkloadWarmup   2: 128 op, 721087895.00 ns, 5.6335 ms/op
WorkloadWarmup   3: 128 op, 668103269.00 ns, 5.2196 ms/op

// BeforeActualRun
WorkloadActual   1: 128 op, 522981901.00 ns, 4.0858 ms/op
WorkloadActual   2: 128 op, 318854643.00 ns, 2.4911 ms/op
WorkloadActual   3: 128 op, 261499149.00 ns, 2.0430 ms/op
WorkloadActual   4: 128 op, 283423542.00 ns, 2.2142 ms/op
WorkloadActual   5: 128 op, 255738222.00 ns, 1.9980 ms/op

// AfterActualRun
WorkloadResult   1: 128 op, 318854643.00 ns, 2.4911 ms/op
WorkloadResult   2: 128 op, 261499149.00 ns, 2.0430 ms/op
WorkloadResult   3: 128 op, 283423542.00 ns, 2.2142 ms/op
WorkloadResult   4: 128 op, 255738222.00 ns, 1.9980 ms/op
// GC:  9 1 0 122140904 128
// Threading:  0 0 128

// AfterAll
// Benchmark Process 2089 has exited with code 0.

Mean = 2.187 ms, StdErr = 0.112 ms (5.11%), N = 4, StdDev = 0.223 ms
Min = 1.998 ms, Q1 = 2.032 ms, Median = 2.129 ms, Q3 = 2.283 ms, Max = 2.491 ms
IQR = 0.252 ms, LowerFence = 1.654 ms, UpperFence = 2.661 ms
ConfidenceInterval = [0.743 ms; 3.630 ms] (CI 99.9%), Margin = 1.443 ms (66.01% of Mean)
Skewness = 0.42, Kurtosis = 1.03, MValue = 2

// ** Remained 12 (18.5%) benchmark(s) to run. Estimated finish 2026-08-02 4:22 (0h 1m from now) **
// **************************
// Benchmark: ServiceProviderBuildBenchmarks.Needlr_SourceGenExplicit_BuildServiceProvider: ShortRun(IterationCount=5, LaunchCount=1, WarmupCount=3)
// *** Execute ***
// Launch: 1 / 1
// Execute: dotnet 7626e42a-34fe-4a7e-846b-e96fd185430e.dll --anonymousPipes 163 164 --benchmarkName NexusLabs.Needlr.Benchmarks.Benchmarks.ServiceProviderBuildBenchmarks.Needlr_SourceGenExplicit_BuildServiceProvider --job ShortRun --benchmarkId 53 in /actions-runner/_work/needlr/needlr/src/NexusLabs.Needlr.Benchmarks/bin/Release/net10.0/7626e42a-34fe-4a7e-846b-e96fd185430e/bin/Release/net10.0
// Failed to set up high priority (Permission denied). In order to run benchmarks with high priority, make sure you have the right permissions.
// BeforeAnythingElse

// Benchmark Process Environment Information:
// BenchmarkDotNet v0.14.0
// Runtime=.NET 10.0.10 (10.0.1026.32716), X64 RyuJIT AVX2
// GC=Concurrent Workstation
// HardwareIntrinsics=AVX2,AES,BMI1,BMI2,FMA,LZCNT,PCLMUL,POPCNT,AvxVnni,SERIALIZE VectorSize=256
// Job: ShortRun(IterationCount=5, LaunchCount=1, WarmupCount=3)

OverheadJitting  1: 1 op, 276988.00 ns, 276.9880 us/op
WorkloadJitting  1: 1 op, 33108426.00 ns, 33.1084 ms/op

OverheadJitting  2: 16 op, 664431.00 ns, 41.5269 us/op
WorkloadJitting  2: 16 op, 5146092.00 ns, 321.6308 us/op

WorkloadPilot    1: 16 op, 6213120.00 ns, 388.3200 us/op
WorkloadPilot    2: 32 op, 9731873.00 ns, 304.1210 us/op
WorkloadPilot    3: 64 op, 26061740.00 ns, 407.2147 us/op
WorkloadPilot    4: 128 op, 40031654.00 ns, 312.7473 us/op
WorkloadPilot    5: 256 op, 61256891.00 ns, 239.2847 us/op
WorkloadPilot    6: 512 op, 156593439.00 ns, 305.8466 us/op
WorkloadPilot    7: 1024 op, 355772259.00 ns, 347.4338 us/op
WorkloadPilot    8: 2048 op, 557735951.00 ns, 272.3320 us/op

OverheadWarmup   1: 2048 op, 11596.00 ns, 5.6621 ns/op
OverheadWarmup   2: 2048 op, 11774.00 ns, 5.7490 ns/op
OverheadWarmup   3: 2048 op, 8975.00 ns, 4.3823 ns/op
OverheadWarmup   4: 2048 op, 8798.00 ns, 4.2959 ns/op
OverheadWarmup   5: 2048 op, 8506.00 ns, 4.1533 ns/op
OverheadWarmup   6: 2048 op, 8454.00 ns, 4.1279 ns/op
OverheadWarmup   7: 2048 op, 8961.00 ns, 4.3755 ns/op
OverheadWarmup   8: 2048 op, 9359.00 ns, 4.5698 ns/op
OverheadWarmup   9: 2048 op, 8865.00 ns, 4.3286 ns/op

OverheadActual   1: 2048 op, 9215.00 ns, 4.4995 ns/op
OverheadActual   2: 2048 op, 8637.00 ns, 4.2173 ns/op
OverheadActual   3: 2048 op, 8941.00 ns, 4.3657 ns/op
OverheadActual   4: 2048 op, 8567.00 ns, 4.1831 ns/op
OverheadActual   5: 2048 op, 8486.00 ns, 4.1436 ns/op
OverheadActual   6: 2048 op, 8451.00 ns, 4.1265 ns/op
OverheadActual   7: 2048 op, 8909.00 ns, 4.3501 ns/op
OverheadActual   8: 2048 op, 8945.00 ns, 4.3677 ns/op
OverheadActual   9: 2048 op, 9855.00 ns, 4.8120 ns/op
OverheadActual  10: 2048 op, 9298.00 ns, 4.5400 ns/op
OverheadActual  11: 2048 op, 8576.00 ns, 4.1875 ns/op
OverheadActual  12: 2048 op, 8951.00 ns, 4.3706 ns/op
OverheadActual  13: 2048 op, 8999.00 ns, 4.3940 ns/op
OverheadActual  14: 2048 op, 9552.00 ns, 4.6641 ns/op
OverheadActual  15: 2048 op, 8967.00 ns, 4.3784 ns/op

WorkloadWarmup   1: 2048 op, 332118161.00 ns, 162.1671 us/op
WorkloadWarmup   2: 2048 op, 183305772.00 ns, 89.5048 us/op
WorkloadWarmup   3: 2048 op, 135352584.00 ns, 66.0901 us/op

// BeforeActualRun
WorkloadActual   1: 2048 op, 165661456.00 ns, 80.8894 us/op
WorkloadActual   2: 2048 op, 146509350.00 ns, 71.5378 us/op
WorkloadActual   3: 2048 op, 220761670.00 ns, 107.7938 us/op
WorkloadActual   4: 2048 op, 143856507.00 ns, 70.2424 us/op
WorkloadActual   5: 2048 op, 171362176.00 ns, 83.6729 us/op

// AfterActualRun
WorkloadResult   1: 2048 op, 165652511.00 ns, 80.8850 us/op
WorkloadResult   2: 2048 op, 146500405.00 ns, 71.5334 us/op
WorkloadResult   3: 2048 op, 143847562.00 ns, 70.2381 us/op
WorkloadResult   4: 2048 op, 171353231.00 ns, 83.6686 us/op
// GC:  18 2 0 229780848 2048
// Threading:  0 0 2048

// AfterAll
// Benchmark Process 2097 has exited with code 0.

Mean = 76.581 μs, StdErr = 3.348 μs (4.37%), N = 4, StdDev = 6.695 μs
Min = 70.238 μs, Q1 = 71.210 μs, Median = 76.209 μs, Q3 = 81.581 μs, Max = 83.669 μs
IQR = 10.371 μs, LowerFence = 55.653 μs, UpperFence = 97.138 μs
ConfidenceInterval = [33.318 μs; 119.844 μs] (CI 99.9%), Margin = 43.263 μs (56.49% of Mean)
Skewness = 0.04, Kurtosis = 0.64, MValue = 2

// ** Remained 11 (16.9%) benchmark(s) to run. Estimated finish 2026-08-02 4:22 (0h 1m from now) **
// **************************
// Benchmark: ServiceProviderBuildBenchmarks.Needlr_SourceGenImplicit_BuildServiceProvider: ShortRun(IterationCount=5, LaunchCount=1, WarmupCount=3)
// *** Execute ***
// Launch: 1 / 1
// Execute: dotnet 7626e42a-34fe-4a7e-846b-e96fd185430e.dll --anonymousPipes 163 164 --benchmarkName NexusLabs.Needlr.Benchmarks.Benchmarks.ServiceProviderBuildBenchmarks.Needlr_SourceGenImplicit_BuildServiceProvider --job ShortRun --benchmarkId 54 in /actions-runner/_work/needlr/needlr/src/NexusLabs.Needlr.Benchmarks/bin/Release/net10.0/7626e42a-34fe-4a7e-846b-e96fd185430e/bin/Release/net10.0
// Failed to set up high priority (Permission denied). In order to run benchmarks with high priority, make sure you have the right permissions.
// BeforeAnythingElse

// Benchmark Process Environment Information:
// BenchmarkDotNet v0.14.0
// Runtime=.NET 10.0.10 (10.0.1026.32716), X64 RyuJIT AVX2
// GC=Concurrent Workstation
// HardwareIntrinsics=AVX2,AES,BMI1,BMI2,FMA,LZCNT,PCLMUL,POPCNT,AvxVnni,SERIALIZE VectorSize=256
// Job: ShortRun(IterationCount=5, LaunchCount=1, WarmupCount=3)

OverheadJitting  1: 1 op, 318575.00 ns, 318.5750 us/op
WorkloadJitting  1: 1 op, 38387655.00 ns, 38.3877 ms/op

WorkloadPilot    1: 2 op, 1224094.00 ns, 612.0470 us/op
WorkloadPilot    2: 3 op, 1765808.00 ns, 588.6027 us/op
WorkloadPilot    3: 4 op, 1235252.00 ns, 308.8130 us/op
WorkloadPilot    4: 5 op, 1797024.00 ns, 359.4048 us/op
WorkloadPilot    5: 6 op, 1767950.00 ns, 294.6583 us/op
WorkloadPilot    6: 7 op, 2656878.00 ns, 379.5540 us/op
WorkloadPilot    7: 8 op, 2787683.00 ns, 348.4604 us/op
WorkloadPilot    8: 9 op, 2767842.00 ns, 307.5380 us/op
WorkloadPilot    9: 10 op, 3188068.00 ns, 318.8068 us/op
WorkloadPilot   10: 11 op, 3530890.00 ns, 320.9900 us/op
WorkloadPilot   11: 12 op, 4071000.00 ns, 339.2500 us/op
WorkloadPilot   12: 13 op, 4310849.00 ns, 331.6038 us/op
WorkloadPilot   13: 14 op, 4549797.00 ns, 324.9855 us/op
WorkloadPilot   14: 15 op, 4711351.00 ns, 314.0901 us/op
WorkloadPilot   15: 16 op, 5100581.00 ns, 318.7863 us/op
WorkloadPilot   16: 32 op, 11336080.00 ns, 354.2525 us/op
WorkloadPilot   17: 64 op, 27899392.00 ns, 435.9280 us/op
WorkloadPilot   18: 128 op, 37686562.00 ns, 294.4263 us/op
WorkloadPilot   19: 256 op, 81824637.00 ns, 319.6275 us/op
WorkloadPilot   20: 512 op, 206082827.00 ns, 402.5055 us/op
WorkloadPilot   21: 1024 op, 374026714.00 ns, 365.2605 us/op
WorkloadPilot   22: 2048 op, 582250132.00 ns, 284.3018 us/op

WorkloadWarmup   1: 2048 op, 265932500.00 ns, 129.8499 us/op
WorkloadWarmup   2: 2048 op, 181743909.00 ns, 88.7421 us/op
WorkloadWarmup   3: 2048 op, 185702627.00 ns, 90.6751 us/op

// BeforeActualRun
WorkloadActual   1: 2048 op, 180679205.00 ns, 88.2223 us/op
WorkloadActual   2: 2048 op, 183452592.00 ns, 89.5765 us/op
WorkloadActual   3: 2048 op, 209799545.00 ns, 102.4412 us/op
WorkloadActual   4: 2048 op, 191886512.00 ns, 93.6946 us/op
WorkloadActual   5: 2048 op, 190404083.00 ns, 92.9707 us/op

// AfterActualRun
WorkloadResult   1: 2048 op, 180679205.00 ns, 88.2223 us/op
WorkloadResult   2: 2048 op, 183452592.00 ns, 89.5765 us/op
WorkloadResult   3: 2048 op, 191886512.00 ns, 93.6946 us/op
WorkloadResult   4: 2048 op, 190404083.00 ns, 92.9707 us/op
// GC:  31 4 0 398223584 2048
// Threading:  0 0 2048

// AfterAll
// Benchmark Process 2105 has exited with code 0.

Mean = 91.116 μs, StdErr = 1.318 μs (1.45%), N = 4, StdDev = 2.635 μs
Min = 88.222 μs, Q1 = 89.238 μs, Median = 91.274 μs, Q3 = 93.152 μs, Max = 93.695 μs
IQR = 3.914 μs, LowerFence = 83.367 μs, UpperFence = 99.022 μs
ConfidenceInterval = [74.087 μs; 108.145 μs] (CI 99.9%), Margin = 17.029 μs (18.69% of Mean)
Skewness = -0.06, Kurtosis = 0.68, MValue = 2

// ** Remained 10 (15.4%) benchmark(s) to run. Estimated finish 2026-08-02 4:21 (0h 1m from now) **
// ***** BenchmarkRunner: Finish  *****

// * Export *
  actions-runner/_work/needlr/needlr/benchmark-results/results/NexusLabs.Needlr.Benchmarks.Benchmarks.ServiceProviderBuildBenchmarks-report.csv
  actions-runner/_work/needlr/needlr/benchmark-results/results/NexusLabs.Needlr.Benchmarks.Benchmarks.ServiceProviderBuildBenchmarks-report-github.md
  actions-runner/_work/needlr/needlr/benchmark-results/results/NexusLabs.Needlr.Benchmarks.Benchmarks.ServiceProviderBuildBenchmarks-report.html
  actions-runner/_work/needlr/needlr/benchmark-results/results/NexusLabs.Needlr.Benchmarks.Benchmarks.ServiceProviderBuildBenchmarks-report-full-compressed.json
  actions-runner/_work/needlr/needlr/benchmark-results/results/NexusLabs.Needlr.Benchmarks.Benchmarks.ServiceProviderBuildBenchmarks-report-default.md

// * Detailed results *
ServiceProviderBuildBenchmarks.ManualDI_BuildServiceProvider: ShortRun(IterationCount=5, LaunchCount=1, WarmupCount=3)
Runtime = .NET 10.0.10 (10.0.1026.32716), X64 RyuJIT AVX2; GC = Concurrent Workstation
Mean = 1.679 μs, StdErr = 0.028 μs (1.65%), N = 5, StdDev = 0.062 μs
Min = 1.610 μs, Q1 = 1.616 μs, Median = 1.706 μs, Q3 = 1.714 μs, Max = 1.748 μs
IQR = 0.098 μs, LowerFence = 1.469 μs, UpperFence = 1.862 μs
ConfidenceInterval = [1.440 μs; 1.918 μs] (CI 99.9%), Margin = 0.239 μs (14.22% of Mean)
Skewness = -0.15, Kurtosis = 0.84, MValue = 2
-------------------- Histogram --------------------
[1.563 μs ; 1.661 μs) | @@
[1.661 μs ; 1.775 μs) | @@@
---------------------------------------------------

ServiceProviderBuildBenchmarks.Needlr_Reflection_BuildServiceProvider: ShortRun(IterationCount=5, LaunchCount=1, WarmupCount=3)
Runtime = .NET 10.0.10 (10.0.1026.32716), X64 RyuJIT AVX2; GC = Concurrent Workstation
Mean = 2.187 ms, StdErr = 0.112 ms (5.11%), N = 4, StdDev = 0.223 ms
Min = 1.998 ms, Q1 = 2.032 ms, Median = 2.129 ms, Q3 = 2.283 ms, Max = 2.491 ms
IQR = 0.252 ms, LowerFence = 1.654 ms, UpperFence = 2.661 ms
ConfidenceInterval = [0.743 ms; 3.630 ms] (CI 99.9%), Margin = 1.443 ms (66.01% of Mean)
Skewness = 0.42, Kurtosis = 1.03, MValue = 2
-------------------- Histogram --------------------
[1.921 ms ; 2.291 ms) | @@@
[2.291 ms ; 2.676 ms) | @
---------------------------------------------------

ServiceProviderBuildBenchmarks.Needlr_SourceGenExplicit_BuildServiceProvider: ShortRun(IterationCount=5, LaunchCount=1, WarmupCount=3)
Runtime = .NET 10.0.10 (10.0.1026.32716), X64 RyuJIT AVX2; GC = Concurrent Workstation
Mean = 76.581 μs, StdErr = 3.348 μs (4.37%), N = 4, StdDev = 6.695 μs
Min = 70.238 μs, Q1 = 71.210 μs, Median = 76.209 μs, Q3 = 81.581 μs, Max = 83.669 μs
IQR = 10.371 μs, LowerFence = 55.653 μs, UpperFence = 97.138 μs
ConfidenceInterval = [33.318 μs; 119.844 μs] (CI 99.9%), Margin = 43.263 μs (56.49% of Mean)
Skewness = 0.04, Kurtosis = 0.64, MValue = 2
-------------------- Histogram --------------------
[70.026 μs ; 81.097 μs) | @@@
[81.097 μs ; 89.204 μs) | @
---------------------------------------------------

ServiceProviderBuildBenchmarks.Needlr_SourceGenImplicit_BuildServiceProvider: ShortRun(IterationCount=5, LaunchCount=1, WarmupCount=3)
Runtime = .NET 10.0.10 (10.0.1026.32716), X64 RyuJIT AVX2; GC = Concurrent Workstation
Mean = 91.116 μs, StdErr = 1.318 μs (1.45%), N = 4, StdDev = 2.635 μs
Min = 88.222 μs, Q1 = 89.238 μs, Median = 91.274 μs, Q3 = 93.152 μs, Max = 93.695 μs
IQR = 3.914 μs, LowerFence = 83.367 μs, UpperFence = 99.022 μs
ConfidenceInterval = [74.087 μs; 108.145 μs] (CI 99.9%), Margin = 17.029 μs (18.69% of Mean)
Skewness = -0.06, Kurtosis = 0.68, MValue = 2
-------------------- Histogram --------------------
[86.043 μs ; 89.457 μs) | @
[89.457 μs ; 93.814 μs) | @@@
---------------------------------------------------

// * Summary *

BenchmarkDotNet v0.14.0, Ubuntu 24.04.4 LTS (Noble Numbat)
12th Gen Intel Core i7-12700H, 1 CPU, 20 logical and 10 physical cores
.NET SDK 10.0.302
  [Host]   : .NET 10.0.10 (10.0.1026.32716), X64 RyuJIT AVX2
  ShortRun : .NET 10.0.10 (10.0.1026.32716), X64 RyuJIT AVX2

Job=ShortRun  IterationCount=5  LaunchCount=1  
WarmupCount=3  

| Method                                        | Mean         | Error         | StdDev      | Ratio    | RatioSD | Rank | Gen0    | Gen1   | Allocated | Alloc Ratio |
|---------------------------------------------- |-------------:|--------------:|------------:|---------:|--------:|-----:|--------:|-------:|----------:|------------:|
| ManualDI_BuildServiceProvider                 |     1.679 μs |     0.2388 μs |   0.0620 μs |     1.00 |    0.05 |    1 |  0.5550 | 0.0916 |   6.81 KB |        1.00 |
| Needlr_Reflection_BuildServiceProvider        | 2,186.554 μs | 1,443.3742 μs | 223.3638 μs | 1,303.70 |  126.49 |    3 | 70.3125 | 7.8125 | 931.86 KB |      136.79 |
| Needlr_SourceGenExplicit_BuildServiceProvider |    76.581 μs |    43.2630 μs |   6.6950 μs |    45.66 |    3.88 |    2 |  8.7891 | 0.9766 | 109.57 KB |       16.08 |
| Needlr_SourceGenImplicit_BuildServiceProvider |    91.116 μs |    17.0287 μs |   2.6352 μs |    54.33 |    2.32 |    2 | 15.1367 | 1.9531 | 189.89 KB |       27.87 |

// * Hints *
Outliers
  ServiceProviderBuildBenchmarks.Needlr_Reflection_BuildServiceProvider: ShortRun        -> 1 outlier  was  removed (4.09 ms)
  ServiceProviderBuildBenchmarks.Needlr_SourceGenExplicit_BuildServiceProvider: ShortRun -> 1 outlier  was  removed (107.79 μs)
  ServiceProviderBuildBenchmarks.Needlr_SourceGenImplicit_BuildServiceProvider: ShortRun -> 1 outlier  was  removed (102.44 μs)
// * Config Issues *

// * Warnings *
Configuration
  Summary -> The exporter HtmlExporter is already present in configuration. There may be unexpected results.

// * Legends *
  Mean        : Arithmetic mean of all measurements
  Error       : Half of 99.9% confidence interval
  StdDev      : Standard deviation of all measurements
  Ratio       : Mean of the ratio distribution ([Current]/[Baseline])
  RatioSD     : Standard deviation of the ratio distribution ([Current]/[Baseline])
  Rank        : Relative position of current benchmark mean among all benchmarks (Arabic style)
  Gen0        : GC Generation 0 collects per 1000 operations
  Gen1        : GC Generation 1 collects per 1000 operations
  Allocated   : Allocated memory per single operation (managed only, inclusive, 1KB = 1024B)
  Alloc Ratio : Allocated memory ratio distribution ([Current]/[Baseline])
  1 μs        : 1 Microsecond (0.000001 sec)

// * Diagnostic Output - MemoryDiagnoser *


// ***** BenchmarkRunner: End *****
Run time: 00:00:22 (22.64 sec), executed benchmarks: 4

// Found 3 benchmarks:
//   SimpleServiceResolutionBenchmarks.ManualDI_ResolveSimple: ShortRun(IterationCount=5, LaunchCount=1, WarmupCount=3)
//   SimpleServiceResolutionBenchmarks.Needlr_Reflection_ResolveSimple: ShortRun(IterationCount=5, LaunchCount=1, WarmupCount=3)
//   SimpleServiceResolutionBenchmarks.Needlr_SourceGen_ResolveSimple: ShortRun(IterationCount=5, LaunchCount=1, WarmupCount=3)

// **************************
// Benchmark: SimpleServiceResolutionBenchmarks.ManualDI_ResolveSimple: ShortRun(IterationCount=5, LaunchCount=1, WarmupCount=3)
// *** Execute ***
// Launch: 1 / 1
// Execute: dotnet 7626e42a-34fe-4a7e-846b-e96fd185430e.dll --anonymousPipes 163 164 --benchmarkName NexusLabs.Needlr.Benchmarks.Benchmarks.SimpleServiceResolutionBenchmarks.ManualDI_ResolveSimple --job ShortRun --benchmarkId 55 in /actions-runner/_work/needlr/needlr/src/NexusLabs.Needlr.Benchmarks/bin/Release/net10.0/7626e42a-34fe-4a7e-846b-e96fd185430e/bin/Release/net10.0
// Failed to set up high priority (Permission denied). In order to run benchmarks with high priority, make sure you have the right permissions.
// BeforeAnythingElse

// Benchmark Process Environment Information:
// BenchmarkDotNet v0.14.0
// Runtime=.NET 10.0.10 (10.0.1026.32716), X64 RyuJIT AVX2
// GC=Concurrent Workstation
// HardwareIntrinsics=AVX2,AES,BMI1,BMI2,FMA,LZCNT,PCLMUL,POPCNT,AvxVnni,SERIALIZE VectorSize=256
// Job: ShortRun(IterationCount=5, LaunchCount=1, WarmupCount=3)

OverheadJitting  1: 1 op, 285630.00 ns, 285.6300 us/op
WorkloadJitting  1: 1 op, 3702156.00 ns, 3.7022 ms/op

OverheadJitting  2: 16 op, 425731.00 ns, 26.6082 us/op
WorkloadJitting  2: 16 op, 480830.00 ns, 30.0519 us/op

WorkloadPilot    1: 16 op, 7174.00 ns, 448.3750 ns/op
WorkloadPilot    2: 32 op, 7494.00 ns, 234.1875 ns/op
WorkloadPilot    3: 64 op, 7774.00 ns, 121.4688 ns/op
WorkloadPilot    4: 128 op, 11023.00 ns, 86.1172 ns/op
WorkloadPilot    5: 256 op, 21036.00 ns, 82.1719 ns/op
WorkloadPilot    6: 512 op, 38567.00 ns, 75.3262 ns/op
WorkloadPilot    7: 1024 op, 61680.00 ns, 60.2344 ns/op
WorkloadPilot    8: 2048 op, 120055.00 ns, 58.6206 ns/op
WorkloadPilot    9: 4096 op, 239617.00 ns, 58.5002 ns/op
WorkloadPilot   10: 8192 op, 542107.00 ns, 66.1752 ns/op
WorkloadPilot   11: 16384 op, 970771.00 ns, 59.2512 ns/op
WorkloadPilot   12: 32768 op, 1942169.00 ns, 59.2703 ns/op
WorkloadPilot   13: 65536 op, 3863932.00 ns, 58.9589 ns/op
WorkloadPilot   14: 131072 op, 7696211.00 ns, 58.7174 ns/op
WorkloadPilot   15: 262144 op, 15485167.00 ns, 59.0712 ns/op
WorkloadPilot   16: 524288 op, 37810302.00 ns, 72.1174 ns/op
WorkloadPilot   17: 1048576 op, 68950772.00 ns, 65.7566 ns/op
WorkloadPilot   18: 2097152 op, 28132709.00 ns, 13.4147 ns/op
WorkloadPilot   19: 4194304 op, 54754153.00 ns, 13.0544 ns/op
WorkloadPilot   20: 8388608 op, 113475989.00 ns, 13.5274 ns/op
WorkloadPilot   21: 16777216 op, 212968910.00 ns, 12.6939 ns/op
WorkloadPilot   22: 33554432 op, 447849647.00 ns, 13.3470 ns/op
WorkloadPilot   23: 67108864 op, 912351178.00 ns, 13.5951 ns/op

OverheadWarmup   1: 67108864 op, 260925875.00 ns, 3.8881 ns/op
OverheadWarmup   2: 67108864 op, 232593636.00 ns, 3.4659 ns/op
OverheadWarmup   3: 67108864 op, 234238662.00 ns, 3.4904 ns/op
OverheadWarmup   4: 67108864 op, 216105821.00 ns, 3.2202 ns/op
OverheadWarmup   5: 67108864 op, 230947689.00 ns, 3.4414 ns/op
OverheadWarmup   6: 67108864 op, 240564269.00 ns, 3.5847 ns/op
OverheadWarmup   7: 67108864 op, 231641546.00 ns, 3.4517 ns/op

OverheadActual   1: 67108864 op, 229480959.00 ns, 3.4195 ns/op
OverheadActual   2: 67108864 op, 233482910.00 ns, 3.4792 ns/op
OverheadActual   3: 67108864 op, 232519055.00 ns, 3.4648 ns/op
OverheadActual   4: 67108864 op, 235884290.00 ns, 3.5149 ns/op
OverheadActual   5: 67108864 op, 230503987.00 ns, 3.4348 ns/op
OverheadActual   6: 67108864 op, 222875646.00 ns, 3.3211 ns/op
OverheadActual   7: 67108864 op, 235196150.00 ns, 3.5047 ns/op
OverheadActual   8: 67108864 op, 236558843.00 ns, 3.5250 ns/op
OverheadActual   9: 67108864 op, 235251114.00 ns, 3.5055 ns/op
OverheadActual  10: 67108864 op, 224999565.00 ns, 3.3528 ns/op
OverheadActual  11: 67108864 op, 227814686.00 ns, 3.3947 ns/op
OverheadActual  12: 67108864 op, 236791023.00 ns, 3.5285 ns/op
OverheadActual  13: 67108864 op, 234178368.00 ns, 3.4895 ns/op
OverheadActual  14: 67108864 op, 237321945.00 ns, 3.5364 ns/op
OverheadActual  15: 67108864 op, 230945583.00 ns, 3.4414 ns/op

WorkloadWarmup   1: 67108864 op, 911622940.00 ns, 13.5842 ns/op
WorkloadWarmup   2: 67108864 op, 906661832.00 ns, 13.5103 ns/op
WorkloadWarmup   3: 67108864 op, 904526789.00 ns, 13.4785 ns/op

// BeforeActualRun
WorkloadActual   1: 67108864 op, 882235538.00 ns, 13.1463 ns/op
WorkloadActual   2: 67108864 op, 905925536.00 ns, 13.4993 ns/op
WorkloadActual   3: 67108864 op, 898664465.00 ns, 13.3911 ns/op
WorkloadActual   4: 67108864 op, 923629075.00 ns, 13.7631 ns/op
WorkloadActual   5: 67108864 op, 984640118.00 ns, 14.6723 ns/op

// AfterActualRun
WorkloadResult   1: 67108864 op, 648752628.00 ns, 9.6672 ns/op
WorkloadResult   2: 67108864 op, 672442626.00 ns, 10.0202 ns/op
WorkloadResult   3: 67108864 op, 665181555.00 ns, 9.9120 ns/op
WorkloadResult   4: 67108864 op, 690146165.00 ns, 10.2840 ns/op
// GC:  0 0 0 1072 67108864
// Threading:  0 0 67108864

// AfterAll
// Benchmark Process 2114 has exited with code 0.

Mean = 9.971 ns, StdErr = 0.128 ns (1.28%), N = 4, StdDev = 0.256 ns
Min = 9.667 ns, Q1 = 9.851 ns, Median = 9.966 ns, Q3 = 10.086 ns, Max = 10.284 ns
IQR = 0.235 ns, LowerFence = 9.498 ns, UpperFence = 10.439 ns
ConfidenceInterval = [8.318 ns; 11.623 ns] (CI 99.9%), Margin = 1.652 ns (16.57% of Mean)
Skewness = 0.04, Kurtosis = 1.06, MValue = 2

// ** Remained 9 (13.8%) benchmark(s) to run. Estimated finish 2026-08-02 4:22 (0h 1m from now) **
// **************************
// Benchmark: SimpleServiceResolutionBenchmarks.Needlr_Reflection_ResolveSimple: ShortRun(IterationCount=5, LaunchCount=1, WarmupCount=3)
// *** Execute ***
// Launch: 1 / 1
// Execute: dotnet 7626e42a-34fe-4a7e-846b-e96fd185430e.dll --anonymousPipes 163 164 --benchmarkName NexusLabs.Needlr.Benchmarks.Benchmarks.SimpleServiceResolutionBenchmarks.Needlr_Reflection_ResolveSimple --job ShortRun --benchmarkId 56 in /actions-runner/_work/needlr/needlr/src/NexusLabs.Needlr.Benchmarks/bin/Release/net10.0/7626e42a-34fe-4a7e-846b-e96fd185430e/bin/Release/net10.0
// Failed to set up high priority (Permission denied). In order to run benchmarks with high priority, make sure you have the right permissions.
// BeforeAnythingElse

// Benchmark Process Environment Information:
// BenchmarkDotNet v0.14.0
// Runtime=.NET 10.0.10 (10.0.1026.32716), X64 RyuJIT AVX2
// GC=Concurrent Workstation
// HardwareIntrinsics=AVX2,AES,BMI1,BMI2,FMA,LZCNT,PCLMUL,POPCNT,AvxVnni,SERIALIZE VectorSize=256
// Job: ShortRun(IterationCount=5, LaunchCount=1, WarmupCount=3)

OverheadJitting  1: 1 op, 400180.00 ns, 400.1800 us/op
WorkloadJitting  1: 1 op, 4551188.00 ns, 4.5512 ms/op

OverheadJitting  2: 16 op, 534909.00 ns, 33.4318 us/op
WorkloadJitting  2: 16 op, 558705.00 ns, 34.9191 us/op

WorkloadPilot    1: 16 op, 10454.00 ns, 653.3750 ns/op
WorkloadPilot    2: 32 op, 7499.00 ns, 234.3438 ns/op
WorkloadPilot    3: 64 op, 9079.00 ns, 141.8594 ns/op
WorkloadPilot    4: 128 op, 12502.00 ns, 97.6719 ns/op
WorkloadPilot    5: 256 op, 20500.00 ns, 80.0781 ns/op
WorkloadPilot    6: 512 op, 35248.00 ns, 68.8438 ns/op
WorkloadPilot    7: 1024 op, 63663.00 ns, 62.1709 ns/op
WorkloadPilot    8: 2048 op, 123195.00 ns, 60.1538 ns/op
WorkloadPilot    9: 4096 op, 240374.00 ns, 58.6851 ns/op
WorkloadPilot   10: 8192 op, 555924.00 ns, 67.8618 ns/op
WorkloadPilot   11: 16384 op, 1026339.00 ns, 62.6428 ns/op
WorkloadPilot   12: 32768 op, 2008158.00 ns, 61.2841 ns/op
WorkloadPilot   13: 65536 op, 4019082.00 ns, 61.3263 ns/op
WorkloadPilot   14: 131072 op, 8021442.00 ns, 61.1987 ns/op
WorkloadPilot   15: 262144 op, 16089730.00 ns, 61.3774 ns/op
WorkloadPilot   16: 524288 op, 32849899.00 ns, 62.6562 ns/op
WorkloadPilot   17: 1048576 op, 67079719.00 ns, 63.9722 ns/op
WorkloadPilot   18: 2097152 op, 30555506.00 ns, 14.5700 ns/op
WorkloadPilot   19: 4194304 op, 69000860.00 ns, 16.4511 ns/op
WorkloadPilot   20: 8388608 op, 135333589.00 ns, 16.1330 ns/op
WorkloadPilot   21: 16777216 op, 258065451.00 ns, 15.3819 ns/op
WorkloadPilot   22: 33554432 op, 470144274.00 ns, 14.0114 ns/op
WorkloadPilot   23: 67108864 op, 987297909.00 ns, 14.7119 ns/op

OverheadWarmup   1: 67108864 op, 263174011.00 ns, 3.9216 ns/op
OverheadWarmup   2: 67108864 op, 235875245.00 ns, 3.5148 ns/op
OverheadWarmup   3: 67108864 op, 223549647.00 ns, 3.3311 ns/op
OverheadWarmup   4: 67108864 op, 222562942.00 ns, 3.3164 ns/op
OverheadWarmup   5: 67108864 op, 233338852.00 ns, 3.4770 ns/op
OverheadWarmup   6: 67108864 op, 231760040.00 ns, 3.4535 ns/op
OverheadWarmup   7: 67108864 op, 231984510.00 ns, 3.4568 ns/op
OverheadWarmup   8: 67108864 op, 220794169.00 ns, 3.2901 ns/op

OverheadActual   1: 67108864 op, 226776984.00 ns, 3.3792 ns/op
OverheadActual   2: 67108864 op, 232353208.00 ns, 3.4623 ns/op
OverheadActual   3: 67108864 op, 235252533.00 ns, 3.5055 ns/op
OverheadActual   4: 67108864 op, 220321800.00 ns, 3.2831 ns/op
OverheadActual   5: 67108864 op, 224754093.00 ns, 3.3491 ns/op
OverheadActual   6: 67108864 op, 240073852.00 ns, 3.5774 ns/op
OverheadActual   7: 67108864 op, 250680839.00 ns, 3.7354 ns/op
OverheadActual   8: 67108864 op, 229236112.00 ns, 3.4159 ns/op
OverheadActual   9: 67108864 op, 222045012.00 ns, 3.3087 ns/op
OverheadActual  10: 67108864 op, 226369111.00 ns, 3.3732 ns/op
OverheadActual  11: 67108864 op, 230246332.00 ns, 3.4309 ns/op
OverheadActual  12: 67108864 op, 228934745.00 ns, 3.4114 ns/op
OverheadActual  13: 67108864 op, 238008972.00 ns, 3.5466 ns/op
OverheadActual  14: 67108864 op, 230067466.00 ns, 3.4283 ns/op
OverheadActual  15: 67108864 op, 221755481.00 ns, 3.3044 ns/op

WorkloadWarmup   1: 67108864 op, 992499794.00 ns, 14.7894 ns/op
WorkloadWarmup   2: 67108864 op, 973899643.00 ns, 14.5122 ns/op
WorkloadWarmup   3: 67108864 op, 960197965.00 ns, 14.3081 ns/op

// BeforeActualRun
WorkloadActual   1: 67108864 op, 950966088.00 ns, 14.1705 ns/op
WorkloadActual   2: 67108864 op, 1210975209.00 ns, 18.0449 ns/op
WorkloadActual   3: 67108864 op, 1018689222.00 ns, 15.1797 ns/op
WorkloadActual   4: 67108864 op, 1021285122.00 ns, 15.2183 ns/op
WorkloadActual   5: 67108864 op, 1008815031.00 ns, 15.0325 ns/op

// AfterActualRun
WorkloadResult   1: 67108864 op, 721729976.00 ns, 10.7546 ns/op
WorkloadResult   2: 67108864 op, 789453110.00 ns, 11.7638 ns/op
WorkloadResult   3: 67108864 op, 792049010.00 ns, 11.8024 ns/op
WorkloadResult   4: 67108864 op, 779578919.00 ns, 11.6166 ns/op
// GC:  0 0 0 1072 67108864
// Threading:  0 0 67108864

// AfterAll
// Benchmark Process 2125 has exited with code 0.

Mean = 11.484 ns, StdErr = 0.247 ns (2.15%), N = 4, StdDev = 0.493 ns
Min = 10.755 ns, Q1 = 11.401 ns, Median = 11.690 ns, Q3 = 11.773 ns, Max = 11.802 ns
IQR = 0.372 ns, LowerFence = 10.843 ns, UpperFence = 12.332 ns
ConfidenceInterval = [8.298 ns; 14.670 ns] (CI 99.9%), Margin = 3.186 ns (27.74% of Mean)
Skewness = -0.69, Kurtosis = 1.27, MValue = 2

// ** Remained 8 (12.3%) benchmark(s) to run. Estimated finish 2026-08-02 4:22 (0h 1m from now) **
// **************************
// Benchmark: SimpleServiceResolutionBenchmarks.Needlr_SourceGen_ResolveSimple: ShortRun(IterationCount=5, LaunchCount=1, WarmupCount=3)
// *** Execute ***
// Launch: 1 / 1
// Execute: dotnet 7626e42a-34fe-4a7e-846b-e96fd185430e.dll --anonymousPipes 163 164 --benchmarkName NexusLabs.Needlr.Benchmarks.Benchmarks.SimpleServiceResolutionBenchmarks.Needlr_SourceGen_ResolveSimple --job ShortRun --benchmarkId 57 in /actions-runner/_work/needlr/needlr/src/NexusLabs.Needlr.Benchmarks/bin/Release/net10.0/7626e42a-34fe-4a7e-846b-e96fd185430e/bin/Release/net10.0
// Failed to set up high priority (Permission denied). In order to run benchmarks with high priority, make sure you have the right permissions.
// BeforeAnythingElse

// Benchmark Process Environment Information:
// BenchmarkDotNet v0.14.0
// Runtime=.NET 10.0.10 (10.0.1026.32716), X64 RyuJIT AVX2
// GC=Concurrent Workstation
// HardwareIntrinsics=AVX2,AES,BMI1,BMI2,FMA,LZCNT,PCLMUL,POPCNT,AvxVnni,SERIALIZE VectorSize=256
// Job: ShortRun(IterationCount=5, LaunchCount=1, WarmupCount=3)

OverheadJitting  1: 1 op, 467807.00 ns, 467.8070 us/op
WorkloadJitting  1: 1 op, 3349836.00 ns, 3.3498 ms/op

OverheadJitting  2: 16 op, 847012.00 ns, 52.9383 us/op
WorkloadJitting  2: 16 op, 867739.00 ns, 54.2337 us/op

WorkloadPilot    1: 16 op, 10679.00 ns, 667.4375 ns/op
WorkloadPilot    2: 32 op, 9790.00 ns, 305.9375 ns/op
WorkloadPilot    3: 64 op, 11135.00 ns, 173.9844 ns/op
WorkloadPilot    4: 128 op, 14610.00 ns, 114.1406 ns/op
WorkloadPilot    5: 256 op, 23357.00 ns, 91.2383 ns/op
WorkloadPilot    6: 512 op, 36843.00 ns, 71.9590 ns/op
WorkloadPilot    7: 1024 op, 65365.00 ns, 63.8330 ns/op
WorkloadPilot    8: 2048 op, 126822.00 ns, 61.9248 ns/op
WorkloadPilot    9: 4096 op, 248240.00 ns, 60.6055 ns/op
WorkloadPilot   10: 8192 op, 544823.00 ns, 66.5067 ns/op
WorkloadPilot   11: 16384 op, 1181622.00 ns, 72.1205 ns/op
WorkloadPilot   12: 32768 op, 2082882.00 ns, 63.5645 ns/op
WorkloadPilot   13: 65536 op, 4045324.00 ns, 61.7267 ns/op
WorkloadPilot   14: 131072 op, 8202401.00 ns, 62.5794 ns/op
WorkloadPilot   15: 262144 op, 18086235.00 ns, 68.9935 ns/op
WorkloadPilot   16: 524288 op, 35589098.00 ns, 67.8808 ns/op
WorkloadPilot   17: 1048576 op, 69817553.00 ns, 66.5832 ns/op
WorkloadPilot   18: 2097152 op, 38547724.00 ns, 18.3810 ns/op
WorkloadPilot   19: 4194304 op, 68800961.00 ns, 16.4034 ns/op
WorkloadPilot   20: 8388608 op, 150148049.00 ns, 17.8990 ns/op
WorkloadPilot   21: 16777216 op, 265603003.00 ns, 15.8312 ns/op
WorkloadPilot   22: 33554432 op, 621942516.00 ns, 18.5353 ns/op

OverheadWarmup   1: 33554432 op, 163583962.00 ns, 4.8752 ns/op
OverheadWarmup   2: 33554432 op, 137753860.00 ns, 4.1054 ns/op
OverheadWarmup   3: 33554432 op, 123586936.00 ns, 3.6832 ns/op
OverheadWarmup   4: 33554432 op, 121294454.00 ns, 3.6149 ns/op
OverheadWarmup   5: 33554432 op, 124154521.00 ns, 3.7001 ns/op
OverheadWarmup   6: 33554432 op, 139409760.00 ns, 4.1547 ns/op
OverheadWarmup   7: 33554432 op, 153235201.00 ns, 4.5668 ns/op
OverheadWarmup   8: 33554432 op, 140432775.00 ns, 4.1852 ns/op
OverheadWarmup   9: 33554432 op, 130942577.00 ns, 3.9024 ns/op
OverheadWarmup  10: 33554432 op, 114325998.00 ns, 3.4072 ns/op

OverheadActual   1: 33554432 op, 120094462.00 ns, 3.5791 ns/op
OverheadActual   2: 33554432 op, 117592982.00 ns, 3.5045 ns/op
OverheadActual   3: 33554432 op, 120534725.00 ns, 3.5922 ns/op
OverheadActual   4: 33554432 op, 116295212.00 ns, 3.4659 ns/op
OverheadActual   5: 33554432 op, 124375882.00 ns, 3.7067 ns/op
OverheadActual   6: 33554432 op, 116413132.00 ns, 3.4694 ns/op
OverheadActual   7: 33554432 op, 116845295.00 ns, 3.4823 ns/op
OverheadActual   8: 33554432 op, 113859338.00 ns, 3.3933 ns/op
OverheadActual   9: 33554432 op, 116145079.00 ns, 3.4614 ns/op
OverheadActual  10: 33554432 op, 116018306.00 ns, 3.4576 ns/op
OverheadActual  11: 33554432 op, 110886203.00 ns, 3.3047 ns/op
OverheadActual  12: 33554432 op, 117114030.00 ns, 3.4903 ns/op
OverheadActual  13: 33554432 op, 108780879.00 ns, 3.2419 ns/op
OverheadActual  14: 33554432 op, 131776782.00 ns, 3.9273 ns/op
OverheadActual  15: 33554432 op, 130328411.00 ns, 3.8841 ns/op

WorkloadWarmup   1: 33554432 op, 446889423.00 ns, 13.3183 ns/op
WorkloadWarmup   2: 33554432 op, 520260600.00 ns, 15.5050 ns/op
WorkloadWarmup   3: 33554432 op, 555452961.00 ns, 16.5538 ns/op

// BeforeActualRun
WorkloadActual   1: 33554432 op, 470680561.00 ns, 14.0274 ns/op
WorkloadActual   2: 33554432 op, 443357745.00 ns, 13.2131 ns/op
WorkloadActual   3: 33554432 op, 446808814.00 ns, 13.3159 ns/op
WorkloadActual   4: 33554432 op, 468617855.00 ns, 13.9659 ns/op
WorkloadActual   5: 33554432 op, 456895882.00 ns, 13.6166 ns/op

// AfterActualRun
WorkloadResult   1: 33554432 op, 353835266.00 ns, 10.5451 ns/op
WorkloadResult   2: 33554432 op, 326512450.00 ns, 9.7308 ns/op
WorkloadResult   3: 33554432 op, 329963519.00 ns, 9.8337 ns/op
WorkloadResult   4: 33554432 op, 351772560.00 ns, 10.4836 ns/op
WorkloadResult   5: 33554432 op, 340050587.00 ns, 10.1343 ns/op
// GC:  0 0 0 1072 33554432
// Threading:  0 0 33554432

// AfterAll
// Benchmark Process 2139 has exited with code 0.

Mean = 10.146 ns, StdErr = 0.165 ns (1.62%), N = 5, StdDev = 0.369 ns
Min = 9.731 ns, Q1 = 9.834 ns, Median = 10.134 ns, Q3 = 10.484 ns, Max = 10.545 ns
IQR = 0.650 ns, LowerFence = 8.859 ns, UpperFence = 11.459 ns
ConfidenceInterval = [8.726 ns; 11.565 ns] (CI 99.9%), Margin = 1.419 ns (13.99% of Mean)
Skewness = 0, Kurtosis = 0.84, MValue = 2

// ** Remained 7 (10.8%) benchmark(s) to run. Estimated finish 2026-08-02 4:22 (0h 1m from now) **
// ***** BenchmarkRunner: Finish  *****

// * Export *
  actions-runner/_work/needlr/needlr/benchmark-results/results/NexusLabs.Needlr.Benchmarks.Benchmarks.SimpleServiceResolutionBenchmarks-report.csv
  actions-runner/_work/needlr/needlr/benchmark-results/results/NexusLabs.Needlr.Benchmarks.Benchmarks.SimpleServiceResolutionBenchmarks-report-github.md
  actions-runner/_work/needlr/needlr/benchmark-results/results/NexusLabs.Needlr.Benchmarks.Benchmarks.SimpleServiceResolutionBenchmarks-report.html
  actions-runner/_work/needlr/needlr/benchmark-results/results/NexusLabs.Needlr.Benchmarks.Benchmarks.SimpleServiceResolutionBenchmarks-report-full-compressed.json
  actions-runner/_work/needlr/needlr/benchmark-results/results/NexusLabs.Needlr.Benchmarks.Benchmarks.SimpleServiceResolutionBenchmarks-report-default.md

// * Detailed results *
SimpleServiceResolutionBenchmarks.ManualDI_ResolveSimple: ShortRun(IterationCount=5, LaunchCount=1, WarmupCount=3)
Runtime = .NET 10.0.10 (10.0.1026.32716), X64 RyuJIT AVX2; GC = Concurrent Workstation
Mean = 9.971 ns, StdErr = 0.128 ns (1.28%), N = 4, StdDev = 0.256 ns
Min = 9.667 ns, Q1 = 9.851 ns, Median = 9.966 ns, Q3 = 10.086 ns, Max = 10.284 ns
IQR = 0.235 ns, LowerFence = 9.498 ns, UpperFence = 10.439 ns
ConfidenceInterval = [8.318 ns; 11.623 ns] (CI 99.9%), Margin = 1.652 ns (16.57% of Mean)
Skewness = 0.04, Kurtosis = 1.06, MValue = 2
-------------------- Histogram --------------------
[ 9.632 ns ; 10.055 ns) | @@@
[10.055 ns ; 10.495 ns) | @
---------------------------------------------------

SimpleServiceResolutionBenchmarks.Needlr_Reflection_ResolveSimple: ShortRun(IterationCount=5, LaunchCount=1, WarmupCount=3)
Runtime = .NET 10.0.10 (10.0.1026.32716), X64 RyuJIT AVX2; GC = Concurrent Workstation
Mean = 11.484 ns, StdErr = 0.247 ns (2.15%), N = 4, StdDev = 0.493 ns
Min = 10.755 ns, Q1 = 11.401 ns, Median = 11.690 ns, Q3 = 11.773 ns, Max = 11.802 ns
IQR = 0.372 ns, LowerFence = 10.843 ns, UpperFence = 12.332 ns
ConfidenceInterval = [8.298 ns; 14.670 ns] (CI 99.9%), Margin = 3.186 ns (27.74% of Mean)
Skewness = -0.69, Kurtosis = 1.27, MValue = 2
-------------------- Histogram --------------------
[10.347 ns ; 11.302 ns) | @
[11.302 ns ; 12.210 ns) | @@@
---------------------------------------------------

SimpleServiceResolutionBenchmarks.Needlr_SourceGen_ResolveSimple: ShortRun(IterationCount=5, LaunchCount=1, WarmupCount=3)
Runtime = .NET 10.0.10 (10.0.1026.32716), X64 RyuJIT AVX2; GC = Concurrent Workstation
Mean = 10.146 ns, StdErr = 0.165 ns (1.62%), N = 5, StdDev = 0.369 ns
Min = 9.731 ns, Q1 = 9.834 ns, Median = 10.134 ns, Q3 = 10.484 ns, Max = 10.545 ns
IQR = 0.650 ns, LowerFence = 8.859 ns, UpperFence = 11.459 ns
ConfidenceInterval = [8.726 ns; 11.565 ns] (CI 99.9%), Margin = 1.419 ns (13.99% of Mean)
Skewness = 0, Kurtosis = 0.84, MValue = 2
-------------------- Histogram --------------------
[ 9.650 ns ; 10.215 ns) | @@@
[10.215 ns ; 10.828 ns) | @@
---------------------------------------------------

// * Summary *

BenchmarkDotNet v0.14.0, Ubuntu 24.04.4 LTS (Noble Numbat)
12th Gen Intel Core i7-12700H, 1 CPU, 20 logical and 10 physical cores
.NET SDK 10.0.302
  [Host]   : .NET 10.0.10 (10.0.1026.32716), X64 RyuJIT AVX2
  ShortRun : .NET 10.0.10 (10.0.1026.32716), X64 RyuJIT AVX2

Job=ShortRun  IterationCount=5  LaunchCount=1  
WarmupCount=3  

| Method                          | Mean      | Error    | StdDev    | Ratio | RatioSD | Rank | Allocated | Alloc Ratio |
|-------------------------------- |----------:|---------:|----------:|------:|--------:|-----:|----------:|------------:|
| ManualDI_ResolveSimple          |  9.971 ns | 1.652 ns | 0.2557 ns |  1.00 |    0.03 |    1 |         - |          NA |
| Needlr_Reflection_ResolveSimple | 11.484 ns | 3.186 ns | 0.4930 ns |  1.15 |    0.05 |    1 |         - |          NA |
| Needlr_SourceGen_ResolveSimple  | 10.146 ns | 1.419 ns | 0.3686 ns |  1.02 |    0.04 |    1 |         - |          NA |

// * Hints *
Outliers
  SimpleServiceResolutionBenchmarks.ManualDI_ResolveSimple: ShortRun          -> 1 outlier  was  removed (14.67 ns)
  SimpleServiceResolutionBenchmarks.Needlr_Reflection_ResolveSimple: ShortRun -> 1 outlier  was  removed, 2 outliers were detected (14.17 ns, 18.04 ns)
// * Config Issues *

// * Warnings *
Configuration
  Summary -> The exporter HtmlExporter is already present in configuration. There may be unexpected results.

// * Legends *
  Mean        : Arithmetic mean of all measurements
  Error       : Half of 99.9% confidence interval
  StdDev      : Standard deviation of all measurements
  Ratio       : Mean of the ratio distribution ([Current]/[Baseline])
  RatioSD     : Standard deviation of the ratio distribution ([Current]/[Baseline])
  Rank        : Relative position of current benchmark mean among all benchmarks (Arabic style)
  Allocated   : Allocated memory per single operation (managed only, inclusive, 1KB = 1024B)
  Alloc Ratio : Allocated memory ratio distribution ([Current]/[Baseline])
  1 ns        : 1 Nanosecond (0.000000001 sec)

// * Diagnostic Output - MemoryDiagnoser *


// ***** BenchmarkRunner: End *****
Run time: 00:00:41 (41.7 sec), executed benchmarks: 3

// Found 3 benchmarks:
//   TypeRegistrationBenchmarks.ManualDI_RegisterTypes: ShortRun(IterationCount=5, LaunchCount=1, WarmupCount=3)
//   TypeRegistrationBenchmarks.Needlr_Reflection_RegisterTypes: ShortRun(IterationCount=5, LaunchCount=1, WarmupCount=3)
//   TypeRegistrationBenchmarks.Needlr_SourceGen_RegisterTypes: ShortRun(IterationCount=5, LaunchCount=1, WarmupCount=3)

// **************************
// Benchmark: TypeRegistrationBenchmarks.ManualDI_RegisterTypes: ShortRun(IterationCount=5, LaunchCount=1, WarmupCount=3)
// *** Execute ***
// Launch: 1 / 1
// Execute: dotnet 7626e42a-34fe-4a7e-846b-e96fd185430e.dll --anonymousPipes 163 164 --benchmarkName NexusLabs.Needlr.Benchmarks.Benchmarks.TypeRegistrationBenchmarks.ManualDI_RegisterTypes --job ShortRun --benchmarkId 58 in /actions-runner/_work/needlr/needlr/src/NexusLabs.Needlr.Benchmarks/bin/Release/net10.0/7626e42a-34fe-4a7e-846b-e96fd185430e/bin/Release/net10.0
// Failed to set up high priority (Permission denied). In order to run benchmarks with high priority, make sure you have the right permissions.
// BeforeAnythingElse

// Benchmark Process Environment Information:
// BenchmarkDotNet v0.14.0
// Runtime=.NET 10.0.10 (10.0.1026.32716), X64 RyuJIT AVX2
// GC=Concurrent Workstation
// HardwareIntrinsics=AVX2,AES,BMI1,BMI2,FMA,LZCNT,PCLMUL,POPCNT,AvxVnni,SERIALIZE VectorSize=256
// Job: ShortRun(IterationCount=5, LaunchCount=1, WarmupCount=3)

OverheadJitting  1: 1 op, 263234.00 ns, 263.2340 us/op
WorkloadJitting  1: 1 op, 485290.00 ns, 485.2900 us/op

OverheadJitting  2: 16 op, 457885.00 ns, 28.6178 us/op
WorkloadJitting  2: 16 op, 468679.00 ns, 29.2924 us/op

WorkloadPilot    1: 16 op, 23785.00 ns, 1.4866 us/op
WorkloadPilot    2: 32 op, 30213.00 ns, 944.1563 ns/op
WorkloadPilot    3: 64 op, 40918.00 ns, 639.3438 ns/op
WorkloadPilot    4: 128 op, 74300.00 ns, 580.4688 ns/op
WorkloadPilot    5: 256 op, 135634.00 ns, 529.8203 ns/op
WorkloadPilot    6: 512 op, 243231.00 ns, 475.0605 ns/op
WorkloadPilot    7: 1024 op, 481594.00 ns, 470.3066 ns/op
WorkloadPilot    8: 2048 op, 867206.00 ns, 423.4404 ns/op
WorkloadPilot    9: 4096 op, 1855120.00 ns, 452.9102 ns/op
WorkloadPilot   10: 8192 op, 3522841.00 ns, 430.0343 ns/op
WorkloadPilot   11: 16384 op, 7195780.00 ns, 439.1956 ns/op
WorkloadPilot   12: 32768 op, 12273672.00 ns, 374.5627 ns/op
WorkloadPilot   13: 65536 op, 18378113.00 ns, 280.4277 ns/op
WorkloadPilot   14: 131072 op, 36590910.00 ns, 279.1665 ns/op
WorkloadPilot   15: 262144 op, 43312842.00 ns, 165.2254 ns/op
WorkloadPilot   16: 524288 op, 55165092.00 ns, 105.2191 ns/op
WorkloadPilot   17: 1048576 op, 118414828.00 ns, 112.9292 ns/op
WorkloadPilot   18: 2097152 op, 221964867.00 ns, 105.8411 ns/op
WorkloadPilot   19: 4194304 op, 461578699.00 ns, 110.0489 ns/op
WorkloadPilot   20: 8388608 op, 894260668.00 ns, 106.6042 ns/op

OverheadWarmup   1: 8388608 op, 35749674.00 ns, 4.2617 ns/op
OverheadWarmup   2: 8388608 op, 36895468.00 ns, 4.3983 ns/op
OverheadWarmup   3: 8388608 op, 38035159.00 ns, 4.5341 ns/op
OverheadWarmup   4: 8388608 op, 38877280.00 ns, 4.6345 ns/op
OverheadWarmup   5: 8388608 op, 38875897.00 ns, 4.6344 ns/op
OverheadWarmup   6: 8388608 op, 37917720.00 ns, 4.5201 ns/op
OverheadWarmup   7: 8388608 op, 37953285.00 ns, 4.5244 ns/op
OverheadWarmup   8: 8388608 op, 35666777.00 ns, 4.2518 ns/op

OverheadActual   1: 8388608 op, 27851870.00 ns, 3.3202 ns/op
OverheadActual   2: 8388608 op, 32754631.00 ns, 3.9047 ns/op
OverheadActual   3: 8388608 op, 31096604.00 ns, 3.7070 ns/op
OverheadActual   4: 8388608 op, 27051690.00 ns, 3.2248 ns/op
OverheadActual   5: 8388608 op, 27715257.00 ns, 3.3039 ns/op
OverheadActual   6: 8388608 op, 28586831.00 ns, 3.4078 ns/op
OverheadActual   7: 8388608 op, 30843338.00 ns, 3.6768 ns/op
OverheadActual   8: 8388608 op, 28618087.00 ns, 3.4115 ns/op
OverheadActual   9: 8388608 op, 29441615.00 ns, 3.5097 ns/op
OverheadActual  10: 8388608 op, 30996311.00 ns, 3.6950 ns/op
OverheadActual  11: 8388608 op, 29846417.00 ns, 3.5580 ns/op
OverheadActual  12: 8388608 op, 29111561.00 ns, 3.4704 ns/op
OverheadActual  13: 8388608 op, 30484635.00 ns, 3.6341 ns/op
OverheadActual  14: 8388608 op, 29853961.00 ns, 3.5589 ns/op
OverheadActual  15: 8388608 op, 29767602.00 ns, 3.5486 ns/op
OverheadActual  16: 8388608 op, 31227516.00 ns, 3.7226 ns/op
OverheadActual  17: 8388608 op, 29865913.00 ns, 3.5603 ns/op

WorkloadWarmup   1: 8388608 op, 894015384.00 ns, 106.5749 ns/op
WorkloadWarmup   2: 8388608 op, 881130835.00 ns, 105.0390 ns/op
WorkloadWarmup   3: 8388608 op, 869267002.00 ns, 103.6247 ns/op

// BeforeActualRun
WorkloadActual   1: 8388608 op, 828911131.00 ns, 98.8139 ns/op
WorkloadActual   2: 8388608 op, 953069704.00 ns, 113.6148 ns/op
WorkloadActual   3: 8388608 op, 963079719.00 ns, 114.8080 ns/op
WorkloadActual   4: 8388608 op, 852677085.00 ns, 101.6470 ns/op
WorkloadActual   5: 8388608 op, 913187987.00 ns, 108.8605 ns/op

// AfterActualRun
WorkloadResult   1: 8388608 op, 799064714.00 ns, 95.2559 ns/op
WorkloadResult   2: 8388608 op, 923223287.00 ns, 110.0568 ns/op
WorkloadResult   3: 8388608 op, 933233302.00 ns, 111.2501 ns/op
WorkloadResult   4: 8388608 op, 822830668.00 ns, 98.0891 ns/op
WorkloadResult   5: 8388608 op, 883341570.00 ns, 105.3025 ns/op
// GC:  353 0 0 4429185760 8388608
// Threading:  0 0 8388608

// AfterAll
// Benchmark Process 2151 has exited with code 0.

Mean = 103.991 ns, StdErr = 3.181 ns (3.06%), N = 5, StdDev = 7.112 ns
Min = 95.256 ns, Q1 = 98.089 ns, Median = 105.303 ns, Q3 = 110.057 ns, Max = 111.250 ns
IQR = 11.968 ns, LowerFence = 80.137 ns, UpperFence = 128.008 ns
ConfidenceInterval = [76.604 ns; 131.378 ns] (CI 99.9%), Margin = 27.387 ns (26.34% of Mean)
Skewness = -0.15, Kurtosis = 0.87, MValue = 2

// ** Remained 6 (9.2%) benchmark(s) to run. Estimated finish 2026-08-02 4:22 (0h 0m from now) **
// **************************
// Benchmark: TypeRegistrationBenchmarks.Needlr_Reflection_RegisterTypes: ShortRun(IterationCount=5, LaunchCount=1, WarmupCount=3)
// *** Execute ***
// Launch: 1 / 1
// Execute: dotnet 7626e42a-34fe-4a7e-846b-e96fd185430e.dll --anonymousPipes 163 164 --benchmarkName NexusLabs.Needlr.Benchmarks.Benchmarks.TypeRegistrationBenchmarks.Needlr_Reflection_RegisterTypes --job ShortRun --benchmarkId 59 in /actions-runner/_work/needlr/needlr/src/NexusLabs.Needlr.Benchmarks/bin/Release/net10.0/7626e42a-34fe-4a7e-846b-e96fd185430e/bin/Release/net10.0
// Failed to set up high priority (Permission denied). In order to run benchmarks with high priority, make sure you have the right permissions.
// BeforeAnythingElse

// Benchmark Process Environment Information:
// BenchmarkDotNet v0.14.0
// Runtime=.NET 10.0.10 (10.0.1026.32716), X64 RyuJIT AVX2
// GC=Concurrent Workstation
// HardwareIntrinsics=AVX2,AES,BMI1,BMI2,FMA,LZCNT,PCLMUL,POPCNT,AvxVnni,SERIALIZE VectorSize=256
// Job: ShortRun(IterationCount=5, LaunchCount=1, WarmupCount=3)

OverheadJitting  1: 1 op, 305264.00 ns, 305.2640 us/op
WorkloadJitting  1: 1 op, 19227141.00 ns, 19.2271 ms/op

OverheadJitting  2: 16 op, 462200.00 ns, 28.8875 us/op
WorkloadJitting  2: 16 op, 32790646.00 ns, 2.0494 ms/op

WorkloadPilot    1: 16 op, 35468773.00 ns, 2.2168 ms/op
WorkloadPilot    2: 32 op, 66801363.00 ns, 2.0875 ms/op
WorkloadPilot    3: 64 op, 190595643.00 ns, 2.9781 ms/op
WorkloadPilot    4: 128 op, 427065323.00 ns, 3.3364 ms/op
WorkloadPilot    5: 256 op, 1065029414.00 ns, 4.1603 ms/op

OverheadWarmup   1: 256 op, 4574.00 ns, 17.8672 ns/op
OverheadWarmup   2: 256 op, 2400.00 ns, 9.3750 ns/op
OverheadWarmup   3: 256 op, 2593.00 ns, 10.1289 ns/op
OverheadWarmup   4: 256 op, 2535.00 ns, 9.9023 ns/op
OverheadWarmup   5: 256 op, 2323.00 ns, 9.0742 ns/op
OverheadWarmup   6: 256 op, 3287.00 ns, 12.8398 ns/op
OverheadWarmup   7: 256 op, 2419.00 ns, 9.4492 ns/op

OverheadActual   1: 256 op, 2560.00 ns, 10.0000 ns/op
OverheadActual   2: 256 op, 3726.00 ns, 14.5547 ns/op
OverheadActual   3: 256 op, 2699.00 ns, 10.5430 ns/op
OverheadActual   4: 256 op, 3390.00 ns, 13.2422 ns/op
OverheadActual   5: 256 op, 3883.00 ns, 15.1680 ns/op
OverheadActual   6: 256 op, 3332.00 ns, 13.0156 ns/op
OverheadActual   7: 256 op, 3584.00 ns, 14.0000 ns/op
OverheadActual   8: 256 op, 3032.00 ns, 11.8438 ns/op
OverheadActual   9: 256 op, 3468.00 ns, 13.5469 ns/op
OverheadActual  10: 256 op, 4308.00 ns, 16.8281 ns/op
OverheadActual  11: 256 op, 3464.00 ns, 13.5313 ns/op
OverheadActual  12: 256 op, 3398.00 ns, 13.2734 ns/op
OverheadActual  13: 256 op, 2858.00 ns, 11.1641 ns/op
OverheadActual  14: 256 op, 3581.00 ns, 13.9883 ns/op
OverheadActual  15: 256 op, 2692.00 ns, 10.5156 ns/op
OverheadActual  16: 256 op, 3891.00 ns, 15.1992 ns/op
OverheadActual  17: 256 op, 4137.00 ns, 16.1602 ns/op
OverheadActual  18: 256 op, 3797.00 ns, 14.8320 ns/op
OverheadActual  19: 256 op, 3055.00 ns, 11.9336 ns/op
OverheadActual  20: 256 op, 5692.00 ns, 22.2344 ns/op

WorkloadWarmup   1: 256 op, 732128430.00 ns, 2.8599 ms/op
WorkloadWarmup   2: 256 op, 375958150.00 ns, 1.4686 ms/op
WorkloadWarmup   3: 256 op, 325509669.00 ns, 1.2715 ms/op

// BeforeActualRun
WorkloadActual   1: 256 op, 351228721.00 ns, 1.3720 ms/op
WorkloadActual   2: 256 op, 255426799.00 ns, 997.7609 us/op
WorkloadActual   3: 256 op, 239834355.00 ns, 936.8529 us/op
WorkloadActual   4: 256 op, 242248706.00 ns, 946.2840 us/op
WorkloadActual   5: 256 op, 236466982.00 ns, 923.6991 us/op

// AfterActualRun
WorkloadResult   1: 256 op, 255423333.00 ns, 997.7474 us/op
WorkloadResult   2: 256 op, 239830889.00 ns, 936.8394 us/op
WorkloadResult   3: 256 op, 242245240.00 ns, 946.2705 us/op
WorkloadResult   4: 256 op, 236463516.00 ns, 923.6856 us/op
// GC:  12 1 0 151447344 256
// Threading:  0 0 256

// AfterAll
// Benchmark Process 2161 has exited with code 0.

Mean = 951.136 μs, StdErr = 16.213 μs (1.70%), N = 4, StdDev = 32.425 μs
Min = 923.686 μs, Q1 = 933.551 μs, Median = 941.555 μs, Q3 = 959.140 μs, Max = 997.747 μs
IQR = 25.589 μs, LowerFence = 895.168 μs, UpperFence = 997.523 μs
ConfidenceInterval = [741.603 μs; 1,160.668 μs] (CI 99.9%), Margin = 209.532 μs (22.03% of Mean)
Skewness = 0.57, Kurtosis = 1.21, MValue = 2

// ** Remained 5 (7.7%) benchmark(s) to run. Estimated finish 2026-08-02 4:22 (0h 0m from now) **
// **************************
// Benchmark: TypeRegistrationBenchmarks.Needlr_SourceGen_RegisterTypes: ShortRun(IterationCount=5, LaunchCount=1, WarmupCount=3)
// *** Execute ***
// Launch: 1 / 1
// Execute: dotnet 7626e42a-34fe-4a7e-846b-e96fd185430e.dll --anonymousPipes 163 164 --benchmarkName NexusLabs.Needlr.Benchmarks.Benchmarks.TypeRegistrationBenchmarks.Needlr_SourceGen_RegisterTypes --job ShortRun --benchmarkId 60 in /actions-runner/_work/needlr/needlr/src/NexusLabs.Needlr.Benchmarks/bin/Release/net10.0/7626e42a-34fe-4a7e-846b-e96fd185430e/bin/Release/net10.0
// Failed to set up high priority (Permission denied). In order to run benchmarks with high priority, make sure you have the right permissions.
// BeforeAnythingElse

// Benchmark Process Environment Information:
// BenchmarkDotNet v0.14.0
// Runtime=.NET 10.0.10 (10.0.1026.32716), X64 RyuJIT AVX2
// GC=Concurrent Workstation
// HardwareIntrinsics=AVX2,AES,BMI1,BMI2,FMA,LZCNT,PCLMUL,POPCNT,AvxVnni,SERIALIZE VectorSize=256
// Job: ShortRun(IterationCount=5, LaunchCount=1, WarmupCount=3)

OverheadJitting  1: 1 op, 290003.00 ns, 290.0030 us/op
WorkloadJitting  1: 1 op, 5775683.00 ns, 5.7757 ms/op

OverheadJitting  2: 16 op, 440487.00 ns, 27.5304 us/op
WorkloadJitting  2: 16 op, 1791324.00 ns, 111.9578 us/op

WorkloadPilot    1: 16 op, 1186453.00 ns, 74.1533 us/op
WorkloadPilot    2: 32 op, 2454455.00 ns, 76.7017 us/op
WorkloadPilot    3: 64 op, 5151325.00 ns, 80.4895 us/op
WorkloadPilot    4: 128 op, 11733512.00 ns, 91.6681 us/op
WorkloadPilot    5: 256 op, 21384312.00 ns, 83.5325 us/op
WorkloadPilot    6: 512 op, 35984114.00 ns, 70.2815 us/op
WorkloadPilot    7: 1024 op, 65864642.00 ns, 64.3209 us/op
WorkloadPilot    8: 2048 op, 157210699.00 ns, 76.7630 us/op
WorkloadPilot    9: 4096 op, 84255978.00 ns, 20.5703 us/op
WorkloadPilot   10: 8192 op, 108557118.00 ns, 13.2516 us/op
WorkloadPilot   11: 16384 op, 207027410.00 ns, 12.6360 us/op
WorkloadPilot   12: 32768 op, 433807337.00 ns, 13.2387 us/op
WorkloadPilot   13: 65536 op, 851710884.00 ns, 12.9961 us/op

OverheadWarmup   1: 65536 op, 292675.00 ns, 4.4659 ns/op
OverheadWarmup   2: 65536 op, 280472.00 ns, 4.2797 ns/op
OverheadWarmup   3: 65536 op, 286863.00 ns, 4.3772 ns/op
OverheadWarmup   4: 65536 op, 279876.00 ns, 4.2706 ns/op
OverheadWarmup   5: 65536 op, 279578.00 ns, 4.2660 ns/op
OverheadWarmup   6: 65536 op, 288302.00 ns, 4.3991 ns/op
OverheadWarmup   7: 65536 op, 279495.00 ns, 4.2648 ns/op

OverheadActual   1: 65536 op, 278066.00 ns, 4.2430 ns/op
OverheadActual   2: 65536 op, 284596.00 ns, 4.3426 ns/op
OverheadActual   3: 65536 op, 286319.00 ns, 4.3689 ns/op
OverheadActual   4: 65536 op, 333150.00 ns, 5.0835 ns/op
OverheadActual   5: 65536 op, 282427.00 ns, 4.3095 ns/op
OverheadActual   6: 65536 op, 276302.00 ns, 4.2160 ns/op
OverheadActual   7: 65536 op, 280347.00 ns, 4.2778 ns/op
OverheadActual   8: 65536 op, 254677.00 ns, 3.8861 ns/op
OverheadActual   9: 65536 op, 266516.00 ns, 4.0667 ns/op
OverheadActual  10: 65536 op, 279056.00 ns, 4.2581 ns/op
OverheadActual  11: 65536 op, 273857.00 ns, 4.1787 ns/op
OverheadActual  12: 65536 op, 297624.00 ns, 4.5414 ns/op
OverheadActual  13: 65536 op, 286420.00 ns, 4.3704 ns/op
OverheadActual  14: 65536 op, 277462.00 ns, 4.2337 ns/op
OverheadActual  15: 65536 op, 294883.00 ns, 4.4996 ns/op

WorkloadWarmup   1: 65536 op, 824067847.00 ns, 12.5743 us/op
WorkloadWarmup   2: 65536 op, 933554893.00 ns, 14.2449 us/op
WorkloadWarmup   3: 65536 op, 848988586.00 ns, 12.9545 us/op

// BeforeActualRun
WorkloadActual   1: 65536 op, 860340548.00 ns, 13.1278 us/op
WorkloadActual   2: 65536 op, 833532417.00 ns, 12.7187 us/op
WorkloadActual   3: 65536 op, 804850956.00 ns, 12.2811 us/op
WorkloadActual   4: 65536 op, 795669195.00 ns, 12.1409 us/op
WorkloadActual   5: 65536 op, 813404460.00 ns, 12.4116 us/op

// AfterActualRun
WorkloadResult   1: 65536 op, 860060201.00 ns, 13.1235 us/op
WorkloadResult   2: 65536 op, 833252070.00 ns, 12.7144 us/op
WorkloadResult   3: 65536 op, 804570609.00 ns, 12.2768 us/op
WorkloadResult   4: 65536 op, 795388848.00 ns, 12.1367 us/op
WorkloadResult   5: 65536 op, 813124113.00 ns, 12.4073 us/op
// GC:  161 13 0 2028995296 65536
// Threading:  0 0 65536

// AfterAll
// Benchmark Process 2169 has exited with code 0.

Mean = 12.532 μs, StdErr = 0.176 μs (1.41%), N = 5, StdDev = 0.394 μs
Min = 12.137 μs, Q1 = 12.277 μs, Median = 12.407 μs, Q3 = 12.714 μs, Max = 13.123 μs
IQR = 0.438 μs, LowerFence = 11.620 μs, UpperFence = 13.371 μs
ConfidenceInterval = [11.016 μs; 14.048 μs] (CI 99.9%), Margin = 1.516 μs (12.10% of Mean)
Skewness = 0.44, Kurtosis = 1.27, MValue = 2

// ** Remained 4 (6.2%) benchmark(s) to run. Estimated finish 2026-08-02 4:22 (0h 0m from now) **
// ***** BenchmarkRunner: Finish  *****

// * Export *
  actions-runner/_work/needlr/needlr/benchmark-results/results/NexusLabs.Needlr.Benchmarks.Benchmarks.TypeRegistrationBenchmarks-report.csv
  actions-runner/_work/needlr/needlr/benchmark-results/results/NexusLabs.Needlr.Benchmarks.Benchmarks.TypeRegistrationBenchmarks-report-github.md
  actions-runner/_work/needlr/needlr/benchmark-results/results/NexusLabs.Needlr.Benchmarks.Benchmarks.TypeRegistrationBenchmarks-report.html
  actions-runner/_work/needlr/needlr/benchmark-results/results/NexusLabs.Needlr.Benchmarks.Benchmarks.TypeRegistrationBenchmarks-report-full-compressed.json
  actions-runner/_work/needlr/needlr/benchmark-results/results/NexusLabs.Needlr.Benchmarks.Benchmarks.TypeRegistrationBenchmarks-report-default.md

// * Detailed results *
TypeRegistrationBenchmarks.ManualDI_RegisterTypes: ShortRun(IterationCount=5, LaunchCount=1, WarmupCount=3)
Runtime = .NET 10.0.10 (10.0.1026.32716), X64 RyuJIT AVX2; GC = Concurrent Workstation
Mean = 103.991 ns, StdErr = 3.181 ns (3.06%), N = 5, StdDev = 7.112 ns
Min = 95.256 ns, Q1 = 98.089 ns, Median = 105.303 ns, Q3 = 110.057 ns, Max = 111.250 ns
IQR = 11.968 ns, LowerFence = 80.137 ns, UpperFence = 128.008 ns
ConfidenceInterval = [76.604 ns; 131.378 ns] (CI 99.9%), Margin = 27.387 ns (26.34% of Mean)
Skewness = -0.15, Kurtosis = 0.87, MValue = 2
-------------------- Histogram --------------------
[ 89.797 ns ; 102.817 ns) | @@
[102.817 ns ; 113.735 ns) | @@@
---------------------------------------------------

TypeRegistrationBenchmarks.Needlr_Reflection_RegisterTypes: ShortRun(IterationCount=5, LaunchCount=1, WarmupCount=3)
Runtime = .NET 10.0.10 (10.0.1026.32716), X64 RyuJIT AVX2; GC = Concurrent Workstation
Mean = 951.136 μs, StdErr = 16.213 μs (1.70%), N = 4, StdDev = 32.425 μs
Min = 923.686 μs, Q1 = 933.551 μs, Median = 941.555 μs, Q3 = 959.140 μs, Max = 997.747 μs
IQR = 25.589 μs, LowerFence = 895.168 μs, UpperFence = 997.523 μs
ConfidenceInterval = [741.603 μs; 1,160.668 μs] (CI 99.9%), Margin = 209.532 μs (22.03% of Mean)
Skewness = 0.57, Kurtosis = 1.21, MValue = 2
-------------------- Histogram --------------------
[908.168 μs ;   961.788 μs) | @@@
[961.788 μs ; 1,024.557 μs) | @
---------------------------------------------------

TypeRegistrationBenchmarks.Needlr_SourceGen_RegisterTypes: ShortRun(IterationCount=5, LaunchCount=1, WarmupCount=3)
Runtime = .NET 10.0.10 (10.0.1026.32716), X64 RyuJIT AVX2; GC = Concurrent Workstation
Mean = 12.532 μs, StdErr = 0.176 μs (1.41%), N = 5, StdDev = 0.394 μs
Min = 12.137 μs, Q1 = 12.277 μs, Median = 12.407 μs, Q3 = 12.714 μs, Max = 13.123 μs
IQR = 0.438 μs, LowerFence = 11.620 μs, UpperFence = 13.371 μs
ConfidenceInterval = [11.016 μs; 14.048 μs] (CI 99.9%), Margin = 1.516 μs (12.10% of Mean)
Skewness = 0.44, Kurtosis = 1.27, MValue = 2
-------------------- Histogram --------------------
[12.123 μs ; 12.728 μs) | @@@@
[12.728 μs ; 13.426 μs) | @
---------------------------------------------------

// * Summary *

BenchmarkDotNet v0.14.0, Ubuntu 24.04.4 LTS (Noble Numbat)
12th Gen Intel Core i7-12700H, 1 CPU, 20 logical and 10 physical cores
.NET SDK 10.0.302
  [Host]   : .NET 10.0.10 (10.0.1026.32716), X64 RyuJIT AVX2
  ShortRun : .NET 10.0.10 (10.0.1026.32716), X64 RyuJIT AVX2

Job=ShortRun  IterationCount=5  LaunchCount=1  
WarmupCount=3  

| Method                          | Mean         | Error         | StdDev       | Ratio    | RatioSD | Rank | Gen0    | Gen1   | Allocated | Alloc Ratio |
|-------------------------------- |-------------:|--------------:|-------------:|---------:|--------:|-----:|--------:|-------:|----------:|------------:|
| ManualDI_RegisterTypes          |     104.0 ns |      27.39 ns |      7.11 ns |     1.00 |    0.09 |    1 |  0.0421 |      - |     528 B |        1.00 |
| Needlr_Reflection_RegisterTypes | 951,135.7 ns | 209,532.33 ns | 32,425.36 ns | 9,181.18 |  647.64 |    3 | 46.8750 | 3.9063 |  591591 B |    1,120.44 |
| Needlr_SourceGen_RegisterTypes  |  12,531.7 ns |   1,516.12 ns |    393.73 ns |   120.97 |    8.41 |    2 |  2.4567 | 0.1984 |   30960 B |       58.64 |

// * Hints *
Outliers
  TypeRegistrationBenchmarks.Needlr_Reflection_RegisterTypes: ShortRun -> 1 outlier  was  removed (1.37 ms)
// * Config Issues *

// * Warnings *
Configuration
  Summary -> The exporter HtmlExporter is already present in configuration. There may be unexpected results.

// * Legends *
  Mean        : Arithmetic mean of all measurements
  Error       : Half of 99.9% confidence interval
  StdDev      : Standard deviation of all measurements
  Ratio       : Mean of the ratio distribution ([Current]/[Baseline])
  RatioSD     : Standard deviation of the ratio distribution ([Current]/[Baseline])
  Rank        : Relative position of current benchmark mean among all benchmarks (Arabic style)
  Gen0        : GC Generation 0 collects per 1000 operations
  Gen1        : GC Generation 1 collects per 1000 operations
  Allocated   : Allocated memory per single operation (managed only, inclusive, 1KB = 1024B)
  Alloc Ratio : Allocated memory ratio distribution ([Current]/[Baseline])
  1 ns        : 1 Nanosecond (0.000000001 sec)

// * Diagnostic Output - MemoryDiagnoser *


// ***** BenchmarkRunner: End *****
Run time: 00:00:25 (25.72 sec), executed benchmarks: 3

// Found 4 benchmarks:
//   WebApplicationBuildBenchmarks.ManualDI_BuildWebApp: ShortRun(InvocationCount=1, IterationCount=5, LaunchCount=1, UnrollFactor=1, WarmupCount=3)
//   WebApplicationBuildBenchmarks.Needlr_Reflection_BuildWebApp: ShortRun(InvocationCount=1, IterationCount=5, LaunchCount=1, UnrollFactor=1, WarmupCount=3)
//   WebApplicationBuildBenchmarks.Needlr_SourceGen_BuildWebApp: ShortRun(InvocationCount=1, IterationCount=5, LaunchCount=1, UnrollFactor=1, WarmupCount=3)
//   WebApplicationBuildBenchmarks.Needlr_SourceGenExplicit_BuildWebApp: ShortRun(InvocationCount=1, IterationCount=5, LaunchCount=1, UnrollFactor=1, WarmupCount=3)

// **************************
// Benchmark: WebApplicationBuildBenchmarks.ManualDI_BuildWebApp: ShortRun(InvocationCount=1, IterationCount=5, LaunchCount=1, UnrollFactor=1, WarmupCount=3)
// *** Execute ***
// Launch: 1 / 1
// Execute: dotnet 7626e42a-34fe-4a7e-846b-e96fd185430e.dll --anonymousPipes 163 164 --benchmarkName NexusLabs.Needlr.Benchmarks.Benchmarks.WebApplicationBuildBenchmarks.ManualDI_BuildWebApp --job ShortRun --benchmarkId 61 in /actions-runner/_work/needlr/needlr/src/NexusLabs.Needlr.Benchmarks/bin/Release/net10.0/7626e42a-34fe-4a7e-846b-e96fd185430e/bin/Release/net10.0
// Failed to set up high priority (Permission denied). In order to run benchmarks with high priority, make sure you have the right permissions.
// BeforeAnythingElse

// Benchmark Process Environment Information:
// BenchmarkDotNet v0.14.0
// Runtime=.NET 10.0.10 (10.0.1026.32716), X64 RyuJIT AVX2
// GC=Concurrent Workstation
// HardwareIntrinsics=AVX2,AES,BMI1,BMI2,FMA,LZCNT,PCLMUL,POPCNT,AvxVnni,SERIALIZE VectorSize=256
// Job: ShortRun(InvocationCount=1, IterationCount=5, LaunchCount=1, UnrollFactor=1, WarmupCount=3)

OverheadJitting  1: 1 op, 305250.00 ns, 305.2500 us/op
WorkloadJitting  1: 1 op, 63243772.00 ns, 63.2438 ms/op

OverheadWarmup   1: 1 op, 725.00 ns, 725.0000 ns/op
OverheadWarmup   2: 1 op, 364.00 ns, 364.0000 ns/op
OverheadWarmup   3: 1 op, 407.00 ns, 407.0000 ns/op
OverheadWarmup   4: 1 op, 405.00 ns, 405.0000 ns/op
OverheadWarmup   5: 1 op, 419.00 ns, 419.0000 ns/op
OverheadWarmup   6: 1 op, 356.00 ns, 356.0000 ns/op

OverheadActual   1: 1 op, 345.00 ns, 345.0000 ns/op
OverheadActual   2: 1 op, 531.00 ns, 531.0000 ns/op
OverheadActual   3: 1 op, 624.00 ns, 624.0000 ns/op
OverheadActual   4: 1 op, 394.00 ns, 394.0000 ns/op
OverheadActual   5: 1 op, 395.00 ns, 395.0000 ns/op
OverheadActual   6: 1 op, 406.00 ns, 406.0000 ns/op
OverheadActual   7: 1 op, 413.00 ns, 413.0000 ns/op
OverheadActual   8: 1 op, 482.00 ns, 482.0000 ns/op
OverheadActual   9: 1 op, 430.00 ns, 430.0000 ns/op
OverheadActual  10: 1 op, 440.00 ns, 440.0000 ns/op
OverheadActual  11: 1 op, 358.00 ns, 358.0000 ns/op
OverheadActual  12: 1 op, 367.00 ns, 367.0000 ns/op
OverheadActual  13: 1 op, 386.00 ns, 386.0000 ns/op
OverheadActual  14: 1 op, 318.00 ns, 318.0000 ns/op
OverheadActual  15: 1 op, 381.00 ns, 381.0000 ns/op
OverheadActual  16: 1 op, 330.00 ns, 330.0000 ns/op
OverheadActual  17: 1 op, 344.00 ns, 344.0000 ns/op
OverheadActual  18: 1 op, 455.00 ns, 455.0000 ns/op
OverheadActual  19: 1 op, 345.00 ns, 345.0000 ns/op
OverheadActual  20: 1 op, 363.00 ns, 363.0000 ns/op

WorkloadWarmup   1: 1 op, 3941104.00 ns, 3.9411 ms/op
WorkloadWarmup   2: 1 op, 2928507.00 ns, 2.9285 ms/op
WorkloadWarmup   3: 1 op, 2727538.00 ns, 2.7275 ms/op

// BeforeActualRun
WorkloadActual   1: 1 op, 3403236.00 ns, 3.4032 ms/op
WorkloadActual   2: 1 op, 2782504.00 ns, 2.7825 ms/op
WorkloadActual   3: 1 op, 2756721.00 ns, 2.7567 ms/op
WorkloadActual   4: 1 op, 2686225.00 ns, 2.6862 ms/op
WorkloadActual   5: 1 op, 2572568.00 ns, 2.5726 ms/op

// AfterActualRun
WorkloadResult   1: 1 op, 2782114.00 ns, 2.7821 ms/op
WorkloadResult   2: 1 op, 2756331.00 ns, 2.7563 ms/op
WorkloadResult   3: 1 op, 2685835.00 ns, 2.6858 ms/op
WorkloadResult   4: 1 op, 2572178.00 ns, 2.5722 ms/op
// GC:  0 0 0 555624 1
// Threading:  0 0 1

// AfterAll
// Benchmark Process 2178 has exited with code 0.

Mean = 2.699 ms, StdErr = 0.047 ms (1.74%), N = 4, StdDev = 0.094 ms
Min = 2.572 ms, Q1 = 2.657 ms, Median = 2.721 ms, Q3 = 2.763 ms, Max = 2.782 ms
IQR = 0.105 ms, LowerFence = 2.499 ms, UpperFence = 2.921 ms
ConfidenceInterval = [2.092 ms; 3.306 ms] (CI 99.9%), Margin = 0.607 ms (22.48% of Mean)
Skewness = -0.39, Kurtosis = 1.02, MValue = 2

// ** Remained 3 (4.6%) benchmark(s) to run. Estimated finish 2026-08-02 4:21 (0h 0m from now) **
// **************************
// Benchmark: WebApplicationBuildBenchmarks.Needlr_Reflection_BuildWebApp: ShortRun(InvocationCount=1, IterationCount=5, LaunchCount=1, UnrollFactor=1, WarmupCount=3)
// *** Execute ***
// Launch: 1 / 1
// Execute: dotnet 7626e42a-34fe-4a7e-846b-e96fd185430e.dll --anonymousPipes 163 164 --benchmarkName NexusLabs.Needlr.Benchmarks.Benchmarks.WebApplicationBuildBenchmarks.Needlr_Reflection_BuildWebApp --job ShortRun --benchmarkId 62 in /actions-runner/_work/needlr/needlr/src/NexusLabs.Needlr.Benchmarks/bin/Release/net10.0/7626e42a-34fe-4a7e-846b-e96fd185430e/bin/Release/net10.0
// Failed to set up high priority (Permission denied). In order to run benchmarks with high priority, make sure you have the right permissions.
// BeforeAnythingElse

// Benchmark Process Environment Information:
// BenchmarkDotNet v0.14.0
// Runtime=.NET 10.0.10 (10.0.1026.32716), X64 RyuJIT AVX2
// GC=Concurrent Workstation
// HardwareIntrinsics=AVX2,AES,BMI1,BMI2,FMA,LZCNT,PCLMUL,POPCNT,AvxVnni,SERIALIZE VectorSize=256
// Job: ShortRun(InvocationCount=1, IterationCount=5, LaunchCount=1, UnrollFactor=1, WarmupCount=3)

OverheadJitting  1: 1 op, 274460.00 ns, 274.4600 us/op
WorkloadJitting  1: 1 op, 79709980.00 ns, 79.7100 ms/op

OverheadWarmup   1: 1 op, 589.00 ns, 589.0000 ns/op
OverheadWarmup   2: 1 op, 493.00 ns, 493.0000 ns/op
OverheadWarmup   3: 1 op, 441.00 ns, 441.0000 ns/op
OverheadWarmup   4: 1 op, 446.00 ns, 446.0000 ns/op
OverheadWarmup   5: 1 op, 441.00 ns, 441.0000 ns/op
OverheadWarmup   6: 1 op, 348.00 ns, 348.0000 ns/op
OverheadWarmup   7: 1 op, 347.00 ns, 347.0000 ns/op
OverheadWarmup   8: 1 op, 327.00 ns, 327.0000 ns/op
OverheadWarmup   9: 1 op, 393.00 ns, 393.0000 ns/op
OverheadWarmup  10: 1 op, 358.00 ns, 358.0000 ns/op

OverheadActual   1: 1 op, 364.00 ns, 364.0000 ns/op
OverheadActual   2: 1 op, 350.00 ns, 350.0000 ns/op
OverheadActual   3: 1 op, 377.00 ns, 377.0000 ns/op
OverheadActual   4: 1 op, 369.00 ns, 369.0000 ns/op
OverheadActual   5: 1 op, 574.00 ns, 574.0000 ns/op
OverheadActual   6: 1 op, 369.00 ns, 369.0000 ns/op
OverheadActual   7: 1 op, 342.00 ns, 342.0000 ns/op
OverheadActual   8: 1 op, 365.00 ns, 365.0000 ns/op
OverheadActual   9: 1 op, 305.00 ns, 305.0000 ns/op
OverheadActual  10: 1 op, 364.00 ns, 364.0000 ns/op
OverheadActual  11: 1 op, 384.00 ns, 384.0000 ns/op
OverheadActual  12: 1 op, 344.00 ns, 344.0000 ns/op
OverheadActual  13: 1 op, 361.00 ns, 361.0000 ns/op
OverheadActual  14: 1 op, 355.00 ns, 355.0000 ns/op
OverheadActual  15: 1 op, 366.00 ns, 366.0000 ns/op
OverheadActual  16: 1 op, 354.00 ns, 354.0000 ns/op
OverheadActual  17: 1 op, 271.00 ns, 271.0000 ns/op
OverheadActual  18: 1 op, 344.00 ns, 344.0000 ns/op
OverheadActual  19: 1 op, 407.00 ns, 407.0000 ns/op
OverheadActual  20: 1 op, 308.00 ns, 308.0000 ns/op

WorkloadWarmup   1: 1 op, 9601097.00 ns, 9.6011 ms/op
WorkloadWarmup   2: 1 op, 7208216.00 ns, 7.2082 ms/op
WorkloadWarmup   3: 1 op, 7015538.00 ns, 7.0155 ms/op

// BeforeActualRun
WorkloadActual   1: 1 op, 6591117.00 ns, 6.5911 ms/op
WorkloadActual   2: 1 op, 7558343.00 ns, 7.5583 ms/op
WorkloadActual   3: 1 op, 6992914.00 ns, 6.9929 ms/op
WorkloadActual   4: 1 op, 7213853.00 ns, 7.2139 ms/op
WorkloadActual   5: 1 op, 8002912.00 ns, 8.0029 ms/op

// AfterActualRun
WorkloadResult   1: 1 op, 6590754.50 ns, 6.5908 ms/op
WorkloadResult   2: 1 op, 7557980.50 ns, 7.5580 ms/op
WorkloadResult   3: 1 op, 6992551.50 ns, 6.9926 ms/op
WorkloadResult   4: 1 op, 7213490.50 ns, 7.2135 ms/op
WorkloadResult   5: 1 op, 8002549.50 ns, 8.0025 ms/op
// GC:  0 0 0 1834616 1
// Threading:  0 0 1

// AfterAll
// Benchmark Process 2207 has exited with code 0.

Mean = 7.271 ms, StdErr = 0.241 ms (3.31%), N = 5, StdDev = 0.539 ms
Min = 6.591 ms, Q1 = 6.993 ms, Median = 7.213 ms, Q3 = 7.558 ms, Max = 8.003 ms
IQR = 0.565 ms, LowerFence = 6.144 ms, UpperFence = 8.406 ms
ConfidenceInterval = [5.197 ms; 9.346 ms] (CI 99.9%), Margin = 2.075 ms (28.53% of Mean)
Skewness = 0.1, Kurtosis = 1.22, MValue = 2

// ** Remained 2 (3.1%) benchmark(s) to run. Estimated finish 2026-08-02 4:21 (0h 0m from now) **
// **************************
// Benchmark: WebApplicationBuildBenchmarks.Needlr_SourceGen_BuildWebApp: ShortRun(InvocationCount=1, IterationCount=5, LaunchCount=1, UnrollFactor=1, WarmupCount=3)
// *** Execute ***
// Launch: 1 / 1
// Execute: dotnet 7626e42a-34fe-4a7e-846b-e96fd185430e.dll --anonymousPipes 163 164 --benchmarkName NexusLabs.Needlr.Benchmarks.Benchmarks.WebApplicationBuildBenchmarks.Needlr_SourceGen_BuildWebApp --job ShortRun --benchmarkId 63 in /actions-runner/_work/needlr/needlr/src/NexusLabs.Needlr.Benchmarks/bin/Release/net10.0/7626e42a-34fe-4a7e-846b-e96fd185430e/bin/Release/net10.0
// Failed to set up high priority (Permission denied). In order to run benchmarks with high priority, make sure you have the right permissions.
// BeforeAnythingElse

// Benchmark Process Environment Information:
// BenchmarkDotNet v0.14.0
// Runtime=.NET 10.0.10 (10.0.1026.32716), X64 RyuJIT AVX2
// GC=Concurrent Workstation
// HardwareIntrinsics=AVX2,AES,BMI1,BMI2,FMA,LZCNT,PCLMUL,POPCNT,AvxVnni,SERIALIZE VectorSize=256
// Job: ShortRun(InvocationCount=1, IterationCount=5, LaunchCount=1, UnrollFactor=1, WarmupCount=3)

OverheadJitting  1: 1 op, 343665.00 ns, 343.6650 us/op
WorkloadJitting  1: 1 op, 77471532.00 ns, 77.4715 ms/op

OverheadWarmup   1: 1 op, 768.00 ns, 768.0000 ns/op
OverheadWarmup   2: 1 op, 340.00 ns, 340.0000 ns/op
OverheadWarmup   3: 1 op, 403.00 ns, 403.0000 ns/op
OverheadWarmup   4: 1 op, 331.00 ns, 331.0000 ns/op
OverheadWarmup   5: 1 op, 390.00 ns, 390.0000 ns/op
OverheadWarmup   6: 1 op, 367.00 ns, 367.0000 ns/op

OverheadActual   1: 1 op, 343.00 ns, 343.0000 ns/op
OverheadActual   2: 1 op, 447.00 ns, 447.0000 ns/op
OverheadActual   3: 1 op, 610.00 ns, 610.0000 ns/op
OverheadActual   4: 1 op, 587.00 ns, 587.0000 ns/op
OverheadActual   5: 1 op, 369.00 ns, 369.0000 ns/op
OverheadActual   6: 1 op, 371.00 ns, 371.0000 ns/op
OverheadActual   7: 1 op, 300.00 ns, 300.0000 ns/op
OverheadActual   8: 1 op, 365.00 ns, 365.0000 ns/op
OverheadActual   9: 1 op, 367.00 ns, 367.0000 ns/op
OverheadActual  10: 1 op, 383.00 ns, 383.0000 ns/op
OverheadActual  11: 1 op, 352.00 ns, 352.0000 ns/op
OverheadActual  12: 1 op, 487.00 ns, 487.0000 ns/op
OverheadActual  13: 1 op, 417.00 ns, 417.0000 ns/op
OverheadActual  14: 1 op, 444.00 ns, 444.0000 ns/op
OverheadActual  15: 1 op, 412.00 ns, 412.0000 ns/op
OverheadActual  16: 1 op, 381.00 ns, 381.0000 ns/op
OverheadActual  17: 1 op, 405.00 ns, 405.0000 ns/op
OverheadActual  18: 1 op, 532.00 ns, 532.0000 ns/op
OverheadActual  19: 1 op, 424.00 ns, 424.0000 ns/op
OverheadActual  20: 1 op, 399.00 ns, 399.0000 ns/op

WorkloadWarmup   1: 1 op, 5361562.00 ns, 5.3616 ms/op
WorkloadWarmup   2: 1 op, 3917070.00 ns, 3.9171 ms/op
WorkloadWarmup   3: 1 op, 3262932.00 ns, 3.2629 ms/op

// BeforeActualRun
WorkloadActual   1: 1 op, 3229714.00 ns, 3.2297 ms/op
WorkloadActual   2: 1 op, 3409864.00 ns, 3.4099 ms/op
WorkloadActual   3: 1 op, 3271649.00 ns, 3.2716 ms/op
WorkloadActual   4: 1 op, 3201026.00 ns, 3.2010 ms/op
WorkloadActual   5: 1 op, 3230896.00 ns, 3.2309 ms/op

// AfterActualRun
WorkloadResult   1: 1 op, 3229312.00 ns, 3.2293 ms/op
WorkloadResult   2: 1 op, 3271247.00 ns, 3.2712 ms/op
WorkloadResult   3: 1 op, 3200624.00 ns, 3.2006 ms/op
WorkloadResult   4: 1 op, 3230494.00 ns, 3.2305 ms/op
// GC:  0 0 0 818848 1
// Threading:  0 0 1

// AfterAll
// Benchmark Process 2235 has exited with code 0.

Mean = 3.233 ms, StdErr = 0.015 ms (0.45%), N = 4, StdDev = 0.029 ms
Min = 3.201 ms, Q1 = 3.222 ms, Median = 3.230 ms, Q3 = 3.241 ms, Max = 3.271 ms
IQR = 0.019 ms, LowerFence = 3.194 ms, UpperFence = 3.268 ms
ConfidenceInterval = [3.045 ms; 3.421 ms] (CI 99.9%), Margin = 0.188 ms (5.81% of Mean)
Skewness = 0.23, Kurtosis = 1.14, MValue = 2

// ** Remained 1 (1.5%) benchmark(s) to run. Estimated finish 2026-08-02 4:21 (0h 0m from now) **
// **************************
// Benchmark: WebApplicationBuildBenchmarks.Needlr_SourceGenExplicit_BuildWebApp: ShortRun(InvocationCount=1, IterationCount=5, LaunchCount=1, UnrollFactor=1, WarmupCount=3)
// *** Execute ***
// Launch: 1 / 1
// Execute: dotnet 7626e42a-34fe-4a7e-846b-e96fd185430e.dll --anonymousPipes 163 164 --benchmarkName NexusLabs.Needlr.Benchmarks.Benchmarks.WebApplicationBuildBenchmarks.Needlr_SourceGenExplicit_BuildWebApp --job ShortRun --benchmarkId 64 in /actions-runner/_work/needlr/needlr/src/NexusLabs.Needlr.Benchmarks/bin/Release/net10.0/7626e42a-34fe-4a7e-846b-e96fd185430e/bin/Release/net10.0
// Failed to set up high priority (Permission denied). In order to run benchmarks with high priority, make sure you have the right permissions.
// BeforeAnythingElse

// Benchmark Process Environment Information:
// BenchmarkDotNet v0.14.0
// Runtime=.NET 10.0.10 (10.0.1026.32716), X64 RyuJIT AVX2
// GC=Concurrent Workstation
// HardwareIntrinsics=AVX2,AES,BMI1,BMI2,FMA,LZCNT,PCLMUL,POPCNT,AvxVnni,SERIALIZE VectorSize=256
// Job: ShortRun(InvocationCount=1, IterationCount=5, LaunchCount=1, UnrollFactor=1, WarmupCount=3)

OverheadJitting  1: 1 op, 310696.00 ns, 310.6960 us/op
WorkloadJitting  1: 1 op, 76277450.00 ns, 76.2775 ms/op

OverheadWarmup   1: 1 op, 759.00 ns, 759.0000 ns/op
OverheadWarmup   2: 1 op, 419.00 ns, 419.0000 ns/op
OverheadWarmup   3: 1 op, 349.00 ns, 349.0000 ns/op
OverheadWarmup   4: 1 op, 405.00 ns, 405.0000 ns/op
OverheadWarmup   5: 1 op, 502.00 ns, 502.0000 ns/op
OverheadWarmup   6: 1 op, 394.00 ns, 394.0000 ns/op
OverheadWarmup   7: 1 op, 375.00 ns, 375.0000 ns/op
OverheadWarmup   8: 1 op, 456.00 ns, 456.0000 ns/op
OverheadWarmup   9: 1 op, 351.00 ns, 351.0000 ns/op

OverheadActual   1: 1 op, 368.00 ns, 368.0000 ns/op
OverheadActual   2: 1 op, 460.00 ns, 460.0000 ns/op
OverheadActual   3: 1 op, 850.00 ns, 850.0000 ns/op
OverheadActual   4: 1 op, 492.00 ns, 492.0000 ns/op
OverheadActual   5: 1 op, 628.00 ns, 628.0000 ns/op
OverheadActual   6: 1 op, 425.00 ns, 425.0000 ns/op
OverheadActual   7: 1 op, 370.00 ns, 370.0000 ns/op
OverheadActual   8: 1 op, 480.00 ns, 480.0000 ns/op
OverheadActual   9: 1 op, 440.00 ns, 440.0000 ns/op
OverheadActual  10: 1 op, 383.00 ns, 383.0000 ns/op
OverheadActual  11: 1 op, 334.00 ns, 334.0000 ns/op
OverheadActual  12: 1 op, 343.00 ns, 343.0000 ns/op
OverheadActual  13: 1 op, 406.00 ns, 406.0000 ns/op
OverheadActual  14: 1 op, 405.00 ns, 405.0000 ns/op
OverheadActual  15: 1 op, 399.00 ns, 399.0000 ns/op
OverheadActual  16: 1 op, 338.00 ns, 338.0000 ns/op
OverheadActual  17: 1 op, 376.00 ns, 376.0000 ns/op
OverheadActual  18: 1 op, 373.00 ns, 373.0000 ns/op
OverheadActual  19: 1 op, 422.00 ns, 422.0000 ns/op
OverheadActual  20: 1 op, 337.00 ns, 337.0000 ns/op

WorkloadWarmup   1: 1 op, 5191319.00 ns, 5.1913 ms/op
WorkloadWarmup   2: 1 op, 3593084.00 ns, 3.5931 ms/op
WorkloadWarmup   3: 1 op, 3438494.00 ns, 3.4385 ms/op

// BeforeActualRun
WorkloadActual   1: 1 op, 3313254.00 ns, 3.3133 ms/op
WorkloadActual   2: 1 op, 3033036.00 ns, 3.0330 ms/op
WorkloadActual   3: 1 op, 2896538.00 ns, 2.8965 ms/op
WorkloadActual   4: 1 op, 3004643.00 ns, 3.0046 ms/op
WorkloadActual   5: 1 op, 3148974.00 ns, 3.1490 ms/op

// AfterActualRun
WorkloadResult   1: 1 op, 3312852.00 ns, 3.3129 ms/op
WorkloadResult   2: 1 op, 3032634.00 ns, 3.0326 ms/op
WorkloadResult   3: 1 op, 2896136.00 ns, 2.8961 ms/op
WorkloadResult   4: 1 op, 3004241.00 ns, 3.0042 ms/op
WorkloadResult   5: 1 op, 3148572.00 ns, 3.1486 ms/op
// GC:  0 0 0 738240 1
// Threading:  0 0 1

// AfterAll
// Benchmark Process 2262 has exited with code 0.

Mean = 3.079 ms, StdErr = 0.071 ms (2.30%), N = 5, StdDev = 0.159 ms
Min = 2.896 ms, Q1 = 3.004 ms, Median = 3.033 ms, Q3 = 3.149 ms, Max = 3.313 ms
IQR = 0.144 ms, LowerFence = 2.788 ms, UpperFence = 3.365 ms
ConfidenceInterval = [2.468 ms; 3.690 ms] (CI 99.9%), Margin = 0.611 ms (19.84% of Mean)
Skewness = 0.33, Kurtosis = 1.32, MValue = 2

// ** Remained 0 (0.0%) benchmark(s) to run. Estimated finish 2026-08-02 4:21 (0h 0m from now) **
// ***** BenchmarkRunner: Finish  *****

// * Export *
  actions-runner/_work/needlr/needlr/benchmark-results/results/NexusLabs.Needlr.Benchmarks.Benchmarks.WebApplicationBuildBenchmarks-report.csv
  actions-runner/_work/needlr/needlr/benchmark-results/results/NexusLabs.Needlr.Benchmarks.Benchmarks.WebApplicationBuildBenchmarks-report-github.md
  actions-runner/_work/needlr/needlr/benchmark-results/results/NexusLabs.Needlr.Benchmarks.Benchmarks.WebApplicationBuildBenchmarks-report.html
  actions-runner/_work/needlr/needlr/benchmark-results/results/NexusLabs.Needlr.Benchmarks.Benchmarks.WebApplicationBuildBenchmarks-report-full-compressed.json
  actions-runner/_work/needlr/needlr/benchmark-results/results/NexusLabs.Needlr.Benchmarks.Benchmarks.WebApplicationBuildBenchmarks-report-default.md

// * Detailed results *
WebApplicationBuildBenchmarks.ManualDI_BuildWebApp: ShortRun(InvocationCount=1, IterationCount=5, LaunchCount=1, UnrollFactor=1, WarmupCount=3)
Runtime = .NET 10.0.10 (10.0.1026.32716), X64 RyuJIT AVX2; GC = Concurrent Workstation
Mean = 2.699 ms, StdErr = 0.047 ms (1.74%), N = 4, StdDev = 0.094 ms
Min = 2.572 ms, Q1 = 2.657 ms, Median = 2.721 ms, Q3 = 2.763 ms, Max = 2.782 ms
IQR = 0.105 ms, LowerFence = 2.499 ms, UpperFence = 2.921 ms
ConfidenceInterval = [2.092 ms; 3.306 ms] (CI 99.9%), Margin = 0.607 ms (22.48% of Mean)
Skewness = -0.39, Kurtosis = 1.02, MValue = 2
-------------------- Histogram --------------------
[2.495 ms ; 2.656 ms) | @
[2.656 ms ; 2.812 ms) | @@@
---------------------------------------------------

WebApplicationBuildBenchmarks.Needlr_Reflection_BuildWebApp: ShortRun(InvocationCount=1, IterationCount=5, LaunchCount=1, UnrollFactor=1, WarmupCount=3)
Runtime = .NET 10.0.10 (10.0.1026.32716), X64 RyuJIT AVX2; GC = Concurrent Workstation
Mean = 7.271 ms, StdErr = 0.241 ms (3.31%), N = 5, StdDev = 0.539 ms
Min = 6.591 ms, Q1 = 6.993 ms, Median = 7.213 ms, Q3 = 7.558 ms, Max = 8.003 ms
IQR = 0.565 ms, LowerFence = 6.144 ms, UpperFence = 8.406 ms
ConfidenceInterval = [5.197 ms; 9.346 ms] (CI 99.9%), Margin = 2.075 ms (28.53% of Mean)
Skewness = 0.1, Kurtosis = 1.22, MValue = 2
-------------------- Histogram --------------------
[6.177 ms ; 6.862 ms) | @
[6.862 ms ; 7.689 ms) | @@@
[7.689 ms ; 8.416 ms) | @
---------------------------------------------------

WebApplicationBuildBenchmarks.Needlr_SourceGen_BuildWebApp: ShortRun(InvocationCount=1, IterationCount=5, LaunchCount=1, UnrollFactor=1, WarmupCount=3)
Runtime = .NET 10.0.10 (10.0.1026.32716), X64 RyuJIT AVX2; GC = Concurrent Workstation
Mean = 3.233 ms, StdErr = 0.015 ms (0.45%), N = 4, StdDev = 0.029 ms
Min = 3.201 ms, Q1 = 3.222 ms, Median = 3.230 ms, Q3 = 3.241 ms, Max = 3.271 ms
IQR = 0.019 ms, LowerFence = 3.194 ms, UpperFence = 3.268 ms
ConfidenceInterval = [3.045 ms; 3.421 ms] (CI 99.9%), Margin = 0.188 ms (5.81% of Mean)
Skewness = 0.23, Kurtosis = 1.14, MValue = 2
-------------------- Histogram --------------------
[3.183 ms ; 3.295 ms) | @@@@
---------------------------------------------------

WebApplicationBuildBenchmarks.Needlr_SourceGenExplicit_BuildWebApp: ShortRun(InvocationCount=1, IterationCount=5, LaunchCount=1, UnrollFactor=1, WarmupCount=3)
Runtime = .NET 10.0.10 (10.0.1026.32716), X64 RyuJIT AVX2; GC = Concurrent Workstation
Mean = 3.079 ms, StdErr = 0.071 ms (2.30%), N = 5, StdDev = 0.159 ms
Min = 2.896 ms, Q1 = 3.004 ms, Median = 3.033 ms, Q3 = 3.149 ms, Max = 3.313 ms
IQR = 0.144 ms, LowerFence = 2.788 ms, UpperFence = 3.365 ms
ConfidenceInterval = [2.468 ms; 3.690 ms] (CI 99.9%), Margin = 0.611 ms (19.84% of Mean)
Skewness = 0.33, Kurtosis = 1.32, MValue = 2
-------------------- Histogram --------------------
[2.843 ms ; 3.086 ms) | @@@
[3.086 ms ; 3.353 ms) | @@
---------------------------------------------------

// * Summary *

BenchmarkDotNet v0.14.0, Ubuntu 24.04.4 LTS (Noble Numbat)
12th Gen Intel Core i7-12700H, 1 CPU, 20 logical and 10 physical cores
.NET SDK 10.0.302
  [Host]   : .NET 10.0.10 (10.0.1026.32716), X64 RyuJIT AVX2
  ShortRun : .NET 10.0.10 (10.0.1026.32716), X64 RyuJIT AVX2

Job=ShortRun  InvocationCount=1  IterationCount=5  
LaunchCount=1  UnrollFactor=1  WarmupCount=3  

| Method                               | Mean     | Error     | StdDev    | Ratio | RatioSD | Rank | Allocated  | Alloc Ratio |
|------------------------------------- |---------:|----------:|----------:|------:|--------:|-----:|-----------:|------------:|
| ManualDI_BuildWebApp                 | 2.699 ms | 0.6068 ms | 0.0939 ms |  1.00 |    0.04 |    1 |   542.6 KB |        1.00 |
| Needlr_Reflection_BuildWebApp        | 7.271 ms | 2.0746 ms | 0.5388 ms |  2.70 |    0.20 |    2 | 1791.62 KB |        3.30 |
| Needlr_SourceGen_BuildWebApp         | 3.233 ms | 0.1877 ms | 0.0290 ms |  1.20 |    0.04 |    1 |  799.66 KB |        1.47 |
| Needlr_SourceGenExplicit_BuildWebApp | 3.079 ms | 0.6110 ms | 0.1587 ms |  1.14 |    0.06 |    1 |  720.94 KB |        1.33 |

// * Warnings *
MinIterationTime
  WebApplicationBuildBenchmarks.ManualDI_BuildWebApp: ShortRun                 -> The minimum observed iteration time is 2.573ms which is very small. It's recommended to increase it to at least 100ms using more operations.
  WebApplicationBuildBenchmarks.Needlr_Reflection_BuildWebApp: ShortRun        -> The minimum observed iteration time is 6.591ms which is very small. It's recommended to increase it to at least 100ms using more operations.
  WebApplicationBuildBenchmarks.Needlr_SourceGen_BuildWebApp: ShortRun         -> The minimum observed iteration time is 3.201ms which is very small. It's recommended to increase it to at least 100ms using more operations.
  WebApplicationBuildBenchmarks.Needlr_SourceGenExplicit_BuildWebApp: ShortRun -> The minimum observed iteration time is 2.897ms which is very small. It's recommended to increase it to at least 100ms using more operations.

// * Hints *
Outliers
  WebApplicationBuildBenchmarks.ManualDI_BuildWebApp: ShortRun         -> 1 outlier  was  removed (3.40 ms)
  WebApplicationBuildBenchmarks.Needlr_SourceGen_BuildWebApp: ShortRun -> 1 outlier  was  removed (3.41 ms)
// * Config Issues *

// * Warnings *
Configuration
  Summary -> The exporter HtmlExporter is already present in configuration. There may be unexpected results.

// * Legends *
  Mean        : Arithmetic mean of all measurements
  Error       : Half of 99.9% confidence interval
  StdDev      : Standard deviation of all measurements
  Ratio       : Mean of the ratio distribution ([Current]/[Baseline])
  RatioSD     : Standard deviation of the ratio distribution ([Current]/[Baseline])
  Rank        : Relative position of current benchmark mean among all benchmarks (Arabic style)
  Allocated   : Allocated memory per single operation (managed only, inclusive, 1KB = 1024B)
  Alloc Ratio : Allocated memory ratio distribution ([Current]/[Baseline])
  1 ms        : 1 Millisecond (0.001 sec)

// * Diagnostic Output - MemoryDiagnoser *


// ***** BenchmarkRunner: End *****
Run time: 00:00:01 (1.13 sec), executed benchmarks: 4

Global total time: 00:09:53 (593.21 sec), executed benchmarks: 65
// * Artifacts cleanup *
Artifacts cleanup is finished
